  0
SECTION
  2
HEADER
  9
$ACADVER
  1
AC1009
  9
$DWGCODEPAGE
  3
ANSI_1252
  9
$INSBASE
 10
0.0
 20
0.0
 30
0.0
  9
$EXTMIN
 10
1e+20
 20
1e+20
 30
1e+20
  9
$EXTMAX
 10
-1e+20
 20
-1e+20
 30
-1e+20
  9
$LIMMIN
 10
0.0
 20
0.0
  9
$LIMMAX
 10
420.0
 20
297.0
  9
$ORTHOMODE
 70
0
  9
$REGENMODE
 70
1
  9
$FILLMODE
 70
1
  9
$DRAGMODE
 70
2
  9
$QTEXTMODE
 70
0
  9
$MIRRTEXT
 70
1
  9
$OSMODE
 70
20583
  9
$LTSCALE
 40
1.0
  9
$ATTMODE
 70
1
  9
$TEXTSIZE
 40
2.5
  9
$TRACEWID
 40
1.0
  9
$TEXTSTYLE
  7
Standard
  9
$CLAYER
  8
0
  9
$CELTYPE
  6
ByLayer
  9
$CECOLOR
 62
256
  9
$DIMSCALE
 40
1.0
  9
$DIMASZ
 40
2.5
  9
$DIMEXO
 40
0.625
  9
$DIMDLI
 40
3.75
  9
$DIMRND
 40
0.0
  9
$DIMDLE
 40
0.0
  9
$DIMEXE
 40
1.25
  9
$DIMTP
 40
0.0
  9
$DIMTM
 40
0.0
  9
$DIMTXT
 40
2.5
  9
$DIMCEN
 40
2.5
  9
$DIMTSZ
 40
0.0
  9
$DIMTOL
 70
0
  9
$DIMLIM
 70
0
  9
$DIMTIH
 70
0
  9
$DIMTOH
 70
0
  9
$DIMSE1
 70
0
  9
$DIMSE2
 70
0
  9
$DIMTAD
 70
1
  9
$DIMZIN
 70
8
  9
$DIMBLK
  1

  9
$DIMASO
 70
1
  9
$DIMSHO
 70
1
  9
$DIMPOST
  1

  9
$DIMAPOST
  1

  9
$DIMALT
 70
0
  9
$DIMALTD
 70
3
  9
$DIMALTF
 40
0.03937007874
  9
$DIMLFAC
 40
1.0
  9
$DIMTOFL
 70
1
  9
$DIMTVP
 40
0.0
  9
$DIMTIX
 70
0
  9
$DIMSOXD
 70
0
  9
$DIMSAH
 70
0
  9
$DIMBLK1
  1

  9
$DIMBLK2
  1

  9
$DIMSTYLE
  2
ISO-25
  9
$DIMCLRD
 70
0
  9
$DIMCLRE
 70
0
  9
$DIMCLRT
 70
0
  9
$DIMTFAC
 40
1.0
  9
$DIMGAP
 40
0.625
  9
$COORDS
 70
1
  9
$ATTDIA
 70
0
  9
$ATTREQ
 70
1
  9
$HANDLING
 70
1
  9
$LUNITS
 70
2
  9
$LUPREC
 70
4
  9
$SKETCHINC
 40
1.0
  9
$FILLETRAD
 40
10.0
  9
$AUNITS
 70
0
  9
$AUPREC
 70
2
  9
$MENU
  1
.
  9
$ELEVATION
 40
0.0
  9
$PELEVATION
 40
0.0
  9
$THICKNESS
 40
0.0
  9
$LIMCHECK
 70
0
  9
$CHAMFERA
 40
0.0
  9
$CHAMFERB
 40
0.0
  9
$SKPOLY
 70
0
  9
$TDCREATE
 40
2461313.3854050925
  9
$TDUPDATE
 40
2461313.3854050925
  9
$TDINDWG
 40
0.0
  9
$TDUSRTIMER
 40
0.0
  9
$USRTIMER
 70
1
  9
$ANGBASE
 50
0.0
  9
$ANGDIR
 70
0
  9
$PDMODE
 70
0
  9
$PDSIZE
 40
0.0
  9
$PLINEWID
 40
0.0
  9
$SPLFRAME
 70
0
  9
$SPLINETYPE
 70
6
  9
$SPLINESEGS
 70
8
  9
$HANDSEED
  5
102D
  9
$SURFTAB1
 70
6
  9
$SURFTAB2
 70
6
  9
$SURFTYPE
 70
6
  9
$SURFU
 70
6
  9
$SURFV
 70
6
  9
$UCSNAME
  2

  9
$UCSORG
 10
0.0
 20
0.0
 30
0.0
  9
$UCSXDIR
 10
1.0
 20
0.0
 30
0.0
  9
$UCSYDIR
 10
0.0
 20
1.0
 30
0.0
  9
$PUCSNAME
  2

  9
$PUCSORG
 10
0.0
 20
0.0
 30
0.0
  9
$PUCSXDIR
 10
1.0
 20
0.0
 30
0.0
  9
$PUCSYDIR
 10
0.0
 20
1.0
 30
0.0
  9
$USERI1
 70
0
  9
$USERI2
 70
0
  9
$USERI3
 70
0
  9
$USERI4
 70
0
  9
$USERI5
 70
0
  9
$USERR1
 40
0.0
  9
$USERR2
 40
0.0
  9
$USERR3
 40
0.0
  9
$USERR4
 40
0.0
  9
$USERR5
 40
0.0
  9
$WORLDVIEW
 70
1
  9
$SHADEDGE
 70
3
  9
$SHADEDIF
 70
70
  9
$TILEMODE
 70
1
  9
$MAXACTVP
 70
64
  9
$PLIMCHECK
 70
0
  9
$PEXTMIN
 10
1e+20
 20
1e+20
 30
1e+20
  9
$PEXTMAX
 10
-1e+20
 20
-1e+20
 30
-1e+20
  9
$PLIMMIN
 10
0.0
 20
0.0
  9
$PLIMMAX
 10
420.0
 20
297.0
  9
$UNITMODE
 70
0
  9
$VISRETAIN
 70
1
  9
$PLINEGEN
 70
0
  9
$PSLTSCALE
 70
1
  0
ENDSEC
  0
SECTION
  2
TABLES
  0
TABLE
  2
VPORT
 70
1
  0
VPORT
  5
23
  2
*Active
 70
0
 10
0.0
 20
0.0
 11
1.0
 21
1.0
 12
0.0
 22
0.0
 13
0.0
 23
0.0
 14
0.5
 24
0.5
 15
0.5
 25
0.5
 16
0.0
 26
0.0
 36
1.0
 17
0.0
 27
0.0
 37
0.0
 40
1000.0
 41
1.34
 42
50.0
 43
0.0
 44
0.0
 50
0.0
 51
0.0
 71
0
 72
1000
 73
1
 74
3
 75
0
 76
0
 77
0
 78
0
  0
ENDTAB
  0
TABLE
  2
LTYPE
 70
3
  0
LTYPE
  5
24
  2
ByBlock
 70
0
  3

 72
65
 73
0
 40
0.0
  0
LTYPE
  5
25
  2
ByLayer
 70
0
  3

 72
65
 73
0
 40
0.0
  0
LTYPE
  5
26
  2
Continuous
 70
0
  3

 72
65
 73
0
 40
0.0
  0
ENDTAB
  0
TABLE
  2
LAYER
 70
5
  0
LAYER
  5
27
  2
0
 70
0
 62
7
  6
Continuous
  0
LAYER
  5
28
  2
Defpoints
 70
0
 62
7
  6
Continuous
  0
LAYER
  5
2D
  2
TAG
 70
0
 62
7
  6
Continuous
  0
LAYER
  5
2E
  2
TEXT
 70
0
 62
7
  6
Continuous
  0
LAYER
  5
2F
  2
LOGO
 70
0
 62
7
  6
Continuous
  0
ENDTAB
  0
TABLE
  2
STYLE
 70
1
  0
STYLE
  5
29
  2
Standard
 70
0
 40
0.0
 41
1.0
 50
0.0
 71
0
 42
2.5
  3
txt
  4

  0
ENDTAB
  0
TABLE
  2
VIEW
 70
0
  0
ENDTAB
  0
TABLE
  2
UCS
 70
0
  0
ENDTAB
  0
TABLE
  2
APPID
 70
3
  0
APPID
  5
2A
  2
ACAD
 70
0
  0
APPID
  5
102B
  2
HATCHBACKGROUNDCOLOR
 70
0
  0
APPID
  5
102C
  2
EZDXF
 70
0
  0
ENDTAB
  0
TABLE
  2
DIMSTYLE
 70
1
  0
DIMSTYLE
105
2B
  2
Standard
 70
0
  3

  4

  5

  6

  7

 40
1.0
 41
2.5
 42
0.625
 43
3.75
 44
1.25
 45
0.0
 46
0.0
 47
0.0
 48
0.0
140
2.5
141
2.5
142
0.0
143
0.03937007874
144
1.0
145
0.0
146
1.0
147
0.625
 71
0
 72
0
 73
0
 74
0
 75
0
 76
0
 77
1
 78
8
170
0
171
3
172
1
173
0
174
0
175
0
176
0
177
0
178
0
  0
ENDTAB
  0
ENDSEC
  0
SECTION
  2
BLOCKS
  0
BLOCK
  5
18
  8
0
  2
$Model_Space
 70
0
 10
0.0
 20
0.0
 30
0.0
  3
$Model_Space
  1

1001
EZDXF
1000
CREATED_BY_EZDXF
1000
1.4.2 @ 2026-09-29T14:14:59.389550+00:00
1000
WRITTEN_BY_EZDXF
1000
1.4.2 @ 2026-09-29T14:14:59.453497+00:00
  0
ENDBLK
  5
19
  8
0
  0
BLOCK
  5
1C
  8
0
  2
$Paper_Space
 70
0
 10
0.0
 20
0.0
 30
0.0
  3
$Paper_Space
  1

  0
ENDBLK
  5
1D
  8
0
  0
ENDSEC
  0
SECTION
  2
ENTITIES
  0
POLYLINE
  5
30
  8
TAG
 66
1
 10
0.0
 20
0.0
 30
0.0
 70
1
  0
VERTEX
  5
32
  8
TAG
 10
-10.4
 20
10.4
 30
0.0
 70
0
  0
VERTEX
  5
33
  8
TAG
 10
-10.4
 20
-10.400000000000002
 30
0.0
 70
0
  0
VERTEX
  5
34
  8
TAG
 10
10.400000000000002
 20
-10.400000000000002
 30
0.0
 70
0
  0
VERTEX
  5
35
  8
TAG
 10
10.400000000000002
 20
10.4
 30
0.0
 70
0
  0
SEQEND
  5
31
  8
TAG
  0
POLYLINE
  5
36
  8
TAG
 66
1
 10
0.0
 20
0.0
 30
0.0
 70
1
  0
VERTEX
  5
38
  8
TAG
 10
-7.8
 20
7.8
 30
0.0
 70
0
  0
VERTEX
  5
39
  8
TAG
 10
-2.5999999999999996
 20
7.8
 30
0.0
 70
0
  0
VERTEX
  5
3A
  8
TAG
 10
-2.5999999999999996
 20
2.5999999999999996
 30
0.0
 70
0
  0
VERTEX
  5
3B
  8
TAG
 10
0.0
 20
2.5999999999999996
 30
0.0
 70
0
  0
VERTEX
  5
3C
  8
TAG
 10
0.0
 20
7.8
 30
0.0
 70
0
  0
VERTEX
  5
3D
  8
TAG
 10
5.199999999999999
 20
7.8
 30
0.0
 70
0
  0
VERTEX
  5
3E
  8
TAG
 10
5.199999999999999
 20
5.199999999999999
 30
0.0
 70
0
  0
VERTEX
  5
3F
  8
TAG
 10
7.800000000000001
 20
5.199999999999999
 30
0.0
 70
0
  0
VERTEX
  5
40
  8
TAG
 10
7.800000000000001
 20
2.5999999999999996
 30
0.0
 70
0
  0
VERTEX
  5
41
  8
TAG
 10
2.6000000000000014
 20
2.5999999999999996
 30
0.0
 70
0
  0
VERTEX
  5
42
  8
TAG
 10
2.6000000000000014
 20
0.0
 30
0.0
 70
0
  0
VERTEX
  5
43
  8
TAG
 10
0.0
 20
0.0
 30
0.0
 70
0
  0
VERTEX
  5
44
  8
TAG
 10
0.0
 20
-2.6000000000000014
 30
0.0
 70
0
  0
VERTEX
  5
45
  8
TAG
 10
2.6000000000000014
 20
-2.6000000000000014
 30
0.0
 70
0
  0
VERTEX
  5
46
  8
TAG
 10
2.6000000000000014
 20
-5.199999999999999
 30
0.0
 70
0
  0
VERTEX
  5
47
  8
TAG
 10
0.0
 20
-5.199999999999999
 30
0.0
 70
0
  0
VERTEX
  5
48
  8
TAG
 10
0.0
 20
-7.800000000000001
 30
0.0
 70
0
  0
VERTEX
  5
49
  8
TAG
 10
-2.5999999999999996
 20
-7.800000000000001
 30
0.0
 70
0
  0
VERTEX
  5
4A
  8
TAG
 10
-2.5999999999999996
 20
-2.6000000000000014
 30
0.0
 70
0
  0
VERTEX
  5
4B
  8
TAG
 10
-5.199999999999999
 20
-2.6000000000000014
 30
0.0
 70
0
  0
VERTEX
  5
4C
  8
TAG
 10
-5.199999999999999
 20
-5.199999999999999
 30
0.0
 70
0
  0
VERTEX
  5
4D
  8
TAG
 10
-7.8
 20
-5.199999999999999
 30
0.0
 70
0
  0
VERTEX
  5
4E
  8
TAG
 10
-7.8
 20
-2.6000000000000014
 30
0.0
 70
0
  0
VERTEX
  5
4F
  8
TAG
 10
-5.199999999999999
 20
-2.6000000000000014
 30
0.0
 70
0
  0
VERTEX
  5
50
  8
TAG
 10
-5.199999999999999
 20
0.0
 30
0.0
 70
0
  0
VERTEX
  5
51
  8
TAG
 10
-7.8
 20
0.0
 30
0.0
 70
0
  0
VERTEX
  5
52
  8
TAG
 10
-7.8
 20
2.5999999999999996
 30
0.0
 70
0
  0
VERTEX
  5
53
  8
TAG
 10
-5.199999999999999
 20
2.5999999999999996
 30
0.0
 70
0
  0
VERTEX
  5
54
  8
TAG
 10
-5.199999999999999
 20
5.199999999999999
 30
0.0
 70
0
  0
VERTEX
  5
55
  8
TAG
 10
-7.8
 20
5.199999999999999
 30
0.0
 70
0
  0
SEQEND
  5
37
  8
TAG
  0
POLYLINE
  5
56
  8
TAG
 66
1
 10
0.0
 20
0.0
 30
0.0
 70
1
  0
VERTEX
  5
58
  8
TAG
 10
5.199999999999999
 20
-2.6000000000000014
 30
0.0
 70
0
  0
VERTEX
  5
59
  8
TAG
 10
7.800000000000001
 20
-2.6000000000000014
 30
0.0
 70
0
  0
VERTEX
  5
5A
  8
TAG
 10
7.800000000000001
 20
-7.800000000000001
 30
0.0
 70
0
  0
VERTEX
  5
5B
  8
TAG
 10
5.199999999999999
 20
-7.800000000000001
 30
0.0
 70
0
  0
SEQEND
  5
57
  8
TAG
  0
POLYLINE
  5
5C
  8
TEXT
 66
1
 10
0.0
 20
0.0
 30
0.0
 70
1
  0
VERTEX
  5
5E
  8
TEXT
 10
-10.069330412499008
 20
17.235670784653834
 30
0.0
 70
0
  0
VERTEX
  5
5F
  8
TEXT
 10
-10.10358056610734
 20
17.21614683640476
 30
0.0
 70
0
  0
VERTEX
  5
60
  8
TEXT
 10
-10.137997424586722
 20
17.197807728206943
 30
0.0
 70
0
  0
VERTEX
  5
61
  8
TEXT
 10
-10.172580987937154
 20
17.180653460060384
 30
0.0
 70
0
  0
VERTEX
  5
62
  8
TEXT
 10
-10.20733125615864
 20
17.16468403196508
 30
0.0
 70
0
  0
VERTEX
  5
63
  8
TEXT
 10
-10.242248229251173
 20
17.149899443921036
 30
0.0
 70
0
  0
VERTEX
  5
64
  8
TEXT
 10
-10.277331907214759
 20
17.136299695928248
 30
0.0
 70
0
  0
VERTEX
  5
65
  8
TEXT
 10
-10.312582290049393
 20
17.123884787986718
 30
0.0
 70
0
  0
VERTEX
  5
66
  8
TEXT
 10
-10.34799937775508
 20
17.112654720096447
 30
0.0
 70
0
  0
VERTEX
  5
67
  8
TEXT
 10
-10.383583170331818
 20
17.102609492257432
 30
0.0
 70
0
  0
VERTEX
  5
68
  8
TEXT
 10
-10.419333667779606
 20
17.093749104469673
 30
0.0
 70
0
  0
VERTEX
  5
69
  8
TEXT
 10
-10.455250870098444
 20
17.086073556733176
 30
0.0
 70
0
  0
VERTEX
  5
6A
  8
TEXT
 10
-10.491334777288333
 20
17.079582849047934
 30
0.0
 70
0
  0
VERTEX
  5
6B
  8
TEXT
 10
-10.527585389349275
 20
17.07427698141395
 30
0.0
 70
0
  0
VERTEX
  5
6C
  8
TEXT
 10
-10.566880514561372
 20
17.069807100278307
 30
0.0
 70
0
  0
VERTEX
  5
6D
  8
TEXT
 10
-10.606042300455321
 20
17.066609926689488
 30
0.0
 70
0
  0
VERTEX
  5
6E
  8
TEXT
 10
-10.645070747031125
 20
17.064685460647485
 30
0.0
 70
0
  0
VERTEX
  5
6F
  8
TEXT
 10
-10.68396585428878
 20
17.064033702152308
 30
0.0
 70
0
  0
VERTEX
  5
70
  8
TEXT
 10
-10.722727622228291
 20
17.064654651203952
 30
0.0
 70
0
  0
VERTEX
  5
71
  8
TEXT
 10
-10.761356050849653
 20
17.066548307802414
 30
0.0
 70
0
  0
VERTEX
  5
72
  8
TEXT
 10
-10.799851140152867
 20
17.0697146719477
 30
0.0
 70
0
  0
VERTEX
  5
73
  8
TEXT
 10
-10.838212890137937
 20
17.074153743639805
 30
0.0
 70
0
  0
VERTEX
  5
74
  8
TEXT
 10
-10.876441300804858
 20
17.079865522878734
 30
0.0
 70
0
  0
VERTEX
  5
75
  8
TEXT
 10
-10.914536372153632
 20
17.08685000966448
 30
0.0
 70
0
  0
VERTEX
  5
76
  8
TEXT
 10
-10.952498104184258
 20
17.09510720399705
 30
0.0
 70
0
  0
VERTEX
  5
77
  8
TEXT
 10
-10.990326496896738
 20
17.10463710587644
 30
0.0
 70
0
  0
VERTEX
  5
78
  8
TEXT
 10
-11.02785876859742
 20
17.115405751685262
 30
0.0
 70
0
  0
VERTEX
  5
79
  8
TEXT
 10
-11.064932137592654
 20
17.127379177806134
 30
0.0
 70
0
  0
VERTEX
  5
7A
  8
TEXT
 10
-11.10154660388244
 20
17.140557384239056
 30
0.0
 70
0
  0
VERTEX
  5
7B
  8
TEXT
 10
-11.137702167466777
 20
17.154940370984022
 30
0.0
 70
0
  0
VERTEX
  5
7C
  8
TEXT
 10
-11.173398828345666
 20
17.170528138041036
 30
0.0
 70
0
  0
VERTEX
  5
7D
  8
TEXT
 10
-11.208636586519107
 20
17.1873206854101
 30
0.0
 70
0
  0
VERTEX
  5
7E
  8
TEXT
 10
-11.2434154419871
 20
17.20531801309121
 30
0.0
 70
0
  0
VERTEX
  5
7F
  8
TEXT
 10
-11.277735394749643
 20
17.224520121084364
 30
0.0
 70
0
  0
VERTEX
  5
80
  8
TEXT
 10
-11.311596444806739
 20
17.24492700938957
 30
0.0
 70
0
  0
VERTEX
  5
81
  8
TEXT
 10
-11.344998592158385
 20
17.26653867800682
 30
0.0
 70
0
  0
VERTEX
  5
82
  8
TEXT
 10
-11.377941836804585
 20
17.289355126936123
 30
0.0
 70
0
  0
VERTEX
  5
83
  8
TEXT
 10
-11.410426178745334
 20
17.313376356177468
 30
0.0
 70
0
  0
VERTEX
  5
84
  8
TEXT
 10
-11.439857500323775
 20
17.336595026443828
 30
0.0
 70
0
  0
VERTEX
  5
85
  8
TEXT
 10
-11.46860397474274
 20
17.360792047586223
 30
0.0
 70
0
  0
VERTEX
  5
86
  8
TEXT
 10
-11.496665602002231
 20
17.38596741960465
 30
0.0
 70
0
  0
VERTEX
  5
87
  8
TEXT
 10
-11.524042382102246
 20
17.41212114249911
 30
0.0
 70
0
  0
VERTEX
  5
88
  8
TEXT
 10
-11.550734315042789
 20
17.439253216269606
 30
0.0
 70
0
  0
VERTEX
  5
89
  8
TEXT
 10
-11.576741400823854
 20
17.467363640916137
 30
0.0
 70
0
  0
VERTEX
  5
8A
  8
TEXT
 10
-11.602063639445445
 20
17.496452416438704
 30
0.0
 70
0
  0
VERTEX
  5
8B
  8
TEXT
 10
-11.626701030907562
 20
17.5265195428373
 30
0.0
 70
0
  0
VERTEX
  5
8C
  8
TEXT
 10
-11.650653575210205
 20
17.557565020111934
 30
0.0
 70
0
  0
VERTEX
  5
8D
  8
TEXT
 10
-11.673921272353372
 20
17.5895888482626
 30
0.0
 70
0
  0
VERTEX
  5
8E
  8
TEXT
 10
-11.696504122337064
 20
17.622591027289303
 30
0.0
 70
0
  0
VERTEX
  5
8F
  8
TEXT
 10
-11.71840212516128
 20
17.656571557192038
 30
0.0
 70
0
  0
VERTEX
  5
90
  8
TEXT
 10
-11.739615280826023
 20
17.691530437970805
 30
0.0
 70
0
  0
VERTEX
  5
91
  8
TEXT
 10
-11.759913396740025
 20
17.72703912645341
 30
0.0
 70
0
  0
VERTEX
  5
92
  8
TEXT
 10
-11.779066280312021
 20
17.76266907946764
 30
0.0
 70
0
  0
VERTEX
  5
93
  8
TEXT
 10
-11.797073931542013
 20
17.798420297013497
 30
0.0
 70
0
  0
VERTEX
  5
94
  8
TEXT
 10
-11.813936350429998
 20
17.834292779090987
 30
0.0
 70
0
  0
VERTEX
  5
95
  8
TEXT
 10
-11.829653536975977
 20
17.870286525700102
 30
0.0
 70
0
  0
VERTEX
  5
96
  8
TEXT
 10
-11.84422549117995
 20
17.90640153684085
 30
0.0
 70
0
  0
VERTEX
  5
97
  8
TEXT
 10
-11.857652213041916
 20
17.942637812513226
 30
0.0
 70
0
  0
VERTEX
  5
98
  8
TEXT
 10
-11.86993370256188
 20
17.97899535271723
 30
0.0
 70
0
  0
VERTEX
  5
99
  8
TEXT
 10
-11.881069959739836
 20
18.015474157452864
 30
0.0
 70
0
  0
VERTEX
  5
9A
  8
TEXT
 10
-11.891060984575786
 20
18.052074226720126
 30
0.0
 70
0
  0
VERTEX
  5
9B
  8
TEXT
 10
-11.89990677706973
 20
18.08879556051902
 30
0.0
 70
0
  0
VERTEX
  5
9C
  8
TEXT
 10
-11.90760733722167
 20
18.12563815884954
 30
0.0
 70
0
  0
VERTEX
  5
9D
  8
TEXT
 10
-11.914162665031602
 20
18.16260202171169
 30
0.0
 70
0
  0
VERTEX
  5
9E
  8
TEXT
 10
-11.919984881437557
 20
18.202606665488535
 30
0.0
 70
0
  0
VERTEX
  5
9F
  8
TEXT
 10
-11.92448898877107
 20
18.242400857375138
 30
0.0
 70
0
  0
VERTEX
  5
A0
  8
TEXT
 10
-11.927674987032143
 20
18.281984597371505
 30
0.0
 70
0
  0
VERTEX
  5
A1
  8
TEXT
 10
-11.929542876220774
 20
18.32135788547763
 30
0.0
 70
0
  0
VERTEX
  5
A2
  8
TEXT
 10
-11.930092656336964
 20
18.360520721693522
 30
0.0
 70
0
  0
VERTEX
  5
A3
  8
TEXT
 10
-11.929324327380712
 20
18.399473106019173
 30
0.0
 70
0
  0
VERTEX
  5
A4
  8
TEXT
 10
-11.92723788935202
 20
18.438215038454583
 30
0.0
 70
0
  0
VERTEX
  5
A5
  8
TEXT
 10
-11.923833342250887
 20
18.476746518999757
 30
0.0
 70
0
  0
VERTEX
  5
A6
  8
TEXT
 10
-11.919110686077312
 20
18.51506754765469
 30
0.0
 70
0
  0
VERTEX
  5
A7
  8
TEXT
 10
-11.913069920831298
 20
18.55317812441939
 30
0.0
 70
0
  0
VERTEX
  5
A8
  8
TEXT
 10
-11.90571104651284
 20
18.591078249293847
 30
0.0
 70
0
  0
VERTEX
  5
A9
  8
TEXT
 10
-11.897034063121943
 20
18.62876792227807
 30
0.0
 70
0
  0
VERTEX
  5
AA
  8
TEXT
 10
-11.88709959891961
 20
18.66610760370223
 30
0.0
 70
0
  0
VERTEX
  5
AB
  8
TEXT
 10
-11.875968282166847
 20
18.702957753896516
 30
0.0
 70
0
  0
VERTEX
  5
AC
  8
TEXT
 10
-11.863640112863655
 20
18.73931837286093
 30
0.0
 70
0
  0
VERTEX
  5
AD
  8
TEXT
 10
-11.850115091010034
 20
18.775189460595463
 30
0.0
 70
0
  0
VERTEX
  5
AE
  8
TEXT
 10
-11.835393216605981
 20
18.81057101710012
 30
0.0
 70
0
  0
VERTEX
  5
AF
  8
TEXT
 10
-11.819474489651501
 20
18.845463042374902
 30
0.0
 70
0
  0
VERTEX
  5
B0
  8
TEXT
 10
-11.802358910146589
 20
18.879865536419807
 30
0.0
 70
0
  0
VERTEX
  5
B1
  8
TEXT
 10
-11.784046478091248
 20
18.913778499234837
 30
0.0
 70
0
  0
VERTEX
  5
B2
  8
TEXT
 10
-11.764537193485479
 20
18.947201930819986
 30
0.0
 70
0
  0
VERTEX
  5
B3
  8
TEXT
 10
-11.74383105632928
 20
18.980135831175264
 30
0.0
 70
0
  0
VERTEX
  5
B4
  8
TEXT
 10
-11.721928066622649
 20
19.012580200300665
 30
0.0
 70
0
  0
VERTEX
  5
B5
  8
TEXT
 10
-11.69882822436559
 20
19.04453503819619
 30
0.0
 70
0
  0
VERTEX
  5
B6
  8
TEXT
 10
-11.676480150475268
 20
19.07345377923686
 30
0.0
 70
0
  0
VERTEX
  5
B7
  8
TEXT
 10
-11.653186578402348
 20
19.101668330456256
 30
0.0
 70
0
  0
VERTEX
  5
B8
  8
TEXT
 10
-11.62894750814683
 20
19.12917869185437
 30
0.0
 70
0
  0
VERTEX
  5
B9
  8
TEXT
 10
-11.60376293970871
 20
19.15598486343121
 30
0.0
 70
0
  0
VERTEX
  5
BA
  8
TEXT
 10
-11.577632873087994
 20
19.182086845186774
 30
0.0
 70
0
  0
VERTEX
  5
BB
  8
TEXT
 10
-11.550557308284679
 20
19.20748463712106
 30
0.0
 70
0
  0
VERTEX
  5
BC
  8
TEXT
 10
-11.522536245298765
 20
19.232178239234067
 30
0.0
 70
0
  0
VERTEX
  5
BD
  8
TEXT
 10
-11.493569684130252
 20
19.256167651525793
 30
0.0
 70
0
  0
VERTEX
  5
BE
  8
TEXT
 10
-11.46365762477914
 20
19.279452873996245
 30
0.0
 70
0
  0
VERTEX
  5
BF
  8
TEXT
 10
-11.432800067245429
 20
19.30203390664542
 30
0.0
 70
0
  0
VERTEX
  5
C0
  8
TEXT
 10
-11.40099701152912
 20
19.323910749473317
 30
0.0
 70
0
  0
VERTEX
  5
C1
  8
TEXT
 10
-11.368248457630212
 20
19.345083402479936
 30
0.0
 70
0
  0
VERTEX
  5
C2
  8
TEXT
 10
-11.334554405548705
 20
19.36555186566528
 30
0.0
 70
0
  0
VERTEX
  5
C3
  8
TEXT
 10
-11.300397513162405
 20
19.385065145618736
 30
0.0
 70
0
  0
VERTEX
  5
C4
  8
TEXT
 10
-11.26626043834912
 20
19.403372248929692
 30
0.0
 70
0
  0
VERTEX
  5
C5
  8
TEXT
 10
-11.232143181108848
 20
19.420473175598147
 30
0.0
 70
0
  0
VERTEX
  5
C6
  8
TEXT
 10
-11.19804574144159
 20
19.436367925624108
 30
0.0
 70
0
  0
VERTEX
  5
C7
  8
TEXT
 10
-11.163968119347345
 20
19.451056499007567
 30
0.0
 70
0
  0
VERTEX
  5
C8
  8
TEXT
 10
-11.129910314826114
 20
19.464538895748532
 30
0.0
 70
0
  0
VERTEX
  5
C9
  8
TEXT
 10
-11.095872327877897
 20
19.476815115846996
 30
0.0
 70
0
  0
VERTEX
  5
CA
  8
TEXT
 10
-11.061854158502694
 20
19.48788515930296
 30
0.0
 70
0
  0
VERTEX
  5
CB
  8
TEXT
 10
-11.027855806700504
 20
19.497749026116427
 30
0.0
 70
0
  0
VERTEX
  5
CC
  8
TEXT
 10
-10.993877272471329
 20
19.506406716287394
 30
0.0
 70
0
  0
VERTEX
  5
CD
  8
TEXT
 10
-10.959918555815168
 20
19.513858229815863
 30
0.0
 70
0
  0
VERTEX
  5
CE
  8
TEXT
 10
-10.92597965673202
 20
19.520103566701835
 30
0.0
 70
0
  0
VERTEX
  5
CF
  8
TEXT
 10
-10.892060575221885
 20
19.525142726945308
 30
0.0
 70
0
  0
VERTEX
  5
D0
  8
TEXT
 10
-10.852197090635016
 20
19.529720458296346
 30
0.0
 70
0
  0
VERTEX
  5
D1
  8
TEXT
 10
-10.812755590584802
 20
19.532968391442374
 30
0.0
 70
0
  0
VERTEX
  5
D2
  8
TEXT
 10
-10.77373607507124
 20
19.534886526383396
 30
0.0
 70
0
  0
VERTEX
  5
D3
  8
TEXT
 10
-10.735138544094333
 20
19.535474863119415
 30
0.0
 70
0
  0
VERTEX
  5
D4
  8
TEXT
 10
-10.69696299765408
 20
19.53473340165043
 30
0.0
 70
0
  0
VERTEX
  5
D5
  8
TEXT
 10
-10.659209435750482
 20
19.532662141976438
 30
0.0
 70
0
  0
VERTEX
  5
D6
  8
TEXT
 10
-10.621877858383536
 20
19.529261084097442
 30
0.0
 70
0
  0
VERTEX
  5
D7
  8
TEXT
 10
-10.584968265553245
 20
19.52453022801344
 30
0.0
 70
0
  0
VERTEX
  5
D8
  8
TEXT
 10
-10.54848065725961
 20
19.51846957372443
 30
0.0
 70
0
  0
VERTEX
  5
D9
  8
TEXT
 10
-10.512415033502627
 20
19.51107912123042
 30
0.0
 70
0
  0
VERTEX
  5
DA
  8
TEXT
 10
-10.476771394282299
 20
19.502358870531403
 30
0.0
 70
0
  0
VERTEX
  5
DB
  8
TEXT
 10
-10.438350567115522
 20
19.49139062754855
 30
0.0
 70
0
  0
VERTEX
  5
DC
  8
TEXT
 10
-10.401039908909597
 20
19.479133228163338
 30
0.0
 70
0
  0
VERTEX
  5
DD
  8
TEXT
 10
-10.364839419664522
 20
19.465586672375768
 30
0.0
 70
0
  0
VERTEX
  5
DE
  8
TEXT
 10
-10.3297490993803
 20
19.450750960185836
 30
0.0
 70
0
  0
VERTEX
  5
DF
  8
TEXT
 10
-10.295768948056926
 20
19.43462609159355
 30
0.0
 70
0
  0
VERTEX
  5
E0
  8
TEXT
 10
-10.262898965694406
 20
19.4172120665989
 30
0.0
 70
0
  0
VERTEX
  5
E1
  8
TEXT
 10
-10.231139152292736
 20
19.398508885201892
 30
0.0
 70
0
  0
VERTEX
  5
E2
  8
TEXT
 10
-10.200489507851914
 20
19.378516547402526
 30
0.0
 70
0
  0
VERTEX
  5
E3
  8
TEXT
 10
-10.170950032371946
 20
19.3572350532008
 30
0.0
 70
0
  0
VERTEX
  5
E4
  8
TEXT
 10
-10.142520725852828
 20
19.334664402596715
 30
0.0
 70
0
  0
VERTEX
  5
E5
  8
TEXT
 10
-10.38362470438844
 20
18.975884306469187
 30
0.0
 70
0
  0
VERTEX
  5
E6
  8
TEXT
 10
-10.414689277557292
 20
19.000137082402375
 30
0.0
 70
0
  0
VERTEX
  5
E7
  8
TEXT
 10
-10.446644801065592
 20
19.022220411338694
 30
0.0
 70
0
  0
VERTEX
  5
E8
  8
TEXT
 10
-10.47949127491334
 20
19.04213429327814
 30
0.0
 70
0
  0
VERTEX
  5
E9
  8
TEXT
 10
-10.513228699100535
 20
19.05987872822071
 30
0.0
 70
0
  0
VERTEX
  5
EA
  8
TEXT
 10
-10.54785707362718
 20
19.075453716166408
 30
0.0
 70
0
  0
VERTEX
  5
EB
  8
TEXT
 10
-10.58337639849327
 20
19.08885925711523
 30
0.0
 70
0
  0
VERTEX
  5
EC
  8
TEXT
 10
-10.61978667369881
 20
19.100095351067182
 30
0.0
 70
0
  0
VERTEX
  5
ED
  8
TEXT
 10
-10.657087899243797
 20
19.109161998022262
 30
0.0
 70
0
  0
VERTEX
  5
EE
  8
TEXT
 10
-10.695280075128233
 20
19.116059197980466
 30
0.0
 70
0
  0
VERTEX
  5
EF
  8
TEXT
 10
-10.734363201352116
 20
19.1207869509418
 30
0.0
 70
0
  0
VERTEX
  5
F0
  8
TEXT
 10
-10.770316746254508
 20
19.122975689282267
 30
0.0
 70
0
  0
VERTEX
  5
F1
  8
TEXT
 10
-10.806307196609676
 20
19.122918214371143
 30
0.0
 70
0
  0
VERTEX
  5
F2
  8
TEXT
 10
-10.84233455241762
 20
19.120614526208424
 30
0.0
 70
0
  0
VERTEX
  5
F3
  8
TEXT
 10
-10.87839881367834
 20
19.116064624794113
 30
0.0
 70
0
  0
VERTEX
  5
F4
  8
TEXT
 10
-10.914499980391833
 20
19.109268510128203
 30
0.0
 70
0
  0
VERTEX
  5
F5
  8
TEXT
 10
-10.950638052558102
 20
19.100226182210697
 30
0.0
 70
0
  0
VERTEX
  5
F6
  8
TEXT
 10
-10.986813030177144
 20
19.0889376410416
 30
0.0
 70
0
  0
VERTEX
  5
F7
  8
TEXT
 10
-11.023024913248962
 20
19.075402886620907
 30
0.0
 70
0
  0
VERTEX
  5
F8
  8
TEXT
 10
-11.059273701773554
 20
19.05962191894862
 30
0.0
 70
0
  0
VERTEX
  5
F9
  8
TEXT
 10
-11.095559395750923
 20
19.041594738024735
 30
0.0
 70
0
  0
VERTEX
  5
FA
  8
TEXT
 10
-11.131881995181066
 20
19.02132134384926
 30
0.0
 70
0
  0
VERTEX
  5
FB
  8
TEXT
 10
-11.166389260606591
 20
18.99998496525588
 30
0.0
 70
0
  0
VERTEX
  5
FC
  8
TEXT
 10
-11.199247899912136
 20
18.97758013658934
 30
0.0
 70
0
  0
VERTEX
  5
FD
  8
TEXT
 10
-11.230457913097698
 20
18.954106857849638
 30
0.0
 70
0
  0
VERTEX
  5
FE
  8
TEXT
 10
-11.26001930016328
 20
18.929565129036774
 30
0.0
 70
0
  0
VERTEX
  5
FF
  8
TEXT
 10
-11.287932061108883
 20
18.90395495015075
 30
0.0
 70
0
  0
VERTEX
  5
100
  8
TEXT
 10
-11.314196195934503
 20
18.877276321191562
 30
0.0
 70
0
  0
VERTEX
  5
101
  8
TEXT
 10
-11.338811704640143
 20
18.849529242159214
 30
0.0
 70
0
  0
VERTEX
  5
102
  8
TEXT
 10
-11.361778587225803
 20
18.8207137130537
 30
0.0
 70
0
  0
VERTEX
  5
103
  8
TEXT
 10
-11.383096843691481
 20
18.790829733875025
 30
0.0
 70
0
  0
VERTEX
  5
104
  8
TEXT
 10
-11.402766474037179
 20
18.75987730462319
 30
0.0
 70
0
  0
VERTEX
  5
105
  8
TEXT
 10
-11.420787478262895
 20
18.727856425298192
 30
0.0
 70
0
  0
VERTEX
  5
106
  8
TEXT
 10
-11.43709585012825
 20
18.695051945756887
 30
0.0
 70
0
  0
VERTEX
  5
107
  8
TEXT
 10
-11.451627583392861
 20
18.661748715856135
 30
0.0
 70
0
  0
VERTEX
  5
108
  8
TEXT
 10
-11.46438267805673
 20
18.627946735595938
 30
0.0
 70
0
  0
VERTEX
  5
109
  8
TEXT
 10
-11.475361134119854
 20
18.59364600497629
 30
0.0
 70
0
  0
VERTEX
  5
10A
  8
TEXT
 10
-11.484562951582236
 20
18.558846523997193
 30
0.0
 70
0
  0
VERTEX
  5
10B
  8
TEXT
 10
-11.491988130443874
 20
18.523548292658653
 30
0.0
 70
0
  0
VERTEX
  5
10C
  8
TEXT
 10
-11.497636670704768
 20
18.48775131096066
 30
0.0
 70
0
  0
VERTEX
  5
10D
  8
TEXT
 10
-11.501508572364921
 20
18.45145557890322
 30
0.0
 70
0
  0
VERTEX
  5
10E
  8
TEXT
 10
-11.50360383542433
 20
18.414661096486338
 30
0.0
 70
0
  0
VERTEX
  5
10F
  8
TEXT
 10
-11.503922459882995
 20
18.377367863710003
 30
0.0
 70
0
  0
VERTEX
  5
110
  8
TEXT
 10
-11.502464445740918
 20
18.339575880574223
 30
0.0
 70
0
  0
VERTEX
  5
111
  8
TEXT
 10
-11.499517927238065
 20
18.304653908842667
 30
0.0
 70
0
  0
VERTEX
  5
112
  8
TEXT
 10
-11.494979983040665
 20
18.26963048389309
 30
0.0
 70
0
  0
VERTEX
  5
113
  8
TEXT
 10
-11.488850613148717
 20
18.234505605725495
 30
0.0
 70
0
  0
VERTEX
  5
114
  8
TEXT
 10
-11.48112981756222
 20
18.199279274339883
 30
0.0
 70
0
  0
VERTEX
  5
115
  8
TEXT
 10
-11.471817596281173
 20
18.16395148973625
 30
0.0
 70
0
  0
VERTEX
  5
116
  8
TEXT
 10
-11.460913949305581
 20
18.128522251914596
 30
0.0
 70
0
  0
VERTEX
  5
117
  8
TEXT
 10
-11.44841887663544
 20
18.092991560874925
 30
0.0
 70
0
  0
VERTEX
  5
118
  8
TEXT
 10
-11.434332378270751
 20
18.057359416617235
 30
0.0
 70
0
  0
VERTEX
  5
119
  8
TEXT
 10
-11.418654454211513
 20
18.021625819141526
 30
0.0
 70
0
  0
VERTEX
  5
11A
  8
TEXT
 10
-11.401385104457729
 20
17.985790768447796
 30
0.0
 70
0
  0
VERTEX
  5
11B
  8
TEXT
 10
-11.382524329009394
 20
17.94985426453605
 30
0.0
 70
0
  0
VERTEX
  5
11C
  8
TEXT
 10
-11.362072127866513
 20
17.913816307406282
 30
0.0
 70
0
  0
VERTEX
  5
11D
  8
TEXT
 10
-11.340457562951558
 20
17.8784497340893
 30
0.0
 70
0
  0
VERTEX
  5
11E
  8
TEXT
 10
-11.318109696187005
 20
17.84452738161592
 30
0.0
 70
0
  0
VERTEX
  5
11F
  8
TEXT
 10
-11.29502852757285
 20
17.812049249986135
 30
0.0
 70
0
  0
VERTEX
  5
120
  8
TEXT
 10
-11.271214057109098
 20
17.781015339199943
 30
0.0
 70
0
  0
VERTEX
  5
121
  8
TEXT
 10
-11.246666284795747
 20
17.75142564925735
 30
0.0
 70
0
  0
VERTEX
  5
122
  8
TEXT
 10
-11.221385210632796
 20
17.72328018015835
 30
0.0
 70
0
  0
VERTEX
  5
123
  8
TEXT
 10
-11.195370834620247
 20
17.69657893190295
 30
0.0
 70
0
  0
VERTEX
  5
124
  8
TEXT
 10
-11.1686231567581
 20
17.67132190449114
 30
0.0
 70
0
  0
VERTEX
  5
125
  8
TEXT
 10
-11.141142177046353
 20
17.64750909792293
 30
0.0
 70
0
  0
VERTEX
  5
126
  8
TEXT
 10
-11.112927895485006
 20
17.625140512198318
 30
0.0
 70
0
  0
VERTEX
  5
127
  8
TEXT
 10
-11.083980312074061
 20
17.6042161473173
 30
0.0
 70
0
  0
VERTEX
  5
128
  8
TEXT
 10
-11.054299426813518
 20
17.584736003279875
 30
0.0
 70
0
  0
VERTEX
  5
129
  8
TEXT
 10
-11.02132559696281
 20
17.565175165218655
 30
0.0
 70
0
  0
VERTEX
  5
12A
  8
TEXT
 10
-10.987962368178714
 20
17.54741926983271
 30
0.0
 70
0
  0
VERTEX
  5
12B
  8
TEXT
 10
-10.954209740461224
 20
17.531468317122044
 30
0.0
 70
0
  0
VERTEX
  5
12C
  8
TEXT
 10
-10.920067713810342
 20
17.517322307086662
 30
0.0
 70
0
  0
VERTEX
  5
12D
  8
TEXT
 10
-10.88553628822607
 20
17.504981239726558
 30
0.0
 70
0
  0
VERTEX
  5
12E
  8
TEXT
 10
-10.850615463708406
 20
17.494445115041735
 30
0.0
 70
0
  0
VERTEX
  5
12F
  8
TEXT
 10
-10.815305240257352
 20
17.485713933032187
 30
0.0
 70
0
  0
VERTEX
  5
130
  8
TEXT
 10
-10.779605617872907
 20
17.478787693697925
 30
0.0
 70
0
  0
VERTEX
  5
131
  8
TEXT
 10
-10.743516596555068
 20
17.473666397038937
 30
0.0
 70
0
  0
VERTEX
  5
132
  8
TEXT
 10
-10.70703817630384
 20
17.470350043055234
 30
0.0
 70
0
  0
VERTEX
  5
133
  8
TEXT
 10
-10.67017035711922
 20
17.468838631746806
 30
0.0
 70
0
  0
VERTEX
  5
134
  8
TEXT
 10
-10.63318651756635
 20
17.4692029233
 30
0.0
 70
0
  0
VERTEX
  5
135
  8
TEXT
 10
-10.59636003621037
 20
17.471513677901157
 30
0.0
 70
0
  0
VERTEX
  5
136
  8
TEXT
 10
-10.559690913051282
 20
17.475770895550276
 30
0.0
 70
0
  0
VERTEX
  5
137
  8
TEXT
 10
-10.523179148089083
 20
17.481974576247357
 30
0.0
 70
0
  0
VERTEX
  5
138
  8
TEXT
 10
-10.486824741323778
 20
17.490124719992398
 30
0.0
 70
0
  0
VERTEX
  5
139
  8
TEXT
 10
-10.450627692755361
 20
17.500221326785404
 30
0.0
 70
0
  0
VERTEX
  5
13A
  8
TEXT
 10
-10.414588002383837
 20
17.51226439662637
 30
0.0
 70
0
  0
VERTEX
  5
13B
  8
TEXT
 10
-10.378705670209202
 20
17.5262539295153
 30
0.0
 70
0
  0
VERTEX
  5
13C
  8
TEXT
 10
-10.34298069623146
 20
17.542189925452192
 30
0.0
 70
0
  0
VERTEX
  5
13D
  8
TEXT
 10
-10.307413080450608
 20
17.560072384437042
 30
0.0
 70
0
  0
VERTEX
  5
13E
  8
TEXT
 10
-10.272002822866646
 20
17.579901306469857
 30
0.0
 70
0
  0
VERTEX
  5
13F
  8
TEXT
 10
-10.237601955537533
 20
17.601193921771007
 30
0.0
 70
0
  0
VERTEX
  5
140
  8
TEXT
 10
-10.20472601929755
 20
17.623665576309026
 30
0.0
 70
0
  0
VERTEX
  5
141
  8
TEXT
 10
-10.173375014146696
 20
17.647316270083913
 30
0.0
 70
0
  0
VERTEX
  5
142
  8
TEXT
 10
-10.143548940084976
 20
17.672146003095666
 30
0.0
 70
0
  0
VERTEX
  5
143
  8
TEXT
 10
-10.115247797112385
 20
17.69815477534429
 30
0.0
 70
0
  0
VERTEX
  5
144
  8
TEXT
 10
-10.088471585228927
 20
17.72534258682978
 30
0.0
 70
0
  0
VERTEX
  5
145
  8
TEXT
 10
-10.063220304434598
 20
17.75370943755214
 30
0.0
 70
0
  0
VERTEX
  5
146
  8
TEXT
 10
-10.039493954729402
 20
17.783255327511366
 30
0.0
 70
0
  0
VERTEX
  5
147
  8
TEXT
 10
-10.017292536113334
 20
17.81398025670746
 30
0.0
 70
0
  0
VERTEX
  5
148
  8
TEXT
 10
-9.99688814653362
 20
17.84556248769219
 30
0.0
 70
0
  0
VERTEX
  5
149
  8
TEXT
 10
-9.978552883937475
 20
17.87768028301733
 30
0.0
 70
0
  0
VERTEX
  5
14A
  8
TEXT
 10
-9.9622867483249
 20
17.910333642682875
 30
0.0
 70
0
  0
VERTEX
  5
14B
  8
TEXT
 10
-9.948089739695895
 20
17.943522566688824
 30
0.0
 70
0
  0
VERTEX
  5
14C
  8
TEXT
 10
-9.93596185805046
 20
17.977247055035182
 30
0.0
 70
0
  0
VERTEX
  5
14D
  8
TEXT
 10
-9.925903103388595
 20
18.011507107721943
 30
0.0
 70
0
  0
VERTEX
  5
14E
  8
TEXT
 10
-9.917913475710302
 20
18.04630272474911
 30
0.0
 70
0
  0
VERTEX
  5
14F
  8
TEXT
 10
-9.911992975015579
 20
18.081633906116686
 30
0.0
 70
0
  0
VERTEX
  5
150
  8
TEXT
 10
-9.908141601304425
 20
18.117500651824667
 30
0.0
 70
0
  0
VERTEX
  5
151
  8
TEXT
 10
-9.90663145252406
 20
18.153581224424823
 30
0.0
 70
0
  0
VERTEX
  5
152
  8
TEXT
 10
-9.907734626621707
 20
18.18955388646892
 30
0.0
 70
0
  0
VERTEX
  5
153
  8
TEXT
 10
-9.911451123597361
 20
18.225418637956967
 30
0.0
 70
0
  0
VERTEX
  5
154
  8
TEXT
 10
-9.917780943451024
 20
18.261175478888955
 30
0.0
 70
0
  0
VERTEX
  5
155
  8
TEXT
 10
-9.926724086182698
 20
18.296824409264886
 30
0.0
 70
0
  0
VERTEX
  5
156
  8
TEXT
 10
-9.938280551792381
 20
18.33236542908476
 30
0.0
 70
0
  0
VERTEX
  5
157
  8
TEXT
 10
-9.952450340280073
 20
18.36779853834858
 30
0.0
 70
0
  0
VERTEX
  5
158
  8
TEXT
 10
-9.969233451645776
 20
18.403123737056347
 30
0.0
 70
0
  0
VERTEX
  5
159
  8
TEXT
 10
-9.988629885889488
 20
18.438341025208054
 30
0.0
 70
0
  0
VERTEX
  5
15A
  8
TEXT
 10
-9.993533250656446
 20
18.446669182993926
 30
0.0
 70
0
  0
VERTEX
  5
15B
  8
TEXT
 10
-10.587608506048616
 20
18.096895829617516
 30
0.0
 70
0
  0
VERTEX
  5
15C
  8
TEXT
 10
-10.775570822115379
 20
18.416141878075926
 30
0.0
 70
0
  0
VERTEX
  5
15D
  8
TEXT
 10
-9.803952413763698
 20
18.988201100887807
 30
0.0
 70
0
  0
VERTEX
  5
15E
  8
TEXT
 10
-9.681368294589722
 20
18.77999715624102
 30
0.0
 70
0
  0
VERTEX
  5
15F
  8
TEXT
 10
-9.660412989367256
 20
18.74331590331847
 30
0.0
 70
0
  0
VERTEX
  5
160
  8
TEXT
 10
-9.640797265490466
 20
18.70673076707235
 30
0.0
 70
0
  0
VERTEX
  5
161
  8
TEXT
 10
-9.622521122959357
 20
18.670241747502665
 30
0.0
 70
0
  0
VERTEX
  5
162
  8
TEXT
 10
-9.605584561773924
 20
18.633848844609414
 30
0.0
 70
0
  0
VERTEX
  5
163
  8
TEXT
 10
-9.58998758193417
 20
18.59755205839259
 30
0.0
 70
0
  0
VERTEX
  5
164
  8
TEXT
 10
-9.575730183440093
 20
18.561351388852202
 30
0.0
 70
0
  0
VERTEX
  5
165
  8
TEXT
 10
-9.562812366291697
 20
18.52524683598825
 30
0.0
 70
0
  0
VERTEX
  5
166
  8
TEXT
 10
-9.551234130488979
 20
18.489238399800723
 30
0.0
 70
0
  0
VERTEX
  5
167
  8
TEXT
 10
-9.540995476031938
 20
18.45332608028963
 30
0.0
 70
0
  0
VERTEX
  5
168
  8
TEXT
 10
-9.532096402920574
 20
18.417509877454975
 30
0.0
 70
0
  0
VERTEX
  5
169
  8
TEXT
 10
-9.524536911154891
 20
18.381789791296747
 30
0.0
 70
0
  0
VERTEX
  5
16A
  8
TEXT
 10
-9.518317000734886
 20
18.346165821814953
 30
0.0
 70
0
  0
VERTEX
  5
16B
  8
TEXT
 10
-9.513436671660559
 20
18.31063796900959
 30
0.0
 70
0
  0
VERTEX
  5
16C
  8
TEXT
 10
-9.509514490191123
 20
18.272383322259707
 30
0.0
 70
0
  0
VERTEX
  5
16D
  8
TEXT
 10
-9.506870778986038
 20
18.234492270022198
 30
0.0
 70
0
  0
VERTEX
  5
16E
  8
TEXT
 10
-9.505505538045306
 20
18.196964812297068
 30
0.0
 70
0
  0
VERTEX
  5
16F
  8
TEXT
 10
-9.505418767368923
 20
18.159800949084318
 30
0.0
 70
0
  0
VERTEX
  5
170
  8
TEXT
 10
-9.506610466956895
 20
18.123000680383942
 30
0.0
 70
0
  0
VERTEX
  5
171
  8
TEXT
 10
-9.509080636809218
 20
18.086564006195946
 30
0.0
 70
0
  0
VERTEX
  5
172
  8
TEXT
 10
-9.512829276925892
 20
18.050490926520325
 30
0.0
 70
0
  0
VERTEX
  5
173
  8
TEXT
 10
-9.517856387306917
 20
18.014781441357083
 30
0.0
 70
0
  0
VERTEX
  5
174
  8
TEXT
 10
-9.524161967952296
 20
17.97943555070622
 30
0.0
 70
0
  0
VERTEX
  5
175
  8
TEXT
 10
-9.531746018862025
 20
17.944453254567733
 30
0.0
 70
0
  0
VERTEX
  5
176
  8
TEXT
 10
-9.540608540036107
 20
17.909834552941625
 30
0.0
 70
0
  0
VERTEX
  5
177
  8
TEXT
 10
-9.55074953147454
 20
17.875579445827896
 30
0.0
 70
0
  0
VERTEX
  5
178
  8
TEXT
 10
-9.56309373455762
 20
17.838744450533447
 30
0.0
 70
0
  0
VERTEX
  5
179
  8
TEXT
 10
-9.576605849470981
 20
17.802581231612017
 30
0.0
 70
0
  0
VERTEX
  5
17A
  8
TEXT
 10
-9.591285876214629
 20
17.767089789063597
 30
0.0
 70
0
  0
VERTEX
  5
17B
  8
TEXT
 10
-9.60713381478856
 20
17.732270122888195
 30
0.0
 70
0
  0
VERTEX
  5
17C
  8
TEXT
 10
-9.624149665192773
 20
17.698122233085808
 30
0.0
 70
0
  0
VERTEX
  5
17D
  8
TEXT
 10
-9.642333427427271
 20
17.66464611965643
 30
0.0
 70
0
  0
VERTEX
  5
17E
  8
TEXT
 10
-9.661685101492052
 20
17.631841782600073
 30
0.0
 70
0
  0
VERTEX
  5
17F
  8
TEXT
 10
-9.682204687387117
 20
17.59970922191673
 30
0.0
 70
0
  0
VERTEX
  5
180
  8
TEXT
 10
-9.703892185112466
 20
17.568248437606403
 30
0.0
 70
0
  0
VERTEX
  5
181
  8
TEXT
 10
-9.726747594668097
 20
17.537459429669088
 30
0.0
 70
0
  0
VERTEX
  5
182
  8
TEXT
 10
-9.750770916054014
 20
17.507342198104787
 30
0.0
 70
0
  0
VERTEX
  5
183
  8
TEXT
 10
-9.775773891257002
 20
17.47802303128654
 30
0.0
 70
0
  0
VERTEX
  5
184
  8
TEXT
 10
-9.801568262263846
 20
17.449628217587378
 30
0.0
 70
0
  0
VERTEX
  5
185
  8
TEXT
 10
-9.828154029074545
 20
17.422157757007305
 30
0.0
 70
0
  0
VERTEX
  5
186
  8
TEXT
 10
-9.855531191689103
 20
17.395611649546314
 30
0.0
 70
0
  0
VERTEX
  5
187
  8
TEXT
 10
-9.88369975010752
 20
17.369989895204416
 30
0.0
 70
0
  0
VERTEX
  5
188
  8
TEXT
 10
-9.91265970432979
 20
17.3452924939816
 30
0.0
 70
0
  0
VERTEX
  5
189
  8
TEXT
 10
-9.94241105435592
 20
17.321519445877875
 30
0.0
 70
0
  0
VERTEX
  5
18A
  8
TEXT
 10
-9.972953800185905
 20
17.298670750893233
 30
0.0
 70
0
  0
VERTEX
  5
18B
  8
TEXT
 10
-10.004287941819749
 20
17.27674640902768
 30
0.0
 70
0
  0
VERTEX
  5
18C
  8
TEXT
 10
-10.03641347925745
 20
17.255746420281213
 30
0.0
 70
0
  0
SEQEND
  5
5D
  8
TEXT
  0
POLYLINE
  5
18D
  8
TEXT
 66
1
 10
0.0
 20
0.0
 30
0.0
 70
1
  0
VERTEX
  5
18F
  8
TEXT
 10
-8.551838470020352
 20
18.09409077461643
 30
0.0
 70
0
  0
VERTEX
  5
190
  8
TEXT
 10
-9.497764769565487
 20
20.299815924273304
 30
0.0
 70
0
  0
VERTEX
  5
191
  8
TEXT
 10
-8.029995315951531
 20
20.929269565883374
 30
0.0
 70
0
  0
VERTEX
  5
192
  8
TEXT
 10
-7.8776313482395635
 20
20.57398497801918
 30
0.0
 70
0
  0
VERTEX
  5
193
  8
TEXT
 10
-8.942004759382714
 20
20.117527924748742
 30
0.0
 70
0
  0
VERTEX
  5
194
  8
TEXT
 10
-8.698857260909032
 20
19.550552936615464
 30
0.0
 70
0
  0
VERTEX
  5
195
  8
TEXT
 10
-7.693697947743248
 20
19.98161599526724
 30
0.0
 70
0
  0
VERTEX
  5
196
  8
TEXT
 10
-7.541333980031279
 20
19.626331407403043
 30
0.0
 70
0
  0
VERTEX
  5
197
  8
TEXT
 10
-8.546493293197063
 20
19.19526834875127
 30
0.0
 70
0
  0
VERTEX
  5
198
  8
TEXT
 10
-8.300806395261516
 20
18.622371950820256
 30
0.0
 70
0
  0
VERTEX
  5
199
  8
TEXT
 10
-7.236432984118365
 20
19.078829004090693
 30
0.0
 70
0
  0
VERTEX
  5
19A
  8
TEXT
 10
-7.0840690164063975
 20
18.723544416226495
 30
0.0
 70
0
  0
SEQEND
  5
18E
  8
TEXT
  0
POLYLINE
  5
19B
  8
TEXT
 66
1
 10
0.0
 20
0.0
 30
0.0
 70
1
  0
VERTEX
  5
19D
  8
TEXT
 10
-6.518150108053388
 20
18.93246984365249
 30
0.0
 70
0
  0
VERTEX
  5
19E
  8
TEXT
 10
-7.189542040935562
 20
21.236647109502655
 30
0.0
 70
0
  0
VERTEX
  5
19F
  8
TEXT
 10
-6.861699369552854
 20
21.33217401538925
 30
0.0
 70
0
  0
VERTEX
  5
1A0
  8
TEXT
 10
-5.332963432244817
 20
20.173714153774206
 30
0.0
 70
0
  0
VERTEX
  5
1A1
  8
TEXT
 10
-5.7637357059598235
 20
21.652099030386793
 30
0.0
 70
0
  0
VERTEX
  5
1A2
  8
TEXT
 10
-5.3431073728650285
 20
21.77466185303374
 30
0.0
 70
0
  0
VERTEX
  5
1A3
  8
TEXT
 10
-4.6717154399828535
 20
19.470484587183577
 30
0.0
 70
0
  0
VERTEX
  5
1A4
  8
TEXT
 10
-5.002650966755964
 20
19.37405648407164
 30
0.0
 70
0
  0
VERTEX
  5
1A5
  8
TEXT
 10
-6.536404823701705
 20
20.561253241425653
 30
0.0
 70
0
  0
VERTEX
  5
1A6
  8
TEXT
 10
-6.097521774958593
 20
19.05503266629944
 30
0.0
 70
0
  0
SEQEND
  5
19C
  8
TEXT
  0
POLYLINE
  5
1A7
  8
TEXT
 66
1
 10
0.0
 20
0.0
 30
0.0
 70
1
  0
VERTEX
  5
1A9
  8
TEXT
 10
-3.9430510359341806
 20
19.620968648499435
 30
0.0
 70
0
  0
VERTEX
  5
1AA
  8
TEXT
 10
-4.329993689177429
 20
21.989570637669647
 30
0.0
 70
0
  0
VERTEX
  5
1AB
  8
TEXT
 10
-2.753840083632286
 20
22.24705630256272
 30
0.0
 70
0
  0
VERTEX
  5
1AC
  8
TEXT
 10
-2.691513750223977
 20
21.865536519072215
 30
0.0
 70
0
  0
VERTEX
  5
1AD
  8
TEXT
 10
-3.8344834349309442
 20
21.67881721190316
 30
0.0
 70
0
  0
VERTEX
  5
1AE
  8
TEXT
 10
-3.7350209945335187
 20
21.0699752240829
 30
0.0
 70
0
  0
VERTEX
  5
1AF
  8
TEXT
 10
-2.6556379404083024
 20
21.246306809017238
 30
0.0
 70
0
  0
VERTEX
  5
1B0
  8
TEXT
 10
-2.593311606999994
 20
20.864787025526734
 30
0.0
 70
0
  0
VERTEX
  5
1B1
  8
TEXT
 10
-3.6726946611252105
 20
20.688455440592392
 30
0.0
 70
0
  0
VERTEX
  5
1B2
  8
TEXT
 10
-3.572193448504313
 20
20.073254789713957
 30
0.0
 70
0
  0
VERTEX
  5
1B3
  8
TEXT
 10
-2.429223763797346
 20
20.259974096883013
 30
0.0
 70
0
  0
VERTEX
  5
1B4
  8
TEXT
 10
-2.3668974303890375
 20
19.87845431339251
 30
0.0
 70
0
  0
SEQEND
  5
1A8
  8
TEXT
  0
POLYLINE
  5
1B5
  8
TEXT
 66
1
 10
0.0
 20
0.0
 30
0.0
 70
1
  0
VERTEX
  5
1B7
  8
TEXT
 10
-1.7670700176361667
 20
19.939180998971278
 30
0.0
 70
0
  0
VERTEX
  5
1B8
  8
TEXT
 10
-1.8792975336193671
 20
22.33655560145964
 30
0.0
 70
0
  0
VERTEX
  5
1B9
  8
TEXT
 10
-0.9879246948418144
 20
22.378283147670846
 30
0.0
 70
0
  0
VERTEX
  5
1BA
  8
TEXT
 10
-0.9475262657209647
 20
22.379558419912225
 30
0.0
 70
0
  0
VERTEX
  5
1BB
  8
TEXT
 10
-0.907852441351308
 20
22.379567998956396
 30
0.0
 70
0
  0
VERTEX
  5
1BC
  8
TEXT
 10
-0.8689032217328447
 20
22.378311884803367
 30
0.0
 70
0
  0
VERTEX
  5
1BD
  8
TEXT
 10
-0.8306786068655748
 20
22.37579007745313
 30
0.0
 70
0
  0
VERTEX
  5
1BE
  8
TEXT
 10
-0.7931785967494984
 20
22.372002576905683
 30
0.0
 70
0
  0
VERTEX
  5
1BF
  8
TEXT
 10
-0.756403191384615
 20
22.36694938316103
 30
0.0
 70
0
  0
VERTEX
  5
1C0
  8
TEXT
 10
-0.7203523907709247
 20
22.360630496219173
 30
0.0
 70
0
  0
VERTEX
  5
1C1
  8
TEXT
 10
-0.6850261949084282
 20
22.353045916080113
 30
0.0
 70
0
  0
VERTEX
  5
1C2
  8
TEXT
 10
-0.6504246037971247
 20
22.34419564274384
 30
0.0
 70
0
  0
VERTEX
  5
1C3
  8
TEXT
 10
-0.6165476174370146
 20
22.33407967621037
 30
0.0
 70
0
  0
VERTEX
  5
1C4
  8
TEXT
 10
-0.5833952358280978
 20
22.322698016479684
 30
0.0
 70
0
  0
VERTEX
  5
1C5
  8
TEXT
 10
-0.5509674589703741
 20
22.3100506635518
 30
0.0
 70
0
  0
VERTEX
  5
1C6
  8
TEXT
 10
-0.5166339807285586
 20
22.294866560294214
 30
0.0
 70
0
  0
VERTEX
  5
1C7
  8
TEXT
 10
-0.4835945812368427
 20
22.278289231306534
 30
0.0
 70
0
  0
VERTEX
  5
1C8
  8
TEXT
 10
-0.4518492604952262
 20
22.260318676588756
 30
0.0
 70
0
  0
VERTEX
  5
1C9
  8
TEXT
 10
-0.4213980185037096
 20
22.240954896140885
 30
0.0
 70
0
  0
VERTEX
  5
1CA
  8
TEXT
 10
-0.39224085526229335
 20
22.220197889962915
 30
0.0
 70
0
  0
VERTEX
  5
1CB
  8
TEXT
 10
-0.36437777077097644
 20
22.198047658054847
 30
0.0
 70
0
  0
VERTEX
  5
1CC
  8
TEXT
 10
-0.3378087650297593
 20
22.174504200416685
 30
0.0
 70
0
  0
VERTEX
  5
1CD
  8
TEXT
 10
-0.3125338380386419
 20
22.149567517048425
 30
0.0
 70
0
  0
VERTEX
  5
1CE
  8
TEXT
 10
-0.28855298979762445
 20
22.123237607950067
 30
0.0
 70
0
  0
VERTEX
  5
1CF
  8
TEXT
 10
-0.2658662203067068
 20
22.095514473121614
 30
0.0
 70
0
  0
VERTEX
  5
1D0
  8
TEXT
 10
-0.24447352956588908
 20
22.066398112563064
 30
0.0
 70
0
  0
VERTEX
  5
1D1
  8
TEXT
 10
-0.2261705922752748
 20
22.0385322266285
 30
0.0
 70
0
  0
VERTEX
  5
1D2
  8
TEXT
 10
-0.20929547457400577
 20
22.00959168676807
 30
0.0
 70
0
  0
VERTEX
  5
1D3
  8
TEXT
 10
-0.1938481764620823
 20
21.979576492981774
 30
0.0
 70
0
  0
VERTEX
  5
1D4
  8
TEXT
 10
-0.1798286979395043
 20
21.948486645269615
 30
0.0
 70
0
  0
VERTEX
  5
1D5
  8
TEXT
 10
-0.1672370390062723
 20
21.916322143631586
 30
0.0
 70
0
  0
VERTEX
  5
1D6
  8
TEXT
 10
-0.1560731996623851
 20
21.88308298806769
 30
0.0
 70
0
  0
VERTEX
  5
1D7
  8
TEXT
 10
-0.14633717990784356
 20
21.848769178577935
 30
0.0
 70
0
  0
VERTEX
  5
1D8
  8
TEXT
 10
-0.13802897974264783
 20
21.81338071516231
 30
0.0
 70
0
  0
VERTEX
  5
1D9
  8
TEXT
 10
-0.13114859916679766
 20
21.77691759782082
 30
0.0
 70
0
  0
VERTEX
  5
1DA
  8
TEXT
 10
-0.12569603818029274
 20
21.739379826553467
 30
0.0
 70
0
  0
VERTEX
  5
1DB
  8
TEXT
 10
-0.12167129678313393
 20
21.700767401360245
 30
0.0
 70
0
  0
VERTEX
  5
1DC
  8
TEXT
 10
-0.11907437497531992
 20
21.66108032224116
 30
0.0
 70
0
  0
VERTEX
  5
1DD
  8
TEXT
 10
-0.11798087158532655
 20
21.620259060553288
 30
0.0
 70
0
  0
VERTEX
  5
1DE
  8
TEXT
 10
-0.11856681274899461
 20
21.580389389311428
 30
0.0
 70
0
  0
VERTEX
  5
1DF
  8
TEXT
 10
-0.12083219846632565
 20
21.541471308515572
 30
0.0
 70
0
  0
VERTEX
  5
1E0
  8
TEXT
 10
-0.12477702873731822
 20
21.503504818165727
 30
0.0
 70
0
  0
VERTEX
  5
1E1
  8
TEXT
 10
-0.130401303561974
 20
21.466489918261885
 30
0.0
 70
0
  0
VERTEX
  5
1E2
  8
TEXT
 10
-0.13770502294029086
 20
21.430426608804055
 30
0.0
 70
0
  0
VERTEX
  5
1E3
  8
TEXT
 10
-0.14668818687227025
 20
21.39531488979223
 30
0.0
 70
0
  0
VERTEX
  5
1E4
  8
TEXT
 10
-0.15735079535791152
 20
21.361154761226413
 30
0.0
 70
0
  0
VERTEX
  5
1E5
  8
TEXT
 10
-0.16969284839721543
 20
21.327946223106604
 30
0.0
 70
0
  0
VERTEX
  5
1E6
  8
TEXT
 10
-0.18371434599018144
 20
21.295689275432803
 30
0.0
 70
0
  0
VERTEX
  5
1E7
  8
TEXT
 10
-0.19941528813680975
 20
21.26438391820501
 30
0.0
 70
0
  0
VERTEX
  5
1E8
  8
TEXT
 10
-0.21679567483709983
 20
21.234030151423223
 30
0.0
 70
0
  0
VERTEX
  5
1E9
  8
TEXT
 10
-0.2373851799635197
 20
21.202148904145186
 30
0.0
 70
0
  0
VERTEX
  5
1EA
  8
TEXT
 10
-0.25940073030178645
 20
21.171693463893874
 30
0.0
 70
0
  0
VERTEX
  5
1EB
  8
TEXT
 10
-0.2828423258519006
 20
21.14266383066929
 30
0.0
 70
0
  0
VERTEX
  5
1EC
  8
TEXT
 10
-0.30770996661386174
 20
21.11506000447143
 30
0.0
 70
0
  0
VERTEX
  5
1ED
  8
TEXT
 10
-0.3340036525876702
 20
21.088881985300297
 30
0.0
 70
0
  0
VERTEX
  5
1EE
  8
TEXT
 10
-0.3617233837733256
 20
21.06412977315589
 30
0.0
 70
0
  0
VERTEX
  5
1EF
  8
TEXT
 10
-0.3908691601708285
 20
21.040803368038212
 30
0.0
 70
0
  0
VERTEX
  5
1F0
  8
TEXT
 10
-0.4214409817801785
 20
21.018902769947257
 30
0.0
 70
0
  0
VERTEX
  5
1F1
  8
TEXT
 10
-0.45343884860137573
 20
20.998427978883026
 30
0.0
 70
0
  0
VERTEX
  5
1F2
  8
TEXT
 10
-0.48686276063442013
 20
20.979378994845522
 30
0.0
 70
0
  0
VERTEX
  5
1F3
  8
TEXT
 10
-0.5217127178793116
 20
20.961755817834746
 30
0.0
 70
0
  0
VERTEX
  5
1F4
  8
TEXT
 10
0.0735988046770466
 20
20.025347628692607
 30
0.0
 70
0
  0
VERTEX
  5
1F5
  8
TEXT
 10
-0.42196587825343357
 20
20.00214892069071
 30
0.0
 70
0
  0
VERTEX
  5
1F6
  8
TEXT
 10
-0.9589568254730151
 20
20.863887146493244
 30
0.0
 70
0
  0
VERTEX
  5
1F7
  8
TEXT
 10
-1.370854743752895
 20
20.84460510347868
 30
0.0
 70
0
  0
VERTEX
  5
1F8
  8
TEXT
 10
-1.329428479463794
 20
19.959668169674252
 30
0.0
 70
0
  0
SEQEND
  5
1B6
  8
TEXT
  0
POLYLINE
  5
1F9
  8
TEXT
 66
1
 10
0.0
 20
0.0
 30
0.0
 70
1
  0
VERTEX
  5
1FB
  8
TEXT
 10
-1.3889316590790481
 20
21.230759401866067
 30
0.0
 70
0
  0
VERTEX
  5
1FC
  8
TEXT
 10
-0.9287644535007448
 20
21.2523010592964
 30
0.0
 70
0
  0
VERTEX
  5
1FD
  8
TEXT
 10
-0.890030923355398
 20
21.255413239522827
 30
0.0
 70
0
  0
VERTEX
  5
1FE
  8
TEXT
 10
-0.8532064942545439
 20
21.261033969829512
 30
0.0
 70
0
  0
VERTEX
  5
1FF
  8
TEXT
 10
-0.8182911661981817
 20
21.269163250216454
 30
0.0
 70
0
  0
VERTEX
  5
200
  8
TEXT
 10
-0.7852849391863117
 20
21.279801080683654
 30
0.0
 70
0
  0
VERTEX
  5
201
  8
TEXT
 10
-0.7541878132189339
 20
21.292947461231112
 30
0.0
 70
0
  0
VERTEX
  5
202
  8
TEXT
 10
-0.7249997882960483
 20
21.308602391858823
 30
0.0
 70
0
  0
VERTEX
  5
203
  8
TEXT
 10
-0.6927335310509136
 20
21.33030138914275
 30
0.0
 70
0
  0
VERTEX
  5
204
  8
TEXT
 10
-0.6636950978770457
 20
21.3548162873917
 30
0.0
 70
0
  0
VERTEX
  5
205
  8
TEXT
 10
-0.6378844887744441
 20
21.38214708660568
 30
0.0
 70
0
  0
VERTEX
  5
206
  8
TEXT
 10
-0.6153017037431083
 20
21.412293786784687
 30
0.0
 70
0
  0
VERTEX
  5
207
  8
TEXT
 10
-0.5959467427830392
 20
21.445256387928723
 30
0.0
 70
0
  0
VERTEX
  5
208
  8
TEXT
 10
-0.582536824651199
 20
21.474550847769642
 30
0.0
 70
0
  0
VERTEX
  5
209
  8
TEXT
 10
-0.5718754851297384
 20
21.505149974581492
 30
0.0
 70
0
  0
VERTEX
  5
20A
  8
TEXT
 10
-0.5639627242186573
 20
21.537053768364274
 30
0.0
 70
0
  0
VERTEX
  5
20B
  8
TEXT
 10
-0.558798541917956
 20
21.57026222911798
 30
0.0
 70
0
  0
VERTEX
  5
20C
  8
TEXT
 10
-0.5563829382276344
 20
21.60477535684262
 30
0.0
 70
0
  0
VERTEX
  5
20D
  8
TEXT
 10
-0.5567159131476923
 20
21.640593151538184
 30
0.0
 70
0
  0
VERTEX
  5
20E
  8
TEXT
 10
-0.5597744520868582
 20
21.677223981574787
 30
0.0
 70
0
  0
VERTEX
  5
20F
  8
TEXT
 10
-0.5654351131464925
 20
21.712030913664833
 30
0.0
 70
0
  0
VERTEX
  5
210
  8
TEXT
 10
-0.5736978963265961
 20
21.745013947808314
 30
0.0
 70
0
  0
VERTEX
  5
211
  8
TEXT
 10
-0.584562801627168
 20
21.776173084005233
 30
0.0
 70
0
  0
VERTEX
  5
212
  8
TEXT
 10
-0.5980298290482087
 20
21.80550832225559
 30
0.0
 70
0
  0
VERTEX
  5
213
  8
TEXT
 10
-0.614098978589718
 20
21.83301966255939
 30
0.0
 70
0
  0
VERTEX
  5
214
  8
TEXT
 10
-0.636421566482497
 20
21.863450725400618
 30
0.0
 70
0
  0
VERTEX
  5
215
  8
TEXT
 10
-0.6617008247166509
 20
21.890905374731062
 30
0.0
 70
0
  0
VERTEX
  5
216
  8
TEXT
 10
-0.6899367532921779
 20
21.915383610550727
 30
0.0
 70
0
  0
VERTEX
  5
217
  8
TEXT
 10
-0.7211293522090793
 20
21.936885432859604
 30
0.0
 70
0
  0
VERTEX
  5
218
  8
TEXT
 10
-0.7552786214673548
 20
21.9554108416577
 30
0.0
 70
0
  0
VERTEX
  5
219
  8
TEXT
 10
-0.7858014926840002
 20
21.968270545563684
 30
0.0
 70
0
  0
VERTEX
  5
21A
  8
TEXT
 10
-0.8179907656189999
 20
21.978454320543797
 30
0.0
 70
0
  0
VERTEX
  5
21B
  8
TEXT
 10
-0.8518464402723533
 20
21.985962166598043
 30
0.0
 70
0
  0
VERTEX
  5
21C
  8
TEXT
 10
-0.887368516644061
 20
21.990794083726417
 30
0.0
 70
0
  0
VERTEX
  5
21D
  8
TEXT
 10
-0.9245569947341226
 20
21.992950071928924
 30
0.0
 70
0
  0
VERTEX
  5
21E
  8
TEXT
 10
-0.9634118745425382
 20
21.99243013120556
 30
0.0
 70
0
  0
VERTEX
  5
21F
  8
TEXT
 10
-1.4235790801208417
 20
21.970888473775226
 30
0.0
 70
0
  0
SEQEND
  5
1FA
  8
TEXT
  0
POLYLINE
  5
220
  8
TEXT
 66
1
 10
0.0
 20
0.0
 30
0.0
 70
1
  0
VERTEX
  5
222
  8
TEXT
 10
0.6394012464402535
 20
19.99097680219941
 30
0.0
 70
0
  0
VERTEX
  5
223
  8
TEXT
 10
0.742392428870045
 20
22.388765953968537
 30
0.0
 70
0
  0
VERTEX
  5
224
  8
TEXT
 10
1.1809142703848687
 20
22.369930318255708
 30
0.0
 70
0
  0
VERTEX
  5
225
  8
TEXT
 10
1.0779230879550772
 20
19.97214116648658
 30
0.0
 70
0
  0
SEQEND
  5
221
  8
TEXT
  0
POLYLINE
  5
226
  8
TEXT
 66
1
 10
0.0
 20
0.0
 30
0.0
 70
1
  0
VERTEX
  5
228
  8
TEXT
 10
2.931310546948497
 20
19.74526062407243
 30
0.0
 70
0
  0
VERTEX
  5
229
  8
TEXT
 10
2.8924836719092397
 20
19.75135675320875
 30
0.0
 70
0
  0
VERTEX
  5
22A
  8
TEXT
 10
2.8542604801628917
 20
19.75847872376706
 30
0.0
 70
0
  0
VERTEX
  5
22B
  8
TEXT
 10
2.816640971709453
 20
19.766626535747363
 30
0.0
 70
0
  0
VERTEX
  5
22C
  8
TEXT
 10
2.7796251465489243
 20
19.775800189149656
 30
0.0
 70
0
  0
VERTEX
  5
22D
  8
TEXT
 10
2.7432130046813055
 20
19.78599968397394
 30
0.0
 70
0
  0
VERTEX
  5
22E
  8
TEXT
 10
2.7074045461065963
 20
19.797225020220218
 30
0.0
 70
0
  0
VERTEX
  5
22F
  8
TEXT
 10
2.6721997708247964
 20
19.809476197888486
 30
0.0
 70
0
  0
VERTEX
  5
230
  8
TEXT
 10
2.6375986788359067
 20
19.822753216978743
 30
0.0
 70
0
  0
VERTEX
  5
231
  8
TEXT
 10
2.6036012701399263
 20
19.837056077490992
 30
0.0
 70
0
  0
VERTEX
  5
232
  8
TEXT
 10
2.5702075447368555
 20
19.852384779425233
 30
0.0
 70
0
  0
VERTEX
  5
233
  8
TEXT
 10
2.537417502626695
 20
19.868739322781465
 30
0.0
 70
0
  0
VERTEX
  5
234
  8
TEXT
 10
2.5052311438094437
 20
19.886119707559686
 30
0.0
 70
0
  0
VERTEX
  5
235
  8
TEXT
 10
2.473648468285102
 20
19.9045259337599
 30
0.0
 70
0
  0
VERTEX
  5
236
  8
TEXT
 10
2.440221154362061
 20
19.925475756113478
 30
0.0
 70
0
  0
VERTEX
  5
237
  8
TEXT
 10
2.4077143526616926
 20
19.947333738199923
 30
0.0
 70
0
  0
VERTEX
  5
238
  8
TEXT
 10
2.3761280631839967
 20
19.97009988001924
 30
0.0
 70
0
  0
VERTEX
  5
239
  8
TEXT
 10
2.3454622859289738
 20
19.993774181571425
 30
0.0
 70
0
  0
VERTEX
  5
23A
  8
TEXT
 10
2.315717020896623
 20
20.018356642856478
 30
0.0
 70
0
  0
VERTEX
  5
23B
  8
TEXT
 10
2.2868922680869446
 20
20.043847263874397
 30
0.0
 70
0
  0
VERTEX
  5
23C
  8
TEXT
 10
2.258988027499939
 20
20.07024604462519
 30
0.0
 70
0
  0
VERTEX
  5
23D
  8
TEXT
 10
2.2320042991356064
 20
20.097552985108848
 30
0.0
 70
0
  0
VERTEX
  5
23E
  8
TEXT
 10
2.205941082993946
 20
20.12576808532538
 30
0.0
 70
0
  0
VERTEX
  5
23F
  8
TEXT
 10
2.1807983790749583
 20
20.154891345274777
 30
0.0
 70
0
  0
VERTEX
  5
240
  8
TEXT
 10
2.156576187378643
 20
20.184922764957044
 30
0.0
 70
0
  0
VERTEX
  5
241
  8
TEXT
 10
2.1332745079050004
 20
20.215862344372177
 30
0.0
 70
0
  0
VERTEX
  5
242
  8
TEXT
 10
2.1109831335145923
 20
20.247587106093317
 30
0.0
 70
0
  0
VERTEX
  5
243
  8
TEXT
 10
2.089791857067981
 20
20.279974072693598
 30
0.0
 70
0
  0
VERTEX
  5
244
  8
TEXT
 10
2.069700678565166
 20
20.313023244173017
 30
0.0
 70
0
  0
VERTEX
  5
245
  8
TEXT
 10
2.0507095980061476
 20
20.346734620531578
 30
0.0
 70
0
  0
VERTEX
  5
246
  8
TEXT
 10
2.0328186153909256
 20
20.38110820176928
 30
0.0
 70
0
  0
VERTEX
  5
247
  8
TEXT
 10
2.0160277307195003
 20
20.41614398788612
 30
0.0
 70
0
  0
VERTEX
  5
248
  8
TEXT
 10
2.0003369439918717
 20
20.4518419788821
 30
0.0
 70
0
  0
VERTEX
  5
249
  8
TEXT
 10
1.9857462552080394
 20
20.48820217475722
 30
0.0
 70
0
  0
VERTEX
  5
24A
  8
TEXT
 10
1.9722556643680038
 20
20.525224575511483
 30
0.0
 70
0
  0
VERTEX
  5
24B
  8
TEXT
 10
1.959865171471765
 20
20.562909181144885
 30
0.0
 70
0
  0
VERTEX
  5
24C
  8
TEXT
 10
1.9485747765193224
 20
20.601255991657425
 30
0.0
 70
0
  0
VERTEX
  5
24D
  8
TEXT
 10
1.9383844795106762
 20
20.64026500704911
 30
0.0
 70
0
  0
VERTEX
  5
24E
  8
TEXT
 10
1.9300522094002766
 20
20.676753270028676
 30
0.0
 70
0
  0
VERTEX
  5
24F
  8
TEXT
 10
1.9228527800599964
 20
20.71359014912508
 30
0.0
 70
0
  0
VERTEX
  5
250
  8
TEXT
 10
1.9167861914898352
 20
20.750775644338308
 30
0.0
 70
0
  0
VERTEX
  5
251
  8
TEXT
 10
1.9118524436897935
 20
20.78830975566837
 30
0.0
 70
0
  0
VERTEX
  5
252
  8
TEXT
 10
1.9080515366598712
 20
20.826192483115257
 30
0.0
 70
0
  0
VERTEX
  5
253
  8
TEXT
 10
1.905383470400068
 20
20.86442382667898
 30
0.0
 70
0
  0
VERTEX
  5
254
  8
TEXT
 10
1.9038482449103844
 20
20.903003786359527
 30
0.0
 70
0
  0
VERTEX
  5
255
  8
TEXT
 10
1.90344586019082
 20
20.94193236215691
 30
0.0
 70
0
  0
VERTEX
  5
256
  8
TEXT
 10
1.904176316241375
 20
20.981209554071118
 30
0.0
 70
0
  0
VERTEX
  5
257
  8
TEXT
 10
1.9060396130620494
 20
21.020835362102158
 30
0.0
 70
0
  0
VERTEX
  5
258
  8
TEXT
 10
1.909035750652843
 20
21.060809786250026
 30
0.0
 70
0
  0
VERTEX
  5
259
  8
TEXT
 10
1.9131647290137561
 20
21.10113282651473
 30
0.0
 70
0
  0
VERTEX
  5
25A
  8
TEXT
 10
1.9184265481447882
 20
21.141804482896255
 30
0.0
 70
0
  0
VERTEX
  5
25B
  8
TEXT
 10
1.9247437860112795
 20
21.182332764065823
 30
0.0
 70
0
  0
VERTEX
  5
25C
  8
TEXT
 10
1.9320390205785687
 20
21.222225678694628
 30
0.0
 70
0
  0
VERTEX
  5
25D
  8
TEXT
 10
1.940312251846656
 20
21.261483226782676
 30
0.0
 70
0
  0
VERTEX
  5
25E
  8
TEXT
 10
1.9495634798155412
 20
21.300105408329966
 30
0.0
 70
0
  0
VERTEX
  5
25F
  8
TEXT
 10
1.959792704485225
 20
21.3380922233365
 30
0.0
 70
0
  0
VERTEX
  5
260
  8
TEXT
 10
1.9709999258557067
 20
21.37544367180227
 30
0.0
 70
0
  0
VERTEX
  5
261
  8
TEXT
 10
1.9831851439269865
 20
21.412159753727284
 30
0.0
 70
0
  0
VERTEX
  5
262
  8
TEXT
 10
1.9963483586990645
 20
21.448240469111543
 30
0.0
 70
0
  0
VERTEX
  5
263
  8
TEXT
 10
2.0104895701719405
 20
21.48368581795504
 30
0.0
 70
0
  0
VERTEX
  5
264
  8
TEXT
 10
2.025608778345615
 20
21.518495800257778
 30
0.0
 70
0
  0
VERTEX
  5
265
  8
TEXT
 10
2.0417059832200875
 20
21.552670416019758
 30
0.0
 70
0
  0
VERTEX
  5
266
  8
TEXT
 10
2.058781184795358
 20
21.586209665240983
 30
0.0
 70
0
  0
VERTEX
  5
267
  8
TEXT
 10
2.0768343830714264
 20
21.619113547921444
 30
0.0
 70
0
  0
VERTEX
  5
268
  8
TEXT
 10
2.0973635873208725
 20
21.653928509078334
 30
0.0
 70
0
  0
VERTEX
  5
269
  8
TEXT
 10
2.1187764407118648
 20
21.687769960493828
 30
0.0
 70
0
  0
VERTEX
  5
26A
  8
TEXT
 10
2.1410729432444024
 20
21.72063790216792
 30
0.0
 70
0
  0
VERTEX
  5
26B
  8
TEXT
 10
2.164253094918486
 20
21.752532334100607
 30
0.0
 70
0
  0
VERTEX
  5
26C
  8
TEXT
 10
2.1883168957341157
 20
21.7834532562919
 30
0.0
 70
0
  0
VERTEX
  5
26D
  8
TEXT
 10
2.213264345691291
 20
21.81340066874179
 30
0.0
 70
0
  0
VERTEX
  5
26E
  8
TEXT
 10
2.2390954447900118
 20
21.84237457145028
 30
0.0
 70
0
  0
VERTEX
  5
26F
  8
TEXT
 10
2.265810193030279
 20
21.870374964417366
 30
0.0
 70
0
  0
VERTEX
  5
270
  8
TEXT
 10
2.2934085904120916
 20
21.897401847643057
 30
0.0
 70
0
  0
VERTEX
  5
271
  8
TEXT
 10
2.32189063693545
 20
21.923455221127345
 30
0.0
 70
0
  0
VERTEX
  5
272
  8
TEXT
 10
2.3512563326003546
 20
21.948535084870233
 30
0.0
 70
0
  0
VERTEX
  5
273
  8
TEXT
 10
2.3815056774068046
 20
21.97264143887172
 30
0.0
 70
0
  0
VERTEX
  5
274
  8
TEXT
 10
2.4125113422130218
 20
21.995693585443714
 30
0.0
 70
0
  0
VERTEX
  5
275
  8
TEXT
 10
2.4441459978772273
 20
22.017610826898114
 30
0.0
 70
0
  0
VERTEX
  5
276
  8
TEXT
 10
2.4764096443994204
 20
22.03839316323493
 30
0.0
 70
0
  0
VERTEX
  5
277
  8
TEXT
 10
2.5093022817796022
 20
22.05804059445415
 30
0.0
 70
0
  0
VERTEX
  5
278
  8
TEXT
 10
2.542823910017772
 20
22.076553120555783
 30
0.0
 70
0
  0
VERTEX
  5
279
  8
TEXT
 10
2.5769745291139303
 20
22.093930741539825
 30
0.0
 70
0
  0
VERTEX
  5
27A
  8
TEXT
 10
2.6117541390680765
 20
22.11017345740628
 30
0.0
 70
0
  0
VERTEX
  5
27B
  8
TEXT
 10
2.6471627398802107
 20
22.125281268155142
 30
0.0
 70
0
  0
VERTEX
  5
27C
  8
TEXT
 10
2.683200331550333
 20
22.139254173786412
 30
0.0
 70
0
  0
VERTEX
  5
27D
  8
TEXT
 10
2.7198669140784437
 20
22.152092174300094
 30
0.0
 70
0
  0
VERTEX
  5
27E
  8
TEXT
 10
2.7571624874645426
 20
22.163795269696188
 30
0.0
 70
0
  0
VERTEX
  5
27F
  8
TEXT
 10
2.7950870517086295
 20
22.174363459974693
 30
0.0
 70
0
  0
VERTEX
  5
280
  8
TEXT
 10
2.8305461492838955
 20
22.183023096127865
 30
0.0
 70
0
  0
VERTEX
  5
281
  8
TEXT
 10
2.866328254920926
 20
22.190539104181774
 30
0.0
 70
0
  0
VERTEX
  5
282
  8
TEXT
 10
2.902433368619722
 20
22.19691148413642
 30
0.0
 70
0
  0
VERTEX
  5
283
  8
TEXT
 10
2.9388614903802837
 20
22.202140235991802
 30
0.0
 70
0
  0
VERTEX
  5
284
  8
TEXT
 10
2.975612620202611
 20
22.20622535974792
 30
0.0
 70
0
  0
VERTEX
  5
285
  8
TEXT
 10
3.0126867580867036
 20
22.20916685540477
 30
0.0
 70
0
  0
VERTEX
  5
286
  8
TEXT
 10
3.0500839040325616
 20
22.210964722962355
 30
0.0
 70
0
  0
VERTEX
  5
287
  8
TEXT
 10
3.0878040580401853
 20
22.21161896242068
 30
0.0
 70
0
  0
VERTEX
  5
288
  8
TEXT
 10
3.125847220109574
 20
22.211129573779736
 30
0.0
 70
0
  0
VERTEX
  5
289
  8
TEXT
 10
3.164213390240729
 20
22.20949655703953
 30
0.0
 70
0
  0
VERTEX
  5
28A
  8
TEXT
 10
3.2029025684336485
 20
22.20671991220006
 30
0.0
 70
0
  0
VERTEX
  5
28B
  8
TEXT
 10
3.241914754688334
 20
22.202799639261322
 30
0.0
 70
0
  0
VERTEX
  5
28C
  8
TEXT
 10
3.281249949004785
 20
22.197735738223322
 30
0.0
 70
0
  0
VERTEX
  5
28D
  8
TEXT
 10
3.3231941792824213
 20
22.191140644230995
 30
0.0
 70
0
  0
VERTEX
  5
28E
  8
TEXT
 10
3.3642479839629535
 20
22.183452313842217
 30
0.0
 70
0
  0
VERTEX
  5
28F
  8
TEXT
 10
3.404411363046381
 20
22.17467074705699
 30
0.0
 70
0
  0
VERTEX
  5
290
  8
TEXT
 10
3.443684316532705
 20
22.164795943875312
 30
0.0
 70
0
  0
VERTEX
  5
291
  8
TEXT
 10
3.482066844421923
 20
22.15382790429718
 30
0.0
 70
0
  0
VERTEX
  5
292
  8
TEXT
 10
3.5195589467140387
 20
22.141766628322603
 30
0.0
 70
0
  0
VERTEX
  5
293
  8
TEXT
 10
3.556160623409049
 20
22.128612115951576
 30
0.0
 70
0
  0
VERTEX
  5
294
  8
TEXT
 10
3.591871874506955
 20
22.114364367184095
 30
0.0
 70
0
  0
VERTEX
  5
295
  8
TEXT
 10
3.626692700007757
 20
22.099023382020164
 30
0.0
 70
0
  0
VERTEX
  5
296
  8
TEXT
 10
3.6606230999114544
 20
22.082589160459783
 30
0.0
 70
0
  0
VERTEX
  5
297
  8
TEXT
 10
3.6936630742180476
 20
22.065061702502955
 30
0.0
 70
0
  0
VERTEX
  5
298
  8
TEXT
 10
3.7258126229275366
 20
22.04644100814967
 30
0.0
 70
0
  0
VERTEX
  5
299
  8
TEXT
 10
3.7598231639027215
 20
22.0251461286596
 30
0.0
 70
0
  0
VERTEX
  5
29A
  8
TEXT
 10
3.7926816902953226
 20
22.003081081210848
 30
0.0
 70
0
  0
VERTEX
  5
29B
  8
TEXT
 10
3.8243882021053404
 20
21.98024586580342
 30
0.0
 70
0
  0
VERTEX
  5
29C
  8
TEXT
 10
3.854942699332775
 20
21.95664048243731
 30
0.0
 70
0
  0
VERTEX
  5
29D
  8
TEXT
 10
3.8843451819776265
 20
21.932264931112524
 30
0.0
 70
0
  0
VERTEX
  5
29E
  8
TEXT
 10
3.9125956500398935
 20
21.90711921182906
 30
0.0
 70
0
  0
VERTEX
  5
29F
  8
TEXT
 10
3.9396941035195785
 20
21.881203324586917
 30
0.0
 70
0
  0
VERTEX
  5
2A0
  8
TEXT
 10
3.965640542416679
 20
21.854517269386097
 30
0.0
 70
0
  0
VERTEX
  5
2A1
  8
TEXT
 10
3.990434966731197
 20
21.827061046226596
 30
0.0
 70
0
  0
VERTEX
  5
2A2
  8
TEXT
 10
4.014077376463131
 20
21.79883465510842
 30
0.0
 70
0
  0
VERTEX
  5
2A3
  8
TEXT
 10
4.036567771612481
 20
21.76983809603156
 30
0.0
 70
0
  0
VERTEX
  5
2A4
  8
TEXT
 10
4.059825096522091
 20
21.73735869327921
 30
0.0
 70
0
  0
VERTEX
  5
2A5
  8
TEXT
 10
4.081385417963187
 20
21.70456009974578
 30
0.0
 70
0
  0
VERTEX
  5
2A6
  8
TEXT
 10
4.101248735935768
 20
21.67144231543127
 30
0.0
 70
0
  0
VERTEX
  5
2A7
  8
TEXT
 10
4.119415050439839
 20
21.638005340335692
 30
0.0
 70
0
  0
VERTEX
  5
2A8
  8
TEXT
 10
4.135884361475397
 20
21.604249174459035
 30
0.0
 70
0
  0
VERTEX
  5
2A9
  8
TEXT
 10
4.1506566690424425
 20
21.5701738178013
 30
0.0
 70
0
  0
VERTEX
  5
2AA
  8
TEXT
 10
4.163731973140973
 20
21.535779270362493
 30
0.0
 70
0
  0
VERTEX
  5
2AB
  8
TEXT
 10
4.1751102737709935
 20
21.501065532142604
 30
0.0
 70
0
  0
VERTEX
  5
2AC
  8
TEXT
 10
4.1847915709325
 20
21.466032603141645
 30
0.0
 70
0
  0
VERTEX
  5
2AD
  8
TEXT
 10
4.192775864625494
 20
21.430680483359605
 30
0.0
 70
0
  0
VERTEX
  5
2AE
  8
TEXT
 10
3.7790115904537327
 20
21.301795177127648
 30
0.0
 70
0
  0
VERTEX
  5
2AF
  8
TEXT
 10
3.769613467767078
 20
21.339411323254865
 30
0.0
 70
0
  0
VERTEX
  5
2B0
  8
TEXT
 10
3.7581972714153142
 20
21.375997511950285
 30
0.0
 70
0
  0
VERTEX
  5
2B1
  8
TEXT
 10
3.74476300139844
 20
21.41155374321391
 30
0.0
 70
0
  0
VERTEX
  5
2B2
  8
TEXT
 10
3.7293106577164554
 20
21.446080017045748
 30
0.0
 70
0
  0
VERTEX
  5
2B3
  8
TEXT
 10
3.711840240369361
 20
21.47957633344579
 30
0.0
 70
0
  0
VERTEX
  5
2B4
  8
TEXT
 10
3.6923517493571567
 20
21.512042692414038
 30
0.0
 70
0
  0
VERTEX
  5
2B5
  8
TEXT
 10
3.670845184679843
 20
21.543479093950495
 30
0.0
 70
0
  0
VERTEX
  5
2B6
  8
TEXT
 10
3.6473205463374185
 20
21.57388553805516
 30
0.0
 70
0
  0
VERTEX
  5
2B7
  8
TEXT
 10
3.6217778343298845
 20
21.60326202472803
 30
0.0
 70
0
  0
VERTEX
  5
2B8
  8
TEXT
 10
3.5942170486572405
 20
21.63160855396911
 30
0.0
 70
0
  0
VERTEX
  5
2B9
  8
TEXT
 10
3.5675537201820604
 20
21.656026916817734
 30
0.0
 70
0
  0
VERTEX
  5
2BA
  8
TEXT
 10
3.539508866584155
 20
21.678679186226915
 30
0.0
 70
0
  0
VERTEX
  5
2BB
  8
TEXT
 10
3.5100824878635257
 20
21.699565362196658
 30
0.0
 70
0
  0
VERTEX
  5
2BC
  8
TEXT
 10
3.4792745840201706
 20
21.718685444726958
 30
0.0
 70
0
  0
VERTEX
  5
2BD
  8
TEXT
 10
3.44708515505409
 20
21.736039433817815
 30
0.0
 70
0
  0
VERTEX
  5
2BE
  8
TEXT
 10
3.413514200965285
 20
21.75162732946923
 30
0.0
 70
0
  0
VERTEX
  5
2BF
  8
TEXT
 10
3.378561721753755
 20
21.7654491316812
 30
0.0
 70
0
  0
VERTEX
  5
2C0
  8
TEXT
 10
3.342227717419499
 20
21.777504840453734
 30
0.0
 70
0
  0
VERTEX
  5
2C1
  8
TEXT
 10
3.3045121879625183
 20
21.78779445578682
 30
0.0
 70
0
  0
VERTEX
  5
2C2
  8
TEXT
 10
3.2654151333828128
 20
21.796317977680467
 30
0.0
 70
0
  0
VERTEX
  5
2C3
  8
TEXT
 10
3.2249365536803825
 20
21.80307540613467
 30
0.0
 70
0
  0
VERTEX
  5
2C4
  8
TEXT
 10
3.1846578420695453
 20
21.807935221933505
 30
0.0
 70
0
  0
VERTEX
  5
2C5
  8
TEXT
 10
3.145000691982543
 20
21.81093138140286
 30
0.0
 70
0
  0
VERTEX
  5
2C6
  8
TEXT
 10
3.105965103419375
 20
21.812063884542734
 30
0.0
 70
0
  0
VERTEX
  5
2C7
  8
TEXT
 10
3.0675510763800418
 20
21.81133273135313
 30
0.0
 70
0
  0
VERTEX
  5
2C8
  8
TEXT
 10
3.0297586108645422
 20
21.80873792183404
 30
0.0
 70
0
  0
VERTEX
  5
2C9
  8
TEXT
 10
2.9925877068728775
 20
21.804279455985476
 30
0.0
 70
0
  0
VERTEX
  5
2CA
  8
TEXT
 10
2.956038364405047
 20
21.797957333807428
 30
0.0
 70
0
  0
VERTEX
  5
2CB
  8
TEXT
 10
2.920110583461051
 20
21.7897715552999
 30
0.0
 70
0
  0
VERTEX
  5
2CC
  8
TEXT
 10
2.884804364040889
 20
21.779722120462893
 30
0.0
 70
0
  0
VERTEX
  5
2CD
  8
TEXT
 10
2.850119706144562
 20
21.767809029296405
 30
0.0
 70
0
  0
VERTEX
  5
2CE
  8
TEXT
 10
2.816056609772069
 20
21.754032281800434
 30
0.0
 70
0
  0
VERTEX
  5
2CF
  8
TEXT
 10
2.7828386026811804
 20
21.738568407320216
 30
0.0
 70
0
  0
VERTEX
  5
2D0
  8
TEXT
 10
2.750689212629668
 20
21.721593935200985
 30
0.0
 70
0
  0
VERTEX
  5
2D1
  8
TEXT
 10
2.7196084396175317
 20
21.703108865442736
 30
0.0
 70
0
  0
VERTEX
  5
2D2
  8
TEXT
 10
2.6895962836447707
 20
21.683113198045472
 30
0.0
 70
0
  0
VERTEX
  5
2D3
  8
TEXT
 10
2.660652744711385
 20
21.66160693300919
 30
0.0
 70
0
  0
VERTEX
  5
2D4
  8
TEXT
 10
2.632777822817375
 20
21.63859007033389
 30
0.0
 70
0
  0
VERTEX
  5
2D5
  8
TEXT
 10
2.605971517962741
 20
21.61406261001958
 30
0.0
 70
0
  0
VERTEX
  5
2D6
  8
TEXT
 10
2.580233830147482
 20
21.58802455206625
 30
0.0
 70
0
  0
VERTEX
  5
2D7
  8
TEXT
 10
2.5555647593715993
 20
21.560475896473903
 30
0.0
 70
0
  0
VERTEX
  5
2D8
  8
TEXT
 10
2.531964305635092
 20
21.531416643242544
 30
0.0
 70
0
  0
VERTEX
  5
2D9
  8
TEXT
 10
2.50943246893796
 20
21.500846792372165
 30
0.0
 70
0
  0
VERTEX
  5
2DA
  8
TEXT
 10
2.4898617618673606
 20
21.471601049045592
 30
0.0
 70
0
  0
VERTEX
  5
2DB
  8
TEXT
 10
2.471478442314211
 20
21.441293260164
 30
0.0
 70
0
  0
VERTEX
  5
2DC
  8
TEXT
 10
2.4542825102785093
 20
21.409923425727385
 30
0.0
 70
0
  0
VERTEX
  5
2DD
  8
TEXT
 10
2.438273965760257
 20
21.37749154573575
 30
0.0
 70
0
  0
VERTEX
  5
2DE
  8
TEXT
 10
2.423452808759453
 20
21.343997620189093
 30
0.0
 70
0
  0
VERTEX
  5
2DF
  8
TEXT
 10
2.409819039276098
 20
21.309441649087415
 30
0.0
 70
0
  0
VERTEX
  5
2E0
  8
TEXT
 10
2.397372657310192
 20
21.27382363243072
 30
0.0
 70
0
  0
VERTEX
  5
2E1
  8
TEXT
 10
2.386113662861735
 20
21.237143570219
 30
0.0
 70
0
  0
VERTEX
  5
2E2
  8
TEXT
 10
2.3760420559307267
 20
21.199401462452258
 30
0.0
 70
0
  0
VERTEX
  5
2E3
  8
TEXT
 10
2.3671578365171673
 20
21.160597309130498
 30
0.0
 70
0
  0
VERTEX
  5
2E4
  8
TEXT
 10
2.359461004621057
 20
21.12073111025372
 30
0.0
 70
0
  0
VERTEX
  5
2E5
  8
TEXT
 10
2.352951560242395
 20
21.079802865821915
 30
0.0
 70
0
  0
VERTEX
  5
2E6
  8
TEXT
 10
2.347770918894132
 20
21.0388036560742
 30
0.0
 70
0
  0
VERTEX
  5
2E7
  8
TEXT
 10
2.344022574610885
 20
20.9984587967163
 30
0.0
 70
0
  0
VERTEX
  5
2E8
  8
TEXT
 10
2.3417065273926534
 20
20.958768287748207
 30
0.0
 70
0
  0
VERTEX
  5
2E9
  8
TEXT
 10
2.340822777239438
 20
20.919732129169923
 30
0.0
 70
0
  0
VERTEX
  5
2EA
  8
TEXT
 10
2.3413713241512375
 20
20.881350320981447
 30
0.0
 70
0
  0
VERTEX
  5
2EB
  8
TEXT
 10
2.343352168128053
 20
20.84362286318278
 30
0.0
 70
0
  0
VERTEX
  5
2EC
  8
TEXT
 10
2.346765309169885
 20
20.806549755773922
 30
0.0
 70
0
  0
VERTEX
  5
2ED
  8
TEXT
 10
2.3516107472767316
 20
20.770130998754873
 30
0.0
 70
0
  0
VERTEX
  5
2EE
  8
TEXT
 10
2.3578884824485944
 20
20.734366592125635
 30
0.0
 70
0
  0
VERTEX
  5
2EF
  8
TEXT
 10
2.3655985146854728
 20
20.699256535886203
 30
0.0
 70
0
  0
VERTEX
  5
2F0
  8
TEXT
 10
2.3747408439873667
 20
20.664800830036583
 30
0.0
 70
0
  0
VERTEX
  5
2F1
  8
TEXT
 10
2.3853154703542767
 20
20.63099947457677
 30
0.0
 70
0
  0
VERTEX
  5
2F2
  8
TEXT
 10
2.398359259152315
 20
20.595074380271882
 30
0.0
 70
0
  0
VERTEX
  5
2F3
  8
TEXT
 10
2.4128562075840634
 20
20.56033367248065
 30
0.0
 70
0
  0
VERTEX
  5
2F4
  8
TEXT
 10
2.4288063156495223
 20
20.52677735120307
 30
0.0
 70
0
  0
VERTEX
  5
2F5
  8
TEXT
 10
2.4462095833486917
 20
20.494405416439147
 30
0.0
 70
0
  0
VERTEX
  5
2F6
  8
TEXT
 10
2.4650660106815714
 20
20.463217868188877
 30
0.0
 70
0
  0
VERTEX
  5
2F7
  8
TEXT
 10
2.4853755976481615
 20
20.433214706452265
 30
0.0
 70
0
  0
VERTEX
  5
2F8
  8
TEXT
 10
2.507138344248462
 20
20.40439593122931
 30
0.0
 70
0
  0
VERTEX
  5
2F9
  8
TEXT
 10
2.530354250482473
 20
20.376761542520008
 30
0.0
 70
0
  0
VERTEX
  5
2FA
  8
TEXT
 10
2.5550233163501943
 20
20.350311540324363
 30
0.0
 70
0
  0
VERTEX
  5
2FB
  8
TEXT
 10
2.581145541851626
 20
20.32504592464237
 30
0.0
 70
0
  0
VERTEX
  5
2FC
  8
TEXT
 10
2.608720926986768
 20
20.300964695474036
 30
0.0
 70
0
  0
VERTEX
  5
2FD
  8
TEXT
 10
2.637581415912436
 20
20.278280086469252
 30
0.0
 70
0
  0
VERTEX
  5
2FE
  8
TEXT
 10
2.6675589527854457
 20
20.257204331277915
 30
0.0
 70
0
  0
VERTEX
  5
2FF
  8
TEXT
 10
2.6986535376057965
 20
20.23773742990003
 30
0.0
 70
0
  0
VERTEX
  5
300
  8
TEXT
 10
2.730865170373489
 20
20.21987938233559
 30
0.0
 70
0
  0
VERTEX
  5
301
  8
TEXT
 10
2.7641938510885233
 20
20.2036301885846
 30
0.0
 70
0
  0
VERTEX
  5
302
  8
TEXT
 10
2.798639579750899
 20
20.18898984864706
 30
0.0
 70
0
  0
VERTEX
  5
303
  8
TEXT
 10
2.834202356360616
 20
20.175958362522966
 30
0.0
 70
0
  0
VERTEX
  5
304
  8
TEXT
 10
2.8708821809176746
 20
20.16453573021232
 30
0.0
 70
0
  0
VERTEX
  5
305
  8
TEXT
 10
2.908679053422075
 20
20.154721951715125
 30
0.0
 70
0
  0
VERTEX
  5
306
  8
TEXT
 10
2.9475929738738165
 20
20.14651702703138
 30
0.0
 70
0
  0
VERTEX
  5
307
  8
TEXT
 10
2.9876239422729
 20
20.13992095616108
 30
0.0
 70
0
  0
VERTEX
  5
308
  8
TEXT
 10
3.028376590841464
 20
20.13508428047094
 30
0.0
 70
0
  0
VERTEX
  5
309
  8
TEXT
 10
3.0682958520195696
 20
20.1323230168695
 30
0.0
 70
0
  0
VERTEX
  5
30A
  8
TEXT
 10
3.107381725807217
 20
20.13163716535675
 30
0.0
 70
0
  0
VERTEX
  5
30B
  8
TEXT
 10
3.145634212204407
 20
20.133026725932694
 30
0.0
 70
0
  0
VERTEX
  5
30C
  8
TEXT
 10
3.1830533112111388
 20
20.136491698597332
 30
0.0
 70
0
  0
VERTEX
  5
30D
  8
TEXT
 10
3.219639022827412
 20
20.142032083350664
 30
0.0
 70
0
  0
VERTEX
  5
30E
  8
TEXT
 10
3.2553913470532274
 20
20.14964788019269
 30
0.0
 70
0
  0
VERTEX
  5
30F
  8
TEXT
 10
3.290310283888584
 20
20.159339089123407
 30
0.0
 70
0
  0
VERTEX
  5
310
  8
TEXT
 10
3.324395833333483
 20
20.171105710142818
 30
0.0
 70
0
  0
VERTEX
  5
311
  8
TEXT
 10
3.3576479953879232
 20
20.184947743250923
 30
0.0
 70
0
  0
VERTEX
  5
312
  8
TEXT
 10
3.390066770051906
 20
20.20086518844772
 30
0.0
 70
0
  0
VERTEX
  5
313
  8
TEXT
 10
3.424444889491853
 20
20.220296478197376
 30
0.0
 70
0
  0
VERTEX
  5
314
  8
TEXT
 10
3.457174669680436
 20
20.24128901471582
 30
0.0
 70
0
  0
VERTEX
  5
315
  8
TEXT
 10
3.4882561106176544
 20
20.263842798003054
 30
0.0
 70
0
  0
VERTEX
  5
316
  8
TEXT
 10
3.5176892123035097
 20
20.287957828059074
 30
0.0
 70
0
  0
VERTEX
  5
317
  8
TEXT
 10
3.545473974738001
 20
20.313634104883885
 30
0.0
 70
0
  0
VERTEX
  5
318
  8
TEXT
 10
3.5716103979211278
 20
20.340871628477487
 30
0.0
 70
0
  0
VERTEX
  5
319
  8
TEXT
 10
3.596098481852892
 20
20.369670398839876
 30
0.0
 70
0
  0
VERTEX
  5
31A
  8
TEXT
 10
3.6189382265332912
 20
20.400030415971056
 30
0.0
 70
0
  0
VERTEX
  5
31B
  8
TEXT
 10
3.6401296319623264
 20
20.431951679871023
 30
0.0
 70
0
  0
VERTEX
  5
31C
  8
TEXT
 10
3.6596726981399983
 20
20.465434190539778
 30
0.0
 70
0
  0
VERTEX
  5
31D
  8
TEXT
 10
4.020877803342318
 20
20.225969853488994
 30
0.0
 70
0
  0
VERTEX
  5
31E
  8
TEXT
 10
4.003346398264226
 20
20.194413094344004
 30
0.0
 70
0
  0
VERTEX
  5
31F
  8
TEXT
 10
3.9842727093492183
 20
20.16362146371418
 30
0.0
 70
0
  0
VERTEX
  5
320
  8
TEXT
 10
3.963656736597296
 20
20.13359496159952
 30
0.0
 70
0
  0
VERTEX
  5
321
  8
TEXT
 10
3.9414984800084607
 20
20.10433358800003
 30
0.0
 70
0
  0
VERTEX
  5
322
  8
TEXT
 10
3.9177979395827105
 20
20.075837342915708
 30
0.0
 70
0
  0
VERTEX
  5
323
  8
TEXT
 10
3.8925551153200457
 20
20.048106226346555
 30
0.0
 70
0
  0
VERTEX
  5
324
  8
TEXT
 10
3.8657700072204673
 20
20.021140238292567
 30
0.0
 70
0
  0
VERTEX
  5
325
  8
TEXT
 10
3.8374426152839733
 20
19.99493937875375
 30
0.0
 70
0
  0
VERTEX
  5
326
  8
TEXT
 10
3.8075729395105657
 20
19.969503647730097
 30
0.0
 70
0
  0
VERTEX
  5
327
  8
TEXT
 10
3.776160979900244
 20
19.944833045221614
 30
0.0
 70
0
  0
VERTEX
  5
328
  8
TEXT
 10
3.746458295652746
 20
19.923283825728436
 30
0.0
 70
0
  0
VERTEX
  5
329
  8
TEXT
 10
3.7158649729625806
 20
19.902796236796004
 30
0.0
 70
0
  0
VERTEX
  5
32A
  8
TEXT
 10
3.6843810118297458
 20
19.883370278424312
 30
0.0
 70
0
  0
VERTEX
  5
32B
  8
TEXT
 10
3.6520064122542415
 20
19.86500595061336
 30
0.0
 70
0
  0
VERTEX
  5
32C
  8
TEXT
 10
3.6187411742360687
 20
19.84770325336315
 30
0.0
 70
0
  0
VERTEX
  5
32D
  8
TEXT
 10
3.584585297775228
 20
19.831462186673683
 30
0.0
 70
0
  0
VERTEX
  5
32E
  8
TEXT
 10
3.5495387828717173
 20
19.816282750544957
 30
0.0
 70
0
  0
VERTEX
  5
32F
  8
TEXT
 10
3.513601629525538
 20
19.80216494497697
 30
0.0
 70
0
  0
VERTEX
  5
330
  8
TEXT
 10
3.4767738377366904
 20
19.789108769969726
 30
0.0
 70
0
  0
VERTEX
  5
331
  8
TEXT
 10
3.4390554075051734
 20
19.777114225523224
 30
0.0
 70
0
  0
VERTEX
  5
332
  8
TEXT
 10
3.400446338830988
 20
19.76618131163746
 30
0.0
 70
0
  0
VERTEX
  5
333
  8
TEXT
 10
3.3643719171140405
 20
19.757295376784562
 30
0.0
 70
0
  0
VERTEX
  5
334
  8
TEXT
 10
3.327748363104986
 20
19.74970808633575
 30
0.0
 70
0
  0
VERTEX
  5
335
  8
TEXT
 10
3.2905756768038223
 20
19.743419440291028
 30
0.0
 70
0
  0
VERTEX
  5
336
  8
TEXT
 10
3.2528538582105515
 20
19.738429438650392
 30
0.0
 70
0
  0
VERTEX
  5
337
  8
TEXT
 10
3.2145829073251724
 20
19.73473808141384
 30
0.0
 70
0
  0
VERTEX
  5
338
  8
TEXT
 10
3.1757628241476854
 20
19.732345368581377
 30
0.0
 70
0
  0
VERTEX
  5
339
  8
TEXT
 10
3.1363936086780906
 20
19.731251300153
 30
0.0
 70
0
  0
VERTEX
  5
33A
  8
TEXT
 10
3.096475260916388
 20
19.731455876128713
 30
0.0
 70
0
  0
VERTEX
  5
33B
  8
TEXT
 10
3.056007780862577
 20
19.732959096508512
 30
0.0
 70
0
  0
VERTEX
  5
33C
  8
TEXT
 10
3.014991168516658
 20
19.735760961292396
 30
0.0
 70
0
  0
VERTEX
  5
33D
  8
TEXT
 10
2.9734254238786315
 20
19.739861470480367
 30
0.0
 70
0
  0
SEQEND
  5
227
  8
TEXT
  0
POLYLINE
  5
33E
  8
TEXT
 66
1
 10
0.0
 20
0.0
 30
0.0
 70
1
  0
VERTEX
  5
340
  8
TEXT
 10
5.384757950237404
 20
19.279467243010657
 30
0.0
 70
0
  0
VERTEX
  5
341
  8
TEXT
 10
6.125973918913026
 20
21.562140870093657
 30
0.0
 70
0
  0
VERTEX
  5
342
  8
TEXT
 10
6.974699549385497
 20
21.28654781865319
 30
0.0
 70
0
  0
VERTEX
  5
343
  8
TEXT
 10
7.012947745397678
 20
21.2734812622386
 30
0.0
 70
0
  0
VERTEX
  5
344
  8
TEXT
 10
7.050071216808583
 20
21.259486252332344
 30
0.0
 70
0
  0
VERTEX
  5
345
  8
TEXT
 10
7.086069963618209
 20
21.24456278893442
 30
0.0
 70
0
  0
VERTEX
  5
346
  8
TEXT
 10
7.120943985826559
 20
21.228710872044832
 30
0.0
 70
0
  0
VERTEX
  5
347
  8
TEXT
 10
7.154693283433629
 20
21.211930501663577
 30
0.0
 70
0
  0
VERTEX
  5
348
  8
TEXT
 10
7.187317856439423
 20
21.194221677790658
 30
0.0
 70
0
  0
VERTEX
  5
349
  8
TEXT
 10
7.218817704843939
 20
21.17558440042607
 30
0.0
 70
0
  0
VERTEX
  5
34A
  8
TEXT
 10
7.249192828647177
 20
21.15601866956982
 30
0.0
 70
0
  0
VERTEX
  5
34B
  8
TEXT
 10
7.278443227849138
 20
21.135524485221904
 30
0.0
 70
0
  0
VERTEX
  5
34C
  8
TEXT
 10
7.306568902449822
 20
21.11410184738232
 30
0.0
 70
0
  0
VERTEX
  5
34D
  8
TEXT
 10
7.3335698524492265
 20
21.09175075605107
 30
0.0
 70
0
  0
VERTEX
  5
34E
  8
TEXT
 10
7.3594460778473545
 20
21.068471211228154
 30
0.0
 70
0
  0
VERTEX
  5
34F
  8
TEXT
 10
7.3862099218797415
 20
21.042145532271512
 30
0.0
 70
0
  0
VERTEX
  5
350
  8
TEXT
 10
7.411271207218746
 20
21.014973087915216
 30
0.0
 70
0
  0
VERTEX
  5
351
  8
TEXT
 10
7.434629933864368
 20
20.986953878159266
 30
0.0
 70
0
  0
VERTEX
  5
352
  8
TEXT
 10
7.456286101816606
 20
20.958087903003666
 30
0.0
 70
0
  0
VERTEX
  5
353
  8
TEXT
 10
7.476239711075461
 20
20.92837516244841
 30
0.0
 70
0
  0
VERTEX
  5
354
  8
TEXT
 10
7.494490761640933
 20
20.897815656493503
 30
0.0
 70
0
  0
VERTEX
  5
355
  8
TEXT
 10
7.511039253513022
 20
20.866409385138944
 30
0.0
 70
0
  0
VERTEX
  5
356
  8
TEXT
 10
7.525885186691729
 20
20.83415634838473
 30
0.0
 70
0
  0
VERTEX
  5
357
  8
TEXT
 10
7.539028561177052
 20
20.801056546230868
 30
0.0
 70
0
  0
VERTEX
  5
358
  8
TEXT
 10
7.550469376968993
 20
20.76710997867735
 30
0.0
 70
0
  0
VERTEX
  5
359
  8
TEXT
 10
7.560207634067549
 20
20.732316645724183
 30
0.0
 70
0
  0
VERTEX
  5
35A
  8
TEXT
 10
7.567496409264505
 20
20.69978391038713
 30
0.0
 70
0
  0
VERTEX
  5
35B
  8
TEXT
 10
7.573069942310289
 20
20.66674968307314
 30
0.0
 70
0
  0
VERTEX
  5
35C
  8
TEXT
 10
7.576928233204899
 20
20.63321396378221
 30
0.0
 70
0
  0
VERTEX
  5
35D
  8
TEXT
 10
7.579071281948336
 20
20.59917675251434
 30
0.0
 70
0
  0
VERTEX
  5
35E
  8
TEXT
 10
7.579499088540598
 20
20.564638049269526
 30
0.0
 70
0
  0
VERTEX
  5
35F
  8
TEXT
 10
7.578211652981688
 20
20.529597854047775
 30
0.0
 70
0
  0
VERTEX
  5
360
  8
TEXT
 10
7.575208975271605
 20
20.494056166849084
 30
0.0
 70
0
  0
VERTEX
  5
361
  8
TEXT
 10
7.570491055410348
 20
20.458012987673452
 30
0.0
 70
0
  0
VERTEX
  5
362
  8
TEXT
 10
7.5640578933979175
 20
20.421468316520883
 30
0.0
 70
0
  0
VERTEX
  5
363
  8
TEXT
 10
7.555909489234313
 20
20.38442215339137
 30
0.0
 70
0
  0
VERTEX
  5
364
  8
TEXT
 10
7.546045842919536
 20
20.34687449828492
 30
0.0
 70
0
  0
VERTEX
  5
365
  8
TEXT
 10
7.534466954453586
 20
20.308825351201527
 30
0.0
 70
0
  0
VERTEX
  5
366
  8
TEXT
 10
7.521081078892236
 20
20.270245699947147
 30
0.0
 70
0
  0
VERTEX
  5
367
  8
TEXT
 10
7.506459751800145
 20
20.233149193291567
 30
0.0
 70
0
  0
VERTEX
  5
368
  8
TEXT
 10
7.490602973177312
 20
20.197535831234784
 30
0.0
 70
0
  0
VERTEX
  5
369
  8
TEXT
 10
7.473510743023738
 20
20.163405613776803
 30
0.0
 70
0
  0
VERTEX
  5
36A
  8
TEXT
 10
7.455183061339421
 20
20.13075854091762
 30
0.0
 70
0
  0
VERTEX
  5
36B
  8
TEXT
 10
7.435619928124363
 20
20.09959461265723
 30
0.0
 70
0
  0
VERTEX
  5
36C
  8
TEXT
 10
7.414821343378564
 20
20.069913828995645
 30
0.0
 70
0
  0
VERTEX
  5
36D
  8
TEXT
 10
7.392787307102022
 20
20.041716189932856
 30
0.0
 70
0
  0
VERTEX
  5
36E
  8
TEXT
 10
7.369517819294738
 20
20.015001695468868
 30
0.0
 70
0
  0
VERTEX
  5
36F
  8
TEXT
 10
7.3450128799567125
 20
19.98977034560368
 30
0.0
 70
0
  0
VERTEX
  5
370
  8
TEXT
 10
7.319272489087945
 20
19.966022140337287
 30
0.0
 70
0
  0
VERTEX
  5
371
  8
TEXT
 10
7.2922966466884365
 20
19.943757079669695
 30
0.0
 70
0
  0
VERTEX
  5
372
  8
TEXT
 10
7.261779084719365
 20
19.921195606738657
 30
0.0
 70
0
  0
VERTEX
  5
373
  8
TEXT
 10
7.230430547535523
 20
19.900471526203415
 30
0.0
 70
0
  0
VERTEX
  5
374
  8
TEXT
 10
7.198251035136912
 20
19.88158483806397
 30
0.0
 70
0
  0
VERTEX
  5
375
  8
TEXT
 10
7.165240547523531
 20
19.864535542320322
 30
0.0
 70
0
  0
VERTEX
  5
376
  8
TEXT
 10
7.131399084695381
 20
19.849323638972468
 30
0.0
 70
0
  0
VERTEX
  5
377
  8
TEXT
 10
7.0967266466524626
 20
19.835949128020413
 30
0.0
 70
0
  0
VERTEX
  5
378
  8
TEXT
 10
7.061223233394773
 20
19.824412009464154
 30
0.0
 70
0
  0
VERTEX
  5
379
  8
TEXT
 10
7.024888844922314
 20
19.814712283303695
 30
0.0
 70
0
  0
VERTEX
  5
37A
  8
TEXT
 10
6.987723481235086
 20
19.80684994953903
 30
0.0
 70
0
  0
VERTEX
  5
37B
  8
TEXT
 10
6.949727142333089
 20
19.80082500817016
 30
0.0
 70
0
  0
VERTEX
  5
37C
  8
TEXT
 10
6.910899828216322
 20
19.79663745919709
 30
0.0
 70
0
  0
VERTEX
  5
37D
  8
TEXT
 10
7.137361057205828
 20
18.71037256638991
 30
0.0
 70
0
  0
VERTEX
  5
37E
  8
TEXT
 10
6.665506374560483
 20
18.86359036394165
 30
0.0
 70
0
  0
VERTEX
  5
37F
  8
TEXT
 10
6.467254901828959
 20
19.859405809074364
 30
0.0
 70
0
  0
VERTEX
  5
380
  8
TEXT
 10
6.075063996773087
 20
19.986755666779704
 30
0.0
 70
0
  0
VERTEX
  5
381
  8
TEXT
 10
5.801460786859267
 20
19.14415801919873
 30
0.0
 70
0
  0
SEQEND
  5
33F
  8
TEXT
  0
POLYLINE
  5
382
  8
TEXT
 66
1
 10
0.0
 20
0.0
 30
0.0
 70
1
  0
VERTEX
  5
384
  8
TEXT
 10
6.194454488371845
 20
20.354434640269584
 30
0.0
 70
0
  0
VERTEX
  5
385
  8
TEXT
 10
6.632605265113951
 20
20.212160971114397
 30
0.0
 70
0
  0
VERTEX
  5
386
  8
TEXT
 10
6.669944116184042
 20
20.201400756244432
 30
0.0
 70
0
  0
VERTEX
  5
387
  8
TEXT
 10
6.706382213732503
 20
20.193661490463164
 30
0.0
 70
0
  0
VERTEX
  5
388
  8
TEXT
 10
6.741919557759338
 20
20.188943173770596
 30
0.0
 70
0
  0
VERTEX
  5
389
  8
TEXT
 10
6.776556148264543
 20
20.187245806166725
 30
0.0
 70
0
  0
VERTEX
  5
38A
  8
TEXT
 10
6.810291985248121
 20
20.188569387651558
 30
0.0
 70
0
  0
VERTEX
  5
38B
  8
TEXT
 10
6.84312706871007
 20
20.192913918225088
 30
0.0
 70
0
  0
VERTEX
  5
38C
  8
TEXT
 10
6.880975664408602
 20
20.201826922397984
 30
0.0
 70
0
  0
VERTEX
  5
38D
  8
TEXT
 10
6.916798155421471
 20
20.214513922633756
 30
0.0
 70
0
  0
VERTEX
  5
38E
  8
TEXT
 10
6.9505945417486785
 20
20.23097491893241
 30
0.0
 70
0
  0
VERTEX
  5
38F
  8
TEXT
 10
6.982364823390225
 20
20.251209911293945
 30
0.0
 70
0
  0
VERTEX
  5
390
  8
TEXT
 10
7.012109000346109
 20
20.275218899718357
 30
0.0
 70
0
  0
VERTEX
  5
391
  8
TEXT
 10
7.034996034590884
 20
20.297894325737563
 30
0.0
 70
0
  0
VERTEX
  5
392
  8
TEXT
 10
7.055771929636792
 20
20.32276062636876
 30
0.0
 70
0
  0
VERTEX
  5
393
  8
TEXT
 10
7.074436685483828
 20
20.349817801611945
 30
0.0
 70
0
  0
VERTEX
  5
394
  8
TEXT
 10
7.0909903021319955
 20
20.37906585146712
 30
0.0
 70
0
  0
VERTEX
  5
395
  8
TEXT
 10
7.105432779581294
 20
20.410504775934292
 30
0.0
 70
0
  0
VERTEX
  5
396
  8
TEXT
 10
7.117764117831722
 20
20.44413457501345
 30
0.0
 70
0
  0
VERTEX
  5
397
  8
TEXT
 10
7.127832315099996
 20
20.47948713890039
 30
0.0
 70
0
  0
VERTEX
  5
398
  8
TEXT
 10
7.134822089093948
 20
20.514051696827064
 30
0.0
 70
0
  0
VERTEX
  5
399
  8
TEXT
 10
7.138733439813576
 20
20.547828248793472
 30
0.0
 70
0
  0
VERTEX
  5
39A
  8
TEXT
 10
7.139566367258882
 20
20.580816794799617
 30
0.0
 70
0
  0
VERTEX
  5
39B
  8
TEXT
 10
7.137320871429866
 20
20.613017334845495
 30
0.0
 70
0
  0
VERTEX
  5
39C
  8
TEXT
 10
7.131996952326528
 20
20.64442986893111
 30
0.0
 70
0
  0
VERTEX
  5
39D
  8
TEXT
 10
7.121852714408107
 20
20.680781511987952
 30
0.0
 70
0
  0
VERTEX
  5
39E
  8
TEXT
 10
7.107891514430042
 20
20.715391966505326
 30
0.0
 70
0
  0
VERTEX
  5
39F
  8
TEXT
 10
7.0901133523923345
 20
20.74826123248323
 30
0.0
 70
0
  0
VERTEX
  5
3A0
  8
TEXT
 10
7.068518228294984
 20
20.77938930992167
 30
0.0
 70
0
  0
VERTEX
  5
3A1
  8
TEXT
 10
7.043106142137989
 20
20.808776198820635
 30
0.0
 70
0
  0
VERTEX
  5
3A2
  8
TEXT
 10
7.0190871621065964
 20
20.83158203689138
 30
0.0
 70
0
  0
VERTEX
  5
3A3
  8
TEXT
 10
6.99256450065711
 20
20.85247239338823
 30
0.0
 70
0
  0
VERTEX
  5
3A4
  8
TEXT
 10
6.9635381577895314
 20
20.871447268311183
 30
0.0
 70
0
  0
VERTEX
  5
3A5
  8
TEXT
 10
6.93200813350386
 20
20.88850666166024
 30
0.0
 70
0
  0
VERTEX
  5
3A6
  8
TEXT
 10
6.897974427800095
 20
20.903650573435403
 30
0.0
 70
0
  0
VERTEX
  5
3A7
  8
TEXT
 10
6.861437040678237
 20
20.916879003636666
 30
0.0
 70
0
  0
VERTEX
  5
3A8
  8
TEXT
 10
6.423286263936131
 20
21.059152672791853
 30
0.0
 70
0
  0
SEQEND
  5
383
  8
TEXT
  0
POLYLINE
  5
3A9
  8
TEXT
 66
1
 10
0.0
 20
0.0
 30
0.0
 70
1
  0
VERTEX
  5
3AB
  8
TEXT
 10
7.486313929339503
 20
18.579298549644836
 30
0.0
 70
0
  0
VERTEX
  5
3AC
  8
TEXT
 10
9.25499170414313
 20
20.400624870289867
 30
0.0
 70
0
  0
VERTEX
  5
3AD
  8
TEXT
 10
9.768317234229553
 20
20.15986966608419
 30
0.0
 70
0
  0
VERTEX
  5
3AE
  8
TEXT
 10
9.498783337064678
 20
17.63542871497486
 30
0.0
 70
0
  0
VERTEX
  5
3AF
  8
TEXT
 10
9.067123232219279
 20
17.837881954875087
 30
0.0
 70
0
  0
VERTEX
  5
3B0
  8
TEXT
 10
9.13141061618705
 20
18.37704167440195
 30
0.0
 70
0
  0
VERTEX
  5
3B1
  8
TEXT
 10
8.291423385136541
 20
18.771004735829422
 30
0.0
 70
0
  0
VERTEX
  5
3B2
  8
TEXT
 10
7.915057411854867
 20
18.378213237041233
 30
0.0
 70
0
  0
SEQEND
  5
3AA
  8
TEXT
  0
POLYLINE
  5
3B3
  8
TEXT
 66
1
 10
0.0
 20
0.0
 30
0.0
 70
1
  0
VERTEX
  5
3B5
  8
TEXT
 10
8.569322931602743
 20
19.067650250865494
 30
0.0
 70
0
  0
VERTEX
  5
3B6
  8
TEXT
 10
9.181813620910406
 20
18.780385518574633
 30
0.0
 70
0
  0
VERTEX
  5
3B7
  8
TEXT
 10
9.305097447396246
 20
19.839837296351522
 30
0.0
 70
0
  0
SEQEND
  5
3B4
  8
TEXT
  0
POLYLINE
  5
3B8
  8
TEXT
 66
1
 10
0.0
 20
0.0
 30
0.0
 70
1
  0
VERTEX
  5
3BA
  8
TEXT
 10
10.331177403261458
 20
17.12638353222875
 30
0.0
 70
0
  0
VERTEX
  5
3BB
  8
TEXT
 10
11.389643780461787
 20
18.839135813082148
 30
0.0
 70
0
  0
VERTEX
  5
3BC
  8
TEXT
 10
10.860060775221918
 20
19.16641361691249
 30
0.0
 70
0
  0
VERTEX
  5
3BD
  8
TEXT
 10
11.06328631964438
 20
19.495262054836342
 30
0.0
 70
0
  0
VERTEX
  5
3BE
  8
TEXT
 10
12.488296217314407
 20
18.61461802900567
 30
0.0
 70
0
  0
VERTEX
  5
3BF
  8
TEXT
 10
12.285070672891944
 20
18.285769591081817
 30
0.0
 70
0
  0
VERTEX
  5
3C0
  8
TEXT
 10
11.763023777687827
 20
18.608390142852475
 30
0.0
 70
0
  0
VERTEX
  5
3C1
  8
TEXT
 10
10.7045574004875
 20
16.895637861999077
 30
0.0
 70
0
  0
SEQEND
  5
3B9
  8
TEXT
  0
POLYLINE
  5
3C2
  8
TEXT
 66
1
 10
0.0
 20
0.0
 30
0.0
 70
1
  0
VERTEX
  5
3C4
  8
TEXT
 10
-13.249301767846948
 20
-18.329372934407882
 30
0.0
 70
0
  0
VERTEX
  5
3C5
  8
TEXT
 10
-11.707047977870003
 20
-16.593129389070675
 30
0.0
 70
0
  0
VERTEX
  5
3C6
  8
TEXT
 10
-11.059548502700613
 20
-17.02441530807279
 30
0.0
 70
0
  0
VERTEX
  5
3C7
  8
TEXT
 10
-11.0250062325289
 20
-17.04840618734949
 30
0.0
 70
0
  0
VERTEX
  5
3C8
  8
TEXT
 10
-10.992296031198983
 20
-17.073142748336505
 30
0.0
 70
0
  0
VERTEX
  5
3C9
  8
TEXT
 10
-10.961417898710858
 20
-17.098624991033834
 30
0.0
 70
0
  0
VERTEX
  5
3CA
  8
TEXT
 10
-10.932371835064528
 20
-17.124852915441473
 30
0.0
 70
0
  0
VERTEX
  5
3CB
  8
TEXT
 10
-10.905157840259992
 20
-17.15182652155943
 30
0.0
 70
0
  0
VERTEX
  5
3CC
  8
TEXT
 10
-10.87977591429725
 20
-17.179545809387697
 30
0.0
 70
0
  0
VERTEX
  5
3CD
  8
TEXT
 10
-10.8562260571763
 20
-17.20801077892628
 30
0.0
 70
0
  0
VERTEX
  5
3CE
  8
TEXT
 10
-10.834508268897146
 20
-17.237221430175175
 30
0.0
 70
0
  0
VERTEX
  5
3CF
  8
TEXT
 10
-10.814622549459788
 20
-17.267177763134384
 30
0.0
 70
0
  0
VERTEX
  5
3D0
  8
TEXT
 10
-10.796568898864221
 20
-17.297879777803907
 30
0.0
 70
0
  0
VERTEX
  5
3D1
  8
TEXT
 10
-10.778732101209163
 20
-17.33263516117418
 30
0.0
 70
0
  0
VERTEX
  5
3D2
  8
TEXT
 10
-10.763305299743251
 20
-17.36784607678571
 30
0.0
 70
0
  0
VERTEX
  5
3D3
  8
TEXT
 10
-10.75028849446649
 20
-17.403512524638494
 30
0.0
 70
0
  0
VERTEX
  5
3D4
  8
TEXT
 10
-10.739681685378875
 20
-17.439634504732535
 30
0.0
 70
0
  0
VERTEX
  5
3D5
  8
TEXT
 10
-10.731484872480408
 20
-17.476212017067834
 30
0.0
 70
0
  0
VERTEX
  5
3D6
  8
TEXT
 10
-10.72569805577109
 20
-17.513245061644387
 30
0.0
 70
0
  0
VERTEX
  5
3D7
  8
TEXT
 10
-10.722321235250918
 20
-17.550733638462198
 30
0.0
 70
0
  0
VERTEX
  5
3D8
  8
TEXT
 10
-10.721354410919897
 20
-17.588677747521267
 30
0.0
 70
0
  0
VERTEX
  5
3D9
  8
TEXT
 10
-10.722797582778021
 20
-17.62707738882159
 30
0.0
 70
0
  0
VERTEX
  5
3DA
  8
TEXT
 10
-10.72622555548806
 20
-17.661851042972515
 30
0.0
 70
0
  0
VERTEX
  5
3DB
  8
TEXT
 10
-10.73174276770332
 20
-17.696642672067583
 30
0.0
 70
0
  0
VERTEX
  5
3DC
  8
TEXT
 10
-10.739349219423802
 20
-17.731452276106786
 30
0.0
 70
0
  0
VERTEX
  5
3DD
  8
TEXT
 10
-10.749044910649504
 20
-17.766279855090133
 30
0.0
 70
0
  0
VERTEX
  5
3DE
  8
TEXT
 10
-10.760829841380428
 20
-17.80112540901762
 30
0.0
 70
0
  0
VERTEX
  5
3DF
  8
TEXT
 10
-10.77470401161657
 20
-17.835988937889244
 30
0.0
 70
0
  0
VERTEX
  5
3E0
  8
TEXT
 10
-10.790667421357936
 20
-17.87087044170501
 30
0.0
 70
0
  0
VERTEX
  5
3E1
  8
TEXT
 10
-10.80872007060452
 20
-17.90576992046491
 30
0.0
 70
0
  0
VERTEX
  5
3E2
  8
TEXT
 10
-10.828861959356328
 20
-17.940687374168952
 30
0.0
 70
0
  0
VERTEX
  5
3E3
  8
TEXT
 10
-10.851093087613355
 20
-17.97562280281714
 30
0.0
 70
0
  0
VERTEX
  5
3E4
  8
TEXT
 10
-10.872486825391114
 20
-18.00629789496108
 30
0.0
 70
0
  0
VERTEX
  5
3E5
  8
TEXT
 10
-10.894832543935829
 20
-18.03551458032709
 30
0.0
 70
0
  0
VERTEX
  5
3E6
  8
TEXT
 10
-10.918130243247496
 20
-18.063272858915166
 30
0.0
 70
0
  0
VERTEX
  5
3E7
  8
TEXT
 10
-10.94237992332612
 20
-18.089572730725312
 30
0.0
 70
0
  0
VERTEX
  5
3E8
  8
TEXT
 10
-10.967581584171699
 20
-18.11441419575753
 30
0.0
 70
0
  0
VERTEX
  5
3E9
  8
TEXT
 10
-10.993735225784231
 20
-18.13779725401181
 30
0.0
 70
0
  0
VERTEX
  5
3EA
  8
TEXT
 10
-11.020840848163719
 20
-18.159721905488162
 30
0.0
 70
0
  0
VERTEX
  5
3EB
  8
TEXT
 10
-11.04889845131016
 20
-18.180188150186584
 30
0.0
 70
0
  0
VERTEX
  5
3EC
  8
TEXT
 10
-11.077908035223555
 20
-18.199195988107075
 30
0.0
 70
0
  0
VERTEX
  5
3ED
  8
TEXT
 10
-11.111440952552982
 20
-18.218736114315107
 30
0.0
 70
0
  0
VERTEX
  5
3EE
  8
TEXT
 10
-11.145697162373295
 20
-18.236229565243274
 30
0.0
 70
0
  0
VERTEX
  5
3EF
  8
TEXT
 10
-11.180676664684498
 20
-18.251676340891578
 30
0.0
 70
0
  0
VERTEX
  5
3F0
  8
TEXT
 10
-11.216379459486589
 20
-18.265076441260014
 30
0.0
 70
0
  0
VERTEX
  5
3F1
  8
TEXT
 10
-11.252805546779568
 20
-18.27642986634859
 30
0.0
 70
0
  0
VERTEX
  5
3F2
  8
TEXT
 10
-11.289954926563434
 20
-18.2857366161573
 30
0.0
 70
0
  0
VERTEX
  5
3F3
  8
TEXT
 10
-11.327827598838187
 20
-18.29299669068615
 30
0.0
 70
0
  0
VERTEX
  5
3F4
  8
TEXT
 10
-11.36642356360383
 20
-18.298210089935132
 30
0.0
 70
0
  0
VERTEX
  5
3F5
  8
TEXT
 10
-11.40117974470559
 20
-18.301094248651047
 30
0.0
 70
0
  0
VERTEX
  5
3F6
  8
TEXT
 10
-11.436190312880056
 20
-18.302297726382708
 30
0.0
 70
0
  0
VERTEX
  5
3F7
  8
TEXT
 10
-11.471455268127222
 20
-18.301820523130107
 30
0.0
 70
0
  0
VERTEX
  5
3F8
  8
TEXT
 10
-11.506974610447093
 20
-18.299662638893253
 30
0.0
 70
0
  0
VERTEX
  5
3F9
  8
TEXT
 10
-11.542748339839665
 20
-18.295824073672144
 30
0.0
 70
0
  0
VERTEX
  5
3FA
  8
TEXT
 10
-11.578776456304942
 20
-18.290304827466773
 30
0.0
 70
0
  0
VERTEX
  5
3FB
  8
TEXT
 10
-11.615058959842921
 20
-18.28310490027715
 30
0.0
 70
0
  0
VERTEX
  5
3FC
  8
TEXT
 10
-11.651595850453603
 20
-18.274224292103266
 30
0.0
 70
0
  0
VERTEX
  5
3FD
  8
TEXT
 10
-11.688387128136988
 20
-18.263663002945126
 30
0.0
 70
0
  0
VERTEX
  5
3FE
  8
TEXT
 10
-11.866941777207535
 20
-19.250134142436202
 30
0.0
 70
0
  0
VERTEX
  5
3FF
  8
TEXT
 10
-12.144441552280131
 20
-19.065297320006724
 30
0.0
 70
0
  0
VERTEX
  5
400
  8
TEXT
 10
-11.967580241089236
 20
-18.12592054769509
 30
0.0
 70
0
  0
VERTEX
  5
401
  8
TEXT
 10
-12.404385442592396
 20
-17.83497369757462
 30
0.0
 70
0
  0
VERTEX
  5
402
  8
TEXT
 10
-12.9949269740304
 20
-18.49880668830157
 30
0.0
 70
0
  0
SEQEND
  5
3C3
  8
TEXT
  0
POLYLINE
  5
403
  8
TEXT
 66
1
 10
0.0
 20
0.0
 30
0.0
 70
1
  0
VERTEX
  5
405
  8
TEXT
 10
-12.216952006531315
 20
-17.62597276178804
 30
0.0
 70
0
  0
VERTEX
  5
406
  8
TEXT
 10
-11.782716247389939
 20
-17.91520815984898
 30
0.0
 70
0
  0
VERTEX
  5
407
  8
TEXT
 10
-11.74738266124405
 20
-17.937229083075213
 30
0.0
 70
0
  0
VERTEX
  5
408
  8
TEXT
 10
-11.711858036158157
 20
-17.95634916769245
 30
0.0
 70
0
  0
VERTEX
  5
409
  8
TEXT
 10
-11.676142372132258
 20
-17.972568413700703
 30
0.0
 70
0
  0
VERTEX
  5
40A
  8
TEXT
 10
-11.640235669166353
 20
-17.98588682109996
 30
0.0
 70
0
  0
VERTEX
  5
40B
  8
TEXT
 10
-11.604137927260444
 20
-17.996304389890227
 30
0.0
 70
0
  0
VERTEX
  5
40C
  8
TEXT
 10
-11.567849146414527
 20
-18.0038211200715
 30
0.0
 70
0
  0
VERTEX
  5
40D
  8
TEXT
 10
-11.531369326628607
 20
-18.008437011643785
 30
0.0
 70
0
  0
VERTEX
  5
40E
  8
TEXT
 10
-11.49511778385787
 20
-18.01032697983019
 30
0.0
 70
0
  0
VERTEX
  5
40F
  8
TEXT
 10
-11.459513834057509
 20
-18.009665939853832
 30
0.0
 70
0
  0
VERTEX
  5
410
  8
TEXT
 10
-11.424557477227523
 20
-18.006453891714713
 30
0.0
 70
0
  0
VERTEX
  5
411
  8
TEXT
 10
-11.390248713367912
 20
-18.000690835412826
 30
0.0
 70
0
  0
VERTEX
  5
412
  8
TEXT
 10
-11.356587542478675
 20
-17.992376770948177
 30
0.0
 70
0
  0
VERTEX
  5
413
  8
TEXT
 10
-11.323573964559815
 20
-17.981511698320766
 30
0.0
 70
0
  0
VERTEX
  5
414
  8
TEXT
 10
-11.291207979611329
 20
-17.968095617530587
 30
0.0
 70
0
  0
VERTEX
  5
415
  8
TEXT
 10
-11.259882777208084
 20
-17.952093739613524
 30
0.0
 70
0
  0
VERTEX
  5
416
  8
TEXT
 10
-11.229991546924945
 20
-17.933471275605445
 30
0.0
 70
0
  0
VERTEX
  5
417
  8
TEXT
 10
-11.201534288761911
 20
-17.912228225506357
 30
0.0
 70
0
  0
VERTEX
  5
418
  8
TEXT
 10
-11.174511002718983
 20
-17.888364589316257
 30
0.0
 70
0
  0
VERTEX
  5
419
  8
TEXT
 10
-11.148921688796161
 20
-17.861880367035145
 30
0.0
 70
0
  0
VERTEX
  5
41A
  8
TEXT
 10
-11.124766346993447
 20
-17.83277555866302
 30
0.0
 70
0
  0
VERTEX
  5
41B
  8
TEXT
 10
-11.102044977310836
 20
-17.801050164199882
 30
0.0
 70
0
  0
VERTEX
  5
41C
  8
TEXT
 10
-11.081292000279605
 20
-17.76738374778825
 30
0.0
 70
0
  0
VERTEX
  5
41D
  8
TEXT
 10
-11.063911145413641
 20
-17.73376098715123
 30
0.0
 70
0
  0
VERTEX
  5
41E
  8
TEXT
 10
-11.049902412712948
 20
-17.700181882288813
 30
0.0
 70
0
  0
VERTEX
  5
41F
  8
TEXT
 10
-11.039265802177523
 20
-17.66664643320101
 30
0.0
 70
0
  0
VERTEX
  5
420
  8
TEXT
 10
-11.032001313807367
 20
-17.63315463988781
 30
0.0
 70
0
  0
VERTEX
  5
421
  8
TEXT
 10
-11.02810894760248
 20
-17.59970650234922
 30
0.0
 70
0
  0
VERTEX
  5
422
  8
TEXT
 10
-11.027588703562863
 20
-17.566302020585244
 30
0.0
 70
0
  0
VERTEX
  5
423
  8
TEXT
 10
-11.030440581688513
 20
-17.532941194595875
 30
0.0
 70
0
  0
VERTEX
  5
424
  8
TEXT
 10
-11.036664581979434
 20
-17.499624024381113
 30
0.0
 70
0
  0
VERTEX
  5
425
  8
TEXT
 10
-11.0460702076479
 20
-17.46688955198998
 30
0.0
 70
0
  0
VERTEX
  5
426
  8
TEXT
 10
-11.058466961906186
 20
-17.435276819471486
 30
0.0
 70
0
  0
VERTEX
  5
427
  8
TEXT
 10
-11.073854844754296
 20
-17.40478582682564
 30
0.0
 70
0
  0
VERTEX
  5
428
  8
TEXT
 10
-11.092233856192227
 20
-17.375416574052437
 30
0.0
 70
0
  0
VERTEX
  5
429
  8
TEXT
 10
-11.113603996219979
 20
-17.34716906115188
 30
0.0
 70
0
  0
VERTEX
  5
42A
  8
TEXT
 10
-11.137965264837554
 20
-17.320043288123966
 30
0.0
 70
0
  0
VERTEX
  5
42B
  8
TEXT
 10
-11.16531766204495
 20
-17.2940392549687
 30
0.0
 70
0
  0
VERTEX
  5
42C
  8
TEXT
 10
-11.19566118784217
 20
-17.269156961686072
 30
0.0
 70
0
  0
VERTEX
  5
42D
  8
TEXT
 10
-11.22899584222921
 20
-17.245396408276093
 30
0.0
 70
0
  0
VERTEX
  5
42E
  8
TEXT
 10
-11.637537177752753
 20
-16.973275530810472
 30
0.0
 70
0
  0
SEQEND
  5
404
  8
TEXT
  0
POLYLINE
  5
42F
  8
TEXT
 66
1
 10
0.0
 20
0.0
 30
0.0
 70
1
  0
VERTEX
  5
431
  8
TEXT
 10
-11.044908750945229
 20
-19.76132520311211
 30
0.0
 70
0
  0
VERTEX
  5
432
  8
TEXT
 10
-11.079689718564072
 20
-19.741209265400563
 30
0.0
 70
0
  0
VERTEX
  5
433
  8
TEXT
 10
-11.112757261596864
 20
-19.719658761027304
 30
0.0
 70
0
  0
VERTEX
  5
434
  8
TEXT
 10
-11.144111380043604
 20
-19.69667368999233
 30
0.0
 70
0
  0
VERTEX
  5
435
  8
TEXT
 10
-11.173752073904293
 20
-19.672254052295646
 30
0.0
 70
0
  0
VERTEX
  5
436
  8
TEXT
 10
-11.201679343178931
 20
-19.646399847937246
 30
0.0
 70
0
  0
VERTEX
  5
437
  8
TEXT
 10
-11.227893187867515
 20
-19.61911107691714
 30
0.0
 70
0
  0
VERTEX
  5
438
  8
TEXT
 10
-11.25239360797005
 20
-19.590387739235318
 30
0.0
 70
0
  0
VERTEX
  5
439
  8
TEXT
 10
-11.274697622443028
 20
-19.56052860310511
 30
0.0
 70
0
  0
VERTEX
  5
43A
  8
TEXT
 10
-11.29432225024295
 20
-19.52983243673984
 30
0.0
 70
0
  0
VERTEX
  5
43B
  8
TEXT
 10
-11.31126749136981
 20
-19.498299240139517
 30
0.0
 70
0
  0
VERTEX
  5
43C
  8
TEXT
 10
-11.325533345823612
 20
-19.46592901330413
 30
0.0
 70
0
  0
VERTEX
  5
43D
  8
TEXT
 10
-11.337119813604353
 20
-19.432721756233683
 30
0.0
 70
0
  0
VERTEX
  5
43E
  8
TEXT
 10
-11.346026894712036
 20
-19.398677468928177
 30
0.0
 70
0
  0
VERTEX
  5
43F
  8
TEXT
 10
-11.35225458914666
 20
-19.363796151387614
 30
0.0
 70
0
  0
VERTEX
  5
440
  8
TEXT
 10
-11.355317462736734
 20
-19.328306172745965
 30
0.0
 70
0
  0
VERTEX
  5
441
  8
TEXT
 10
-11.354730081310763
 20
-19.292435902137207
 30
0.0
 70
0
  0
VERTEX
  5
442
  8
TEXT
 10
-11.350492444868745
 20
-19.256185339561338
 30
0.0
 70
0
  0
VERTEX
  5
443
  8
TEXT
 10
-11.342604553410686
 20
-19.21955448501836
 30
0.0
 70
0
  0
VERTEX
  5
444
  8
TEXT
 10
-11.33106640693658
 20
-19.182543338508275
 30
0.0
 70
0
  0
VERTEX
  5
445
  8
TEXT
 10
-11.31587800544643
 20
-19.145151900031077
 30
0.0
 70
0
  0
VERTEX
  5
446
  8
TEXT
 10
-11.297039348940238
 20
-19.107380169586772
 30
0.0
 70
0
  0
VERTEX
  5
447
  8
TEXT
 10
-11.276234823801376
 20
-19.072256676783994
 30
0.0
 70
0
  0
VERTEX
  5
448
  8
TEXT
 10
-11.253461976901855
 20
-19.039711022543393
 30
0.0
 70
0
  0
VERTEX
  5
449
  8
TEXT
 10
-11.228720808241679
 20
-19.009743206864968
 30
0.0
 70
0
  0
VERTEX
  5
44A
  8
TEXT
 10
-11.202011317820846
 20
-18.98235322974872
 30
0.0
 70
0
  0
VERTEX
  5
44B
  8
TEXT
 10
-11.173333505639354
 20
-18.95754109119465
 30
0.0
 70
0
  0
VERTEX
  5
44C
  8
TEXT
 10
-11.142687371697205
 20
-18.935306791202756
 30
0.0
 70
0
  0
VERTEX
  5
44D
  8
TEXT
 10
-11.1100729159944
 20
-18.91565032977304
 30
0.0
 70
0
  0
VERTEX
  5
44E
  8
TEXT
 10
-11.080126572537313
 20
-18.900590761725407
 30
0.0
 70
0
  0
VERTEX
  5
44F
  8
TEXT
 10
-11.049085121186538
 20
-18.88755525634261
 30
0.0
 70
0
  0
VERTEX
  5
450
  8
TEXT
 10
-11.016948561942074
 20
-18.87654381362465
 30
0.0
 70
0
  0
VERTEX
  5
451
  8
TEXT
 10
-10.983716894803923
 20
-18.867556433571526
 30
0.0
 70
0
  0
VERTEX
  5
452
  8
TEXT
 10
-10.949390119772081
 20
-18.860593116183235
 30
0.0
 70
0
  0
VERTEX
  5
453
  8
TEXT
 10
-10.913968236846554
 20
-18.855653861459782
 30
0.0
 70
0
  0
VERTEX
  5
454
  8
TEXT
 10
-10.877451246027336
 20
-18.852738669401166
 30
0.0
 70
0
  0
VERTEX
  5
455
  8
TEXT
 10
-10.83983914731443
 20
-18.851847540007384
 30
0.0
 70
0
  0
VERTEX
  5
456
  8
TEXT
 10
-10.805664796258474
 20
-18.85272285307138
 30
0.0
 70
0
  0
VERTEX
  5
457
  8
TEXT
 10
-10.77098112559683
 20
-18.855133855483565
 30
0.0
 70
0
  0
VERTEX
  5
458
  8
TEXT
 10
-10.735788135329496
 20
-18.85908054724394
 30
0.0
 70
0
  0
VERTEX
  5
459
  8
TEXT
 10
-10.700085825456474
 20
-18.864562928352512
 30
0.0
 70
0
  0
VERTEX
  5
45A
  8
TEXT
 10
-10.663874195977762
 20
-18.87158099880927
 30
0.0
 70
0
  0
VERTEX
  5
45B
  8
TEXT
 10
-10.62715324689336
 20
-18.88013475861422
 30
0.0
 70
0
  0
VERTEX
  5
45C
  8
TEXT
 10
-10.58992297820327
 20
-18.89022420776736
 30
0.0
 70
0
  0
VERTEX
  5
45D
  8
TEXT
 10
-10.552183389907492
 20
-18.901849346268694
 30
0.0
 70
0
  0
VERTEX
  5
45E
  8
TEXT
 10
-10.513934482006025
 20
-18.915010174118216
 30
0.0
 70
0
  0
VERTEX
  5
45F
  8
TEXT
 10
-9.944847378076188
 20
-19.115816755938212
 30
0.0
 70
0
  0
VERTEX
  5
460
  8
TEXT
 10
-9.91433251514066
 20
-19.072672160849272
 30
0.0
 70
0
  0
VERTEX
  5
461
  8
TEXT
 10
-9.889586291924585
 20
-19.037283976614624
 30
0.0
 70
0
  0
VERTEX
  5
462
  8
TEXT
 10
-9.870871478452298
 20
-19.00212770090026
 30
0.0
 70
0
  0
VERTEX
  5
463
  8
TEXT
 10
-9.858188074723795
 20
-18.967203333706177
 30
0.0
 70
0
  0
VERTEX
  5
464
  8
TEXT
 10
-9.85153608073908
 20
-18.93251087503238
 30
0.0
 70
0
  0
VERTEX
  5
465
  8
TEXT
 10
-9.850915496498155
 20
-18.89805032487887
 30
0.0
 70
0
  0
VERTEX
  5
466
  8
TEXT
 10
-9.855266408520809
 20
-18.86432832613113
 30
0.0
 70
0
  0
VERTEX
  5
467
  8
TEXT
 10
-9.863528903326841
 20
-18.831851521674654
 30
0.0
 70
0
  0
VERTEX
  5
468
  8
TEXT
 10
-9.875702980916252
 20
-18.80061991150944
 30
0.0
 70
0
  0
VERTEX
  5
469
  8
TEXT
 10
-9.891788641289038
 20
-18.770633495635487
 30
0.0
 70
0
  0
VERTEX
  5
46A
  8
TEXT
 10
-9.9117858844452
 20
-18.741892274052795
 30
0.0
 70
0
  0
VERTEX
  5
46B
  8
TEXT
 10
-9.934797490660655
 20
-18.71481433057251
 30
0.0
 70
0
  0
VERTEX
  5
46C
  8
TEXT
 10
-9.959926240211315
 20
-18.689817749005766
 30
0.0
 70
0
  0
VERTEX
  5
46D
  8
TEXT
 10
-9.987172133097182
 20
-18.666902529352573
 30
0.0
 70
0
  0
VERTEX
  5
46E
  8
TEXT
 10
-10.016535169318253
 20
-18.646068671612927
 30
0.0
 70
0
  0
VERTEX
  5
46F
  8
TEXT
 10
-10.04801534887453
 20
-18.627316175786824
 30
0.0
 70
0
  0
VERTEX
  5
470
  8
TEXT
 10
-10.081363681483131
 20
-18.610536722634706
 30
0.0
 70
0
  0
VERTEX
  5
471
  8
TEXT
 10
-10.114975395560174
 20
-18.59635998520322
 30
0.0
 70
0
  0
VERTEX
  5
472
  8
TEXT
 10
-10.14885049110566
 20
-18.58478596349238
 30
0.0
 70
0
  0
VERTEX
  5
473
  8
TEXT
 10
-10.182988968119593
 20
-18.57581465750217
 30
0.0
 70
0
  0
VERTEX
  5
474
  8
TEXT
 10
-10.217390826601967
 20
-18.569446067232604
 30
0.0
 70
0
  0
VERTEX
  5
475
  8
TEXT
 10
-10.252056066552786
 20
-18.565680192683676
 30
0.0
 70
0
  0
VERTEX
  5
476
  8
TEXT
 10
-10.28698468797205
 20
-18.56451703385538
 30
0.0
 70
0
  0
VERTEX
  5
477
  8
TEXT
 10
-10.322176690859756
 20
-18.565956590747728
 30
0.0
 70
0
  0
VERTEX
  5
478
  8
TEXT
 10
-10.361969798956387
 20
-18.570335596257785
 30
0.0
 70
0
  0
VERTEX
  5
479
  8
TEXT
 10
-10.400609252110446
 20
-18.57720766478187
 30
0.0
 70
0
  0
VERTEX
  5
47A
  8
TEXT
 10
-10.43809505032193
 20
-18.58657279631998
 30
0.0
 70
0
  0
VERTEX
  5
47B
  8
TEXT
 10
-10.474427193590842
 20
-18.598430990872117
 30
0.0
 70
0
  0
VERTEX
  5
47C
  8
TEXT
 10
-10.50960568191718
 20
-18.61278224843828
 30
0.0
 70
0
  0
VERTEX
  5
47D
  8
TEXT
 10
-10.543630515300944
 20
-18.629626569018466
 30
0.0
 70
0
  0
VERTEX
  5
47E
  8
TEXT
 10
-10.576501693742133
 20
-18.648963952612682
 30
0.0
 70
0
  0
VERTEX
  5
47F
  8
TEXT
 10
-10.718632301792487
 20
-18.40639371366852
 30
0.0
 70
0
  0
VERTEX
  5
480
  8
TEXT
 10
-10.6869880298344
 20
-18.387069964910783
 30
0.0
 70
0
  0
VERTEX
  5
481
  8
TEXT
 10
-10.65425103180027
 20
-18.369560504251712
 30
0.0
 70
0
  0
VERTEX
  5
482
  8
TEXT
 10
-10.620421307690094
 20
-18.35386533169131
 30
0.0
 70
0
  0
VERTEX
  5
483
  8
TEXT
 10
-10.585498857503874
 20
-18.339984447229572
 30
0.0
 70
0
  0
VERTEX
  5
484
  8
TEXT
 10
-10.549483681241611
 20
-18.327917850866505
 30
0.0
 70
0
  0
VERTEX
  5
485
  8
TEXT
 10
-10.512375778903303
 20
-18.317665542602104
 30
0.0
 70
0
  0
VERTEX
  5
486
  8
TEXT
 10
-10.47417515048895
 20
-18.30922752243637
 30
0.0
 70
0
  0
VERTEX
  5
487
  8
TEXT
 10
-10.440082230253239
 20
-18.303400108670782
 30
0.0
 70
0
  0
VERTEX
  5
488
  8
TEXT
 10
-10.405610704587762
 20
-18.29909690057772
 30
0.0
 70
0
  0
VERTEX
  5
489
  8
TEXT
 10
-10.370760573492515
 20
-18.29631789815718
 30
0.0
 70
0
  0
VERTEX
  5
48A
  8
TEXT
 10
-10.335531836967501
 20
-18.295063101409163
 30
0.0
 70
0
  0
VERTEX
  5
48B
  8
TEXT
 10
-10.29992449501272
 20
-18.295332510333672
 30
0.0
 70
0
  0
VERTEX
  5
48C
  8
TEXT
 10
-10.263938547628172
 20
-18.297126124930703
 30
0.0
 70
0
  0
VERTEX
  5
48D
  8
TEXT
 10
-10.227573994813854
 20
-18.30044394520026
 30
0.0
 70
0
  0
VERTEX
  5
48E
  8
TEXT
 10
-10.19083083656977
 20
-18.30528597114234
 30
0.0
 70
0
  0
VERTEX
  5
48F
  8
TEXT
 10
-10.154045877972278
 20
-18.3117160170782
 30
0.0
 70
0
  0
VERTEX
  5
490
  8
TEXT
 10
-10.117555924097733
 20
-18.319797897329103
 30
0.0
 70
0
  0
VERTEX
  5
491
  8
TEXT
 10
-10.08136097494614
 20
-18.329531611895042
 30
0.0
 70
0
  0
VERTEX
  5
492
  8
TEXT
 10
-10.045461030517494
 20
-18.340917160776023
 30
0.0
 70
0
  0
VERTEX
  5
493
  8
TEXT
 10
-10.009856090811798
 20
-18.353954543972044
 30
0.0
 70
0
  0
VERTEX
  5
494
  8
TEXT
 10
-9.974546155829053
 20
-18.368643761483106
 30
0.0
 70
0
  0
VERTEX
  5
495
  8
TEXT
 10
-9.939531225569256
 20
-18.384984813309206
 30
0.0
 70
0
  0
VERTEX
  5
496
  8
TEXT
 10
-9.904811300032408
 20
-18.402977699450346
 30
0.0
 70
0
  0
VERTEX
  5
497
  8
TEXT
 10
-9.869531133818665
 20
-18.42326662039027
 30
0.0
 70
0
  0
VERTEX
  5
498
  8
TEXT
 10
-9.8359989712305
 20
-18.44477379461153
 30
0.0
 70
0
  0
VERTEX
  5
499
  8
TEXT
 10
-9.804214812267915
 20
-18.467499222114128
 30
0.0
 70
0
  0
VERTEX
  5
49A
  8
TEXT
 10
-9.77417865693091
 20
-18.491442902898065
 30
0.0
 70
0
  0
VERTEX
  5
49B
  8
TEXT
 10
-9.745890505219487
 20
-18.516604836963342
 30
0.0
 70
0
  0
VERTEX
  5
49C
  8
TEXT
 10
-9.71935035713364
 20
-18.542985024309957
 30
0.0
 70
0
  0
VERTEX
  5
49D
  8
TEXT
 10
-9.694558212673375
 20
-18.570583464937908
 30
0.0
 70
0
  0
VERTEX
  5
49E
  8
TEXT
 10
-9.671514071838688
 20
-18.599400158847196
 30
0.0
 70
0
  0
VERTEX
  5
49F
  8
TEXT
 10
-9.650217934629582
 20
-18.629435106037825
 30
0.0
 70
0
  0
VERTEX
  5
4A0
  8
TEXT
 10
-9.630911967711317
 20
-18.66029611868729
 30
0.0
 70
0
  0
VERTEX
  5
4A1
  8
TEXT
 10
-9.613838337749156
 20
-18.69159100897309
 30
0.0
 70
0
  0
VERTEX
  5
4A2
  8
TEXT
 10
-9.598997044743097
 20
-18.72331977689523
 30
0.0
 70
0
  0
VERTEX
  5
4A3
  8
TEXT
 10
-9.586388088693145
 20
-18.755482422453703
 30
0.0
 70
0
  0
VERTEX
  5
4A4
  8
TEXT
 10
-9.576011469599296
 20
-18.78807894564851
 30
0.0
 70
0
  0
VERTEX
  5
4A5
  8
TEXT
 10
-9.567867187461548
 20
-18.821109346479655
 30
0.0
 70
0
  0
VERTEX
  5
4A6
  8
TEXT
 10
-9.561955242279907
 20
-18.854573624947136
 30
0.0
 70
0
  0
VERTEX
  5
4A7
  8
TEXT
 10
-9.55827563405437
 20
-18.888471781050953
 30
0.0
 70
0
  0
VERTEX
  5
4A8
  8
TEXT
 10
-9.556828362784936
 20
-18.922803814791102
 30
0.0
 70
0
  0
VERTEX
  5
4A9
  8
TEXT
 10
-9.55784034108712
 20
-18.957229236458353
 30
0.0
 70
0
  0
VERTEX
  5
4AA
  8
TEXT
 10
-9.561538481576436
 20
-18.991407556343468
 30
0.0
 70
0
  0
VERTEX
  5
4AB
  8
TEXT
 10
-9.567922784252886
 20
-19.025338774446443
 30
0.0
 70
0
  0
VERTEX
  5
4AC
  8
TEXT
 10
-9.576993249116471
 20
-19.05902289076728
 30
0.0
 70
0
  0
VERTEX
  5
4AD
  8
TEXT
 10
-9.588749876167189
 20
-19.092459905305983
 30
0.0
 70
0
  0
VERTEX
  5
4AE
  8
TEXT
 10
-9.603192665405038
 20
-19.125649818062545
 30
0.0
 70
0
  0
VERTEX
  5
4AF
  8
TEXT
 10
-9.62032161683002
 20
-19.15859262903697
 30
0.0
 70
0
  0
VERTEX
  5
4B0
  8
TEXT
 10
-9.640136730442137
 20
-19.19128833822926
 30
0.0
 70
0
  0
VERTEX
  5
4B1
  8
TEXT
 10
-9.662638006241385
 20
-19.22373694563941
 30
0.0
 70
0
  0
VERTEX
  5
4B2
  8
TEXT
 10
-10.322190659558498
 20
-20.112542440723665
 30
0.0
 70
0
  0
VERTEX
  5
4B3
  8
TEXT
 10
-10.571654418941579
 20
-19.97675186005882
 30
0.0
 70
0
  0
VERTEX
  5
4B4
  8
TEXT
 10
-10.459926859206577
 20
-19.82315441791698
 30
0.0
 70
0
  0
VERTEX
  5
4B5
  8
TEXT
 10
-10.494685799212466
 20
-19.833916184515914
 30
0.0
 70
0
  0
VERTEX
  5
4B6
  8
TEXT
 10
-10.529993885009265
 20
-19.842816819037317
 30
0.0
 70
0
  0
VERTEX
  5
4B7
  8
TEXT
 10
-10.565851116596972
 20
-19.849856321481198
 30
0.0
 70
0
  0
VERTEX
  5
4B8
  8
TEXT
 10
-10.599653285863914
 20
-19.85383792016228
 30
0.0
 70
0
  0
VERTEX
  5
4B9
  8
TEXT
 10
-10.633627744620222
 20
-19.856291048719815
 30
0.0
 70
0
  0
VERTEX
  5
4BA
  8
TEXT
 10
-10.667774492865897
 20
-19.857215707153795
 30
0.0
 70
0
  0
VERTEX
  5
4BB
  8
TEXT
 10
-10.702093530600939
 20
-19.856611895464223
 30
0.0
 70
0
  0
VERTEX
  5
4BC
  8
TEXT
 10
-10.736584857825349
 20
-19.8544796136511
 30
0.0
 70
0
  0
VERTEX
  5
4BD
  8
TEXT
 10
-10.771248474539124
 20
-19.85081886171443
 30
0.0
 70
0
  0
VERTEX
  5
4BE
  8
TEXT
 10
-10.806084380742266
 20
-19.845629639654202
 30
0.0
 70
0
  0
VERTEX
  5
4BF
  8
TEXT
 10
-10.840891534007811
 20
-19.838806177701834
 30
0.0
 70
0
  0
VERTEX
  5
4C0
  8
TEXT
 10
-10.875468891908792
 20
-19.830242706088725
 30
0.0
 70
0
  0
VERTEX
  5
4C1
  8
TEXT
 10
-10.909816454445208
 20
-19.81993922481488
 30
0.0
 70
0
  0
VERTEX
  5
4C2
  8
TEXT
 10
-10.94393422161706
 20
-19.807895733880297
 30
0.0
 70
0
  0
VERTEX
  5
4C3
  8
TEXT
 10
-10.977822193424347
 20
-19.794112233284974
 30
0.0
 70
0
  0
VERTEX
  5
4C4
  8
TEXT
 10
-11.011480369867071
 20
-19.77858872302891
 30
0.0
 70
0
  0
SEQEND
  5
430
  8
TEXT
  0
POLYLINE
  5
4C5
  8
TEXT
 66
1
 10
0.0
 20
0.0
 30
0.0
 70
1
  0
VERTEX
  5
4C7
  8
TEXT
 10
-10.091277347921153
 20
-19.31379437119854
 30
0.0
 70
0
  0
VERTEX
  5
4C8
  8
TEXT
 10
-10.582724307879927
 20
-19.14470468502856
 30
0.0
 70
0
  0
VERTEX
  5
4C9
  8
TEXT
 10
-10.625335832373395
 20
-19.131660374813826
 30
0.0
 70
0
  0
VERTEX
  5
4CA
  8
TEXT
 10
-10.666556946508948
 20
-19.121596672613464
 30
0.0
 70
0
  0
VERTEX
  5
4CB
  8
TEXT
 10
-10.706387650286585
 20
-19.114513578427474
 30
0.0
 70
0
  0
VERTEX
  5
4CC
  8
TEXT
 10
-10.744827943706309
 20
-19.11041109225586
 30
0.0
 70
0
  0
VERTEX
  5
4CD
  8
TEXT
 10
-10.781877826768117
 20
-19.10928921409862
 30
0.0
 70
0
  0
VERTEX
  5
4CE
  8
TEXT
 10
-10.817537299472011
 20
-19.111147943955757
 30
0.0
 70
0
  0
VERTEX
  5
4CF
  8
TEXT
 10
-10.85180636181799
 20
-19.115987281827266
 30
0.0
 70
0
  0
VERTEX
  5
4D0
  8
TEXT
 10
-10.889228720987735
 20
-19.12554336595514
 30
0.0
 70
0
  0
VERTEX
  5
4D1
  8
TEXT
 10
-10.923156798440582
 20
-19.139442453955134
 30
0.0
 70
0
  0
VERTEX
  5
4D2
  8
TEXT
 10
-10.953590594176532
 20
-19.157684545827248
 30
0.0
 70
0
  0
VERTEX
  5
4D3
  8
TEXT
 10
-10.980530108195584
 20
-19.18026964157149
 30
0.0
 70
0
  0
VERTEX
  5
4D4
  8
TEXT
 10
-11.003975340497739
 20
-19.207197741187848
 30
0.0
 70
0
  0
VERTEX
  5
4D5
  8
TEXT
 10
-11.023926291082995
 20
-19.23846884467633
 30
0.0
 70
0
  0
VERTEX
  5
4D6
  8
TEXT
 10
-11.038138932274828
 20
-19.269153219411898
 30
0.0
 70
0
  0
VERTEX
  5
4D7
  8
TEXT
 10
-11.047321205541595
 20
-19.29974425797349
 30
0.0
 70
0
  0
VERTEX
  5
4D8
  8
TEXT
 10
-11.051473110883295
 20
-19.330241960361107
 30
0.0
 70
0
  0
VERTEX
  5
4D9
  8
TEXT
 10
-11.050594648299931
 20
-19.360646326574752
 30
0.0
 70
0
  0
VERTEX
  5
4DA
  8
TEXT
 10
-11.0446858177915
 20
-19.39095735661442
 30
0.0
 70
0
  0
VERTEX
  5
4DB
  8
TEXT
 10
-11.033746619358004
 20
-19.42117505048012
 30
0.0
 70
0
  0
VERTEX
  5
4DC
  8
TEXT
 10
-11.018325266976044
 20
-19.45051280654033
 30
0.0
 70
0
  0
VERTEX
  5
4DD
  8
TEXT
 10
-10.998969974622222
 20
-19.478184023163546
 30
0.0
 70
0
  0
VERTEX
  5
4DE
  8
TEXT
 10
-10.97568074229654
 20
-19.504188700349765
 30
0.0
 70
0
  0
VERTEX
  5
4DF
  8
TEXT
 10
-10.948457569998997
 20
-19.528526838098987
 30
0.0
 70
0
  0
VERTEX
  5
4E0
  8
TEXT
 10
-10.917300457729592
 20
-19.551198436411216
 30
0.0
 70
0
  0
VERTEX
  5
4E1
  8
TEXT
 10
-10.882209405488325
 20
-19.57220349528645
 30
0.0
 70
0
  0
VERTEX
  5
4E2
  8
TEXT
 10
-10.850201304626243
 20
-19.588418185167203
 30
0.0
 70
0
  0
VERTEX
  5
4E3
  8
TEXT
 10
-10.817898723186756
 20
-19.602376617357034
 30
0.0
 70
0
  0
VERTEX
  5
4E4
  8
TEXT
 10
-10.78530166116987
 20
-19.614078791855942
 30
0.0
 70
0
  0
VERTEX
  5
4E5
  8
TEXT
 10
-10.75241011857558
 20
-19.623524708663926
 30
0.0
 70
0
  0
VERTEX
  5
4E6
  8
TEXT
 10
-10.719224095403892
 20
-19.63071436778099
 30
0.0
 70
0
  0
VERTEX
  5
4E7
  8
TEXT
 10
-10.6857435916548
 20
-19.635647769207125
 30
0.0
 70
0
  0
VERTEX
  5
4E8
  8
TEXT
 10
-10.651968607328307
 20
-19.638324912942338
 30
0.0
 70
0
  0
VERTEX
  5
4E9
  8
TEXT
 10
-10.617899142424411
 20
-19.638745798986626
 30
0.0
 70
0
  0
VERTEX
  5
4EA
  8
TEXT
 10
-10.57904683757069
 20
-19.63668819456544
 30
0.0
 70
0
  0
VERTEX
  5
4EB
  8
TEXT
 10
-10.540699534878314
 20
-19.632131936275982
 30
0.0
 70
0
  0
VERTEX
  5
4EC
  8
TEXT
 10
-10.502857234347285
 20
-19.62507702411825
 30
0.0
 70
0
  0
VERTEX
  5
4ED
  8
TEXT
 10
-10.465519935977603
 20
-19.61552345809225
 30
0.0
 70
0
  0
VERTEX
  5
4EE
  8
TEXT
 10
-10.428687639769267
 20
-19.603471238197987
 30
0.0
 70
0
  0
VERTEX
  5
4EF
  8
TEXT
 10
-10.392360345722278
 20
-19.588920364435445
 30
0.0
 70
0
  0
VERTEX
  5
4F0
  8
TEXT
 10
-10.356538053836633
 20
-19.571870836804635
 30
0.0
 70
0
  0
VERTEX
  5
4F1
  8
TEXT
 10
-10.326067699170496
 20
-19.555091863768475
 30
0.0
 70
0
  0
VERTEX
  5
4F2
  8
TEXT
 10
-10.296903769080778
 20
-19.536777940148635
 30
0.0
 70
0
  0
VERTEX
  5
4F3
  8
TEXT
 10
-10.269046263567484
 20
-19.516929065945124
 30
0.0
 70
0
  0
VERTEX
  5
4F4
  8
TEXT
 10
-10.24249518263061
 20
-19.495545241157938
 30
0.0
 70
0
  0
VERTEX
  5
4F5
  8
TEXT
 10
-10.217250526270155
 20
-19.472626465787076
 30
0.0
 70
0
  0
VERTEX
  5
4F6
  8
TEXT
 10
-10.193312294486121
 20
-19.44817273983254
 30
0.0
 70
0
  0
VERTEX
  5
4F7
  8
TEXT
 10
-10.17068048727851
 20
-19.42218406329433
 30
0.0
 70
0
  0
VERTEX
  5
4F8
  8
TEXT
 10
-10.14935510464732
 20
-19.394660436172448
 30
0.0
 70
0
  0
SEQEND
  5
4C6
  8
TEXT
  0
POLYLINE
  5
4F9
  8
TEXT
 66
1
 10
0.0
 20
0.0
 30
0.0
 70
1
  0
VERTEX
  5
4FB
  8
TEXT
 10
-9.195524486292571
 20
-20.665720333790667
 30
0.0
 70
0
  0
VERTEX
  5
4FC
  8
TEXT
 10
-9.234937537608314
 20
-20.646515092898174
 30
0.0
 70
0
  0
VERTEX
  5
4FD
  8
TEXT
 10
-9.271413959144374
 20
-20.6260591093615
 30
0.0
 70
0
  0
VERTEX
  5
4FE
  8
TEXT
 10
-9.304953750900749
 20
-20.604352383180636
 30
0.0
 70
0
  0
VERTEX
  5
4FF
  8
TEXT
 10
-9.335556912877443
 20
-20.581394914355588
 30
0.0
 70
0
  0
VERTEX
  5
500
  8
TEXT
 10
-9.363223445074455
 20
-20.557186702886355
 30
0.0
 70
0
  0
VERTEX
  5
501
  8
TEXT
 10
-9.387953347491784
 20
-20.531727748772933
 30
0.0
 70
0
  0
VERTEX
  5
502
  8
TEXT
 10
-9.40974662012943
 20
-20.50501805201533
 30
0.0
 70
0
  0
VERTEX
  5
503
  8
TEXT
 10
-9.428603262987396
 20
-20.47705761261354
 30
0.0
 70
0
  0
VERTEX
  5
504
  8
TEXT
 10
-9.444523276065677
 20
-20.447846430567566
 30
0.0
 70
0
  0
VERTEX
  5
505
  8
TEXT
 10
-9.457506659364277
 20
-20.417384505877404
 30
0.0
 70
0
  0
VERTEX
  5
506
  8
TEXT
 10
-9.467553412883195
 20
-20.38567183854306
 30
0.0
 70
0
  0
VERTEX
  5
507
  8
TEXT
 10
-9.474147689995329
 20
-20.355748892681028
 30
0.0
 70
0
  0
VERTEX
  5
508
  8
TEXT
 10
-9.478203383845088
 20
-20.32526645929841
 30
0.0
 70
0
  0
VERTEX
  5
509
  8
TEXT
 10
-9.479720494432476
 20
-20.2942245383952
 30
0.0
 70
0
  0
VERTEX
  5
50A
  8
TEXT
 10
-9.47869902175749
 20
-20.262623129971395
 30
0.0
 70
0
  0
VERTEX
  5
50B
  8
TEXT
 10
-9.475138965820133
 20
-20.230462234027005
 30
0.0
 70
0
  0
VERTEX
  5
50C
  8
TEXT
 10
-9.469040326620402
 20
-20.19774185056202
 30
0.0
 70
0
  0
VERTEX
  5
50D
  8
TEXT
 10
-9.4604031041583
 20
-20.164461979576448
 30
0.0
 70
0
  0
VERTEX
  5
50E
  8
TEXT
 10
-9.449227298433822
 20
-20.130622621070287
 30
0.0
 70
0
  0
VERTEX
  5
50F
  8
TEXT
 10
-9.435512909446974
 20
-20.096223775043534
 30
0.0
 70
0
  0
VERTEX
  5
510
  8
TEXT
 10
-9.419259937197753
 20
-20.06126544149619
 30
0.0
 70
0
  0
VERTEX
  5
511
  8
TEXT
 10
-9.400468381686158
 20
-20.025747620428255
 30
0.0
 70
0
  0
VERTEX
  5
512
  8
TEXT
 10
-9.379138242912191
 20
-19.98967031183973
 30
0.0
 70
0
  0
VERTEX
  5
513
  8
TEXT
 10
-8.910585224510319
 20
-19.249710693741264
 30
0.0
 70
0
  0
VERTEX
  5
514
  8
TEXT
 10
-9.183915483875458
 20
-19.125486847035422
 30
0.0
 70
0
  0
VERTEX
  5
515
  8
TEXT
 10
-9.034714175885236
 20
-18.892333052966976
 30
0.0
 70
0
  0
VERTEX
  5
516
  8
TEXT
 10
-8.984826133687486
 20
-18.915006300052102
 30
0.0
 70
0
  0
VERTEX
  5
517
  8
TEXT
 10
-8.951108880281513
 20
-18.92812832250631
 30
0.0
 70
0
  0
VERTEX
  5
518
  8
TEXT
 10
-8.917411374302803
 20
-18.93683760507777
 30
0.0
 70
0
  0
VERTEX
  5
519
  8
TEXT
 10
-8.883733615751359
 20
-18.941134147766483
 30
0.0
 70
0
  0
VERTEX
  5
51A
  8
TEXT
 10
-8.850075604627177
 20
-18.941017950572448
 30
0.0
 70
0
  0
VERTEX
  5
51B
  8
TEXT
 10
-8.81643734093026
 20
-18.936489013495667
 30
0.0
 70
0
  0
VERTEX
  5
51C
  8
TEXT
 10
-8.782818824660609
 20
-18.92754733653614
 30
0.0
 70
0
  0
VERTEX
  5
51D
  8
TEXT
 10
-8.750382212043798
 20
-18.914677370371137
 30
0.0
 70
0
  0
VERTEX
  5
51E
  8
TEXT
 10
-8.7202896593054
 20
-18.898363565677922
 30
0.0
 70
0
  0
VERTEX
  5
51F
  8
TEXT
 10
-8.692541166445418
 20
-18.878605922456497
 30
0.0
 70
0
  0
VERTEX
  5
520
  8
TEXT
 10
-8.667136733463849
 20
-18.855404440706863
 30
0.0
 70
0
  0
VERTEX
  5
521
  8
TEXT
 10
-8.644076360360698
 20
-18.82875912042902
 30
0.0
 70
0
  0
VERTEX
  5
522
  8
TEXT
 10
-8.623360047135959
 20
-18.798669961622966
 30
0.0
 70
0
  0
VERTEX
  5
523
  8
TEXT
 10
-8.55450778319801
 20
-18.69007781683887
 30
0.0
 70
0
  0
VERTEX
  5
524
  8
TEXT
 10
-8.287501360167798
 20
-18.811427589970542
 30
0.0
 70
0
  0
VERTEX
  5
525
  8
TEXT
 10
-8.494377493489885
 20
-19.137906672804487
 30
0.0
 70
0
  0
VERTEX
  5
526
  8
TEXT
 10
-8.159214167738805
 20
-19.29023257223556
 30
0.0
 70
0
  0
VERTEX
  5
527
  8
TEXT
 10
-8.308415475729024
 20
-19.523386366304006
 30
0.0
 70
0
  0
VERTEX
  5
528
  8
TEXT
 10
-8.643578801480107
 20
-19.371060466872937
 30
0.0
 70
0
  0
VERTEX
  5
529
  8
TEXT
 10
-9.117433180409366
 20
-20.117088545263265
 30
0.0
 70
0
  0
VERTEX
  5
52A
  8
TEXT
 10
-9.138300713815148
 20
-20.15221922851602
 30
0.0
 70
0
  0
VERTEX
  5
52B
  8
TEXT
 10
-9.154852713927669
 20
-20.18613205790538
 30
0.0
 70
0
  0
VERTEX
  5
52C
  8
TEXT
 10
-9.167089180746924
 20
-20.218827033431335
 30
0.0
 70
0
  0
VERTEX
  5
52D
  8
TEXT
 10
-9.175010114272915
 20
-20.250304155093897
 30
0.0
 70
0
  0
VERTEX
  5
52E
  8
TEXT
 10
-9.177862984095121
 20
-20.280481543049806
 30
0.0
 70
0
  0
VERTEX
  5
52F
  8
TEXT
 10
-9.174895259803025
 20
-20.30927731745582
 30
0.0
 70
0
  0
VERTEX
  5
530
  8
TEXT
 10
-9.166106941396624
 20
-20.33669147831193
 30
0.0
 70
0
  0
VERTEX
  5
531
  8
TEXT
 10
-9.151498028875919
 20
-20.36272402561814
 30
0.0
 70
0
  0
VERTEX
  5
532
  8
TEXT
 10
-9.130635363702234
 20
-20.387412862960392
 30
0.0
 70
0
  0
VERTEX
  5
533
  8
TEXT
 10
-9.103085787336893
 20
-20.41079589392463
 30
0.0
 70
0
  0
VERTEX
  5
534
  8
TEXT
 10
-9.068849299779895
 20
-20.43287311851085
 30
0.0
 70
0
  0
VERTEX
  5
535
  8
TEXT
 10
-9.02792590103124
 20
-20.453644536719057
 30
0.0
 70
0
  0
VERTEX
  5
536
  8
TEXT
 10
-8.999804031125814
 20
-20.465683626561667
 30
0.0
 70
0
  0
VERTEX
  5
537
  8
TEXT
 10
-8.97024500297889
 20
-20.47689225844667
 30
0.0
 70
0
  0
VERTEX
  5
538
  8
TEXT
 10
-8.940638122187496
 20
-20.487062908975485
 30
0.0
 70
0
  0
VERTEX
  5
539
  8
TEXT
 10
-8.912372694348653
 20
-20.495988054749514
 30
0.0
 70
0
  0
VERTEX
  5
53A
  8
TEXT
 10
-9.03940956406932
 20
-20.721411743884442
 30
0.0
 70
0
  0
VERTEX
  5
53B
  8
TEXT
 10
-9.06655346634621
 20
-20.715433689928826
 30
0.0
 70
0
  0
VERTEX
  5
53C
  8
TEXT
 10
-9.094669823614593
 20
-20.70703551027364
 30
0.0
 70
0
  0
VERTEX
  5
53D
  8
TEXT
 10
-9.123758635874465
 20
-20.696217204918888
 30
0.0
 70
0
  0
VERTEX
  5
53E
  8
TEXT
 10
-9.163881378295706
 20
-20.679571710983428
 30
0.0
 70
0
  0
SEQEND
  5
4FA
  8
TEXT
  0
POLYLINE
  5
53F
  8
TEXT
 66
1
 10
0.0
 20
0.0
 30
0.0
 70
1
  0
VERTEX
  5
541
  8
TEXT
 10
-7.943702755276648
 20
-21.178462031702527
 30
0.0
 70
0
  0
VERTEX
  5
542
  8
TEXT
 10
-7.984193392374981
 20
-21.161647210884954
 30
0.0
 70
0
  0
VERTEX
  5
543
  8
TEXT
 10
-8.021827419646488
 20
-21.143408335320476
 30
0.0
 70
0
  0
VERTEX
  5
544
  8
TEXT
 10
-8.05660483709117
 20
-21.12374540500909
 30
0.0
 70
0
  0
VERTEX
  5
545
  8
TEXT
 10
-8.088525644709026
 20
-21.102658419950796
 30
0.0
 70
0
  0
VERTEX
  5
546
  8
TEXT
 10
-8.117589842500056
 20
-21.080147380145597
 30
0.0
 70
0
  0
VERTEX
  5
547
  8
TEXT
 10
-8.143797430464263
 20
-21.056212285593492
 30
0.0
 70
0
  0
VERTEX
  5
548
  8
TEXT
 10
-8.167148408601644
 20
-21.030853136294482
 30
0.0
 70
0
  0
VERTEX
  5
549
  8
TEXT
 10
-8.187642776912199
 20
-21.004069932248566
 30
0.0
 70
0
  0
VERTEX
  5
54A
  8
TEXT
 10
-8.205280535395929
 20
-20.97586267345574
 30
0.0
 70
0
  0
VERTEX
  5
54B
  8
TEXT
 10
-8.220061684052835
 20
-20.94623135991601
 30
0.0
 70
0
  0
VERTEX
  5
54C
  8
TEXT
 10
-8.231986222882915
 20
-20.915175991629372
 30
0.0
 70
0
  0
VERTEX
  5
54D
  8
TEXT
 10
-8.240357471777441
 20
-20.885700758438784
 30
0.0
 70
0
  0
VERTEX
  5
54E
  8
TEXT
 10
-8.246228122947134
 20
-20.855515284243857
 30
0.0
 70
0
  0
VERTEX
  5
54F
  8
TEXT
 10
-8.249598176391993
 20
-20.824619569044586
 30
0.0
 70
0
  0
VERTEX
  5
550
  8
TEXT
 10
-8.250467632112017
 20
-20.793013612840976
 30
0.0
 70
0
  0
VERTEX
  5
551
  8
TEXT
 10
-8.248836490107205
 20
-20.760697415633025
 30
0.0
 70
0
  0
VERTEX
  5
552
  8
TEXT
 10
-8.24470475037756
 20
-20.72767097742073
 30
0.0
 70
0
  0
VERTEX
  5
553
  8
TEXT
 10
-8.238072412923081
 20
-20.693934298204095
 30
0.0
 70
0
  0
VERTEX
  5
554
  8
TEXT
 10
-8.228939477743767
 20
-20.65948737798312
 30
0.0
 70
0
  0
VERTEX
  5
555
  8
TEXT
 10
-8.217305944839618
 20
-20.6243302167578
 30
0.0
 70
0
  0
VERTEX
  5
556
  8
TEXT
 10
-8.203171814210634
 20
-20.588462814528143
 30
0.0
 70
0
  0
VERTEX
  5
557
  8
TEXT
 10
-8.186537085856814
 20
-20.551885171294142
 30
0.0
 70
0
  0
VERTEX
  5
558
  8
TEXT
 10
-8.167401759778162
 20
-20.514597287055803
 30
0.0
 70
0
  0
VERTEX
  5
559
  8
TEXT
 10
-7.743920755660589
 20
-19.74795134098845
 30
0.0
 70
0
  0
VERTEX
  5
55A
  8
TEXT
 10
-8.024188182017241
 20
-19.640289070445657
 30
0.0
 70
0
  0
VERTEX
  5
55B
  8
TEXT
 10
-7.889191408786186
 20
-19.39863313070548
 30
0.0
 70
0
  0
VERTEX
  5
55C
  8
TEXT
 10
-7.838037199862478
 20
-19.41828357083026
 30
0.0
 70
0
  0
VERTEX
  5
55D
  8
TEXT
 10
-7.8035958234195535
 20
-19.429366541517222
 30
0.0
 70
0
  0
VERTEX
  5
55E
  8
TEXT
 10
-7.769437948410161
 20
-19.43604584439532
 30
0.0
 70
0
  0
VERTEX
  5
55F
  8
TEXT
 10
-7.735563574834299
 20
-19.438321479464552
 30
0.0
 70
0
  0
VERTEX
  5
560
  8
TEXT
 10
-7.701972702691968
 20
-19.436193446724914
 30
0.0
 70
0
  0
VERTEX
  5
561
  8
TEXT
 10
-7.668665331983169
 20
-19.429661746176414
 30
0.0
 70
0
  0
VERTEX
  5
562
  8
TEXT
 10
-7.635641462707901
 20
-19.41872637781904
 30
0.0
 70
0
  0
VERTEX
  5
563
  8
TEXT
 10
-7.604032212738743
 20
-19.403940398530242
 30
0.0
 70
0
  0
VERTEX
  5
564
  8
TEXT
 10
-7.574968699948276
 20
-19.38585686518745
 30
0.0
 70
0
  0
VERTEX
  5
565
  8
TEXT
 10
-7.5484509243365
 20
-19.36447577779066
 30
0.0
 70
0
  0
VERTEX
  5
566
  8
TEXT
 10
-7.524478885903413
 20
-19.33979713633988
 30
0.0
 70
0
  0
VERTEX
  5
567
  8
TEXT
 10
-7.5030525846490175
 20
-19.311820940835105
 30
0.0
 70
0
  0
VERTEX
  5
568
  8
TEXT
 10
-7.484172020573313
 20
-19.280547191276337
 30
0.0
 70
0
  0
VERTEX
  5
569
  8
TEXT
 10
-7.421934423026363
 20
-19.168033327198284
 30
0.0
 70
0
  0
VERTEX
  5
56A
  8
TEXT
 10
-7.148151333012153
 20
-19.27320469688019
 30
0.0
 70
0
  0
VERTEX
  5
56B
  8
TEXT
 10
-7.335140892415326
 20
-19.61146677093018
 30
0.0
 70
0
  0
VERTEX
  5
56C
  8
TEXT
 10
-6.991471066265911
 20
-19.743484516557203
 30
0.0
 70
0
  0
VERTEX
  5
56D
  8
TEXT
 10
-7.126467839496965
 20
-19.985140456297376
 30
0.0
 70
0
  0
VERTEX
  5
56E
  8
TEXT
 10
-7.47013766564638
 20
-19.853122710670355
 30
0.0
 70
0
  0
VERTEX
  5
56F
  8
TEXT
 10
-7.898547782834642
 20
-20.626143174609012
 30
0.0
 70
0
  0
VERTEX
  5
570
  8
TEXT
 10
-7.917277919199523
 20
-20.662458472322236
 30
0.0
 70
0
  0
VERTEX
  5
571
  8
TEXT
 10
-7.93177304214797
 20
-20.697300115733906
 30
0.0
 70
0
  0
VERTEX
  5
572
  8
TEXT
 10
-7.942033151679982
 20
-20.73066810484402
 30
0.0
 70
0
  0
VERTEX
  5
573
  8
TEXT
 10
-7.948058247795559
 20
-20.762562439652587
 30
0.0
 70
0
  0
VERTEX
  5
574
  8
TEXT
 10
-7.949102040581437
 20
-20.792856401207395
 30
0.0
 70
0
  0
VERTEX
  5
575
  8
TEXT
 10
-7.944418240124351
 20
-20.821423270556238
 30
0.0
 70
0
  0
VERTEX
  5
576
  8
TEXT
 10
-7.934006846424303
 20
-20.84826304769912
 30
0.0
 70
0
  0
VERTEX
  5
577
  8
TEXT
 10
-7.917867859481291
 20
-20.873375732636042
 30
0.0
 70
0
  0
VERTEX
  5
578
  8
TEXT
 10
-7.8955666295627225
 20
-20.896773267369014
 30
0.0
 70
0
  0
VERTEX
  5
579
  8
TEXT
 10
-7.866668506936004
 20
-20.918467593900054
 30
0.0
 70
0
  0
VERTEX
  5
57A
  8
TEXT
 10
-7.831173491601136
 20
-20.938458712229163
 30
0.0
 70
0
  0
VERTEX
  5
57B
  8
TEXT
 10
-7.789081583558119
 20
-20.956746622356338
 30
0.0
 70
0
  0
VERTEX
  5
57C
  8
TEXT
 10
-7.760290320688949
 20
-20.967083083724454
 30
0.0
 70
0
  0
VERTEX
  5
57D
  8
TEXT
 10
-7.730114113715933
 20
-20.97650466036777
 30
0.0
 70
0
  0
VERTEX
  5
57E
  8
TEXT
 10
-7.69995218919793
 20
-20.984887251360142
 30
0.0
 70
0
  0
VERTEX
  5
57F
  8
TEXT
 10
-7.671203773693797
 20
-20.992106755775424
 30
0.0
 70
0
  0
VERTEX
  5
580
  8
TEXT
 10
-7.784537844967924
 20
-21.224721446154295
 30
0.0
 70
0
  0
VERTEX
  5
581
  8
TEXT
 10
-7.811990566309454
 20
-21.220376719366808
 30
0.0
 70
0
  0
VERTEX
  5
582
  8
TEXT
 10
-7.840558676310923
 20
-21.21367432736783
 30
0.0
 70
0
  0
VERTEX
  5
583
  8
TEXT
 10
-7.870242174972333
 20
-21.20461427015736
 30
0.0
 70
0
  0
VERTEX
  5
584
  8
TEXT
 10
-7.911288214791945
 20
-21.19039704318149
 30
0.0
 70
0
  0
SEQEND
  5
540
  8
TEXT
  0
POLYLINE
  5
585
  8
TEXT
 66
1
 10
0.0
 20
0.0
 30
0.0
 70
1
  0
VERTEX
  5
587
  8
TEXT
 10
-6.752678113959824
 20
-21.60725071056482
 30
0.0
 70
0
  0
VERTEX
  5
588
  8
TEXT
 10
-6.791139233065291
 20
-21.59446883162761
 30
0.0
 70
0
  0
VERTEX
  5
589
  8
TEXT
 10
-6.827740703980503
 20
-21.58002062255364
 30
0.0
 70
0
  0
VERTEX
  5
58A
  8
TEXT
 10
-6.86248252670546
 20
-21.563906083342925
 30
0.0
 70
0
  0
VERTEX
  5
58B
  8
TEXT
 10
-6.895364701240163
 20
-21.546125213995452
 30
0.0
 70
0
  0
VERTEX
  5
58C
  8
TEXT
 10
-6.926387227584611
 20
-21.52667801451123
 30
0.0
 70
0
  0
VERTEX
  5
58D
  8
TEXT
 10
-6.955550105738804
 20
-21.505564484890254
 30
0.0
 70
0
  0
VERTEX
  5
58E
  8
TEXT
 10
-6.9828533357027425
 20
-21.482784625132528
 30
0.0
 70
0
  0
VERTEX
  5
58F
  8
TEXT
 10
-7.008296917476426
 20
-21.458338435238044
 30
0.0
 70
0
  0
VERTEX
  5
590
  8
TEXT
 10
-7.031880851059856
 20
-21.43222591520681
 30
0.0
 70
0
  0
VERTEX
  5
591
  8
TEXT
 10
-7.0534233794516785
 20
-21.404701344072297
 30
0.0
 70
0
  0
VERTEX
  5
592
  8
TEXT
 10
-7.072742745650544
 20
-21.376019000867977
 30
0.0
 70
0
  0
VERTEX
  5
593
  8
TEXT
 10
-7.089838949656452
 20
-21.34617888559385
 30
0.0
 70
0
  0
VERTEX
  5
594
  8
TEXT
 10
-7.104711991469402
 20
-21.315180998249915
 30
0.0
 70
0
  0
VERTEX
  5
595
  8
TEXT
 10
-7.117361871089393
 20
-21.28302533883617
 30
0.0
 70
0
  0
VERTEX
  5
596
  8
TEXT
 10
-7.127788588516427
 20
-21.24971190735262
 30
0.0
 70
0
  0
VERTEX
  5
597
  8
TEXT
 10
-7.135992143750504
 20
-21.21524070379926
 30
0.0
 70
0
  0
VERTEX
  5
598
  8
TEXT
 10
-7.141972536791623
 20
-21.179611728176095
 30
0.0
 70
0
  0
VERTEX
  5
599
  8
TEXT
 10
-7.145729767639784
 20
-21.142824980483123
 30
0.0
 70
0
  0
VERTEX
  5
59A
  8
TEXT
 10
-7.147107563368156
 20
-21.108919536153774
 30
0.0
 70
0
  0
VERTEX
  5
59B
  8
TEXT
 10
-7.146478781000244
 20
-21.0744613438759
 30
0.0
 70
0
  0
VERTEX
  5
59C
  8
TEXT
 10
-7.143843420536047
 20
-21.0394504036495
 30
0.0
 70
0
  0
VERTEX
  5
59D
  8
TEXT
 10
-7.139201481975568
 20
-21.003886715474582
 30
0.0
 70
0
  0
VERTEX
  5
59E
  8
TEXT
 10
-7.132552965318804
 20
-20.96777027935114
 30
0.0
 70
0
  0
VERTEX
  5
59F
  8
TEXT
 10
-7.123897870565756
 20
-20.93110109527917
 30
0.0
 70
0
  0
VERTEX
  5
5A0
  8
TEXT
 10
-7.113236197716424
 20
-20.89387916325868
 30
0.0
 70
0
  0
VERTEX
  5
5A1
  8
TEXT
 10
-7.100567946770808
 20
-20.856104483289666
 30
0.0
 70
0
  0
VERTEX
  5
5A2
  8
TEXT
 10
-7.085893117728908
 20
-20.81777705537213
 30
0.0
 70
0
  0
VERTEX
  5
5A3
  8
TEXT
 10
-7.069211710590724
 20
-20.77889687950607
 30
0.0
 70
0
  0
VERTEX
  5
5A4
  8
TEXT
 10
-6.642959209535952
 20
-19.862920022579125
 30
0.0
 70
0
  0
VERTEX
  5
5A5
  8
TEXT
 10
-6.365253059971766
 20
-19.947158455354423
 30
0.0
 70
0
  0
VERTEX
  5
5A6
  8
TEXT
 10
-6.7980444959272335
 20
-20.87405644170138
 30
0.0
 70
0
  0
VERTEX
  5
5A7
  8
TEXT
 10
-6.813273050252189
 20
-20.911556334634547
 30
0.0
 70
0
  0
VERTEX
  5
5A8
  8
TEXT
 10
-6.825213549689234
 20
-20.94826130550006
 30
0.0
 70
0
  0
VERTEX
  5
5A9
  8
TEXT
 10
-6.833865994238369
 20
-20.98417135429793
 30
0.0
 70
0
  0
VERTEX
  5
5AA
  8
TEXT
 10
-6.839230383899594
 20
-21.01928648102815
 30
0.0
 70
0
  0
VERTEX
  5
5AB
  8
TEXT
 10
-6.841306718672908
 20
-21.053606685690717
 30
0.0
 70
0
  0
VERTEX
  5
5AC
  8
TEXT
 10
-6.840094998558312
 20
-21.08713196828564
 30
0.0
 70
0
  0
VERTEX
  5
5AD
  8
TEXT
 10
-6.8345297589619385
 20
-21.12579186694182
 30
0.0
 70
0
  0
VERTEX
  5
5AE
  8
TEXT
 10
-6.824687834313339
 20
-21.16226479116374
 30
0.0
 70
0
  0
VERTEX
  5
5AF
  8
TEXT
 10
-6.810569224612514
 20
-21.196550740951388
 30
0.0
 70
0
  0
VERTEX
  5
5B0
  8
TEXT
 10
-6.792173929859463
 20
-21.228649716304773
 30
0.0
 70
0
  0
VERTEX
  5
5B1
  8
TEXT
 10
-6.769501950054186
 20
-21.25856171722389
 30
0.0
 70
0
  0
VERTEX
  5
5B2
  8
TEXT
 10
-6.74743117082544
 20
-21.28152179948308
 30
0.0
 70
0
  0
VERTEX
  5
5B3
  8
TEXT
 10
-6.722569370358181
 20
-21.30237119009067
 30
0.0
 70
0
  0
VERTEX
  5
5B4
  8
TEXT
 10
-6.694916548652409
 20
-21.321109889046664
 30
0.0
 70
0
  0
VERTEX
  5
5B5
  8
TEXT
 10
-6.664472705708125
 20
-21.337737896351054
 30
0.0
 70
0
  0
VERTEX
  5
5B6
  8
TEXT
 10
-6.631237841525329
 20
-21.352255212003847
 30
0.0
 70
0
  0
VERTEX
  5
5B7
  8
TEXT
 10
-6.595211956104022
 20
-21.36466183600504
 30
0.0
 70
0
  0
VERTEX
  5
5B8
  8
TEXT
 10
-6.556944607545317
 20
-21.37470145181238
 30
0.0
 70
0
  0
VERTEX
  5
5B9
  8
TEXT
 10
-6.51895490111036
 20
-21.381520307190172
 30
0.0
 70
0
  0
VERTEX
  5
5BA
  8
TEXT
 10
-6.481242836799151
 20
-21.38511840213841
 30
0.0
 70
0
  0
VERTEX
  5
5BB
  8
TEXT
 10
-6.44380841461169
 20
-21.385495736657095
 30
0.0
 70
0
  0
VERTEX
  5
5BC
  8
TEXT
 10
-6.406651634547976
 20
-21.38265231074623
 30
0.0
 70
0
  0
VERTEX
  5
5BD
  8
TEXT
 10
-6.369772496608012
 20
-21.376588124405817
 30
0.0
 70
0
  0
VERTEX
  5
5BE
  8
TEXT
 10
-6.333491873648478
 20
-21.367474691569175
 30
0.0
 70
0
  0
VERTEX
  5
5BF
  8
TEXT
 10
-6.298130638526061
 20
-21.35548352616963
 30
0.0
 70
0
  0
VERTEX
  5
5C0
  8
TEXT
 10
-6.26368879124076
 20
-21.340614628207177
 30
0.0
 70
0
  0
VERTEX
  5
5C1
  8
TEXT
 10
-6.230166331792574
 20
-21.322867997681822
 30
0.0
 70
0
  0
VERTEX
  5
5C2
  8
TEXT
 10
-6.197563260181505
 20
-21.302243634593562
 30
0.0
 70
0
  0
VERTEX
  5
5C3
  8
TEXT
 10
-6.165879576407551
 20
-21.2787415389424
 30
0.0
 70
0
  0
VERTEX
  5
5C4
  8
TEXT
 10
-6.139861366518412
 20
-21.25634744288744
 30
0.0
 70
0
  0
VERTEX
  5
5C5
  8
TEXT
 10
-6.115333576603098
 20
-21.23192108946419
 30
0.0
 70
0
  0
VERTEX
  5
5C6
  8
TEXT
 10
-6.092296206661613
 20
-21.20546247867265
 30
0.0
 70
0
  0
VERTEX
  5
5C7
  8
TEXT
 10
-6.070749256693953
 20
-21.176971610512815
 30
0.0
 70
0
  0
VERTEX
  5
5C8
  8
TEXT
 10
-6.050692726700121
 20
-21.146448484984692
 30
0.0
 70
0
  0
VERTEX
  5
5C9
  8
TEXT
 10
-6.032126616680116
 20
-21.113893102088277
 30
0.0
 70
0
  0
VERTEX
  5
5CA
  8
TEXT
 10
-6.015050926633937
 20
-21.07930546182357
 30
0.0
 70
0
  0
VERTEX
  5
5CB
  8
TEXT
 10
-5.5971296675601865
 20
-20.18015837579673
 30
0.0
 70
0
  0
VERTEX
  5
5CC
  8
TEXT
 10
-5.3223778387360445
 20
-20.263500655031862
 30
0.0
 70
0
  0
VERTEX
  5
5CD
  8
TEXT
 10
-6.026978652387093
 20
-21.788668018403666
 30
0.0
 70
0
  0
VERTEX
  5
5CE
  8
TEXT
 10
-6.295821839731147
 20
-21.70711804624886
 30
0.0
 70
0
  0
VERTEX
  5
5CF
  8
TEXT
 10
-6.2166257543207015
 20
-21.531119388687397
 30
0.0
 70
0
  0
VERTEX
  5
5D0
  8
TEXT
 10
-6.247500410593119
 20
-21.55195438922602
 30
0.0
 70
0
  0
VERTEX
  5
5D1
  8
TEXT
 10
-6.279468706779907
 20
-21.57048610845675
 30
0.0
 70
0
  0
VERTEX
  5
5D2
  8
TEXT
 10
-6.312530642881065
 20
-21.58671454637958
 30
0.0
 70
0
  0
VERTEX
  5
5D3
  8
TEXT
 10
-6.346686218896592
 20
-21.600639702994517
 30
0.0
 70
0
  0
VERTEX
  5
5D4
  8
TEXT
 10
-6.381935434826488
 20
-21.612261578301556
 30
0.0
 70
0
  0
VERTEX
  5
5D5
  8
TEXT
 10
-6.418278290670755
 20
-21.621580172300703
 30
0.0
 70
0
  0
VERTEX
  5
5D6
  8
TEXT
 10
-6.4546139369565925
 20
-21.628839797433557
 30
0.0
 70
0
  0
VERTEX
  5
5D7
  8
TEXT
 10
-6.491154555651223
 20
-21.633886475679418
 30
0.0
 70
0
  0
VERTEX
  5
5D8
  8
TEXT
 10
-6.527900146754646
 20
-21.636720207038294
 30
0.0
 70
0
  0
VERTEX
  5
5D9
  8
TEXT
 10
-6.56485071026686
 20
-21.637340991510186
 30
0.0
 70
0
  0
VERTEX
  5
5DA
  8
TEXT
 10
-6.602006246187869
 20
-21.635748829095085
 30
0.0
 70
0
  0
VERTEX
  5
5DB
  8
TEXT
 10
-6.639366754517669
 20
-21.631943719793
 30
0.0
 70
0
  0
VERTEX
  5
5DC
  8
TEXT
 10
-6.6769322352562614
 20
-21.62592566360393
 30
0.0
 70
0
  0
VERTEX
  5
5DD
  8
TEXT
 10
-6.714702688403647
 20
-21.617694660527867
 30
0.0
 70
0
  0
SEQEND
  5
586
  8
TEXT
  0
POLYLINE
  5
5DE
  8
TEXT
 66
1
 10
0.0
 20
0.0
 30
0.0
 70
1
  0
VERTEX
  5
5E0
  8
TEXT
 10
-4.879962437339388
 20
-22.104874728901297
 30
0.0
 70
0
  0
VERTEX
  5
5E1
  8
TEXT
 10
-4.91934520217673
 20
-22.095376841506194
 30
0.0
 70
0
  0
VERTEX
  5
5E2
  8
TEXT
 10
-4.957558391161426
 20
-22.084307169280493
 30
0.0
 70
0
  0
VERTEX
  5
5E3
  8
TEXT
 10
-4.9946020042934745
 20
-22.071665712224203
 30
0.0
 70
0
  0
VERTEX
  5
5E4
  8
TEXT
 10
-5.030476041572877
 20
-22.057452470337314
 30
0.0
 70
0
  0
VERTEX
  5
5E5
  8
TEXT
 10
-5.065180502999633
 20
-22.041667443619833
 30
0.0
 70
0
  0
VERTEX
  5
5E6
  8
TEXT
 10
-5.098715388573742
 20
-22.024310632071757
 30
0.0
 70
0
  0
VERTEX
  5
5E7
  8
TEXT
 10
-5.131080698295205
 20
-22.005382035693085
 30
0.0
 70
0
  0
VERTEX
  5
5E8
  8
TEXT
 10
-5.162276432164021
 20
-21.98488165448382
 30
0.0
 70
0
  0
VERTEX
  5
5E9
  8
TEXT
 10
-5.192072903205387
 20
-21.96300149632909
 30
0.0
 70
0
  0
VERTEX
  5
5EA
  8
TEXT
 10
-5.2202404244445
 20
-21.939933569114004
 30
0.0
 70
0
  0
VERTEX
  5
5EB
  8
TEXT
 10
-5.24677899588136
 20
-21.915677872838575
 30
0.0
 70
0
  0
VERTEX
  5
5EC
  8
TEXT
 10
-5.271688617515967
 20
-21.890234407502795
 30
0.0
 70
0
  0
VERTEX
  5
5ED
  8
TEXT
 10
-5.2949692893483205
 20
-21.86360317310667
 30
0.0
 70
0
  0
VERTEX
  5
5EE
  8
TEXT
 10
-5.316621011378421
 20
-21.835784169650196
 30
0.0
 70
0
  0
VERTEX
  5
5EF
  8
TEXT
 10
-5.336643783606268
 20
-21.806777397133377
 30
0.0
 70
0
  0
VERTEX
  5
5F0
  8
TEXT
 10
-5.355037606031862
 20
-21.776582855556207
 30
0.0
 70
0
  0
VERTEX
  5
5F1
  8
TEXT
 10
-5.371645077632577
 20
-21.745469366680087
 30
0.0
 70
0
  0
VERTEX
  5
5F2
  8
TEXT
 10
-5.3863087973857855
 20
-21.71370575226641
 30
0.0
 70
0
  0
VERTEX
  5
5F3
  8
TEXT
 10
-5.399028765291489
 20
-21.68129201231518
 30
0.0
 70
0
  0
VERTEX
  5
5F4
  8
TEXT
 10
-5.409804981349688
 20
-21.648228146826394
 30
0.0
 70
0
  0
VERTEX
  5
5F5
  8
TEXT
 10
-5.418637445560381
 20
-21.61451415580005
 30
0.0
 70
0
  0
VERTEX
  5
5F6
  8
TEXT
 10
-5.425526157923568
 20
-21.58015003923616
 30
0.0
 70
0
  0
VERTEX
  5
5F7
  8
TEXT
 10
-5.43047111843925
 20
-21.545135797134705
 30
0.0
 70
0
  0
VERTEX
  5
5F8
  8
TEXT
 10
-5.433472327107427
 20
-21.5094714294957
 30
0.0
 70
0
  0
VERTEX
  5
5F9
  8
TEXT
 10
-5.180825277509217
 20
-21.466590635365254
 30
0.0
 70
0
  0
VERTEX
  5
5FA
  8
TEXT
 10
-5.1740592498946425
 20
-21.504575288359153
 30
0.0
 70
0
  0
VERTEX
  5
5FB
  8
TEXT
 10
-5.164916046296738
 20
-21.54105390141007
 30
0.0
 70
0
  0
VERTEX
  5
5FC
  8
TEXT
 10
-5.153395666715502
 20
-21.57602647451801
 30
0.0
 70
0
  0
VERTEX
  5
5FD
  8
TEXT
 10
-5.139498111150936
 20
-21.609493007682964
 30
0.0
 70
0
  0
VERTEX
  5
5FE
  8
TEXT
 10
-5.12322337960304
 20
-21.641453500904937
 30
0.0
 70
0
  0
VERTEX
  5
5FF
  8
TEXT
 10
-5.104571472071814
 20
-21.67190795418393
 30
0.0
 70
0
  0
VERTEX
  5
600
  8
TEXT
 10
-5.083542388557256
 20
-21.70085636751994
 30
0.0
 70
0
  0
VERTEX
  5
601
  8
TEXT
 10
-5.0601361290593685
 20
-21.728298740912972
 30
0.0
 70
0
  0
VERTEX
  5
602
  8
TEXT
 10
-5.034686533473342
 20
-21.753841393879185
 30
0.0
 70
0
  0
VERTEX
  5
603
  8
TEXT
 10
-5.007527441694368
 20
-21.777090645934745
 30
0.0
 70
0
  0
VERTEX
  5
604
  8
TEXT
 10
-4.978658853722446
 20
-21.798046497079657
 30
0.0
 70
0
  0
VERTEX
  5
605
  8
TEXT
 10
-4.948080769557577
 20
-21.816708947313913
 30
0.0
 70
0
  0
VERTEX
  5
606
  8
TEXT
 10
-4.915793189199761
 20
-21.83307799663752
 30
0.0
 70
0
  0
VERTEX
  5
607
  8
TEXT
 10
-4.881796112648997
 20
-21.847153645050476
 30
0.0
 70
0
  0
VERTEX
  5
608
  8
TEXT
 10
-4.846089539905286
 20
-21.85893589255278
 30
0.0
 70
0
  0
VERTEX
  5
609
  8
TEXT
 10
-4.8086734709686265
 20
-21.86842473914443
 30
0.0
 70
0
  0
VERTEX
  5
60A
  8
TEXT
 10
-4.7685351088963985
 20
-21.87565052015101
 30
0.0
 70
0
  0
VERTEX
  5
60B
  8
TEXT
 10
-4.729994254756226
 20
-21.87948118881858
 30
0.0
 70
0
  0
VERTEX
  5
60C
  8
TEXT
 10
-4.693050908548109
 20
-21.879916745147142
 30
0.0
 70
0
  0
VERTEX
  5
60D
  8
TEXT
 10
-4.657705070272048
 20
-21.876957189136697
 30
0.0
 70
0
  0
VERTEX
  5
60E
  8
TEXT
 10
-4.62395673992804
 20
-21.87060252078724
 30
0.0
 70
0
  0
VERTEX
  5
60F
  8
TEXT
 10
-4.59180591751609
 20
-21.860852740098778
 30
0.0
 70
0
  0
VERTEX
  5
610
  8
TEXT
 10
-4.561252603036194
 20
-21.847707847071305
 30
0.0
 70
0
  0
VERTEX
  5
611
  8
TEXT
 10
-4.528787942647986
 20
-21.82888109522324
 30
0.0
 70
0
  0
VERTEX
  5
612
  8
TEXT
 10
-4.500821269349054
 20
-21.807033221138663
 30
0.0
 70
0
  0
VERTEX
  5
613
  8
TEXT
 10
-4.477352583139399
 20
-21.782164224817564
 30
0.0
 70
0
  0
VERTEX
  5
614
  8
TEXT
 10
-4.45838188401902
 20
-21.754274106259945
 30
0.0
 70
0
  0
VERTEX
  5
615
  8
TEXT
 10
-4.443909171987918
 20
-21.723362865465813
 30
0.0
 70
0
  0
VERTEX
  5
616
  8
TEXT
 10
-4.4339344470460915
 20
-21.68943050243516
 30
0.0
 70
0
  0
VERTEX
  5
617
  8
TEXT
 10
-4.429370714294634
 20
-21.65161972401743
 30
0.0
 70
0
  0
VERTEX
  5
618
  8
TEXT
 10
-4.432610374208568
 20
-21.615860179984185
 30
0.0
 70
0
  0
VERTEX
  5
619
  8
TEXT
 10
-4.4436534267878915
 20
-21.582151870335434
 30
0.0
 70
0
  0
VERTEX
  5
61A
  8
TEXT
 10
-4.462499872032607
 20
-21.55049479507117
 30
0.0
 70
0
  0
VERTEX
  5
61B
  8
TEXT
 10
-4.482767749752773
 20
-21.52642328279555
 30
0.0
 70
0
  0
VERTEX
  5
61C
  8
TEXT
 10
-4.507174356389412
 20
-21.503219078883923
 30
0.0
 70
0
  0
VERTEX
  5
61D
  8
TEXT
 10
-4.535719691942525
 20
-21.48088218333629
 30
0.0
 70
0
  0
VERTEX
  5
61E
  8
TEXT
 10
-4.568403756412111
 20
-21.459412596152646
 30
0.0
 70
0
  0
VERTEX
  5
61F
  8
TEXT
 10
-4.605226549798171
 20
-21.438810317332997
 30
0.0
 70
0
  0
VERTEX
  5
620
  8
TEXT
 10
-4.828894080366385
 20
-21.319751777529497
 30
0.0
 70
0
  0
VERTEX
  5
621
  8
TEXT
 10
-4.8663823446859915
 20
-21.29888273302478
 30
0.0
 70
0
  0
VERTEX
  5
622
  8
TEXT
 10
-4.901366195747663
 20
-21.277038235594162
 30
0.0
 70
0
  0
VERTEX
  5
623
  8
TEXT
 10
-4.933845633551401
 20
-21.254218285237652
 30
0.0
 70
0
  0
VERTEX
  5
624
  8
TEXT
 10
-4.963820658097204
 20
-21.230422881955242
 30
0.0
 70
0
  0
VERTEX
  5
625
  8
TEXT
 10
-4.991291269385075
 20
-21.205652025746932
 30
0.0
 70
0
  0
VERTEX
  5
626
  8
TEXT
 10
-5.01625746741501
 20
-21.17990571661273
 30
0.0
 70
0
  0
VERTEX
  5
627
  8
TEXT
 10
-5.038719252187011
 20
-21.153183954552627
 30
0.0
 70
0
  0
VERTEX
  5
628
  8
TEXT
 10
-5.0586766237010785
 20
-21.12548673956663
 30
0.0
 70
0
  0
VERTEX
  5
629
  8
TEXT
 10
-5.076129581957211
 20
-21.096814071654734
 30
0.0
 70
0
  0
VERTEX
  5
62A
  8
TEXT
 10
-5.092697496450214
 20
-21.063678825034962
 30
0.0
 70
0
  0
VERTEX
  5
62B
  8
TEXT
 10
-5.105949548768098
 20
-21.029883972519045
 30
0.0
 70
0
  0
VERTEX
  5
62C
  8
TEXT
 10
-5.1158857389108645
 20
-20.995429514106984
 30
0.0
 70
0
  0
VERTEX
  5
62D
  8
TEXT
 10
-5.122506066878513
 20
-20.96031544979878
 30
0.0
 70
0
  0
VERTEX
  5
62E
  8
TEXT
 10
-5.125810532671044
 20
-20.924541779594435
 30
0.0
 70
0
  0
VERTEX
  5
62F
  8
TEXT
 10
-5.125799136288456
 20
-20.888108503493942
 30
0.0
 70
0
  0
VERTEX
  5
630
  8
TEXT
 10
-5.122471877730749
 20
-20.851015621497307
 30
0.0
 70
0
  0
VERTEX
  5
631
  8
TEXT
 10
-5.115828756997926
 20
-20.81326313360453
 30
0.0
 70
0
  0
VERTEX
  5
632
  8
TEXT
 10
-5.106821179988527
 20
-20.777970023182426
 30
0.0
 70
0
  0
VERTEX
  5
633
  8
TEXT
 10
-5.095496477650363
 20
-20.744107697367625
 30
0.0
 70
0
  0
VERTEX
  5
634
  8
TEXT
 10
-5.081854649983431
 20
-20.71167615616013
 30
0.0
 70
0
  0
VERTEX
  5
635
  8
TEXT
 10
-5.065895696987734
 20
-20.680675399559938
 30
0.0
 70
0
  0
VERTEX
  5
636
  8
TEXT
 10
-5.04761961866327
 20
-20.65110542756705
 30
0.0
 70
0
  0
VERTEX
  5
637
  8
TEXT
 10
-5.02702641501004
 20
-20.622966240181462
 30
0.0
 70
0
  0
VERTEX
  5
638
  8
TEXT
 10
-5.004116086028044
 20
-20.596257837403183
 30
0.0
 70
0
  0
VERTEX
  5
639
  8
TEXT
 10
-4.978888631717282
 20
-20.570980219232204
 30
0.0
 70
0
  0
VERTEX
  5
63A
  8
TEXT
 10
-4.9517735314439575
 20
-20.54734833760683
 30
0.0
 70
0
  0
VERTEX
  5
63B
  8
TEXT
 10
-4.923200264574279
 20
-20.525577144465363
 30
0.0
 70
0
  0
VERTEX
  5
63C
  8
TEXT
 10
-4.893168831108245
 20
-20.505666639807803
 30
0.0
 70
0
  0
VERTEX
  5
63D
  8
TEXT
 10
-4.861679231045856
 20
-20.48761682363415
 30
0.0
 70
0
  0
VERTEX
  5
63E
  8
TEXT
 10
-4.82873146438711
 20
-20.4714276959444
 30
0.0
 70
0
  0
VERTEX
  5
63F
  8
TEXT
 10
-4.79432553113201
 20
-20.457099256738555
 30
0.0
 70
0
  0
VERTEX
  5
640
  8
TEXT
 10
-4.758461431280555
 20
-20.44463150601662
 30
0.0
 70
0
  0
VERTEX
  5
641
  8
TEXT
 10
-4.721139164832744
 20
-20.43402444377859
 30
0.0
 70
0
  0
VERTEX
  5
642
  8
TEXT
 10
-4.687128016172581
 20
-20.42635129475172
 30
0.0
 70
0
  0
VERTEX
  5
643
  8
TEXT
 10
-4.652741414184963
 20
-20.420534901886363
 30
0.0
 70
0
  0
VERTEX
  5
644
  8
TEXT
 10
-4.6179793588698885
 20
-20.41657526518252
 30
0.0
 70
0
  0
VERTEX
  5
645
  8
TEXT
 10
-4.582841850227359
 20
-20.414472384640185
 30
0.0
 70
0
  0
VERTEX
  5
646
  8
TEXT
 10
-4.547328888257373
 20
-20.414226260259365
 30
0.0
 70
0
  0
VERTEX
  5
647
  8
TEXT
 10
-4.511440472959931
 20
-20.41583689204006
 30
0.0
 70
0
  0
VERTEX
  5
648
  8
TEXT
 10
-4.475176604335033
 20
-20.419304279982263
 30
0.0
 70
0
  0
VERTEX
  5
649
  8
TEXT
 10
-4.438537282382679
 20
-20.424628424085977
 30
0.0
 70
0
  0
VERTEX
  5
64A
  8
TEXT
 10
-4.40152250710287
 20
-20.431809324351207
 30
0.0
 70
0
  0
VERTEX
  5
64B
  8
TEXT
 10
-4.361786773025374
 20
-20.441450046749875
 30
0.0
 70
0
  0
VERTEX
  5
64C
  8
TEXT
 10
-4.3234744460263785
 20
-20.45273901655964
 30
0.0
 70
0
  0
VERTEX
  5
64D
  8
TEXT
 10
-4.286585526105883
 20
-20.46567623378051
 30
0.0
 70
0
  0
VERTEX
  5
64E
  8
TEXT
 10
-4.251120013263887
 20
-20.48026169841248
 30
0.0
 70
0
  0
VERTEX
  5
64F
  8
TEXT
 10
-4.217077907500391
 20
-20.49649541045555
 30
0.0
 70
0
  0
VERTEX
  5
650
  8
TEXT
 10
-4.184459208815395
 20
-20.514377369909724
 30
0.0
 70
0
  0
VERTEX
  5
651
  8
TEXT
 10
-4.153263917208899
 20
-20.533907576774993
 30
0.0
 70
0
  0
VERTEX
  5
652
  8
TEXT
 10
-4.123492032680902
 20
-20.555086031051367
 30
0.0
 70
0
  0
VERTEX
  5
653
  8
TEXT
 10
-4.095143555231406
 20
-20.577912732738845
 30
0.0
 70
0
  0
VERTEX
  5
654
  8
TEXT
 10
-4.0682184848604095
 20
-20.60238768183742
 30
0.0
 70
0
  0
VERTEX
  5
655
  8
TEXT
 10
-4.042716821567913
 20
-20.628510878347097
 30
0.0
 70
0
  0
VERTEX
  5
656
  8
TEXT
 10
-4.018981172427138
 20
-20.65590733597428
 30
0.0
 70
0
  0
VERTEX
  5
657
  8
TEXT
 10
-3.9973541445113043
 20
-20.68420206842538
 30
0.0
 70
0
  0
VERTEX
  5
658
  8
TEXT
 10
-3.9778357378204134
 20
-20.71339507570039
 30
0.0
 70
0
  0
VERTEX
  5
659
  8
TEXT
 10
-3.960425952354464
 20
-20.743486357799316
 30
0.0
 70
0
  0
VERTEX
  5
65A
  8
TEXT
 10
-3.945124788113457
 20
-20.774475914722153
 30
0.0
 70
0
  0
VERTEX
  5
65B
  8
TEXT
 10
-3.9319322450973924
 20
-20.806363746468907
 30
0.0
 70
0
  0
VERTEX
  5
65C
  8
TEXT
 10
-3.9208483233062696
 20
-20.839149853039576
 30
0.0
 70
0
  0
VERTEX
  5
65D
  8
TEXT
 10
-3.9118730227400893
 20
-20.872834234434155
 30
0.0
 70
0
  0
VERTEX
  5
65E
  8
TEXT
 10
-3.905006343398851
 20
-20.907416890652648
 30
0.0
 70
0
  0
VERTEX
  5
65F
  8
TEXT
 10
-3.9002482852825544
 20
-20.942897821695055
 30
0.0
 70
0
  0
VERTEX
  5
660
  8
TEXT
 10
-3.8975988483912007
 20
-20.979277027561377
 30
0.0
 70
0
  0
VERTEX
  5
661
  8
TEXT
 10
-4.154016421835039
 20
-21.021335935372974
 30
0.0
 70
0
  0
VERTEX
  5
662
  8
TEXT
 10
-4.159256571894543
 20
-20.982881358311197
 30
0.0
 70
0
  0
VERTEX
  5
663
  8
TEXT
 10
-4.16733859338891
 20
-20.946370578570345
 30
0.0
 70
0
  0
VERTEX
  5
664
  8
TEXT
 10
-4.178262486318141
 20
-20.911803596150424
 30
0.0
 70
0
  0
VERTEX
  5
665
  8
TEXT
 10
-4.192028250682234
 20
-20.87918041105143
 30
0.0
 70
0
  0
VERTEX
  5
666
  8
TEXT
 10
-4.20863588648119
 20
-20.848501023273364
 30
0.0
 70
0
  0
VERTEX
  5
667
  8
TEXT
 10
-4.228085393715009
 20
-20.819765432816226
 30
0.0
 70
0
  0
VERTEX
  5
668
  8
TEXT
 10
-4.2503767723836905
 20
-20.79297363968002
 30
0.0
 70
0
  0
VERTEX
  5
669
  8
TEXT
 10
-4.275134751025988
 20
-20.768400897810686
 30
0.0
 70
0
  0
VERTEX
  5
66A
  8
TEXT
 10
-4.301984058180652
 20
-20.74632246115417
 30
0.0
 70
0
  0
VERTEX
  5
66B
  8
TEXT
 10
-4.330924693847683
 20
-20.72673832971047
 30
0.0
 70
0
  0
VERTEX
  5
66C
  8
TEXT
 10
-4.36195665802708
 20
-20.709648503479592
 30
0.0
 70
0
  0
VERTEX
  5
66D
  8
TEXT
 10
-4.395079950718845
 20
-20.695052982461533
 30
0.0
 70
0
  0
VERTEX
  5
66E
  8
TEXT
 10
-4.430294571922976
 20
-20.682951766656288
 30
0.0
 70
0
  0
VERTEX
  5
66F
  8
TEXT
 10
-4.467600521639474
 20
-20.673344856063864
 30
0.0
 70
0
  0
VERTEX
  5
670
  8
TEXT
 10
-4.505237628432607
 20
-20.66655144252837
 30
0.0
 70
0
  0
VERTEX
  5
671
  8
TEXT
 10
-4.541445720866644
 20
-20.662890717893912
 30
0.0
 70
0
  0
VERTEX
  5
672
  8
TEXT
 10
-4.576224798941585
 20
-20.66236268216049
 30
0.0
 70
0
  0
VERTEX
  5
673
  8
TEXT
 10
-4.609574862657428
 20
-20.66496733532811
 30
0.0
 70
0
  0
VERTEX
  5
674
  8
TEXT
 10
-4.641495912014175
 20
-20.670704677396767
 30
0.0
 70
0
  0
VERTEX
  5
675
  8
TEXT
 10
-4.671987947011826
 20
-20.679574708366463
 30
0.0
 70
0
  0
VERTEX
  5
676
  8
TEXT
 10
-4.70105096765038
 20
-20.691577428237196
 30
0.0
 70
0
  0
VERTEX
  5
677
  8
TEXT
 10
-4.731993674686718
 20
-20.708958576285486
 30
0.0
 70
0
  0
VERTEX
  5
678
  8
TEXT
 10
-4.758675264391389
 20
-20.729440870347435
 30
0.0
 70
0
  0
VERTEX
  5
679
  8
TEXT
 10
-4.7810957367643905
 20
-20.75302431042304
 30
0.0
 70
0
  0
VERTEX
  5
67A
  8
TEXT
 10
-4.7992550918057235
 20
-20.779708896512307
 30
0.0
 70
0
  0
VERTEX
  5
67B
  8
TEXT
 10
-4.813153329515388
 20
-20.809494628615226
 30
0.0
 70
0
  0
VERTEX
  5
67C
  8
TEXT
 10
-4.822790449893383
 20
-20.842381506731808
 30
0.0
 70
0
  0
VERTEX
  5
67D
  8
TEXT
 10
-4.827720961450418
 20
-20.880062964969586
 30
0.0
 70
0
  0
VERTEX
  5
67E
  8
TEXT
 10
-4.825581637953217
 20
-20.91543454846296
 30
0.0
 70
0
  0
VERTEX
  5
67F
  8
TEXT
 10
-4.816372479401778
 20
-20.94849625721194
 30
0.0
 70
0
  0
VERTEX
  5
680
  8
TEXT
 10
-4.800093485796104
 20
-20.979248091216515
 30
0.0
 70
0
  0
VERTEX
  5
681
  8
TEXT
 10
-4.782186142612734
 20
-21.002552282721947
 30
0.0
 70
0
  0
VERTEX
  5
682
  8
TEXT
 10
-4.760166370875094
 20
-21.02510982262645
 30
0.0
 70
0
  0
VERTEX
  5
683
  8
TEXT
 10
-4.734034170583184
 20
-21.04692071093002
 30
0.0
 70
0
  0
VERTEX
  5
684
  8
TEXT
 10
-4.703789541737004
 20
-21.06798494763266
 30
0.0
 70
0
  0
VERTEX
  5
685
  8
TEXT
 10
-4.669432484336554
 20
-21.088302532734367
 30
0.0
 70
0
  0
VERTEX
  5
686
  8
TEXT
 10
-4.428623888727619
 20
-21.222946452932774
 30
0.0
 70
0
  0
VERTEX
  5
687
  8
TEXT
 10
-4.3919272297730405
 20
-21.244471890244096
 30
0.0
 70
0
  0
VERTEX
  5
688
  8
TEXT
 10
-4.357612281297408
 20
-21.266902003965395
 30
0.0
 70
0
  0
VERTEX
  5
689
  8
TEXT
 10
-4.325679043300721
 20
-21.290236794096664
 30
0.0
 70
0
  0
VERTEX
  5
68A
  8
TEXT
 10
-4.29612751578298
 20
-21.314476260637907
 30
0.0
 70
0
  0
VERTEX
  5
68B
  8
TEXT
 10
-4.268957698744185
 20
-21.339620403589127
 30
0.0
 70
0
  0
VERTEX
  5
68C
  8
TEXT
 10
-4.244169592184334
 20
-21.36566922295032
 30
0.0
 70
0
  0
VERTEX
  5
68D
  8
TEXT
 10
-4.221763196103429
 20
-21.392622718721487
 30
0.0
 70
0
  0
VERTEX
  5
68E
  8
TEXT
 10
-4.201738510501469
 20
-21.420480890902628
 30
0.0
 70
0
  0
VERTEX
  5
68F
  8
TEXT
 10
-4.1840955353784555
 20
-21.449243739493742
 30
0.0
 70
0
  0
VERTEX
  5
690
  8
TEXT
 10
-4.167265074322304
 20
-21.482448557882325
 30
0.0
 70
0
  0
VERTEX
  5
691
  8
TEXT
 10
-4.153790960891816
 20
-21.51632884275685
 30
0.0
 70
0
  0
VERTEX
  5
692
  8
TEXT
 10
-4.143673195086991
 20
-21.550884594117313
 30
0.0
 70
0
  0
VERTEX
  5
693
  8
TEXT
 10
-4.13691177690783
 20
-21.586115811963715
 30
0.0
 70
0
  0
VERTEX
  5
694
  8
TEXT
 10
-4.133506706354333
 20
-21.622022496296058
 30
0.0
 70
0
  0
VERTEX
  5
695
  8
TEXT
 10
-4.133457983426499
 20
-21.65860464711434
 30
0.0
 70
0
  0
VERTEX
  5
696
  8
TEXT
 10
-4.136765608124329
 20
-21.695862264418565
 30
0.0
 70
0
  0
VERTEX
  5
697
  8
TEXT
 10
-4.1434295804478225
 20
-21.733795348208726
 30
0.0
 70
0
  0
VERTEX
  5
698
  8
TEXT
 10
-4.152373927353236
 20
-21.768713445097656
 30
0.0
 70
0
  0
VERTEX
  5
699
  8
TEXT
 10
-4.163673316643215
 20
-21.802204835082062
 30
0.0
 70
0
  0
VERTEX
  5
69A
  8
TEXT
 10
-4.177327748317759
 20
-21.83426951816194
 30
0.0
 70
0
  0
VERTEX
  5
69B
  8
TEXT
 10
-4.193337222376869
 20
-21.86490749433729
 30
0.0
 70
0
  0
VERTEX
  5
69C
  8
TEXT
 10
-4.211701738820543
 20
-21.894118763608123
 30
0.0
 70
0
  0
VERTEX
  5
69D
  8
TEXT
 10
-4.232421297648784
 20
-21.921903325974426
 30
0.0
 70
0
  0
VERTEX
  5
69E
  8
TEXT
 10
-4.25549589886159
 20
-21.9482611814362
 30
0.0
 70
0
  0
VERTEX
  5
69F
  8
TEXT
 10
-4.280925542458961
 20
-21.973192329993456
 30
0.0
 70
0
  0
VERTEX
  5
6A0
  8
TEXT
 10
-4.308321989179254
 20
-21.99647283032627
 30
0.0
 70
0
  0
VERTEX
  5
6A1
  8
TEXT
 10
-4.337296999760825
 20
-22.017878741114732
 30
0.0
 70
0
  0
VERTEX
  5
6A2
  8
TEXT
 10
-4.367850574203673
 20
-22.03741006235884
 30
0.0
 70
0
  0
VERTEX
  5
6A3
  8
TEXT
 10
-4.399982712507799
 20
-22.055066794058597
 30
0.0
 70
0
  0
VERTEX
  5
6A4
  8
TEXT
 10
-4.433693414673202
 20
-22.070848936214
 30
0.0
 70
0
  0
VERTEX
  5
6A5
  8
TEXT
 10
-4.468982680699884
 20
-22.08475648882505
 30
0.0
 70
0
  0
VERTEX
  5
6A6
  8
TEXT
 10
-4.505850510587843
 20
-22.096789451891752
 30
0.0
 70
0
  0
VERTEX
  5
6A7
  8
TEXT
 10
-4.54429690433708
 20
-22.106947825414096
 30
0.0
 70
0
  0
VERTEX
  5
6A8
  8
TEXT
 10
-4.579441950960714
 20
-22.114208022247407
 30
0.0
 70
0
  0
VERTEX
  5
6A9
  8
TEXT
 10
-4.615124778511837
 20
-22.119595583858146
 30
0.0
 70
0
  0
VERTEX
  5
6AA
  8
TEXT
 10
-4.651345386990449
 20
-22.12311051024631
 30
0.0
 70
0
  0
VERTEX
  5
6AB
  8
TEXT
 10
-4.68810377639655
 20
-22.124752801411905
 30
0.0
 70
0
  0
VERTEX
  5
6AC
  8
TEXT
 10
-4.725399946730139
 20
-22.124522457354928
 30
0.0
 70
0
  0
VERTEX
  5
6AD
  8
TEXT
 10
-4.763233897991218
 20
-22.12241947807538
 30
0.0
 70
0
  0
VERTEX
  5
6AE
  8
TEXT
 10
-4.801605630179786
 20
-22.11844386357326
 30
0.0
 70
0
  0
VERTEX
  5
6AF
  8
TEXT
 10
-4.840515143295843
 20
-22.112595613848562
 30
0.0
 70
0
  0
SEQEND
  5
5DF
  8
TEXT
  0
POLYLINE
  5
6B0
  8
TEXT
 66
1
 10
0.0
 20
0.0
 30
0.0
 70
1
  0
VERTEX
  5
6B2
  8
TEXT
 10
-3.1736622355873965
 20
-22.39000889522727
 30
0.0
 70
0
  0
VERTEX
  5
6B3
  8
TEXT
 10
-2.7645357085406195
 20
-20.760084825157914
 30
0.0
 70
0
  0
VERTEX
  5
6B4
  8
TEXT
 10
-2.4851685034258617
 20
-20.789766840691374
 30
0.0
 70
0
  0
VERTEX
  5
6B5
  8
TEXT
 10
-2.5299511694038026
 20
-20.977495528524862
 30
0.0
 70
0
  0
VERTEX
  5
6B6
  8
TEXT
 10
-2.5036315872104717
 20
-20.952177812831565
 30
0.0
 70
0
  0
VERTEX
  5
6B7
  8
TEXT
 10
-2.4757876754104173
 20
-20.92874684451707
 30
0.0
 70
0
  0
VERTEX
  5
6B8
  8
TEXT
 10
-2.44641943400364
 20
-20.907202623581384
 30
0.0
 70
0
  0
VERTEX
  5
6B9
  8
TEXT
 10
-2.4155268629901387
 20
-20.8875451500245
 30
0.0
 70
0
  0
VERTEX
  5
6BA
  8
TEXT
 10
-2.3831099623699146
 20
-20.869774423846422
 30
0.0
 70
0
  0
VERTEX
  5
6BB
  8
TEXT
 10
-2.3491687321429664
 20
-20.85389044504715
 30
0.0
 70
0
  0
VERTEX
  5
6BC
  8
TEXT
 10
-2.3141644980554466
 20
-20.839365090268434
 30
0.0
 70
0
  0
VERTEX
  5
6BD
  8
TEXT
 10
-2.2787035529623383
 20
-20.82703466694624
 30
0.0
 70
0
  0
VERTEX
  5
6BE
  8
TEXT
 10
-2.242785896863641
 20
-20.816899175080568
 30
0.0
 70
0
  0
VERTEX
  5
6BF
  8
TEXT
 10
-2.206411529759356
 20
-20.808958614671422
 30
0.0
 70
0
  0
VERTEX
  5
6C0
  8
TEXT
 10
-2.1695804516494825
 20
-20.803212985718798
 30
0.0
 70
0
  0
VERTEX
  5
6C1
  8
TEXT
 10
-2.132292662534021
 20
-20.799662288222695
 30
0.0
 70
0
  0
VERTEX
  5
6C2
  8
TEXT
 10
-2.0945481624129707
 20
-20.798306522183115
 30
0.0
 70
0
  0
VERTEX
  5
6C3
  8
TEXT
 10
-2.056346951286332
 20
-20.799145687600056
 30
0.0
 70
0
  0
VERTEX
  5
6C4
  8
TEXT
 10
-2.0176890291541048
 20
-20.802179784473523
 30
0.0
 70
0
  0
VERTEX
  5
6C5
  8
TEXT
 10
-1.9781574866069473
 20
-20.807453108308987
 30
0.0
 70
0
  0
VERTEX
  5
6C6
  8
TEXT
 10
-1.9400642758239393
 20
-20.814720020394265
 30
0.0
 70
0
  0
VERTEX
  5
6C7
  8
TEXT
 10
-1.90340939680508
 20
-20.82398052072935
 30
0.0
 70
0
  0
VERTEX
  5
6C8
  8
TEXT
 10
-1.8681928495503712
 20
-20.83523460931425
 30
0.0
 70
0
  0
VERTEX
  5
6C9
  8
TEXT
 10
-1.8344146340598115
 20
-20.848482286148958
 30
0.0
 70
0
  0
VERTEX
  5
6CA
  8
TEXT
 10
-1.8020747503334016
 20
-20.863723551233477
 30
0.0
 70
0
  0
VERTEX
  5
6CB
  8
TEXT
 10
-1.771173198371141
 20
-20.880958404567806
 30
0.0
 70
0
  0
VERTEX
  5
6CC
  8
TEXT
 10
-1.7417099781730299
 20
-20.900186846151946
 30
0.0
 70
0
  0
VERTEX
  5
6CD
  8
TEXT
 10
-1.713685089739068
 20
-20.9214088759859
 30
0.0
 70
0
  0
VERTEX
  5
6CE
  8
TEXT
 10
-1.687314687148315
 20
-20.94431406303733
 30
0.0
 70
0
  0
VERTEX
  5
6CF
  8
TEXT
 10
-1.66281492447983
 20
-20.968591976273903
 30
0.0
 70
0
  0
VERTEX
  5
6D0
  8
TEXT
 10
-1.6401858017336122
 20
-20.99424261569562
 30
0.0
 70
0
  0
VERTEX
  5
6D1
  8
TEXT
 10
-1.619427318909663
 20
-21.021265981302484
 30
0.0
 70
0
  0
VERTEX
  5
6D2
  8
TEXT
 10
-1.6005394760079814
 20
-21.04966207309449
 30
0.0
 70
0
  0
VERTEX
  5
6D3
  8
TEXT
 10
-1.5835222730285672
 20
-21.07943089107164
 30
0.0
 70
0
  0
VERTEX
  5
6D4
  8
TEXT
 10
-1.5683757099714213
 20
-21.110572435233937
 30
0.0
 70
0
  0
VERTEX
  5
6D5
  8
TEXT
 10
-1.5550997868365426
 20
-21.143086705581375
 30
0.0
 70
0
  0
VERTEX
  5
6D6
  8
TEXT
 10
-1.5436945036239322
 20
-21.176973702113962
 30
0.0
 70
0
  0
VERTEX
  5
6D7
  8
TEXT
 10
-1.534396978272413
 20
-21.211939930794987
 30
0.0
 70
0
  0
VERTEX
  5
6D8
  8
TEXT
 10
-1.5274443287208093
 20
-21.247691897587753
 30
0.0
 70
0
  0
VERTEX
  5
6D9
  8
TEXT
 10
-1.52283655496912
 20
-21.284229602492253
 30
0.0
 70
0
  0
VERTEX
  5
6DA
  8
TEXT
 10
-1.5205736570173465
 20
-21.321553045508495
 30
0.0
 70
0
  0
VERTEX
  5
6DB
  8
TEXT
 10
-1.5206556348654874
 20
-21.359662226636477
 30
0.0
 70
0
  0
VERTEX
  5
6DC
  8
TEXT
 10
-1.5230824885135439
 20
-21.398557145876193
 30
0.0
 70
0
  0
VERTEX
  5
6DD
  8
TEXT
 10
-1.5278542179615153
 20
-21.43823780322765
 30
0.0
 70
0
  0
VERTEX
  5
6DE
  8
TEXT
 10
-1.5349708232094015
 20
-21.478704198690846
 30
0.0
 70
0
  0
VERTEX
  5
6DF
  8
TEXT
 10
-1.5444323042572035
 20
-21.51995633226578
 30
0.0
 70
0
  0
VERTEX
  5
6E0
  8
TEXT
 10
-1.7983159950224372
 20
-22.536135740930458
 30
0.0
 70
0
  0
VERTEX
  5
6E1
  8
TEXT
 10
-2.0868931079981206
 20
-22.50547519741238
 30
0.0
 70
0
  0
VERTEX
  5
6E2
  8
TEXT
 10
-1.8386887944788475
 20
-21.51352936704863
 30
0.0
 70
0
  0
VERTEX
  5
6E3
  8
TEXT
 10
-1.830350478590967
 20
-21.473288596808285
 30
0.0
 70
0
  0
VERTEX
  5
6E4
  8
TEXT
 10
-1.8250939709198
 20
-21.434636827663475
 30
0.0
 70
0
  0
VERTEX
  5
6E5
  8
TEXT
 10
-1.8229192714653462
 20
-21.3975740596142
 30
0.0
 70
0
  0
VERTEX
  5
6E6
  8
TEXT
 10
-1.8238263802276058
 20
-21.36210029266046
 30
0.0
 70
0
  0
VERTEX
  5
6E7
  8
TEXT
 10
-1.827815297206579
 20
-21.32821552680226
 30
0.0
 70
0
  0
VERTEX
  5
6E8
  8
TEXT
 10
-1.8348860224022654
 20
-21.295919762039592
 30
0.0
 70
0
  0
VERTEX
  5
6E9
  8
TEXT
 10
-1.8450385558146656
 20
-21.265212998372462
 30
0.0
 70
0
  0
VERTEX
  5
6EA
  8
TEXT
 10
-1.8582728974437792
 20
-21.236095235800867
 30
0.0
 70
0
  0
VERTEX
  5
6EB
  8
TEXT
 10
-1.8745890472896058
 20
-21.208566474324808
 30
0.0
 70
0
  0
VERTEX
  5
6EC
  8
TEXT
 10
-1.8961088820080123
 20
-21.18008477950649
 30
0.0
 70
0
  0
VERTEX
  5
6ED
  8
TEXT
 10
-1.9204900147663184
 20
-21.15479178214018
 30
0.0
 70
0
  0
VERTEX
  5
6EE
  8
TEXT
 10
-1.9477324455645242
 20
-21.132687482225887
 30
0.0
 70
0
  0
VERTEX
  5
6EF
  8
TEXT
 10
-1.97783617440263
 20
-21.113771879763604
 30
0.0
 70
0
  0
VERTEX
  5
6F0
  8
TEXT
 10
-2.0108012012806356
 20
-21.098044974753336
 30
0.0
 70
0
  0
VERTEX
  5
6F1
  8
TEXT
 10
-2.046627526198541
 20
-21.085506767195078
 30
0.0
 70
0
  0
VERTEX
  5
6F2
  8
TEXT
 10
-2.0853151491563464
 20
-21.076157257088834
 30
0.0
 70
0
  0
VERTEX
  5
6F3
  8
TEXT
 10
-2.1268640701540513
 20
-21.0699964444346
 30
0.0
 70
0
  0
VERTEX
  5
6F4
  8
TEXT
 10
-2.1663779286498683
 20
-21.06730739557038
 30
0.0
 70
0
  0
VERTEX
  5
6F5
  8
TEXT
 10
-2.2051003026759597
 20
-21.067720824844425
 30
0.0
 70
0
  0
VERTEX
  5
6F6
  8
TEXT
 10
-2.2430311922323254
 20
-21.071236732256736
 30
0.0
 70
0
  0
VERTEX
  5
6F7
  8
TEXT
 10
-2.280170597318966
 20
-21.077855117807307
 30
0.0
 70
0
  0
VERTEX
  5
6F8
  8
TEXT
 10
-2.3165185179358807
 20
-21.08757598149614
 30
0.0
 70
0
  0
VERTEX
  5
6F9
  8
TEXT
 10
-2.3520749540830703
 20
-21.100399323323238
 30
0.0
 70
0
  0
VERTEX
  5
6FA
  8
TEXT
 10
-2.386428978266756
 20
-21.116110084514045
 30
0.0
 70
0
  0
VERTEX
  5
6FB
  8
TEXT
 10
-2.41916966299316
 20
-21.134493206294003
 30
0.0
 70
0
  0
VERTEX
  5
6FC
  8
TEXT
 10
-2.4502970082622832
 20
-21.155548688663114
 30
0.0
 70
0
  0
VERTEX
  5
6FD
  8
TEXT
 10
-2.4798110140741243
 20
-21.17927653162138
 30
0.0
 70
0
  0
VERTEX
  5
6FE
  8
TEXT
 10
-2.507711680428684
 20
-21.205676735168797
 30
0.0
 70
0
  0
VERTEX
  5
6FF
  8
TEXT
 10
-2.533999007325962
 20
-21.234749299305367
 30
0.0
 70
0
  0
VERTEX
  5
700
  8
TEXT
 10
-2.5550109901496376
 20
-21.261662288070212
 30
0.0
 70
0
  0
VERTEX
  5
701
  8
TEXT
 10
-2.574365812045858
 20
-21.290271978197076
 30
0.0
 70
0
  0
VERTEX
  5
702
  8
TEXT
 10
-2.592063473014622
 20
-21.32057836968595
 30
0.0
 70
0
  0
VERTEX
  5
703
  8
TEXT
 10
-2.608103973055931
 20
-21.352581462536843
 30
0.0
 70
0
  0
VERTEX
  5
704
  8
TEXT
 10
-2.622487312169784
 20
-21.38628125674975
 30
0.0
 70
0
  0
VERTEX
  5
705
  8
TEXT
 10
-2.635213490356181
 20
-21.42167775232467
 30
0.0
 70
0
  0
VERTEX
  5
706
  8
TEXT
 10
-2.6462825076151226
 20
-21.458770949261606
 30
0.0
 70
0
  0
VERTEX
  5
707
  8
TEXT
 10
-2.885085122611713
 20
-22.42066943874535
 30
0.0
 70
0
  0
SEQEND
  5
6B1
  8
TEXT
  0
POLYLINE
  5
708
  8
TEXT
 66
1
 10
0.0
 20
0.0
 30
0.0
 70
1
  0
VERTEX
  5
70A
  8
TEXT
 10
-0.40963347555661156
 20
-22.633387746476423
 30
0.0
 70
0
  0
VERTEX
  5
70B
  8
TEXT
 10
-0.450517236573457
 20
-22.63187024294631
 30
0.0
 70
0
  0
VERTEX
  5
70C
  8
TEXT
 10
-0.4906654206545771
 20
-22.628642099966836
 30
0.0
 70
0
  0
VERTEX
  5
70D
  8
TEXT
 10
-0.5300780277999723
 20
-22.623703317538
 30
0.0
 70
0
  0
VERTEX
  5
70E
  8
TEXT
 10
-0.5687550580096425
 20
-22.6170538956598
 30
0.0
 70
0
  0
VERTEX
  5
70F
  8
TEXT
 10
-0.6066965112835877
 20
-22.608693834332243
 30
0.0
 70
0
  0
VERTEX
  5
710
  8
TEXT
 10
-0.6439023876218075
 20
-22.59862313355532
 30
0.0
 70
0
  0
VERTEX
  5
711
  8
TEXT
 10
-0.6803726870243028
 20
-22.58684179332904
 30
0.0
 70
0
  0
VERTEX
  5
712
  8
TEXT
 10
-0.7161074094910727
 20
-22.573349813653397
 30
0.0
 70
0
  0
VERTEX
  5
713
  8
TEXT
 10
-0.7511065550221177
 20
-22.558147194528395
 30
0.0
 70
0
  0
VERTEX
  5
714
  8
TEXT
 10
-0.7853701236174375
 20
-22.54123393595403
 30
0.0
 70
0
  0
VERTEX
  5
715
  8
TEXT
 10
-0.8188981152770324
 20
-22.522610037930306
 30
0.0
 70
0
  0
VERTEX
  5
716
  8
TEXT
 10
-0.8514224428761739
 20
-22.50246480746816
 30
0.0
 70
0
  0
VERTEX
  5
717
  8
TEXT
 10
-0.8826750192901338
 20
-22.480987551578547
 30
0.0
 70
0
  0
VERTEX
  5
718
  8
TEXT
 10
-0.9126558445189121
 20
-22.45817827026146
 30
0.0
 70
0
  0
VERTEX
  5
719
  8
TEXT
 10
-0.9413649185625088
 20
-22.4340369635169
 30
0.0
 70
0
  0
VERTEX
  5
71A
  8
TEXT
 10
-0.9688022414209239
 20
-22.408563631344865
 30
0.0
 70
0
  0
VERTEX
  5
71B
  8
TEXT
 10
-0.9949678130941573
 20
-22.38175827374536
 30
0.0
 70
0
  0
VERTEX
  5
71C
  8
TEXT
 10
-1.019861633582209
 20
-22.353620890718382
 30
0.0
 70
0
  0
VERTEX
  5
71D
  8
TEXT
 10
-1.0434837028850794
 20
-22.32415148226393
 30
0.0
 70
0
  0
VERTEX
  5
71E
  8
TEXT
 10
-1.0658340210027681
 20
-22.293350048382006
 30
0.0
 70
0
  0
VERTEX
  5
71F
  8
TEXT
 10
-1.0869125879352752
 20
-22.26121658907261
 30
0.0
 70
0
  0
VERTEX
  5
720
  8
TEXT
 10
-1.1067194036826005
 20
-22.22775110433574
 30
0.0
 70
0
  0
VERTEX
  5
721
  8
TEXT
 10
-1.1235337018658162
 20
-22.19609548782494
 30
0.0
 70
0
  0
VERTEX
  5
722
  8
TEXT
 10
-1.1388298727984492
 20
-22.163703050285317
 30
0.0
 70
0
  0
VERTEX
  5
723
  8
TEXT
 10
-1.1526079164804999
 20
-22.130573791716873
 30
0.0
 70
0
  0
VERTEX
  5
724
  8
TEXT
 10
-1.1648678329119677
 20
-22.096707712119603
 30
0.0
 70
0
  0
VERTEX
  5
725
  8
TEXT
 10
-1.1756096220928536
 20
-22.06210481149351
 30
0.0
 70
0
  0
VERTEX
  5
726
  8
TEXT
 10
-1.1848332840231566
 20
-22.026765089838594
 30
0.0
 70
0
  0
VERTEX
  5
727
  8
TEXT
 10
-1.1925388187028774
 20
-21.990688547154853
 30
0.0
 70
0
  0
VERTEX
  5
728
  8
TEXT
 10
-1.1987262261320157
 20
-21.953875183442292
 30
0.0
 70
0
  0
VERTEX
  5
729
  8
TEXT
 10
-1.2033955063105715
 20
-21.916324998700908
 30
0.0
 70
0
  0
VERTEX
  5
72A
  8
TEXT
 10
-1.2065466592385448
 20
-21.878037992930697
 30
0.0
 70
0
  0
VERTEX
  5
72B
  8
TEXT
 10
-1.2081796849159356
 20
-21.839014166131665
 30
0.0
 70
0
  0
VERTEX
  5
72C
  8
TEXT
 10
-1.2082945833427439
 20
-21.79925351830381
 30
0.0
 70
0
  0
VERTEX
  5
72D
  8
TEXT
 10
-1.2069943408449004
 20
-21.761531776785223
 30
0.0
 70
0
  0
VERTEX
  5
72E
  8
TEXT
 10
-1.204312572111576
 20
-21.7243030780156
 30
0.0
 70
0
  0
VERTEX
  5
72F
  8
TEXT
 10
-1.2002492771427709
 20
-21.687567421994938
 30
0.0
 70
0
  0
VERTEX
  5
730
  8
TEXT
 10
-1.1948044559384845
 20
-21.65132480872324
 30
0.0
 70
0
  0
VERTEX
  5
731
  8
TEXT
 10
-1.1879781084987178
 20
-21.615575238200503
 30
0.0
 70
0
  0
VERTEX
  5
732
  8
TEXT
 10
-1.1797702348234698
 20
-21.58031871042673
 30
0.0
 70
0
  0
VERTEX
  5
733
  8
TEXT
 10
-1.1701808349127412
 20
-21.54555522540192
 30
0.0
 70
0
  0
VERTEX
  5
734
  8
TEXT
 10
-1.1592099087665313
 20
-21.51128478312607
 30
0.0
 70
0
  0
VERTEX
  5
735
  8
TEXT
 10
-1.1468574563848408
 20
-21.477507383599182
 30
0.0
 70
0
  0
VERTEX
  5
736
  8
TEXT
 10
-1.1331234777676695
 20
-21.44422302682126
 30
0.0
 70
0
  0
VERTEX
  5
737
  8
TEXT
 10
-1.1164228893927075
 20
-21.408030203510652
 30
0.0
 70
0
  0
VERTEX
  5
738
  8
TEXT
 10
-1.0983761059009591
 20
-21.372869145586478
 30
0.0
 70
0
  0
VERTEX
  5
739
  8
TEXT
 10
-1.078983127292424
 20
-21.33873985304874
 30
0.0
 70
0
  0
VERTEX
  5
73A
  8
TEXT
 10
-1.0582439535671024
 20
-21.305642325897438
 30
0.0
 70
0
  0
VERTEX
  5
73B
  8
TEXT
 10
-1.0361585847249941
 20
-21.27357656413257
 30
0.0
 70
0
  0
VERTEX
  5
73C
  8
TEXT
 10
-1.0127270207660992
 20
-21.242542567754136
 30
0.0
 70
0
  0
VERTEX
  5
73D
  8
TEXT
 10
-0.987949261690418
 20
-21.212540336762135
 30
0.0
 70
0
  0
VERTEX
  5
73E
  8
TEXT
 10
-0.9618253074979501
 20
-21.18356987115657
 30
0.0
 70
0
  0
VERTEX
  5
73F
  8
TEXT
 10
-0.9343551581886957
 20
-21.155631170937443
 30
0.0
 70
0
  0
VERTEX
  5
740
  8
TEXT
 10
-0.9057272728150403
 20
-21.12888798190238
 30
0.0
 70
0
  0
VERTEX
  5
741
  8
TEXT
 10
-0.8761301104293693
 20
-21.10350404984901
 30
0.0
 70
0
  0
VERTEX
  5
742
  8
TEXT
 10
-0.8455636710316825
 20
-21.07947937477734
 30
0.0
 70
0
  0
VERTEX
  5
743
  8
TEXT
 10
-0.8140279546219803
 20
-21.05681395668736
 30
0.0
 70
0
  0
VERTEX
  5
744
  8
TEXT
 10
-0.7815229612002625
 20
-21.03550779557908
 30
0.0
 70
0
  0
VERTEX
  5
745
  8
TEXT
 10
-0.7480486907665291
 20
-21.015560891452495
 30
0.0
 70
0
  0
VERTEX
  5
746
  8
TEXT
 10
-0.7136051433207802
 20
-20.996973244307604
 30
0.0
 70
0
  0
VERTEX
  5
747
  8
TEXT
 10
-0.6781923188630155
 20
-20.979744854144407
 30
0.0
 70
0
  0
VERTEX
  5
748
  8
TEXT
 10
-0.6418102173932353
 20
-20.96387572096291
 30
0.0
 70
0
  0
VERTEX
  5
749
  8
TEXT
 10
-0.6084061758224918
 20
-20.95091892066556
 30
0.0
 70
0
  0
VERTEX
  5
74A
  8
TEXT
 10
-0.5745541830666794
 20
-20.93938962821669
 30
0.0
 70
0
  0
VERTEX
  5
74B
  8
TEXT
 10
-0.5402542391257987
 20
-20.9292878436163
 30
0.0
 70
0
  0
VERTEX
  5
74C
  8
TEXT
 10
-0.5055063439998486
 20
-20.920613566864386
 30
0.0
 70
0
  0
VERTEX
  5
74D
  8
TEXT
 10
-0.4703104976888302
 20
-20.91336679796095
 30
0.0
 70
0
  0
VERTEX
  5
74E
  8
TEXT
 10
-0.43466670019274295
 20
-20.90754753690599
 30
0.0
 70
0
  0
VERTEX
  5
74F
  8
TEXT
 10
-0.3985749515115872
 20
-20.90315578369951
 30
0.0
 70
0
  0
VERTEX
  5
750
  8
TEXT
 10
-0.36203525164536227
 20
-20.900191538341506
 30
0.0
 70
0
  0
VERTEX
  5
751
  8
TEXT
 10
-0.3250476005940688
 20
-20.89865480083198
 30
0.0
 70
0
  0
VERTEX
  5
752
  8
TEXT
 10
-0.2876119983577068
 20
-20.898545571170935
 30
0.0
 70
0
  0
VERTEX
  5
753
  8
TEXT
 10
-0.2493675645069487
 20
-20.899883150784394
 30
0.0
 70
0
  0
VERTEX
  5
754
  8
TEXT
 10
-0.211805528997495
 20
-20.902657110396916
 30
0.0
 70
0
  0
VERTEX
  5
755
  8
TEXT
 10
-0.17492589182934656
 20
-20.906867450008505
 30
0.0
 70
0
  0
VERTEX
  5
756
  8
TEXT
 10
-0.13872865300250234
 20
-20.912514169619158
 30
0.0
 70
0
  0
VERTEX
  5
757
  8
TEXT
 10
-0.10321381251696293
 20
-20.919597269228877
 30
0.0
 70
0
  0
VERTEX
  5
758
  8
TEXT
 10
-0.06838137037272818
 20
-20.92811674883766
 30
0.0
 70
0
  0
VERTEX
  5
759
  8
TEXT
 10
-0.034231326569797826
 20
-20.93807260844551
 30
0.0
 70
0
  0
VERTEX
  5
75A
  8
TEXT
 10
-0.0007636811081724315
 20
-20.949464848052422
 30
0.0
 70
0
  0
VERTEX
  5
75B
  8
TEXT
 10
0.03202156601214845
 20
-20.9622934676584
 30
0.0
 70
0
  0
VERTEX
  5
75C
  8
TEXT
 10
0.06412441479116499
 20
-20.976558467263445
 30
0.0
 70
0
  0
VERTEX
  5
75D
  8
TEXT
 10
0.09554486522887617
 20
-20.99225984686755
 30
0.0
 70
0
  0
VERTEX
  5
75E
  8
TEXT
 10
0.12628291732528324
 20
-21.009397606470724
 30
0.0
 70
0
  0
VERTEX
  5
75F
  8
TEXT
 10
0.15879484766783064
 20
-21.029520309908932
 30
0.0
 70
0
  0
VERTEX
  5
760
  8
TEXT
 10
0.19001023231200848
 20
-21.050929984726746
 30
0.0
 70
0
  0
VERTEX
  5
761
  8
TEXT
 10
0.2199290712578164
 20
-21.07362663092416
 30
0.0
 70
0
  0
VERTEX
  5
762
  8
TEXT
 10
0.24855136450525456
 20
-21.09761024850118
 30
0.0
 70
0
  0
VERTEX
  5
763
  8
TEXT
 10
0.27587711205432314
 20
-21.122880837457807
 30
0.0
 70
0
  0
VERTEX
  5
764
  8
TEXT
 10
0.30190631390502193
 20
-21.149438397794032
 30
0.0
 70
0
  0
VERTEX
  5
765
  8
TEXT
 10
0.32663897005735104
 20
-21.177282929509865
 30
0.0
 70
0
  0
VERTEX
  5
766
  8
TEXT
 10
0.35007508051131037
 20
-21.2064144326053
 30
0.0
 70
0
  0
VERTEX
  5
767
  8
TEXT
 10
0.3722146452669001
 20
-21.23683290708034
 30
0.0
 70
0
  0
VERTEX
  5
768
  8
TEXT
 10
0.39305766432411976
 20
-21.268538352934986
 30
0.0
 70
0
  0
VERTEX
  5
769
  8
TEXT
 10
0.41260413768296994
 20
-21.301530770169233
 30
0.0
 70
0
  0
VERTEX
  5
76A
  8
TEXT
 10
0.42917901371676354
 20
-21.332740302423574
 30
0.0
 70
0
  0
VERTEX
  5
76B
  8
TEXT
 10
0.44425694088375917
 20
-21.36470307715917
 30
0.0
 70
0
  0
VERTEX
  5
76C
  8
TEXT
 10
0.45783791918395583
 20
-21.397419094376023
 30
0.0
 70
0
  0
VERTEX
  5
76D
  8
TEXT
 10
0.4699219486173542
 20
-21.430888354074135
 30
0.0
 70
0
  0
VERTEX
  5
76E
  8
TEXT
 10
0.48050902918395294
 20
-21.465110856253503
 30
0.0
 70
0
  0
VERTEX
  5
76F
  8
TEXT
 10
0.48959916088375416
 20
-21.500086600914123
 30
0.0
 70
0
  0
VERTEX
  5
770
  8
TEXT
 10
0.49719234371675664
 20
-21.535815588056003
 30
0.0
 70
0
  0
VERTEX
  5
771
  8
TEXT
 10
0.5032885776829601
 20
-21.57229781767914
 30
0.0
 70
0
  0
VERTEX
  5
772
  8
TEXT
 10
0.5078878627823651
 20
-21.609533289783535
 30
0.0
 70
0
  0
VERTEX
  5
773
  8
TEXT
 10
0.5109901990149717
 20
-21.647522004369183
 30
0.0
 70
0
  0
VERTEX
  5
774
  8
TEXT
 10
0.5125955863807794
 20
-21.68626396143609
 30
0.0
 70
0
  0
VERTEX
  5
775
  8
TEXT
 10
0.5127040248797885
 20
-21.72575916098425
 30
0.0
 70
0
  0
VERTEX
  5
776
  8
TEXT
 10
0.5113920828141163
 20
-21.763488433812558
 30
0.0
 70
0
  0
VERTEX
  5
777
  8
TEXT
 10
0.5086752153773042
 20
-21.800739726511342
 30
0.0
 70
0
  0
VERTEX
  5
778
  8
TEXT
 10
0.5045534225693526
 20
-21.837513039080605
 30
0.0
 70
0
  0
VERTEX
  5
779
  8
TEXT
 10
0.4990267043902618
 20
-21.873808371520344
 30
0.0
 70
0
  0
VERTEX
  5
77A
  8
TEXT
 10
0.49209506084003235
 20
-21.909625723830562
 30
0.0
 70
0
  0
VERTEX
  5
77B
  8
TEXT
 10
0.4837584919186631
 20
-21.944965096011256
 30
0.0
 70
0
  0
VERTEX
  5
77C
  8
TEXT
 10
0.4740169976261546
 20
-21.97982648806243
 30
0.0
 70
0
  0
VERTEX
  5
77D
  8
TEXT
 10
0.4628705779625069
 20
-22.01420989998408
 30
0.0
 70
0
  0
VERTEX
  5
77E
  8
TEXT
 10
0.45031923292771986
 20
-22.048115331776206
 30
0.0
 70
0
  0
VERTEX
  5
77F
  8
TEXT
 10
0.43636296252179346
 20
-22.081542783438813
 30
0.0
 70
0
  0
VERTEX
  5
780
  8
TEXT
 10
0.4211587107131924
 20
-22.11433267287166
 30
0.0
 70
0
  0
VERTEX
  5
781
  8
TEXT
 10
0.40486342147037985
 20
-22.14632541797452
 30
0.0
 70
0
  0
VERTEX
  5
782
  8
TEXT
 10
0.3874770947933555
 20
-22.177521018747388
 30
0.0
 70
0
  0
VERTEX
  5
783
  8
TEXT
 10
0.3689997306821215
 20
-22.207919475190266
 30
0.0
 70
0
  0
VERTEX
  5
784
  8
TEXT
 10
0.3494313291366757
 20
-22.23752078730315
 30
0.0
 70
0
  0
VERTEX
  5
785
  8
TEXT
 10
0.32877189015701885
 20
-22.266324955086045
 30
0.0
 70
0
  0
VERTEX
  5
786
  8
TEXT
 10
0.3070214137431511
 20
-22.29433197853895
 30
0.0
 70
0
  0
VERTEX
  5
787
  8
TEXT
 10
0.2841798998950726
 20
-22.321541857661863
 30
0.0
 70
0
  0
VERTEX
  5
788
  8
TEXT
 10
0.26024734861278304
 20
-22.347954592454787
 30
0.0
 70
0
  0
VERTEX
  5
789
  8
TEXT
 10
0.2352237598962818
 20
-22.37357018291772
 30
0.0
 70
0
  0
VERTEX
  5
78A
  8
TEXT
 10
0.20635811924496156
 20
-22.40087657684514
 30
0.0
 70
0
  0
VERTEX
  5
78B
  8
TEXT
 10
0.17658143603234827
 20
-22.42675794018754
 30
0.0
 70
0
  0
VERTEX
  5
78C
  8
TEXT
 10
0.14589371025844183
 20
-22.451214272944917
 30
0.0
 70
0
  0
VERTEX
  5
78D
  8
TEXT
 10
0.11429494192324174
 20
-22.474245575117273
 30
0.0
 70
0
  0
VERTEX
  5
78E
  8
TEXT
 10
0.081785131026749
 20
-22.49585184670461
 30
0.0
 70
0
  0
VERTEX
  5
78F
  8
TEXT
 10
0.04836427756896339
 20
-22.516033087706926
 30
0.0
 70
0
  0
VERTEX
  5
790
  8
TEXT
 10
0.014032381549883954
 20
-22.534789298124224
 30
0.0
 70
0
  0
VERTEX
  5
791
  8
TEXT
 10
-0.021210557030488075
 20
-22.5521204779565
 30
0.0
 70
0
  0
VERTEX
  5
792
  8
TEXT
 10
-0.057364538172153534
 20
-22.568026627203754
 30
0.0
 70
0
  0
VERTEX
  5
793
  8
TEXT
 10
-0.09054092450807055
 20
-22.580987081899824
 30
0.0
 70
0
  0
VERTEX
  5
794
  8
TEXT
 10
-0.12417297915566058
 20
-22.59251990486949
 30
0.0
 70
0
  0
VERTEX
  5
795
  8
TEXT
 10
-0.1582607021149244
 20
-22.60262509611276
 30
0.0
 70
0
  0
VERTEX
  5
796
  8
TEXT
 10
-0.1928040933858604
 20
-22.61130265562963
 30
0.0
 70
0
  0
VERTEX
  5
797
  8
TEXT
 10
-0.2278031529684697
 20
-22.618552583420097
 30
0.0
 70
0
  0
VERTEX
  5
798
  8
TEXT
 10
-0.26325788086275204
 20
-22.62437487948416
 30
0.0
 70
0
  0
VERTEX
  5
799
  8
TEXT
 10
-0.29916827706870747
 20
-22.62876954382183
 30
0.0
 70
0
  0
VERTEX
  5
79A
  8
TEXT
 10
-0.3355343415863357
 20
-22.631736576433095
 30
0.0
 70
0
  0
VERTEX
  5
79B
  8
TEXT
 10
-0.3723560744156373
 20
-22.633275977317957
 30
0.0
 70
0
  0
SEQEND
  5
709
  8
TEXT
  0
POLYLINE
  5
79C
  8
TEXT
 66
1
 10
0.0
 20
0.0
 30
0.0
 70
1
  0
VERTEX
  5
79E
  8
TEXT
 10
-0.4059455829967736
 20
-22.35555880092999
 30
0.0
 70
0
  0
VERTEX
  5
79F
  8
TEXT
 10
-0.36829025392233156
 20
-22.355062568351187
 30
0.0
 70
0
  0
VERTEX
  5
7A0
  8
TEXT
 10
-0.331466582527922
 20
-22.352351608443293
 30
0.0
 70
0
  0
VERTEX
  5
7A1
  8
TEXT
 10
-0.29547456881354456
 20
-22.34742592120631
 30
0.0
 70
0
  0
VERTEX
  5
7A2
  8
TEXT
 10
-0.2603142127792002
 20
-22.340285506640235
 30
0.0
 70
0
  0
VERTEX
  5
7A3
  8
TEXT
 10
-0.22598551442488815
 20
-22.330930364745072
 30
0.0
 70
0
  0
VERTEX
  5
7A4
  8
TEXT
 10
-0.1924884737506083
 20
-22.31936049552082
 30
0.0
 70
0
  0
VERTEX
  5
7A5
  8
TEXT
 10
-0.1598230907563612
 20
-22.305575898967476
 30
0.0
 70
0
  0
VERTEX
  5
7A6
  8
TEXT
 10
-0.12798936544214629
 20
-22.289576575085043
 30
0.0
 70
0
  0
VERTEX
  5
7A7
  8
TEXT
 10
-0.09698729780796417
 20
-22.27136252387352
 30
0.0
 70
0
  0
VERTEX
  5
7A8
  8
TEXT
 10
-0.06708977015237139
 20
-22.251310555804928
 30
0.0
 70
0
  0
VERTEX
  5
7A9
  8
TEXT
 10
-0.038569664773925594
 20
-22.229797481351273
 30
0.0
 70
0
  0
VERTEX
  5
7AA
  8
TEXT
 10
-0.011426981672626346
 20
-22.206823300512564
 30
0.0
 70
0
  0
VERTEX
  5
7AB
  8
TEXT
 10
0.014338279151525912
 20
-22.1823880132888
 30
0.0
 70
0
  0
VERTEX
  5
7AC
  8
TEXT
 10
0.03872611769853157
 20
-22.15649161967998
 30
0.0
 70
0
  0
VERTEX
  5
7AD
  8
TEXT
 10
0.06173653396838996
 20
-22.1291341196861
 30
0.0
 70
0
  0
VERTEX
  5
7AE
  8
TEXT
 10
0.08336952796110209
 20
-22.100315513307162
 30
0.0
 70
0
  0
VERTEX
  5
7AF
  8
TEXT
 10
0.10362509967666733
 20
-22.07003580054317
 30
0.0
 70
0
  0
VERTEX
  5
7B0
  8
TEXT
 10
0.12250324911508553
 20
-22.03829498139412
 30
0.0
 70
0
  0
VERTEX
  5
7B1
  8
TEXT
 10
0.13971687947046035
 20
-22.00546487327007
 30
0.0
 70
0
  0
VERTEX
  5
7B2
  8
TEXT
 10
0.15497889393689473
 20
-21.971917293581082
 30
0.0
 70
0
  0
VERTEX
  5
7B3
  8
TEXT
 10
0.16828929251438945
 20
-21.937652242327154
 30
0.0
 70
0
  0
VERTEX
  5
7B4
  8
TEXT
 10
0.1796480752029435
 20
-21.902669719508282
 30
0.0
 70
0
  0
VERTEX
  5
7B5
  8
TEXT
 10
0.18905524200255724
 20
-21.866969725124473
 30
0.0
 70
0
  0
VERTEX
  5
7B6
  8
TEXT
 10
0.1965107929132312
 20
-21.830552259175718
 30
0.0
 70
0
  0
VERTEX
  5
7B7
  8
TEXT
 10
0.20201472793496472
 20
-21.793417321662027
 30
0.0
 70
0
  0
VERTEX
  5
7B8
  8
TEXT
 10
0.20556704706775802
 20
-21.75556491258339
 30
0.0
 70
0
  0
VERTEX
  5
7B9
  8
TEXT
 10
0.207167750311611
 20
-21.716995031939817
 30
0.0
 70
0
  0
VERTEX
  5
7BA
  8
TEXT
 10
0.20676855706072145
 20
-21.67874885124546
 30
0.0
 70
0
  0
VERTEX
  5
7BB
  8
TEXT
 10
0.20432600418406194
 20
-21.641567431535414
 30
0.0
 70
0
  0
VERTEX
  5
7BC
  8
TEXT
 10
0.19984009168163214
 20
-21.605450772809682
 30
0.0
 70
0
  0
VERTEX
  5
7BD
  8
TEXT
 10
0.19331081955343238
 20
-21.57039887506827
 30
0.0
 70
0
  0
VERTEX
  5
7BE
  8
TEXT
 10
0.18473818779946255
 20
-21.53641173831117
 30
0.0
 70
0
  0
VERTEX
  5
7BF
  8
TEXT
 10
0.17412219641972276
 20
-21.50348936253839
 30
0.0
 70
0
  0
VERTEX
  5
7C0
  8
TEXT
 10
0.1614628454142129
 20
-21.471631747749917
 30
0.0
 70
0
  0
VERTEX
  5
7C1
  8
TEXT
 10
0.14676013478293276
 20
-21.440838893945767
 30
0.0
 70
0
  0
VERTEX
  5
7C2
  8
TEXT
 10
0.12774889037502296
 20
-21.407286387414104
 30
0.0
 70
0
  0
VERTEX
  5
7C3
  8
TEXT
 10
0.10665662102366952
 20
-21.375795663960826
 30
0.0
 70
0
  0
VERTEX
  5
7C4
  8
TEXT
 10
0.08348332672887332
 20
-21.34636672358593
 30
0.0
 70
0
  0
VERTEX
  5
7C5
  8
TEXT
 10
0.05822900749063403
 20
-21.31899956628942
 30
0.0
 70
0
  0
VERTEX
  5
7C6
  8
TEXT
 10
0.030893663308951824
 20
-21.29369419207129
 30
0.0
 70
0
  0
VERTEX
  5
7C7
  8
TEXT
 10
0.0014772941838264164
 20
-21.27045060093154
 30
0.0
 70
0
  0
VERTEX
  5
7C8
  8
TEXT
 10
-0.03002009988474208
 20
-21.249268792870176
 30
0.0
 70
0
  0
VERTEX
  5
7C9
  8
TEXT
 10
-0.05901443131453915
 20
-21.232701774343
 30
0.0
 70
0
  0
VERTEX
  5
7CA
  8
TEXT
 10
-0.08905608915842289
 20
-21.21826482267527
 30
0.0
 70
0
  0
VERTEX
  5
7CB
  8
TEXT
 10
-0.1201450734163933
 20
-21.205957937866994
 30
0.0
 70
0
  0
VERTEX
  5
7CC
  8
TEXT
 10
-0.1522813840884502
 20
-21.19578111991817
 30
0.0
 70
0
  0
VERTEX
  5
7CD
  8
TEXT
 10
-0.18546502117459387
 20
-21.187734368828792
 30
0.0
 70
0
  0
VERTEX
  5
7CE
  8
TEXT
 10
-0.21969598467482418
 20
-21.18181768459887
 30
0.0
 70
0
  0
VERTEX
  5
7CF
  8
TEXT
 10
-0.254974274589141
 20
-21.178031067228392
 30
0.0
 70
0
  0
VERTEX
  5
7D0
  8
TEXT
 10
-0.29129989091754477
 20
-21.176374516717367
 30
0.0
 70
0
  0
VERTEX
  5
7D1
  8
TEXT
 10
-0.3284738610902579
 20
-21.176864181574192
 30
0.0
 70
0
  0
VERTEX
  5
7D2
  8
TEXT
 10
-0.3648824059933849
 20
-21.179538921259766
 30
0.0
 70
0
  0
VERTEX
  5
7D3
  8
TEXT
 10
-0.4005255256269257
 20
-21.184398735774096
 30
0.0
 70
0
  0
VERTEX
  5
7D4
  8
TEXT
 10
-0.43540321999088083
 20
-21.191443625117177
 30
0.0
 70
0
  0
VERTEX
  5
7D5
  8
TEXT
 10
-0.46951548908525
 20
-21.200673589289014
 30
0.0
 70
0
  0
VERTEX
  5
7D6
  8
TEXT
 10
-0.5028623329100329
 20
-21.212088628289603
 30
0.0
 70
0
  0
VERTEX
  5
7D7
  8
TEXT
 10
-0.53544375146523
 20
-21.225688742118944
 30
0.0
 70
0
  0
VERTEX
  5
7D8
  8
TEXT
 10
-0.5672597447508408
 20
-21.24147393077704
 30
0.0
 70
0
  0
VERTEX
  5
7D9
  8
TEXT
 10
-0.5983103127668659
 20
-21.259444194263892
 30
0.0
 70
0
  0
VERTEX
  5
7DA
  8
TEXT
 10
-0.6282844639475661
 20
-21.279223333850307
 30
0.0
 70
0
  0
VERTEX
  5
7DB
  8
TEXT
 10
-0.6568712067272025
 20
-21.3004351508071
 30
0.0
 70
0
  0
VERTEX
  5
7DC
  8
TEXT
 10
-0.6840705411057753
 20
-21.32307964513427
 30
0.0
 70
0
  0
VERTEX
  5
7DD
  8
TEXT
 10
-0.7098824670832846
 20
-21.34715681683182
 30
0.0
 70
0
  0
VERTEX
  5
7DE
  8
TEXT
 10
-0.7343069846597301
 20
-21.372666665899743
 30
0.0
 70
0
  0
VERTEX
  5
7DF
  8
TEXT
 10
-0.7573440938351121
 20
-21.399609192338048
 30
0.0
 70
0
  0
VERTEX
  5
7E0
  8
TEXT
 10
-0.7789937946094304
 20
-21.42798439614673
 30
0.0
 70
0
  0
VERTEX
  5
7E1
  8
TEXT
 10
-0.799256086982685
 20
-21.457792277325787
 30
0.0
 70
0
  0
VERTEX
  5
7E2
  8
TEXT
 10
-0.8181309709548761
 20
-21.489032835875225
 30
0.0
 70
0
  0
VERTEX
  5
7E3
  8
TEXT
 10
-0.8353372603963083
 20
-21.521405632793094
 30
0.0
 70
0
  0
VERTEX
  5
7E4
  8
TEXT
 10
-0.8505937691772857
 20
-21.554610229077447
 30
0.0
 70
0
  0
VERTEX
  5
7E5
  8
TEXT
 10
-0.8639004972978086
 20
-21.588646624728288
 30
0.0
 70
0
  0
VERTEX
  5
7E6
  8
TEXT
 10
-0.8752574447578771
 20
-21.623514819745616
 30
0.0
 70
0
  0
VERTEX
  5
7E7
  8
TEXT
 10
-0.884664611557491
 20
-21.659214814129427
 30
0.0
 70
0
  0
VERTEX
  5
7E8
  8
TEXT
 10
-0.8921219976966503
 20
-21.695746607879723
 30
0.0
 70
0
  0
VERTEX
  5
7E9
  8
TEXT
 10
-0.8976296031753555
 20
-21.733110200996506
 30
0.0
 70
0
  0
VERTEX
  5
7EA
  8
TEXT
 10
-0.9011874279936058
 20
-21.771305593479774
 30
0.0
 70
0
  0
VERTEX
  5
7EB
  8
TEXT
 10
-0.9027954721514018
 20
-21.81033278532953
 30
0.0
 70
0
  0
VERTEX
  5
7EC
  8
TEXT
 10
-0.9023965692393936
 20
-21.848597053039367
 30
0.0
 70
0
  0
VERTEX
  5
7ED
  8
TEXT
 10
-0.8999548873793788
 20
-21.885832733795848
 30
0.0
 70
0
  0
VERTEX
  5
7EE
  8
TEXT
 10
-0.8954704265713567
 20
-21.922039827598972
 30
0.0
 70
0
  0
VERTEX
  5
7EF
  8
TEXT
 10
-0.8889431868153277
 20
-21.957218334448736
 30
0.0
 70
0
  0
VERTEX
  5
7F0
  8
TEXT
 10
-0.8803731681112916
 20
-21.991368254345144
 30
0.0
 70
0
  0
VERTEX
  5
7F1
  8
TEXT
 10
-0.8697603704592485
 20
-22.024489587288194
 30
0.0
 70
0
  0
VERTEX
  5
7F2
  8
TEXT
 10
-0.8571047938591985
 20
-22.056582333277888
 30
0.0
 70
0
  0
VERTEX
  5
7F3
  8
TEXT
 10
-0.8424064383111414
 20
-22.087646492314224
 30
0.0
 70
0
  0
VERTEX
  5
7F4
  8
TEXT
 10
-0.8234162521950328
 20
-22.12152948003112
 30
0.0
 70
0
  0
VERTEX
  5
7F5
  8
TEXT
 10
-0.8023765396114171
 20
-22.153350179045464
 30
0.0
 70
0
  0
VERTEX
  5
7F6
  8
TEXT
 10
-0.7792873005602943
 20
-22.18310858935725
 30
0.0
 70
0
  0
VERTEX
  5
7F7
  8
TEXT
 10
-0.7541485350416639
 20
-22.210804710966478
 30
0.0
 70
0
  0
VERTEX
  5
7F8
  8
TEXT
 10
-0.7269602430555265
 20
-22.23643854387315
 30
0.0
 70
0
  0
VERTEX
  5
7F9
  8
TEXT
 10
-0.697722424601882
 20
-22.260010088077262
 30
0.0
 70
0
  0
VERTEX
  5
7FA
  8
TEXT
 10
-0.6664350796807301
 20
-22.28151934357882
 30
0.0
 70
0
  0
VERTEX
  5
7FB
  8
TEXT
 10
-0.6376259734889439
 20
-22.298354763949362
 30
0.0
 70
0
  0
VERTEX
  5
7FC
  8
TEXT
 10
-0.6077448441846696
 20
-22.313024330548007
 30
0.0
 70
0
  0
VERTEX
  5
7FD
  8
TEXT
 10
-0.5767916917679071
 20
-22.325528043374753
 30
0.0
 70
0
  0
VERTEX
  5
7FE
  8
TEXT
 10
-0.5447665162386566
 20
-22.3358659024296
 30
0.0
 70
0
  0
VERTEX
  5
7FF
  8
TEXT
 10
-0.511669317596918
 20
-22.344037907712547
 30
0.0
 70
0
  0
VERTEX
  5
800
  8
TEXT
 10
-0.4775000958426912
 20
-22.350044059223592
 30
0.0
 70
0
  0
VERTEX
  5
801
  8
TEXT
 10
-0.4422588509759765
 20
-22.35388435696274
 30
0.0
 70
0
  0
SEQEND
  5
79D
  8
TEXT
  0
POLYLINE
  5
802
  8
TEXT
 66
1
 10
0.0
 20
0.0
 30
0.0
 70
1
  0
VERTEX
  5
804
  8
TEXT
 10
0.8763725167648648
 20
-22.58719679497102
 30
0.0
 70
0
  0
VERTEX
  5
805
  8
TEXT
 10
1.0140843409733047
 20
-20.912361745541382
 30
0.0
 70
0
  0
VERTEX
  5
806
  8
TEXT
 10
1.2976329476280546
 20
-20.895886409217475
 30
0.0
 70
0
  0
VERTEX
  5
807
  8
TEXT
 10
1.2809974410214169
 20
-21.08858523138606
 30
0.0
 70
0
  0
VERTEX
  5
808
  8
TEXT
 10
1.3027838556405502
 20
-21.058456434891873
 30
0.0
 70
0
  0
VERTEX
  5
809
  8
TEXT
 10
1.3264019067949702
 20
-21.03028284969999
 30
0.0
 70
0
  0
VERTEX
  5
80A
  8
TEXT
 10
1.3518515944846763
 20
-21.004064475810416
 30
0.0
 70
0
  0
VERTEX
  5
80B
  8
TEXT
 10
1.3791329187096688
 20
-20.979801313223145
 30
0.0
 70
0
  0
VERTEX
  5
80C
  8
TEXT
 10
1.408245879469948
 20
-20.95749336193818
 30
0.0
 70
0
  0
VERTEX
  5
80D
  8
TEXT
 10
1.4391904767655137
 20
-20.93714062195552
 30
0.0
 70
0
  0
VERTEX
  5
80E
  8
TEXT
 10
1.4713028210553012
 20
-20.919329290278508
 30
0.0
 70
0
  0
VERTEX
  5
80F
  8
TEXT
 10
1.504886679574808
 20
-20.90355852063881
 30
0.0
 70
0
  0
VERTEX
  5
810
  8
TEXT
 10
1.5399420523240335
 20
-20.889828313036436
 30
0.0
 70
0
  0
VERTEX
  5
811
  8
TEXT
 10
1.5764689393029778
 20
-20.87813866747138
 30
0.0
 70
0
  0
VERTEX
  5
812
  8
TEXT
 10
1.614467340511641
 20
-20.868489583943646
 30
0.0
 70
0
  0
VERTEX
  5
813
  8
TEXT
 10
1.653937255950023
 20
-20.86088106245323
 30
0.0
 70
0
  0
VERTEX
  5
814
  8
TEXT
 10
1.6948786856181242
 20
-20.855313103000135
 30
0.0
 70
0
  0
VERTEX
  5
815
  8
TEXT
 10
1.7372916295159442
 20
-20.85178570558436
 30
0.0
 70
0
  0
VERTEX
  5
816
  8
TEXT
 10
1.8389992819029737
 20
-20.84587607407687
 30
0.0
 70
0
  0
VERTEX
  5
817
  8
TEXT
 10
1.8146916483159288
 20
-21.119424517096746
 30
0.0
 70
0
  0
VERTEX
  5
818
  8
TEXT
 10
1.6698352949162194
 20
-21.12784126500135
 30
0.0
 70
0
  0
VERTEX
  5
819
  8
TEXT
 10
1.631561590443304
 20
-21.131458637942494
 30
0.0
 70
0
  0
VERTEX
  5
81A
  8
TEXT
 10
1.5948190788570251
 20
-21.137774069952094
 30
0.0
 70
0
  0
VERTEX
  5
81B
  8
TEXT
 10
1.5596077601573834
 20
-21.14678756103015
 30
0.0
 70
0
  0
VERTEX
  5
81C
  8
TEXT
 10
1.5259276343443777
 20
-21.15849911117666
 30
0.0
 70
0
  0
VERTEX
  5
81D
  8
TEXT
 10
1.4937787014180086
 20
-21.17290872039163
 30
0.0
 70
0
  0
VERTEX
  5
81E
  8
TEXT
 10
1.4631609613782766
 20
-21.19001638867505
 30
0.0
 70
0
  0
VERTEX
  5
81F
  8
TEXT
 10
1.4340744142251807
 20
-21.20982211602693
 30
0.0
 70
0
  0
VERTEX
  5
820
  8
TEXT
 10
1.4065190599587214
 20
-21.23232590244727
 30
0.0
 70
0
  0
VERTEX
  5
821
  8
TEXT
 10
1.380494898578899
 20
-21.25752774793606
 30
0.0
 70
0
  0
VERTEX
  5
822
  8
TEXT
 10
1.3586905282623667
 20
-21.282498341405237
 30
0.0
 70
0
  0
VERTEX
  5
823
  8
TEXT
 10
1.3387428341984766
 20
-21.309618546771336
 30
0.0
 70
0
  0
VERTEX
  5
824
  8
TEXT
 10
1.320651816387229
 20
-21.338888364034354
 30
0.0
 70
0
  0
VERTEX
  5
825
  8
TEXT
 10
1.304417474828624
 20
-21.37030779319429
 30
0.0
 70
0
  0
VERTEX
  5
826
  8
TEXT
 10
1.2900398095226615
 20
-21.403876834251147
 30
0.0
 70
0
  0
VERTEX
  5
827
  8
TEXT
 10
1.2775188204693415
 20
-21.439595487204922
 30
0.0
 70
0
  0
VERTEX
  5
828
  8
TEXT
 10
1.266854507668664
 20
-21.477463752055616
 30
0.0
 70
0
  0
VERTEX
  5
829
  8
TEXT
 10
1.258046871120629
 20
-21.517481628803232
 30
0.0
 70
0
  0
VERTEX
  5
82A
  8
TEXT
 10
1.2510959108252366
 20
-21.559649117447762
 30
0.0
 70
0
  0
VERTEX
  5
82B
  8
TEXT
 10
1.2460016267824865
 20
-21.603966217989218
 30
0.0
 70
0
  0
VERTEX
  5
82C
  8
TEXT
 10
1.1691672736366174
 20
-22.570184219419165
 30
0.0
 70
0
  0
SEQEND
  5
803
  8
TEXT
  0
POLYLINE
  5
82D
  8
TEXT
 66
1
 10
0.0
 20
0.0
 30
0.0
 70
1
  0
VERTEX
  5
82F
  8
TEXT
 10
2.531764092709472
 20
-22.459221353515336
 30
0.0
 70
0
  0
VERTEX
  5
830
  8
TEXT
 10
1.9159835862465202
 20
-20.858927573607176
 30
0.0
 70
0
  0
VERTEX
  5
831
  8
TEXT
 10
2.2192873028555926
 20
-20.821228924044622
 30
0.0
 70
0
  0
VERTEX
  5
832
  8
TEXT
 10
2.6626367814694794
 20
-22.03541319998019
 30
0.0
 70
0
  0
VERTEX
  5
833
  8
TEXT
 10
3.150644170018805
 20
-20.70546741427678
 30
0.0
 70
0
  0
VERTEX
  5
834
  8
TEXT
 10
3.481520951774157
 20
-20.664341614753994
 30
0.0
 70
0
  0
VERTEX
  5
835
  8
TEXT
 10
2.804431070267123
 20
-22.42533064835304
 30
0.0
 70
0
  0
SEQEND
  5
82E
  8
TEXT
  0
POLYLINE
  5
836
  8
TEXT
 66
1
 10
0.0
 20
0.0
 30
0.0
 70
1
  0
VERTEX
  5
838
  8
TEXT
 10
4.65333487514294
 20
-22.153610457177145
 30
0.0
 70
0
  0
VERTEX
  5
839
  8
TEXT
 10
4.612409386517098
 20
-22.16133778534846
 30
0.0
 70
0
  0
VERTEX
  5
83A
  8
TEXT
 10
4.5720253822367125
 20
-22.16717814813469
 30
0.0
 70
0
  0
VERTEX
  5
83B
  8
TEXT
 10
4.532182862301786
 20
-22.17113154553582
 30
0.0
 70
0
  0
VERTEX
  5
83C
  8
TEXT
 10
4.492881826712318
 20
-22.17319797755186
 30
0.0
 70
0
  0
VERTEX
  5
83D
  8
TEXT
 10
4.454122275468308
 20
-22.17337744418281
 30
0.0
 70
0
  0
VERTEX
  5
83E
  8
TEXT
 10
4.415904208569755
 20
-22.17166994542867
 30
0.0
 70
0
  0
VERTEX
  5
83F
  8
TEXT
 10
4.378227626016661
 20
-22.168075481289435
 30
0.0
 70
0
  0
VERTEX
  5
840
  8
TEXT
 10
4.341092527809025
 20
-22.162594051765108
 30
0.0
 70
0
  0
VERTEX
  5
841
  8
TEXT
 10
4.304498913946846
 20
-22.155225656855688
 30
0.0
 70
0
  0
VERTEX
  5
842
  8
TEXT
 10
4.268446784430126
 20
-22.145970296561178
 30
0.0
 70
0
  0
VERTEX
  5
843
  8
TEXT
 10
4.232936139258864
 20
-22.134827970881574
 30
0.0
 70
0
  0
VERTEX
  5
844
  8
TEXT
 10
4.198173934428535
 20
-22.121976745084257
 30
0.0
 70
0
  0
VERTEX
  5
845
  8
TEXT
 10
4.164367125934613
 20
-22.107594684436602
 30
0.0
 70
0
  0
VERTEX
  5
846
  8
TEXT
 10
4.1315157137771
 20
-22.091681788938608
 30
0.0
 70
0
  0
VERTEX
  5
847
  8
TEXT
 10
4.099619697955995
 20
-22.07423805859028
 30
0.0
 70
0
  0
VERTEX
  5
848
  8
TEXT
 10
4.068679078471297
 20
-22.05526349339161
 30
0.0
 70
0
  0
VERTEX
  5
849
  8
TEXT
 10
4.038693855323007
 20
-22.034758093342607
 30
0.0
 70
0
  0
VERTEX
  5
84A
  8
TEXT
 10
4.009664028511126
 20
-22.012721858443264
 30
0.0
 70
0
  0
VERTEX
  5
84B
  8
TEXT
 10
3.9815895980356517
 20
-21.989154788693586
 30
0.0
 70
0
  0
VERTEX
  5
84C
  8
TEXT
 10
3.9544705638965856
 20
-21.96405688409357
 30
0.0
 70
0
  0
VERTEX
  5
84D
  8
TEXT
 10
3.928306926093927
 20
-21.937428144643217
 30
0.0
 70
0
  0
VERTEX
  5
84E
  8
TEXT
 10
3.9030986846276767
 20
-21.909268570342526
 30
0.0
 70
0
  0
VERTEX
  5
84F
  8
TEXT
 10
3.881037996805333
 20
-21.882264321872814
 30
0.0
 70
0
  0
VERTEX
  5
850
  8
TEXT
 10
3.860195262718054
 20
-21.854280727961086
 30
0.0
 70
0
  0
VERTEX
  5
851
  8
TEXT
 10
3.8405704823658393
 20
-21.825317788607343
 30
0.0
 70
0
  0
VERTEX
  5
852
  8
TEXT
 10
3.8221636557486898
 20
-21.79537550381158
 30
0.0
 70
0
  0
VERTEX
  5
853
  8
TEXT
 10
3.8049747828666045
 20
-21.764453873573807
 30
0.0
 70
0
  0
VERTEX
  5
854
  8
TEXT
 10
3.789003863719584
 20
-21.732552897894013
 30
0.0
 70
0
  0
VERTEX
  5
855
  8
TEXT
 10
3.774250898307628
 20
-21.699672576772205
 30
0.0
 70
0
  0
VERTEX
  5
856
  8
TEXT
 10
3.760715886630737
 20
-21.66581291020838
 30
0.0
 70
0
  0
VERTEX
  5
857
  8
TEXT
 10
3.7483988286889103
 20
-21.63097389820254
 30
0.0
 70
0
  0
VERTEX
  5
858
  8
TEXT
 10
3.7372997244821486
 20
-21.595155540754686
 30
0.0
 70
0
  0
VERTEX
  5
859
  8
TEXT
 10
3.7274185740104513
 20
-21.558357837864815
 30
0.0
 70
0
  0
VERTEX
  5
85A
  8
TEXT
 10
3.7187553772738187
 20
-21.520580789532925
 30
0.0
 70
0
  0
VERTEX
  5
85B
  8
TEXT
 10
3.7116617186530547
 20
-21.483805017839916
 30
0.0
 70
0
  0
VERTEX
  5
85C
  8
TEXT
 10
3.7058957136965036
 20
-21.447191491736465
 30
0.0
 70
0
  0
VERTEX
  5
85D
  8
TEXT
 10
3.701457362404165
 20
-21.410740211222574
 30
0.0
 70
0
  0
VERTEX
  5
85E
  8
TEXT
 10
3.698346664776039
 20
-21.374451176298237
 30
0.0
 70
0
  0
VERTEX
  5
85F
  8
TEXT
 10
3.6965636208121264
 20
-21.338324386963464
 30
0.0
 70
0
  0
VERTEX
  5
860
  8
TEXT
 10
3.6961082305124258
 20
-21.302359843218245
 30
0.0
 70
0
  0
VERTEX
  5
861
  8
TEXT
 10
3.6969804938769384
 20
-21.266557545062586
 30
0.0
 70
0
  0
VERTEX
  5
862
  8
TEXT
 10
3.6991804109056634
 20
-21.230917492496488
 30
0.0
 70
0
  0
VERTEX
  5
863
  8
TEXT
 10
3.7027079815986017
 20
-21.195439685519943
 30
0.0
 70
0
  0
VERTEX
  5
864
  8
TEXT
 10
3.707563205955752
 20
-21.160124124132963
 30
0.0
 70
0
  0
VERTEX
  5
865
  8
TEXT
 10
3.7144610324402882
 20
-21.121281009805358
 30
0.0
 70
0
  0
VERTEX
  5
866
  8
TEXT
 10
3.7228899536955486
 20
-21.083050419249666
 30
0.0
 70
0
  0
VERTEX
  5
867
  8
TEXT
 10
3.7328499697215327
 20
-21.045432352465888
 30
0.0
 70
0
  0
VERTEX
  5
868
  8
TEXT
 10
3.7443410805182404
 20
-21.00842680945402
 30
0.0
 70
0
  0
VERTEX
  5
869
  8
TEXT
 10
3.7573632860856723
 20
-20.972033790214063
 30
0.0
 70
0
  0
VERTEX
  5
86A
  8
TEXT
 10
3.7719165864238278
 20
-20.93625329474602
 30
0.0
 70
0
  0
VERTEX
  5
86B
  8
TEXT
 10
3.788000981532707
 20
-20.90108532304989
 30
0.0
 70
0
  0
VERTEX
  5
86C
  8
TEXT
 10
3.80561647141231
 20
-20.86652987512567
 30
0.0
 70
0
  0
VERTEX
  5
86D
  8
TEXT
 10
3.824763056062637
 20
-20.832586950973365
 30
0.0
 70
0
  0
VERTEX
  5
86E
  8
TEXT
 10
3.8452679792486313
 20
-20.79954608178796
 30
0.0
 70
0
  0
VERTEX
  5
86F
  8
TEXT
 10
3.866958484735236
 20
-20.767696798764444
 30
0.0
 70
0
  0
VERTEX
  5
870
  8
TEXT
 10
3.8898345725224504
 20
-20.737039101902816
 30
0.0
 70
0
  0
VERTEX
  5
871
  8
TEXT
 10
3.9138962426102757
 20
-20.70757299120308
 30
0.0
 70
0
  0
VERTEX
  5
872
  8
TEXT
 10
3.939143494998711
 20
-20.67929846666523
 30
0.0
 70
0
  0
VERTEX
  5
873
  8
TEXT
 10
3.965576329687757
 20
-20.652215528289275
 30
0.0
 70
0
  0
VERTEX
  5
874
  8
TEXT
 10
3.993194746677413
 20
-20.626324176075205
 30
0.0
 70
0
  0
VERTEX
  5
875
  8
TEXT
 10
4.02199874596768
 20
-20.601624410023028
 30
0.0
 70
0
  0
VERTEX
  5
876
  8
TEXT
 10
4.051988327558556
 20
-20.57811623013274
 30
0.0
 70
0
  0
VERTEX
  5
877
  8
TEXT
 10
4.079979100976656
 20
-20.558138265138105
 30
0.0
 70
0
  0
VERTEX
  5
878
  8
TEXT
 10
4.108903150296829
 20
-20.539446666411028
 30
0.0
 70
0
  0
VERTEX
  5
879
  8
TEXT
 10
4.138760475519074
 20
-20.522041433951504
 30
0.0
 70
0
  0
VERTEX
  5
87A
  8
TEXT
 10
4.169551076643391
 20
-20.50592256775953
 30
0.0
 70
0
  0
VERTEX
  5
87B
  8
TEXT
 10
4.201274953669782
 20
-20.491090067835113
 30
0.0
 70
0
  0
VERTEX
  5
87C
  8
TEXT
 10
4.233932106598244
 20
-20.47754393417825
 30
0.0
 70
0
  0
VERTEX
  5
87D
  8
TEXT
 10
4.267522535428779
 20
-20.46528416678894
 30
0.0
 70
0
  0
VERTEX
  5
87E
  8
TEXT
 10
4.3020462401613875
 20
-20.454310765667188
 30
0.0
 70
0
  0
VERTEX
  5
87F
  8
TEXT
 10
4.3375032207960675
 20
-20.444623730812985
 30
0.0
 70
0
  0
VERTEX
  5
880
  8
TEXT
 10
4.37389347733282
 20
-20.43622306222634
 30
0.0
 70
0
  0
VERTEX
  5
881
  8
TEXT
 10
4.415243411972951
 20
-20.42840639842794
 30
0.0
 70
0
  0
VERTEX
  5
882
  8
TEXT
 10
4.455802188141572
 20
-20.4225292503835
 30
0.0
 70
0
  0
VERTEX
  5
883
  8
TEXT
 10
4.4955698058386835
 20
-20.418591618093032
 30
0.0
 70
0
  0
VERTEX
  5
884
  8
TEXT
 10
4.534546265064284
 20
-20.416593501556523
 30
0.0
 70
0
  0
VERTEX
  5
885
  8
TEXT
 10
4.572731565818375
 20
-20.41653490077398
 30
0.0
 70
0
  0
VERTEX
  5
886
  8
TEXT
 10
4.610125708100957
 20
-20.418415815745398
 30
0.0
 70
0
  0
VERTEX
  5
887
  8
TEXT
 10
4.646728691912028
 20
-20.42223624647078
 30
0.0
 70
0
  0
VERTEX
  5
888
  8
TEXT
 10
4.682540517251589
 20
-20.42799619295013
 30
0.0
 70
0
  0
VERTEX
  5
889
  8
TEXT
 10
4.717561184119639
 20
-20.43569565518344
 30
0.0
 70
0
  0
VERTEX
  5
88A
  8
TEXT
 10
4.75179069251618
 20
-20.445334633170717
 30
0.0
 70
0
  0
VERTEX
  5
88B
  8
TEXT
 10
4.785229042441211
 20
-20.456913126911957
 30
0.0
 70
0
  0
VERTEX
  5
88C
  8
TEXT
 10
4.8209511771580935
 20
-20.47149448522751
 30
0.0
 70
0
  0
VERTEX
  5
88D
  8
TEXT
 10
4.855423485792336
 20
-20.487632406614082
 30
0.0
 70
0
  0
VERTEX
  5
88E
  8
TEXT
 10
4.888645968343937
 20
-20.505326891071675
 30
0.0
 70
0
  0
VERTEX
  5
88F
  8
TEXT
 10
4.920618624812898
 20
-20.524577938600284
 30
0.0
 70
0
  0
VERTEX
  5
890
  8
TEXT
 10
4.951341455199218
 20
-20.545385549199914
 30
0.0
 70
0
  0
VERTEX
  5
891
  8
TEXT
 10
4.980814459502897
 20
-20.56774972287056
 30
0.0
 70
0
  0
VERTEX
  5
892
  8
TEXT
 10
5.009037637723935
 20
-20.591670459612228
 30
0.0
 70
0
  0
VERTEX
  5
893
  8
TEXT
 10
5.036010989862332
 20
-20.61714775942491
 30
0.0
 70
0
  0
VERTEX
  5
894
  8
TEXT
 10
5.061734515918089
 20
-20.644181622308615
 30
0.0
 70
0
  0
VERTEX
  5
895
  8
TEXT
 10
5.0862082158912045
 20
-20.672772048263337
 30
0.0
 70
0
  0
VERTEX
  5
896
  8
TEXT
 10
5.109271513532955
 20
-20.702605796811202
 30
0.0
 70
0
  0
VERTEX
  5
897
  8
TEXT
 10
5.130763832594614
 20
-20.73336962747434
 30
0.0
 70
0
  0
VERTEX
  5
898
  8
TEXT
 10
5.150685173076179
 20
-20.765063540252743
 30
0.0
 70
0
  0
VERTEX
  5
899
  8
TEXT
 10
5.169035534977654
 20
-20.79768753514642
 30
0.0
 70
0
  0
VERTEX
  5
89A
  8
TEXT
 10
5.185814918299038
 20
-20.831241612155363
 30
0.0
 70
0
  0
VERTEX
  5
89B
  8
TEXT
 10
5.201023323040331
 20
-20.86572577127958
 30
0.0
 70
0
  0
VERTEX
  5
89C
  8
TEXT
 10
5.214660749201531
 20
-20.90114001251906
 30
0.0
 70
0
  0
VERTEX
  5
89D
  8
TEXT
 10
5.22672719678264
 20
-20.937484335873812
 30
0.0
 70
0
  0
VERTEX
  5
89E
  8
TEXT
 10
5.237222665783658
 20
-20.974758741343834
 30
0.0
 70
0
  0
VERTEX
  5
89F
  8
TEXT
 10
5.246147156204584
 20
-21.012963228929127
 30
0.0
 70
0
  0
VERTEX
  5
8A0
  8
TEXT
 10
5.252487846583775
 20
-21.04808517321955
 30
0.0
 70
0
  0
VERTEX
  5
8A1
  8
TEXT
 10
5.257097103218746
 20
-21.084973715785644
 30
0.0
 70
0
  0
VERTEX
  5
8A2
  8
TEXT
 10
5.259974926109499
 20
-21.123628856627406
 30
0.0
 70
0
  0
VERTEX
  5
8A3
  8
TEXT
 10
5.261563125819242
 20
-21.16115325865685
 30
0.0
 70
0
  0
VERTEX
  5
8A4
  8
TEXT
 10
5.262303512911185
 20
-21.19464958478599
 30
0.0
 70
0
  0
VERTEX
  5
8A5
  8
TEXT
 10
5.262196087385328
 20
-21.22411783501482
 30
0.0
 70
0
  0
VERTEX
  5
8A6
  8
TEXT
 10
4.014499577265915
 20
-21.486727793378382
 30
0.0
 70
0
  0
VERTEX
  5
8A7
  8
TEXT
 10
4.016407155655965
 20
-21.495790964154068
 30
0.0
 70
0
  0
VERTEX
  5
8A8
  8
TEXT
 10
4.018314734046015
 20
-21.504854134929754
 30
0.0
 70
0
  0
VERTEX
  5
8A9
  8
TEXT
 10
4.027148704695216
 20
-21.541790085268705
 30
0.0
 70
0
  0
VERTEX
  5
8AA
  8
TEXT
 10
4.03775413005907
 20
-21.577071513154845
 30
0.0
 70
0
  0
VERTEX
  5
8AB
  8
TEXT
 10
4.050131010137575
 20
-21.61069841858817
 30
0.0
 70
0
  0
VERTEX
  5
8AC
  8
TEXT
 10
4.064279344930732
 20
-21.642670801568684
 30
0.0
 70
0
  0
VERTEX
  5
8AD
  8
TEXT
 10
4.0801991344385415
 20
-21.672988662096387
 30
0.0
 70
0
  0
VERTEX
  5
8AE
  8
TEXT
 10
4.0978903786610035
 20
-21.701652000171276
 30
0.0
 70
0
  0
VERTEX
  5
8AF
  8
TEXT
 10
4.117353077598117
 20
-21.72866081579335
 30
0.0
 70
0
  0
VERTEX
  5
8B0
  8
TEXT
 10
4.138587231249883
 20
-21.754015108962616
 30
0.0
 70
0
  0
VERTEX
  5
8B1
  8
TEXT
 10
4.164533988827766
 20
-21.780778891215473
 30
0.0
 70
0
  0
VERTEX
  5
8B2
  8
TEXT
 10
4.191814533540637
 20
-21.80500845067608
 30
0.0
 70
0
  0
VERTEX
  5
8B3
  8
TEXT
 10
4.220428865388496
 20
-21.826703787344442
 30
0.0
 70
0
  0
VERTEX
  5
8B4
  8
TEXT
 10
4.250376984371342
 20
-21.845864901220555
 30
0.0
 70
0
  0
VERTEX
  5
8B5
  8
TEXT
 10
4.281658890489175
 20
-21.86249179230442
 30
0.0
 70
0
  0
VERTEX
  5
8B6
  8
TEXT
 10
4.314274583741995
 20
-21.876584460596035
 30
0.0
 70
0
  0
VERTEX
  5
8B7
  8
TEXT
 10
4.348224064129803
 20
-21.888142906095407
 30
0.0
 70
0
  0
VERTEX
  5
8B8
  8
TEXT
 10
4.38308062575585
 20
-21.89712816906092
 30
0.0
 70
0
  0
VERTEX
  5
8B9
  8
TEXT
 10
4.418417562723386
 20
-21.903501289750977
 30
0.0
 70
0
  0
VERTEX
  5
8BA
  8
TEXT
 10
4.454234875032412
 20
-21.907262268165574
 30
0.0
 70
0
  0
VERTEX
  5
8BB
  8
TEXT
 10
4.490532562682929
 20
-21.908411104304708
 30
0.0
 70
0
  0
VERTEX
  5
8BC
  8
TEXT
 10
4.527310625674935
 20
-21.906947798168385
 30
0.0
 70
0
  0
VERTEX
  5
8BD
  8
TEXT
 10
4.564569064008431
 20
-21.902872349756603
 30
0.0
 70
0
  0
VERTEX
  5
8BE
  8
TEXT
 10
4.602307877683417
 20
-21.89618475906936
 30
0.0
 70
0
  0
VERTEX
  5
8BF
  8
TEXT
 10
4.642862397926303
 20
-21.886391986293432
 30
0.0
 70
0
  0
VERTEX
  5
8C0
  8
TEXT
 10
4.681446893211175
 20
-21.874499803207772
 30
0.0
 70
0
  0
VERTEX
  5
8C1
  8
TEXT
 10
4.718061363538031
 20
-21.86050820981238
 30
0.0
 70
0
  0
VERTEX
  5
8C2
  8
TEXT
 10
4.752705808906873
 20
-21.84441720610726
 30
0.0
 70
0
  0
VERTEX
  5
8C3
  8
TEXT
 10
4.7853802293177
 20
-21.826226792092406
 30
0.0
 70
0
  0
VERTEX
  5
8C4
  8
TEXT
 10
4.816084624770513
 20
-21.80593696776782
 30
0.0
 70
0
  0
VERTEX
  5
8C5
  8
TEXT
 10
4.844818995265311
 20
-21.783547733133503
 30
0.0
 70
0
  0
VERTEX
  5
8C6
  8
TEXT
 10
4.871583340802094
 20
-21.759059088189456
 30
0.0
 70
0
  0
VERTEX
  5
8C7
  8
TEXT
 10
4.896544089044698
 20
-21.73302754580504
 30
0.0
 70
0
  0
VERTEX
  5
8C8
  8
TEXT
 10
4.919867667656956
 20
-21.706009618849627
 30
0.0
 70
0
  0
VERTEX
  5
8C9
  8
TEXT
 10
4.94155407663887
 20
-21.67800530732321
 30
0.0
 70
0
  0
VERTEX
  5
8CA
  8
TEXT
 10
4.9616033159904385
 20
-21.649014611225798
 30
0.0
 70
0
  0
VERTEX
  5
8CB
  8
TEXT
 10
4.9800153857116625
 20
-21.61903753055738
 30
0.0
 70
0
  0
VERTEX
  5
8CC
  8
TEXT
 10
4.996790285802541
 20
-21.588074065317965
 30
0.0
 70
0
  0
VERTEX
  5
8CD
  8
TEXT
 10
5.011928016263074
 20
-21.55612421550755
 30
0.0
 70
0
  0
VERTEX
  5
8CE
  8
TEXT
 10
5.025428577093263
 20
-21.523187981126135
 30
0.0
 70
0
  0
VERTEX
  5
8CF
  8
TEXT
 10
5.284756057796566
 20
-21.601111193307784
 30
0.0
 70
0
  0
VERTEX
  5
8D0
  8
TEXT
 10
5.274007161114711
 20
-21.63630676444899
 30
0.0
 70
0
  0
VERTEX
  5
8D1
  8
TEXT
 10
5.261116631889368
 20
-21.671116085851406
 30
0.0
 70
0
  0
VERTEX
  5
8D2
  8
TEXT
 10
5.246084470120538
 20
-21.70553915751503
 30
0.0
 70
0
  0
VERTEX
  5
8D3
  8
TEXT
 10
5.228910675808221
 20
-21.739575979439863
 30
0.0
 70
0
  0
VERTEX
  5
8D4
  8
TEXT
 10
5.209595248952417
 20
-21.773226551625903
 30
0.0
 70
0
  0
VERTEX
  5
8D5
  8
TEXT
 10
5.1881381895531264
 20
-21.806490874073155
 30
0.0
 70
0
  0
VERTEX
  5
8D6
  8
TEXT
 10
5.164539497610348
 20
-21.839368946781615
 30
0.0
 70
0
  0
VERTEX
  5
8D7
  8
TEXT
 10
5.142258070795669
 20
-21.867473847602238
 30
0.0
 70
0
  0
VERTEX
  5
8D8
  8
TEXT
 10
5.118585429727042
 20
-21.894589891345742
 30
0.0
 70
0
  0
VERTEX
  5
8D9
  8
TEXT
 10
5.093521574404469
 20
-21.920717078012128
 30
0.0
 70
0
  0
VERTEX
  5
8DA
  8
TEXT
 10
5.06706650482795
 20
-21.945855407601396
 30
0.0
 70
0
  0
VERTEX
  5
8DB
  8
TEXT
 10
5.039220220997483
 20
-21.970004880113546
 30
0.0
 70
0
  0
VERTEX
  5
8DC
  8
TEXT
 10
5.009982722913071
 20
-21.993165495548578
 30
0.0
 70
0
  0
VERTEX
  5
8DD
  8
TEXT
 10
4.979354010574711
 20
-22.015337253906495
 30
0.0
 70
0
  0
VERTEX
  5
8DE
  8
TEXT
 10
4.947334083982404
 20
-22.03652015518729
 30
0.0
 70
0
  0
VERTEX
  5
8DF
  8
TEXT
 10
4.917855153527177
 20
-22.05431216206992
 30
0.0
 70
0
  0
VERTEX
  5
8E0
  8
TEXT
 10
4.887579310995772
 20
-22.0709086756205
 30
0.0
 70
0
  0
VERTEX
  5
8E1
  8
TEXT
 10
4.856506556388188
 20
-22.08630969583903
 30
0.0
 70
0
  0
VERTEX
  5
8E2
  8
TEXT
 10
4.8246368897044265
 20
-22.10051522272551
 30
0.0
 70
0
  0
VERTEX
  5
8E3
  8
TEXT
 10
4.791970310944486
 20
-22.113525256279935
 30
0.0
 70
0
  0
VERTEX
  5
8E4
  8
TEXT
 10
4.758506820108368
 20
-22.125339796502313
 30
0.0
 70
0
  0
VERTEX
  5
8E5
  8
TEXT
 10
4.7242464171960705
 20
-22.13595884339264
 30
0.0
 70
0
  0
VERTEX
  5
8E6
  8
TEXT
 10
4.689189102207595
 20
-22.145382396950918
 30
0.0
 70
0
  0
SEQEND
  5
837
  8
TEXT
  0
POLYLINE
  5
8E7
  8
TEXT
 66
1
 10
0.0
 20
0.0
 30
0.0
 70
1
  0
VERTEX
  5
8E9
  8
TEXT
 10
3.993841389450199
 20
-21.238684644726593
 30
0.0
 70
0
  0
VERTEX
  5
8EA
  8
TEXT
 10
4.942453263971981
 20
-21.039024773234686
 30
0.0
 70
0
  0
VERTEX
  5
8EB
  8
TEXT
 10
4.935891426141989
 20
-21.003051984211705
 30
0.0
 70
0
  0
VERTEX
  5
8EC
  8
TEXT
 10
4.9266328486920505
 20
-20.968656358489618
 30
0.0
 70
0
  0
VERTEX
  5
8ED
  8
TEXT
 10
4.914677531622164
 20
-20.935837896068417
 30
0.0
 70
0
  0
VERTEX
  5
8EE
  8
TEXT
 10
4.900025474932331
 20
-20.904596596948107
 30
0.0
 70
0
  0
VERTEX
  5
8EF
  8
TEXT
 10
4.88267667862255
 20
-20.874932461128683
 30
0.0
 70
0
  0
VERTEX
  5
8F0
  8
TEXT
 10
4.86126168385479
 20
-20.84354487828696
 30
0.0
 70
0
  0
VERTEX
  5
8F1
  8
TEXT
 10
4.8378087520519575
 20
-20.814710953752716
 30
0.0
 70
0
  0
VERTEX
  5
8F2
  8
TEXT
 10
4.812317883214051
 20
-20.788430687525956
 30
0.0
 70
0
  0
VERTEX
  5
8F3
  8
TEXT
 10
4.784789077341072
 20
-20.764704079606673
 30
0.0
 70
0
  0
VERTEX
  5
8F4
  8
TEXT
 10
4.755222334433019
 20
-20.74353112999487
 30
0.0
 70
0
  0
VERTEX
  5
8F5
  8
TEXT
 10
4.7236176544898925
 20
-20.724911838690552
 30
0.0
 70
0
  0
VERTEX
  5
8F6
  8
TEXT
 10
4.689975037511693
 20
-20.70884620569371
 30
0.0
 70
0
  0
VERTEX
  5
8F7
  8
TEXT
 10
4.659275912965801
 20
-20.69719165963868
 30
0.0
 70
0
  0
VERTEX
  5
8F8
  8
TEXT
 10
4.627836313945661
 20
-20.688108428199016
 30
0.0
 70
0
  0
VERTEX
  5
8F9
  8
TEXT
 10
4.595656240451275
 20
-20.681596511374714
 30
0.0
 70
0
  0
VERTEX
  5
8FA
  8
TEXT
 10
4.562735692482643
 20
-20.677655909165775
 30
0.0
 70
0
  0
VERTEX
  5
8FB
  8
TEXT
 10
4.529074670039763
 20
-20.6762866215722
 30
0.0
 70
0
  0
VERTEX
  5
8FC
  8
TEXT
 10
4.494673173122637
 20
-20.67748864859399
 30
0.0
 70
0
  0
VERTEX
  5
8FD
  8
TEXT
 10
4.459531201731264
 20
-20.681261990231143
 30
0.0
 70
0
  0
VERTEX
  5
8FE
  8
TEXT
 10
4.423648755865643
 20
-20.687606646483662
 30
0.0
 70
0
  0
VERTEX
  5
8FF
  8
TEXT
 10
4.383692817806816
 20
-20.697165408842352
 30
0.0
 70
0
  0
VERTEX
  5
900
  8
TEXT
 10
4.3457292136031995
 20
-20.708602839356487
 30
0.0
 70
0
  0
VERTEX
  5
901
  8
TEXT
 10
4.309757943254793
 20
-20.72191893802607
 30
0.0
 70
0
  0
VERTEX
  5
902
  8
TEXT
 10
4.275779006761596
 20
-20.7371137048511
 30
0.0
 70
0
  0
VERTEX
  5
903
  8
TEXT
 10
4.24379240412361
 20
-20.754187139831576
 30
0.0
 70
0
  0
VERTEX
  5
904
  8
TEXT
 10
4.213798135340833
 20
-20.773139242967495
 30
0.0
 70
0
  0
VERTEX
  5
905
  8
TEXT
 10
4.185796200413268
 20
-20.79397001425886
 30
0.0
 70
0
  0
VERTEX
  5
906
  8
TEXT
 10
4.1597865993409116
 20
-20.816679453705675
 30
0.0
 70
0
  0
VERTEX
  5
907
  8
TEXT
 10
4.1357693321237665
 20
-20.841267561307934
 30
0.0
 70
0
  0
VERTEX
  5
908
  8
TEXT
 10
4.113697298060842
 20
-20.867510555071178
 30
0.0
 70
0
  0
VERTEX
  5
909
  8
TEXT
 10
4.0935233964511495
 20
-20.895184653000946
 30
0.0
 70
0
  0
VERTEX
  5
90A
  8
TEXT
 10
4.07524762729469
 20
-20.924289855097236
 30
0.0
 70
0
  0
VERTEX
  5
90B
  8
TEXT
 10
4.058869990591463
 20
-20.95482616136005
 30
0.0
 70
0
  0
VERTEX
  5
90C
  8
TEXT
 10
4.044390486341468
 20
-20.986793571789388
 30
0.0
 70
0
  0
VERTEX
  5
90D
  8
TEXT
 10
4.031809114544705
 20
-21.020192086385247
 30
0.0
 70
0
  0
VERTEX
  5
90E
  8
TEXT
 10
4.021125875201175
 20
-21.05502170514763
 30
0.0
 70
0
  0
VERTEX
  5
90F
  8
TEXT
 10
4.012340768310878
 20
-21.09128242807654
 30
0.0
 70
0
  0
VERTEX
  5
910
  8
TEXT
 10
4.005453793873812
 20
-21.128974255171972
 30
0.0
 70
0
  0
VERTEX
  5
911
  8
TEXT
 10
3.999286350243189
 20
-21.164625599365642
 30
0.0
 70
0
  0
VERTEX
  5
912
  8
TEXT
 10
3.995415548768651
 20
-21.201195729217183
 30
0.0
 70
0
  0
SEQEND
  5
8E8
  8
TEXT
  0
POLYLINE
  5
913
  8
TEXT
 66
1
 10
0.0
 20
0.0
 30
0.0
 70
1
  0
VERTEX
  5
915
  8
TEXT
 10
6.697575101329834
 20
-22.29571384045339
 30
0.0
 70
0
  0
VERTEX
  5
916
  8
TEXT
 10
6.6585142571359235
 20
-22.30705490564562
 30
0.0
 70
0
  0
VERTEX
  5
917
  8
TEXT
 10
6.6199835176670945
 20
-22.316755927850423
 30
0.0
 70
0
  0
VERTEX
  5
918
  8
TEXT
 10
6.581982882923347
 20
-22.32481690706779
 30
0.0
 70
0
  0
VERTEX
  5
919
  8
TEXT
 10
6.54451235290468
 20
-22.331237843297735
 30
0.0
 70
0
  0
VERTEX
  5
91A
  8
TEXT
 10
6.507571927611094
 20
-22.336018736540247
 30
0.0
 70
0
  0
VERTEX
  5
91B
  8
TEXT
 10
6.471161607042591
 20
-22.339159586795333
 30
0.0
 70
0
  0
VERTEX
  5
91C
  8
TEXT
 10
6.435281391199168
 20
-22.34066039406299
 30
0.0
 70
0
  0
VERTEX
  5
91D
  8
TEXT
 10
6.399931280080827
 20
-22.340521158343215
 30
0.0
 70
0
  0
VERTEX
  5
91E
  8
TEXT
 10
6.365111273687567
 20
-22.338741879636014
 30
0.0
 70
0
  0
VERTEX
  5
91F
  8
TEXT
 10
6.326797835652513
 20
-22.33493733040751
 30
0.0
 70
0
  0
VERTEX
  5
920
  8
TEXT
 10
6.289606168116471
 20
-22.329372108174066
 30
0.0
 70
0
  0
VERTEX
  5
921
  8
TEXT
 10
6.25353627107944
 20
-22.322046212935682
 30
0.0
 70
0
  0
VERTEX
  5
922
  8
TEXT
 10
6.218588144541422
 20
-22.312959644692356
 30
0.0
 70
0
  0
VERTEX
  5
923
  8
TEXT
 10
6.1847617885024135
 20
-22.302112403444088
 30
0.0
 70
0
  0
VERTEX
  5
924
  8
TEXT
 10
6.152057202962418
 20
-22.28950448919088
 30
0.0
 70
0
  0
VERTEX
  5
925
  8
TEXT
 10
6.120474387921433
 20
-22.275135901932728
 30
0.0
 70
0
  0
VERTEX
  5
926
  8
TEXT
 10
6.09001334337946
 20
-22.259006641669632
 30
0.0
 70
0
  0
VERTEX
  5
927
  8
TEXT
 10
6.056778465559668
 20
-22.23865091456872
 30
0.0
 70
0
  0
VERTEX
  5
928
  8
TEXT
 10
6.025417053340216
 20
-22.216462811587267
 30
0.0
 70
0
  0
VERTEX
  5
929
  8
TEXT
 10
5.995929106721104
 20
-22.192442332725275
 30
0.0
 70
0
  0
VERTEX
  5
92A
  8
TEXT
 10
5.968314625702333
 20
-22.166589477982743
 30
0.0
 70
0
  0
VERTEX
  5
92B
  8
TEXT
 10
5.942573610283903
 20
-22.13890424735967
 30
0.0
 70
0
  0
VERTEX
  5
92C
  8
TEXT
 10
5.918706060465812
 20
-22.10938664085606
 30
0.0
 70
0
  0
VERTEX
  5
92D
  8
TEXT
 10
5.896711976248063
 20
-22.07803665847191
 30
0.0
 70
0
  0
VERTEX
  5
92E
  8
TEXT
 10
6.127076285474376
 20
-21.903391334609196
 30
0.0
 70
0
  0
VERTEX
  5
92F
  8
TEXT
 10
6.1462750265654265
 20
-21.92996711940887
 30
0.0
 70
0
  0
VERTEX
  5
930
  8
TEXT
 10
6.168254474713212
 20
-21.95423212770049
 30
0.0
 70
0
  0
VERTEX
  5
931
  8
TEXT
 10
6.1930146299177355
 20
-21.976186359484053
 30
0.0
 70
0
  0
VERTEX
  5
932
  8
TEXT
 10
6.2205554921789945
 20
-21.995829814759556
 30
0.0
 70
0
  0
VERTEX
  5
933
  8
TEXT
 10
6.250877061496991
 20
-22.013162493527005
 30
0.0
 70
0
  0
VERTEX
  5
934
  8
TEXT
 10
6.283979337871722
 20
-22.028184395786397
 30
0.0
 70
0
  0
VERTEX
  5
935
  8
TEXT
 10
6.319862321303191
 20
-22.040895521537735
 30
0.0
 70
0
  0
VERTEX
  5
936
  8
TEXT
 10
6.349572541705429
 20
-22.048663338389552
 30
0.0
 70
0
  0
VERTEX
  5
937
  8
TEXT
 10
6.380722456530173
 20
-22.053991197282528
 30
0.0
 70
0
  0
VERTEX
  5
938
  8
TEXT
 10
6.413312065777426
 20
-22.056879098216662
 30
0.0
 70
0
  0
VERTEX
  5
939
  8
TEXT
 10
6.447341369447185
 20
-22.057327041191954
 30
0.0
 70
0
  0
VERTEX
  5
93A
  8
TEXT
 10
6.482810367539451
 20
-22.055335026208404
 30
0.0
 70
0
  0
VERTEX
  5
93B
  8
TEXT
 10
6.519719060054224
 20
-22.050903053266012
 30
0.0
 70
0
  0
VERTEX
  5
93C
  8
TEXT
 10
6.558067446991504
 20
-22.044031122364775
 30
0.0
 70
0
  0
VERTEX
  5
93D
  8
TEXT
 10
6.597855528351292
 20
-22.0347192335047
 30
0.0
 70
0
  0
VERTEX
  5
93E
  8
TEXT
 10
6.639083304133586
 20
-22.02296738668578
 30
0.0
 70
0
  0
VERTEX
  5
93F
  8
TEXT
 10
6.67477140853732
 20
-22.010843090056124
 30
0.0
 70
0
  0
VERTEX
  5
940
  8
TEXT
 10
6.709363712380206
 20
-21.99688134563125
 30
0.0
 70
0
  0
VERTEX
  5
941
  8
TEXT
 10
6.742860215662243
 20
-21.98108215341116
 30
0.0
 70
0
  0
VERTEX
  5
942
  8
TEXT
 10
6.775260918383432
 20
-21.96344551339585
 30
0.0
 70
0
  0
VERTEX
  5
943
  8
TEXT
 10
6.806565820543772
 20
-21.943971425585325
 30
0.0
 70
0
  0
VERTEX
  5
944
  8
TEXT
 10
6.836774922143263
 20
-21.92265988997958
 30
0.0
 70
0
  0
VERTEX
  5
945
  8
TEXT
 10
6.865888223181906
 20
-21.89951090657862
 30
0.0
 70
0
  0
VERTEX
  5
946
  8
TEXT
 10
6.893442795977405
 20
-21.874733579346795
 30
0.0
 70
0
  0
VERTEX
  5
947
  8
TEXT
 10
6.918975712847468
 20
-21.848537012248457
 30
0.0
 70
0
  0
VERTEX
  5
948
  8
TEXT
 10
6.942486973792093
 20
-21.82092120528361
 30
0.0
 70
0
  0
VERTEX
  5
949
  8
TEXT
 10
6.96397657881128
 20
-21.79188615845225
 30
0.0
 70
0
  0
VERTEX
  5
94A
  8
TEXT
 10
6.98344452790503
 20
-21.761431871754382
 30
0.0
 70
0
  0
VERTEX
  5
94B
  8
TEXT
 10
7.000890821073344
 20
-21.72955834519
 30
0.0
 70
0
  0
VERTEX
  5
94C
  8
TEXT
 10
7.016315458316219
 20
-21.696265578759107
 30
0.0
 70
0
  0
VERTEX
  5
94D
  8
TEXT
 10
7.029167398390263
 20
-21.661691001286034
 30
0.0
 70
0
  0
VERTEX
  5
94E
  8
TEXT
 10
7.038895600052081
 20
-21.62597204159511
 30
0.0
 70
0
  0
VERTEX
  5
94F
  8
TEXT
 10
7.045500063301672
 20
-21.589108699686328
 30
0.0
 70
0
  0
VERTEX
  5
950
  8
TEXT
 10
7.048980788139037
 20
-21.5511009755597
 30
0.0
 70
0
  0
VERTEX
  5
951
  8
TEXT
 10
7.049337774564176
 20
-21.511948869215214
 30
0.0
 70
0
  0
VERTEX
  5
952
  8
TEXT
 10
7.046571022577089
 20
-21.47165238065288
 30
0.0
 70
0
  0
VERTEX
  5
953
  8
TEXT
 10
7.040680532177775
 20
-21.43021150987269
 30
0.0
 70
0
  0
VERTEX
  5
954
  8
TEXT
 10
7.009764377762297
 20
-21.236187915130447
 30
0.0
 70
0
  0
VERTEX
  5
955
  8
TEXT
 10
6.9908723542893405
 20
-21.26956237980309
 30
0.0
 70
0
  0
VERTEX
  5
956
  8
TEXT
 10
6.970053832899542
 20
-21.301722955941056
 30
0.0
 70
0
  0
VERTEX
  5
957
  8
TEXT
 10
6.947308813592903
 20
-21.332669643544342
 30
0.0
 70
0
  0
VERTEX
  5
958
  8
TEXT
 10
6.922637296369421
 20
-21.362402442612954
 30
0.0
 70
0
  0
VERTEX
  5
959
  8
TEXT
 10
6.896039281229098
 20
-21.390921353146886
 30
0.0
 70
0
  0
VERTEX
  5
95A
  8
TEXT
 10
6.868182240355961
 20
-21.416727369723944
 30
0.0
 70
0
  0
VERTEX
  5
95B
  8
TEXT
 10
6.839283534238502
 20
-21.441045873315893
 30
0.0
 70
0
  0
VERTEX
  5
95C
  8
TEXT
 10
6.809343162876722
 20
-21.463876863922728
 30
0.0
 70
0
  0
VERTEX
  5
95D
  8
TEXT
 10
6.77836112627062
 20
-21.485220341544455
 30
0.0
 70
0
  0
VERTEX
  5
95E
  8
TEXT
 10
6.746337424420196
 20
-21.505076306181067
 30
0.0
 70
0
  0
VERTEX
  5
95F
  8
TEXT
 10
6.713272057325451
 20
-21.52344475783257
 30
0.0
 70
0
  0
VERTEX
  5
960
  8
TEXT
 10
6.679165024986384
 20
-21.540325696498964
 30
0.0
 70
0
  0
VERTEX
  5
961
  8
TEXT
 10
6.644016327402995
 20
-21.555719122180246
 30
0.0
 70
0
  0
VERTEX
  5
962
  8
TEXT
 10
6.607825964575285
 20
-21.56962503487642
 30
0.0
 70
0
  0
VERTEX
  5
963
  8
TEXT
 10
6.570593936503252
 20
-21.58204343458748
 30
0.0
 70
0
  0
VERTEX
  5
964
  8
TEXT
 10
6.534170981336728
 20
-21.59246556316832
 30
0.0
 70
0
  0
VERTEX
  5
965
  8
TEXT
 10
6.497833778541847
 20
-21.60117866087509
 30
0.0
 70
0
  0
VERTEX
  5
966
  8
TEXT
 10
6.461582328118609
 20
-21.60818272770779
 30
0.0
 70
0
  0
VERTEX
  5
967
  8
TEXT
 10
6.425416630067013
 20
-21.61347776366642
 30
0.0
 70
0
  0
VERTEX
  5
968
  8
TEXT
 10
6.389336684387061
 20
-21.617063768750977
 30
0.0
 70
0
  0
VERTEX
  5
969
  8
TEXT
 10
6.3533424910787515
 20
-21.618940742961467
 30
0.0
 70
0
  0
VERTEX
  5
96A
  8
TEXT
 10
6.317434050142085
 20
-21.61910868629789
 30
0.0
 70
0
  0
VERTEX
  5
96B
  8
TEXT
 10
6.2816113615770615
 20
-21.617567598760235
 30
0.0
 70
0
  0
VERTEX
  5
96C
  8
TEXT
 10
6.245874425383681
 20
-21.614317480348515
 30
0.0
 70
0
  0
VERTEX
  5
96D
  8
TEXT
 10
6.210223241561943
 20
-21.609358331062722
 30
0.0
 70
0
  0
VERTEX
  5
96E
  8
TEXT
 10
6.174657810111848
 20
-21.602690150902863
 30
0.0
 70
0
  0
VERTEX
  5
96F
  8
TEXT
 10
6.13953182159357
 20
-21.594377157685486
 30
0.0
 70
0
  0
VERTEX
  5
970
  8
TEXT
 10
6.105198966567284
 20
-21.58448356922715
 30
0.0
 70
0
  0
VERTEX
  5
971
  8
TEXT
 10
6.071659245032988
 20
-21.573009385527858
 30
0.0
 70
0
  0
VERTEX
  5
972
  8
TEXT
 10
6.038912656990684
 20
-21.559954606587603
 30
0.0
 70
0
  0
VERTEX
  5
973
  8
TEXT
 10
6.006959202440371
 20
-21.54531923240639
 30
0.0
 70
0
  0
VERTEX
  5
974
  8
TEXT
 10
5.975798881382049
 20
-21.529103262984215
 30
0.0
 70
0
  0
VERTEX
  5
975
  8
TEXT
 10
5.945431693815719
 20
-21.511306698321082
 30
0.0
 70
0
  0
VERTEX
  5
976
  8
TEXT
 10
5.91585763974138
 20
-21.49192953841699
 30
0.0
 70
0
  0
VERTEX
  5
977
  8
TEXT
 10
5.887076719159031
 20
-21.47097178327194
 30
0.0
 70
0
  0
VERTEX
  5
978
  8
TEXT
 10
5.8590889320686745
 20
-21.448433432885928
 30
0.0
 70
0
  0
VERTEX
  5
979
  8
TEXT
 10
5.831894278470309
 20
-21.424314487258957
 30
0.0
 70
0
  0
VERTEX
  5
97A
  8
TEXT
 10
5.80575648456489
 20
-21.398733691217892
 30
0.0
 70
0
  0
VERTEX
  5
97B
  8
TEXT
 10
5.780939276553372
 20
-21.3718097895896
 30
0.0
 70
0
  0
VERTEX
  5
97C
  8
TEXT
 10
5.757442654435756
 20
-21.34354278237408
 30
0.0
 70
0
  0
VERTEX
  5
97D
  8
TEXT
 10
5.735266618212042
 20
-21.31393266957133
 30
0.0
 70
0
  0
VERTEX
  5
97E
  8
TEXT
 10
5.714411167882229
 20
-21.28297945118135
 30
0.0
 70
0
  0
VERTEX
  5
97F
  8
TEXT
 10
5.694876303446319
 20
-21.250683127204145
 30
0.0
 70
0
  0
VERTEX
  5
980
  8
TEXT
 10
5.676662024904309
 20
-21.217043697639706
 30
0.0
 70
0
  0
VERTEX
  5
981
  8
TEXT
 10
5.659768332256201
 20
-21.182061162488043
 30
0.0
 70
0
  0
VERTEX
  5
982
  8
TEXT
 10
5.644195225501995
 20
-21.14573552174915
 30
0.0
 70
0
  0
VERTEX
  5
983
  8
TEXT
 10
5.6299427046416906
 20
-21.10806677542303
 30
0.0
 70
0
  0
VERTEX
  5
984
  8
TEXT
 10
5.617010769675288
 20
-21.06905492350968
 30
0.0
 70
0
  0
VERTEX
  5
985
  8
TEXT
 10
5.605698805191039
 20
-21.029765657882642
 30
0.0
 70
0
  0
VERTEX
  5
986
  8
TEXT
 10
5.596085085110179
 20
-20.99054965411444
 30
0.0
 70
0
  0
VERTEX
  5
987
  8
TEXT
 10
5.588169609432708
 20
-20.951406912205062
 30
0.0
 70
0
  0
VERTEX
  5
988
  8
TEXT
 10
5.5819523781586255
 20
-20.91233743215452
 30
0.0
 70
0
  0
VERTEX
  5
989
  8
TEXT
 10
5.577433391287932
 20
-20.873341213962807
 30
0.0
 70
0
  0
VERTEX
  5
98A
  8
TEXT
 10
5.574612648820628
 20
-20.834418257629924
 30
0.0
 70
0
  0
VERTEX
  5
98B
  8
TEXT
 10
5.573490150756713
 20
-20.79556856315587
 30
0.0
 70
0
  0
VERTEX
  5
98C
  8
TEXT
 10
5.574065897096187
 20
-20.756792130540653
 30
0.0
 70
0
  0
VERTEX
  5
98D
  8
TEXT
 10
5.576339887839049
 20
-20.71808895978426
 30
0.0
 70
0
  0
VERTEX
  5
98E
  8
TEXT
 10
5.580252239542864
 20
-20.679716939018867
 30
0.0
 70
0
  0
VERTEX
  5
98F
  8
TEXT
 10
5.585743068765194
 20
-20.641933956376636
 30
0.0
 70
0
  0
VERTEX
  5
990
  8
TEXT
 10
5.592812375506039
 20
-20.60474001185757
 30
0.0
 70
0
  0
VERTEX
  5
991
  8
TEXT
 10
5.6014601597653995
 20
-20.568135105461668
 30
0.0
 70
0
  0
VERTEX
  5
992
  8
TEXT
 10
5.611686421543275
 20
-20.532119237188926
 30
0.0
 70
0
  0
VERTEX
  5
993
  8
TEXT
 10
5.623491160839665
 20
-20.496692407039347
 30
0.0
 70
0
  0
VERTEX
  5
994
  8
TEXT
 10
5.63687437765457
 20
-20.461854615012932
 30
0.0
 70
0
  0
VERTEX
  5
995
  8
TEXT
 10
5.65183607198799
 20
-20.42760586110968
 30
0.0
 70
0
  0
VERTEX
  5
996
  8
TEXT
 10
5.668376243839925
 20
-20.393946145329593
 30
0.0
 70
0
  0
VERTEX
  5
997
  8
TEXT
 10
5.686346609670816
 20
-20.36104100760146
 30
0.0
 70
0
  0
VERTEX
  5
998
  8
TEXT
 10
5.705598885941103
 20
-20.329055987854087
 30
0.0
 70
0
  0
VERTEX
  5
999
  8
TEXT
 10
5.726133072650785
 20
-20.297991086087464
 30
0.0
 70
0
  0
VERTEX
  5
99A
  8
TEXT
 10
5.747949169799863
 20
-20.267846302301596
 30
0.0
 70
0
  0
VERTEX
  5
99B
  8
TEXT
 10
5.771047177388337
 20
-20.238621636496482
 30
0.0
 70
0
  0
VERTEX
  5
99C
  8
TEXT
 10
5.795427095416207
 20
-20.21031708867212
 30
0.0
 70
0
  0
VERTEX
  5
99D
  8
TEXT
 10
5.821088923883472
 20
-20.182932658828516
 30
0.0
 70
0
  0
VERTEX
  5
99E
  8
TEXT
 10
5.848032662790133
 20
-20.156468346965664
 30
0.0
 70
0
  0
VERTEX
  5
99F
  8
TEXT
 10
5.87625831213619
 20
-20.130924153083566
 30
0.0
 70
0
  0
VERTEX
  5
9A0
  8
TEXT
 10
5.905705988479205
 20
-20.106557965314387
 30
0.0
 70
0
  0
VERTEX
  5
9A1
  8
TEXT
 10
5.936315808376743
 20
-20.083627671790296
 30
0.0
 70
0
  0
VERTEX
  5
9A2
  8
TEXT
 10
5.968087771828802
 20
-20.06213327251129
 30
0.0
 70
0
  0
VERTEX
  5
9A3
  8
TEXT
 10
6.001021878835383
 20
-20.042074767477374
 30
0.0
 70
0
  0
VERTEX
  5
9A4
  8
TEXT
 10
6.035118129396486
 20
-20.02345215668854
 30
0.0
 70
0
  0
VERTEX
  5
9A5
  8
TEXT
 10
6.0703765235121105
 20
-20.006265440144794
 30
0.0
 70
0
  0
VERTEX
  5
9A6
  8
TEXT
 10
6.106797061182258
 20
-19.990514617846134
 30
0.0
 70
0
  0
VERTEX
  5
9A7
  8
TEXT
 10
6.144379742406926
 20
-19.976199689792562
 30
0.0
 70
0
  0
VERTEX
  5
9A8
  8
TEXT
 10
6.183124567186116
 20
-19.963320655984074
 30
0.0
 70
0
  0
VERTEX
  5
9A9
  8
TEXT
 10
6.2224691805245085
 20
-19.95209091434002
 30
0.0
 70
0
  0
VERTEX
  5
9AA
  8
TEXT
 10
6.26145796846122
 20
-19.942845473646607
 30
0.0
 70
0
  0
VERTEX
  5
9AB
  8
TEXT
 10
6.300090930996249
 20
-19.935584333903833
 30
0.0
 70
0
  0
VERTEX
  5
9AC
  8
TEXT
 10
6.338368068129597
 20
-19.930307495111695
 30
0.0
 70
0
  0
VERTEX
  5
9AD
  8
TEXT
 10
6.376289379861263
 20
-19.9270149572702
 30
0.0
 70
0
  0
VERTEX
  5
9AE
  8
TEXT
 10
6.413854866191247
 20
-19.925706720379342
 30
0.0
 70
0
  0
VERTEX
  5
9AF
  8
TEXT
 10
6.45106452711955
 20
-19.926382784439127
 30
0.0
 70
0
  0
VERTEX
  5
9B0
  8
TEXT
 10
6.487918362646172
 20
-19.929043149449548
 30
0.0
 70
0
  0
VERTEX
  5
9B1
  8
TEXT
 10
6.524416372771112
 20
-19.933687815410607
 30
0.0
 70
0
  0
VERTEX
  5
9B2
  8
TEXT
 10
6.56055855749437
 20
-19.94031678232231
 30
0.0
 70
0
  0
VERTEX
  5
9B3
  8
TEXT
 10
6.59747381328008
 20
-19.949804879784885
 30
0.0
 70
0
  0
VERTEX
  5
9B4
  8
TEXT
 10
6.633405553671859
 20
-19.961010896432022
 30
0.0
 70
0
  0
VERTEX
  5
9B5
  8
TEXT
 10
6.668353778669708
 20
-19.97393483226372
 30
0.0
 70
0
  0
VERTEX
  5
9B6
  8
TEXT
 10
6.702318488273628
 20
-19.988576687279977
 30
0.0
 70
0
  0
VERTEX
  5
9B7
  8
TEXT
 10
6.735299682483616
 20
-20.0049364614808
 30
0.0
 70
0
  0
VERTEX
  5
9B8
  8
TEXT
 10
6.767297361299675
 20
-20.02301415486618
 30
0.0
 70
0
  0
VERTEX
  5
9B9
  8
TEXT
 10
6.798311524721803
 20
-20.042809767436122
 30
0.0
 70
0
  0
VERTEX
  5
9BA
  8
TEXT
 10
6.828342172750001
 20
-20.064323299190626
 30
0.0
 70
0
  0
VERTEX
  5
9BB
  8
TEXT
 10
6.783957993550233
 20
-19.816297662595726
 30
0.0
 70
0
  0
VERTEX
  5
9BC
  8
TEXT
 10
7.05825612203148
 20
-19.73147408296127
 30
0.0
 70
0
  0
VERTEX
  5
9BD
  8
TEXT
 10
7.323613789646827
 20
-21.352412093960545
 30
0.0
 70
0
  0
VERTEX
  5
9BE
  8
TEXT
 10
7.32933770187776
 20
-21.39074193057662
 30
0.0
 70
0
  0
VERTEX
  5
9BF
  8
TEXT
 10
7.333277204598139
 20
-21.428742259263885
 30
0.0
 70
0
  0
VERTEX
  5
9C0
  8
TEXT
 10
7.335432297807966
 20
-21.46641308002234
 30
0.0
 70
0
  0
VERTEX
  5
9C1
  8
TEXT
 10
7.33580298150724
 20
-21.50375439285198
 30
0.0
 70
0
  0
VERTEX
  5
9C2
  8
TEXT
 10
7.334389255695959
 20
-21.540766197752813
 30
0.0
 70
0
  0
VERTEX
  5
9C3
  8
TEXT
 10
7.331191120374126
 20
-21.577448494724834
 30
0.0
 70
0
  0
VERTEX
  5
9C4
  8
TEXT
 10
7.32620857554174
 20
-21.613801283768044
 30
0.0
 70
0
  0
VERTEX
  5
9C5
  8
TEXT
 10
7.3194416211988
 20
-21.649824564882444
 30
0.0
 70
0
  0
VERTEX
  5
9C6
  8
TEXT
 10
7.310890257345307
 20
-21.68551833806803
 30
0.0
 70
0
  0
VERTEX
  5
9C7
  8
TEXT
 10
7.300554483981261
 20
-21.720882603324807
 30
0.0
 70
0
  0
VERTEX
  5
9C8
  8
TEXT
 10
7.288434301106662
 20
-21.75591736065277
 30
0.0
 70
0
  0
VERTEX
  5
9C9
  8
TEXT
 10
7.274757262566714
 20
-21.790365295729952
 30
0.0
 70
0
  0
VERTEX
  5
9CA
  8
TEXT
 10
7.259750922206623
 20
-21.823969094234375
 30
0.0
 70
0
  0
VERTEX
  5
9CB
  8
TEXT
 10
7.24341528002639
 20
-21.856728756166042
 30
0.0
 70
0
  0
VERTEX
  5
9CC
  8
TEXT
 10
7.225750336026014
 20
-21.88864428152495
 30
0.0
 70
0
  0
VERTEX
  5
9CD
  8
TEXT
 10
7.206756090205494
 20
-21.919715670311103
 30
0.0
 70
0
  0
VERTEX
  5
9CE
  8
TEXT
 10
7.186432542564832
 20
-21.949942922524496
 30
0.0
 70
0
  0
VERTEX
  5
9CF
  8
TEXT
 10
7.164779693104026
 20
-21.979326038165134
 30
0.0
 70
0
  0
VERTEX
  5
9D0
  8
TEXT
 10
7.1417975418230775
 20
-22.007865017233012
 30
0.0
 70
0
  0
VERTEX
  5
9D1
  8
TEXT
 10
7.117486088721987
 20
-22.03555985972813
 30
0.0
 70
0
  0
VERTEX
  5
9D2
  8
TEXT
 10
7.091845333800752
 20
-22.062410565650495
 30
0.0
 70
0
  0
VERTEX
  5
9D3
  8
TEXT
 10
7.064875277059374
 20
-22.0884171350001
 30
0.0
 70
0
  0
VERTEX
  5
9D4
  8
TEXT
 10
7.036717276915663
 20
-22.113388968243147
 30
0.0
 70
0
  0
VERTEX
  5
9D5
  8
TEXT
 10
7.007512691787431
 20
-22.137135465845823
 30
0.0
 70
0
  0
VERTEX
  5
9D6
  8
TEXT
 10
6.977261521674676
 20
-22.159656627808133
 30
0.0
 70
0
  0
VERTEX
  5
9D7
  8
TEXT
 10
6.945963766577399
 20
-22.180952454130075
 30
0.0
 70
0
  0
VERTEX
  5
9D8
  8
TEXT
 10
6.9136194264955995
 20
-22.201022944811648
 30
0.0
 70
0
  0
VERTEX
  5
9D9
  8
TEXT
 10
6.880228501429277
 20
-22.219868099852857
 30
0.0
 70
0
  0
VERTEX
  5
9DA
  8
TEXT
 10
6.845790991378434
 20
-22.2374879192537
 30
0.0
 70
0
  0
VERTEX
  5
9DB
  8
TEXT
 10
6.810306896343067
 20
-22.253882403014174
 30
0.0
 70
0
  0
VERTEX
  5
9DC
  8
TEXT
 10
6.773776216323179
 20
-22.26905155113428
 30
0.0
 70
0
  0
VERTEX
  5
9DD
  8
TEXT
 10
6.736198951318768
 20
-22.28299536361402
 30
0.0
 70
0
  0
SEQEND
  5
914
  8
TEXT
  0
POLYLINE
  5
9DE
  8
TEXT
 66
1
 10
0.0
 20
0.0
 30
0.0
 70
1
  0
VERTEX
  5
9E0
  8
TEXT
 10
6.518001023790472
 20
-21.30747281781698
 30
0.0
 70
0
  0
VERTEX
  5
9E1
  8
TEXT
 10
6.556212456242238
 20
-21.29429308034842
 30
0.0
 70
0
  0
VERTEX
  5
9E2
  8
TEXT
 10
6.592686534191591
 20
-21.278924027731062
 30
0.0
 70
0
  0
VERTEX
  5
9E3
  8
TEXT
 10
6.62742325763853
 20
-21.261365659964905
 30
0.0
 70
0
  0
VERTEX
  5
9E4
  8
TEXT
 10
6.660422626583055
 20
-21.241617977049945
 30
0.0
 70
0
  0
VERTEX
  5
9E5
  8
TEXT
 10
6.691684641025167
 20
-21.219680978986183
 30
0.0
 70
0
  0
VERTEX
  5
9E6
  8
TEXT
 10
6.721209300964864
 20
-21.19555466577362
 30
0.0
 70
0
  0
VERTEX
  5
9E7
  8
TEXT
 10
6.748996606402148
 20
-21.169239037412257
 30
0.0
 70
0
  0
VERTEX
  5
9E8
  8
TEXT
 10
6.775046557337018
 20
-21.140734093902093
 30
0.0
 70
0
  0
VERTEX
  5
9E9
  8
TEXT
 10
6.799202113776399
 20
-21.11059331887089
 30
0.0
 70
0
  0
VERTEX
  5
9EA
  8
TEXT
 10
6.821306235727216
 20
-21.079370195946407
 30
0.0
 70
0
  0
VERTEX
  5
9EB
  8
TEXT
 10
6.8413589231894685
 20
-21.04706472512865
 30
0.0
 70
0
  0
VERTEX
  5
9EC
  8
TEXT
 10
6.8593601761631575
 20
-21.01367690641761
 30
0.0
 70
0
  0
VERTEX
  5
9ED
  8
TEXT
 10
6.875309994648282
 20
-20.979206739813296
 30
0.0
 70
0
  0
VERTEX
  5
9EE
  8
TEXT
 10
6.889208378644842
 20
-20.9436542253157
 30
0.0
 70
0
  0
VERTEX
  5
9EF
  8
TEXT
 10
6.901055328152838
 20
-20.907019362924828
 30
0.0
 70
0
  0
VERTEX
  5
9F0
  8
TEXT
 10
6.91085084317227
 20
-20.869302152640678
 30
0.0
 70
0
  0
VERTEX
  5
9F1
  8
TEXT
 10
6.918345713640008
 20
-20.831084580637935
 30
0.0
 70
0
  0
VERTEX
  5
9F2
  8
TEXT
 10
6.923290729492924
 20
-20.79294863309127
 30
0.0
 70
0
  0
VERTEX
  5
9F3
  8
TEXT
 10
6.925685890731017
 20
-20.754894310000697
 30
0.0
 70
0
  0
VERTEX
  5
9F4
  8
TEXT
 10
6.925531197354286
 20
-20.716921611366207
 30
0.0
 70
0
  0
VERTEX
  5
9F5
  8
TEXT
 10
6.922826649362732
 20
-20.6790305371878
 30
0.0
 70
0
  0
VERTEX
  5
9F6
  8
TEXT
 10
6.9175722467563565
 20
-20.641221087465482
 30
0.0
 70
0
  0
VERTEX
  5
9F7
  8
TEXT
 10
6.909767989535157
 20
-20.603493262199247
 30
0.0
 70
0
  0
VERTEX
  5
9F8
  8
TEXT
 10
6.899413877699136
 20
-20.565847061389096
 30
0.0
 70
0
  0
VERTEX
  5
9F9
  8
TEXT
 10
6.886138904259906
 20
-20.527184374374087
 30
0.0
 70
0
  0
VERTEX
  5
9FA
  8
TEXT
 10
6.870809887123903
 20
-20.490409904964196
 30
0.0
 70
0
  0
VERTEX
  5
9FB
  8
TEXT
 10
6.853426826291127
 20
-20.45552365315942
 30
0.0
 70
0
  0
VERTEX
  5
9FC
  8
TEXT
 10
6.8339897217615775
 20
-20.422525618959767
 30
0.0
 70
0
  0
VERTEX
  5
9FD
  8
TEXT
 10
6.8124985735352555
 20
-20.391415802365227
 30
0.0
 70
0
  0
VERTEX
  5
9FE
  8
TEXT
 10
6.78895338161216
 20
-20.362194203375807
 30
0.0
 70
0
  0
VERTEX
  5
9FF
  8
TEXT
 10
6.763354145992292
 20
-20.334860821991505
 30
0.0
 70
0
  0
VERTEX
  5
A00
  8
TEXT
 10
6.7360927242235515
 20
-20.309723148167723
 30
0.0
 70
0
  0
VERTEX
  5
A01
  8
TEXT
 10
6.707560973853843
 20
-20.287088671859866
 30
0.0
 70
0
  0
VERTEX
  5
A02
  8
TEXT
 10
6.677758894883166
 20
-20.266957393067933
 30
0.0
 70
0
  0
VERTEX
  5
A03
  8
TEXT
 10
6.646686487311518
 20
-20.249329311791925
 30
0.0
 70
0
  0
VERTEX
  5
A04
  8
TEXT
 10
6.614343751138903
 20
-20.23420442803184
 30
0.0
 70
0
  0
VERTEX
  5
A05
  8
TEXT
 10
6.580730686365317
 20
-20.22158274178768
 30
0.0
 70
0
  0
VERTEX
  5
A06
  8
TEXT
 10
6.545847292990763
 20
-20.211464253059447
 30
0.0
 70
0
  0
VERTEX
  5
A07
  8
TEXT
 10
6.509976525606733
 20
-20.20412417996602
 30
0.0
 70
0
  0
VERTEX
  5
A08
  8
TEXT
 10
6.473401338804719
 20
-20.19983774062628
 30
0.0
 70
0
  0
VERTEX
  5
A09
  8
TEXT
 10
6.436121732584723
 20
-20.198604935040226
 30
0.0
 70
0
  0
VERTEX
  5
A0A
  8
TEXT
 10
6.398137706946743
 20
-20.20042576320786
 30
0.0
 70
0
  0
VERTEX
  5
A0B
  8
TEXT
 10
6.35944926189078
 20
-20.205300225129182
 30
0.0
 70
0
  0
VERTEX
  5
A0C
  8
TEXT
 10
6.320056397416834
 20
-20.21322832080419
 30
0.0
 70
0
  0
VERTEX
  5
A0D
  8
TEXT
 10
6.279959113524904
 20
-20.22421005023289
 30
0.0
 70
0
  0
VERTEX
  5
A0E
  8
TEXT
 10
6.243784213858383
 20
-20.236709520997447
 30
0.0
 70
0
  0
VERTEX
  5
A0F
  8
TEXT
 10
6.208995570902166
 20
-20.25140589575497
 30
0.0
 70
0
  0
VERTEX
  5
A10
  8
TEXT
 10
6.175593184656253
 20
-20.26829917450546
 30
0.0
 70
0
  0
VERTEX
  5
A11
  8
TEXT
 10
6.143577055120644
 20
-20.28738935724892
 30
0.0
 70
0
  0
VERTEX
  5
A12
  8
TEXT
 10
6.112947182295339
 20
-20.308676443985345
 30
0.0
 70
0
  0
VERTEX
  5
A13
  8
TEXT
 10
6.083703566180337
 20
-20.332160434714737
 30
0.0
 70
0
  0
VERTEX
  5
A14
  8
TEXT
 10
6.05584620677564
 20
-20.3578413294371
 30
0.0
 70
0
  0
VERTEX
  5
A15
  8
TEXT
 10
6.029375104081247
 20
-20.385719128152427
 30
0.0
 70
0
  0
VERTEX
  5
A16
  8
TEXT
 10
6.004653015140531
 20
-20.415252469691662
 30
0.0
 70
0
  0
VERTEX
  5
A17
  8
TEXT
 10
5.982042696996867
 20
-20.445899992885742
 30
0.0
 70
0
  0
VERTEX
  5
A18
  8
TEXT
 10
5.961544149650254
 20
-20.477661697734664
 30
0.0
 70
0
  0
VERTEX
  5
A19
  8
TEXT
 10
5.943157373100693
 20
-20.510537584238435
 30
0.0
 70
0
  0
VERTEX
  5
A1A
  8
TEXT
 10
5.926882367348182
 20
-20.54452765239705
 30
0.0
 70
0
  0
VERTEX
  5
A1B
  8
TEXT
 10
5.9127191323927235
 20
-20.579631902210508
 30
0.0
 70
0
  0
VERTEX
  5
A1C
  8
TEXT
 10
5.900667668234316
 20
-20.615850333678814
 30
0.0
 70
0
  0
VERTEX
  5
A1D
  8
TEXT
 10
5.890727974872959
 20
-20.653182946801962
 30
0.0
 70
0
  0
VERTEX
  5
A1E
  8
TEXT
 10
5.883900538115039
 20
-20.687030707717717
 30
0.0
 70
0
  0
VERTEX
  5
A1F
  8
TEXT
 10
5.879211664219645
 20
-20.72121451677507
 30
0.0
 70
0
  0
VERTEX
  5
A20
  8
TEXT
 10
5.876661353186776
 20
-20.755734373974022
 30
0.0
 70
0
  0
VERTEX
  5
A21
  8
TEXT
 10
5.876249605016433
 20
-20.790590279314575
 30
0.0
 70
0
  0
VERTEX
  5
A22
  8
TEXT
 10
5.877976419708616
 20
-20.82578223279673
 30
0.0
 70
0
  0
VERTEX
  5
A23
  8
TEXT
 10
5.8818417972633235
 20
-20.861310234420483
 30
0.0
 70
0
  0
VERTEX
  5
A24
  8
TEXT
 10
5.887845737680557
 20
-20.897174284185837
 30
0.0
 70
0
  0
VERTEX
  5
A25
  8
TEXT
 10
5.895988240960316
 20
-20.933374382092794
 30
0.0
 70
0
  0
VERTEX
  5
A26
  8
TEXT
 10
5.9062693071026
 20
-20.969910528141348
 30
0.0
 70
0
  0
VERTEX
  5
A27
  8
TEXT
 10
5.919323089130633
 20
-21.007751306768313
 30
0.0
 70
0
  0
VERTEX
  5
A28
  8
TEXT
 10
5.934509721462442
 20
-21.04374544658078
 30
0.0
 70
0
  0
VERTEX
  5
A29
  8
TEXT
 10
5.951829204098028
 20
-21.077892947578746
 30
0.0
 70
0
  0
VERTEX
  5
A2A
  8
TEXT
 10
5.971281537037392
 20
-21.110193809762215
 30
0.0
 70
0
  0
VERTEX
  5
A2B
  8
TEXT
 10
5.9928667202805315
 20
-21.140648033131182
 30
0.0
 70
0
  0
VERTEX
  5
A2C
  8
TEXT
 10
6.016584753827448
 20
-21.16925561768565
 30
0.0
 70
0
  0
VERTEX
  5
A2D
  8
TEXT
 10
6.0424356376781425
 20
-21.196016563425616
 30
0.0
 70
0
  0
VERTEX
  5
A2E
  8
TEXT
 10
6.069967321585899
 20
-21.220641994303875
 30
0.0
 70
0
  0
VERTEX
  5
A2F
  8
TEXT
 10
6.098727755304008
 20
-21.24284303427321
 30
0.0
 70
0
  0
VERTEX
  5
A30
  8
TEXT
 10
6.128716938832468
 20
-21.26261968333363
 30
0.0
 70
0
  0
VERTEX
  5
A31
  8
TEXT
 10
6.159934872171277
 20
-21.279971941485122
 30
0.0
 70
0
  0
VERTEX
  5
A32
  8
TEXT
 10
6.192381555320439
 20
-21.2948998087277
 30
0.0
 70
0
  0
VERTEX
  5
A33
  8
TEXT
 10
6.226056988279951
 20
-21.30740328506135
 30
0.0
 70
0
  0
VERTEX
  5
A34
  8
TEXT
 10
6.260961171049814
 20
-21.317482370486083
 30
0.0
 70
0
  0
VERTEX
  5
A35
  8
TEXT
 10
6.296651360337412
 20
-21.32487828530409
 30
0.0
 70
0
  0
VERTEX
  5
A36
  8
TEXT
 10
6.332684812850127
 20
-21.329332249817565
 30
0.0
 70
0
  0
VERTEX
  5
A37
  8
TEXT
 10
6.36906152858796
 20
-21.33084426402651
 30
0.0
 70
0
  0
VERTEX
  5
A38
  8
TEXT
 10
6.405781507550912
 20
-21.329414327930923
 30
0.0
 70
0
  0
VERTEX
  5
A39
  8
TEXT
 10
6.44284474973898
 20
-21.325042441530808
 30
0.0
 70
0
  0
VERTEX
  5
A3A
  8
TEXT
 10
6.480251255152168
 20
-21.317728604826158
 30
0.0
 70
0
  0
SEQEND
  5
9DF
  8
TEXT
  0
POLYLINE
  5
A3B
  8
TEXT
 66
1
 10
0.0
 20
0.0
 30
0.0
 70
1
  0
VERTEX
  5
A3D
  8
TEXT
 10
7.855632942148291
 20
-21.192411353104344
 30
0.0
 70
0
  0
VERTEX
  5
A3E
  8
TEXT
 10
7.476565744285945
 20
-19.557134929036586
 30
0.0
 70
0
  0
VERTEX
  5
A3F
  8
TEXT
 10
7.7496426789492165
 20
-19.45227762851501
 30
0.0
 70
0
  0
VERTEX
  5
A40
  8
TEXT
 10
8.128709876811563
 20
-21.087554052582767
 30
0.0
 70
0
  0
SEQEND
  5
A3C
  8
TEXT
  0
POLYLINE
  5
A41
  8
TEXT
 66
1
 10
0.0
 20
0.0
 30
0.0
 70
1
  0
VERTEX
  5
A43
  8
TEXT
 10
7.416143960164666
 20
-19.29427839310242
 30
0.0
 70
0
  0
VERTEX
  5
A44
  8
TEXT
 10
7.3308974520839785
 20
-18.93016886678898
 30
0.0
 70
0
  0
VERTEX
  5
A45
  8
TEXT
 10
7.60397438674725
 20
-18.825311566267402
 30
0.0
 70
0
  0
VERTEX
  5
A46
  8
TEXT
 10
7.689220894827937
 20
-19.189421092580844
 30
0.0
 70
0
  0
SEQEND
  5
A42
  8
TEXT
  0
POLYLINE
  5
A47
  8
TEXT
 66
1
 10
0.0
 20
0.0
 30
0.0
 70
1
  0
VERTEX
  5
A49
  8
TEXT
 10
9.429523297142302
 20
-20.57960590881469
 30
0.0
 70
0
  0
VERTEX
  5
A4A
  8
TEXT
 10
9.391917335799066
 20
-20.595903291931734
 30
0.0
 70
0
  0
VERTEX
  5
A4B
  8
TEXT
 10
9.354347609378118
 20
-20.610261034300983
 30
0.0
 70
0
  0
VERTEX
  5
A4C
  8
TEXT
 10
9.316814117879462
 20
-20.622679135922436
 30
0.0
 70
0
  0
VERTEX
  5
A4D
  8
TEXT
 10
9.279316861303094
 20
-20.63315759679609
 30
0.0
 70
0
  0
VERTEX
  5
A4E
  8
TEXT
 10
9.241855839649018
 20
-20.641696416921945
 30
0.0
 70
0
  0
VERTEX
  5
A4F
  8
TEXT
 10
9.20443105291723
 20
-20.648295596300006
 30
0.0
 70
0
  0
VERTEX
  5
A50
  8
TEXT
 10
9.16704250110773
 20
-20.65295513493027
 30
0.0
 70
0
  0
VERTEX
  5
A51
  8
TEXT
 10
9.129690184220522
 20
-20.655675032812734
 30
0.0
 70
0
  0
VERTEX
  5
A52
  8
TEXT
 10
9.092374102255603
 20
-20.656455289947402
 30
0.0
 70
0
  0
VERTEX
  5
A53
  8
TEXT
 10
9.055094255212973
 20
-20.655295906334274
 30
0.0
 70
0
  0
VERTEX
  5
A54
  8
TEXT
 10
9.017850643092633
 20
-20.652196881973346
 30
0.0
 70
0
  0
VERTEX
  5
A55
  8
TEXT
 10
8.980939051725771
 20
-20.647275127236966
 30
0.0
 70
0
  0
VERTEX
  5
A56
  8
TEXT
 10
8.944655266943581
 20
-20.64064755249748
 30
0.0
 70
0
  0
VERTEX
  5
A57
  8
TEXT
 10
8.908999288746061
 20
-20.632314157754887
 30
0.0
 70
0
  0
VERTEX
  5
A58
  8
TEXT
 10
8.87397111713321
 20
-20.622274943009185
 30
0.0
 70
0
  0
VERTEX
  5
A59
  8
TEXT
 10
8.83957075210503
 20
-20.61052990826038
 30
0.0
 70
0
  0
VERTEX
  5
A5A
  8
TEXT
 10
8.805798193661522
 20
-20.597079053508462
 30
0.0
 70
0
  0
VERTEX
  5
A5B
  8
TEXT
 10
8.772653441802682
 20
-20.58192237875344
 30
0.0
 70
0
  0
VERTEX
  5
A5C
  8
TEXT
 10
8.740136496528512
 20
-20.56505988399531
 30
0.0
 70
0
  0
VERTEX
  5
A5D
  8
TEXT
 10
8.708247357839014
 20
-20.546491569234075
 30
0.0
 70
0
  0
VERTEX
  5
A5E
  8
TEXT
 10
8.676986025734184
 20
-20.526217434469732
 30
0.0
 70
0
  0
VERTEX
  5
A5F
  8
TEXT
 10
8.646352500214027
 20
-20.504237479702283
 30
0.0
 70
0
  0
VERTEX
  5
A60
  8
TEXT
 10
8.619042393634807
 20
-20.48270831242565
 30
0.0
 70
0
  0
VERTEX
  5
A61
  8
TEXT
 10
8.59269804798149
 20
-20.459981062672256
 30
0.0
 70
0
  0
VERTEX
  5
A62
  8
TEXT
 10
8.567319463254076
 20
-20.436055730442106
 30
0.0
 70
0
  0
VERTEX
  5
A63
  8
TEXT
 10
8.542906639452566
 20
-20.410932315735195
 30
0.0
 70
0
  0
VERTEX
  5
A64
  8
TEXT
 10
8.519459576576958
 20
-20.384610818551526
 30
0.0
 70
0
  0
VERTEX
  5
A65
  8
TEXT
 10
8.496978274627253
 20
-20.357091238891094
 30
0.0
 70
0
  0
VERTEX
  5
A66
  8
TEXT
 10
8.475462733603452
 20
-20.328373576753908
 30
0.0
 70
0
  0
VERTEX
  5
A67
  8
TEXT
 10
8.454912953505554
 20
-20.29845783213996
 30
0.0
 70
0
  0
VERTEX
  5
A68
  8
TEXT
 10
8.43532893433356
 20
-20.26734400504925
 30
0.0
 70
0
  0
VERTEX
  5
A69
  8
TEXT
 10
8.416710676087469
 20
-20.235032095481785
 30
0.0
 70
0
  0
VERTEX
  5
A6A
  8
TEXT
 10
8.39905817876728
 20
-20.201522103437558
 30
0.0
 70
0
  0
VERTEX
  5
A6B
  8
TEXT
 10
8.382371442372994
 20
-20.166814028916573
 30
0.0
 70
0
  0
VERTEX
  5
A6C
  8
TEXT
 10
8.3668747685368
 20
-20.131410230976336
 30
0.0
 70
0
  0
VERTEX
  5
A6D
  8
TEXT
 10
8.352835383012552
 20
-20.09590659745783
 30
0.0
 70
0
  0
VERTEX
  5
A6E
  8
TEXT
 10
8.340253285800253
 20
-20.06030312836105
 30
0.0
 70
0
  0
VERTEX
  5
A6F
  8
TEXT
 10
8.329128476899903
 20
-20.024599823686
 30
0.0
 70
0
  0
VERTEX
  5
A70
  8
TEXT
 10
8.3194609563115
 20
-19.988796683432675
 30
0.0
 70
0
  0
VERTEX
  5
A71
  8
TEXT
 10
8.311250724035046
 20
-19.95289370760108
 30
0.0
 70
0
  0
VERTEX
  5
A72
  8
TEXT
 10
8.304497780070541
 20
-19.916890896191216
 30
0.0
 70
0
  0
VERTEX
  5
A73
  8
TEXT
 10
8.299202124417985
 20
-19.880788249203075
 30
0.0
 70
0
  0
VERTEX
  5
A74
  8
TEXT
 10
8.295363757077377
 20
-19.844585766636666
 30
0.0
 70
0
  0
VERTEX
  5
A75
  8
TEXT
 10
8.292982678048716
 20
-19.808283448491984
 30
0.0
 70
0
  0
VERTEX
  5
A76
  8
TEXT
 10
8.291960792142998
 20
-19.76808981174178
 30
0.0
 70
0
  0
VERTEX
  5
A77
  8
TEXT
 10
8.292567211920701
 20
-19.72829164801077
 30
0.0
 70
0
  0
VERTEX
  5
A78
  8
TEXT
 10
8.294801937381825
 20
-19.688888957298953
 30
0.0
 70
0
  0
VERTEX
  5
A79
  8
TEXT
 10
8.29866496852637
 20
-19.64988173960633
 30
0.0
 70
0
  0
VERTEX
  5
A7A
  8
TEXT
 10
8.304156305354336
 20
-19.611269994932893
 30
0.0
 70
0
  0
VERTEX
  5
A7B
  8
TEXT
 10
8.311275947865724
 20
-19.573053723278655
 30
0.0
 70
0
  0
VERTEX
  5
A7C
  8
TEXT
 10
8.320023896060533
 20
-19.535232924643605
 30
0.0
 70
0
  0
VERTEX
  5
A7D
  8
TEXT
 10
8.330400149938761
 20
-19.497807599027748
 30
0.0
 70
0
  0
VERTEX
  5
A7E
  8
TEXT
 10
8.342404709500412
 20
-19.460777746431084
 30
0.0
 70
0
  0
VERTEX
  5
A7F
  8
TEXT
 10
8.355970198207016
 20
-19.424373486751158
 30
0.0
 70
0
  0
VERTEX
  5
A80
  8
TEXT
 10
8.371029239520105
 20
-19.388824939885517
 30
0.0
 70
0
  0
VERTEX
  5
A81
  8
TEXT
 10
8.387581833439679
 20
-19.354132105834157
 30
0.0
 70
0
  0
VERTEX
  5
A82
  8
TEXT
 10
8.405627979965736
 20
-19.320294984597083
 30
0.0
 70
0
  0
VERTEX
  5
A83
  8
TEXT
 10
8.42516767909828
 20
-19.287313576174295
 30
0.0
 70
0
  0
VERTEX
  5
A84
  8
TEXT
 10
8.446200930837309
 20
-19.255187880565792
 30
0.0
 70
0
  0
VERTEX
  5
A85
  8
TEXT
 10
8.468727735182823
 20
-19.22391789777157
 30
0.0
 70
0
  0
VERTEX
  5
A86
  8
TEXT
 10
8.492748092134821
 20
-19.19350362779163
 30
0.0
 70
0
  0
VERTEX
  5
A87
  8
TEXT
 10
8.518262001693305
 20
-19.16394507062598
 30
0.0
 70
0
  0
VERTEX
  5
A88
  8
TEXT
 10
8.542405420866274
 20
-19.138262467978226
 30
0.0
 70
0
  0
VERTEX
  5
A89
  8
TEXT
 10
8.567566443834075
 20
-19.113649921400278
 30
0.0
 70
0
  0
VERTEX
  5
A8A
  8
TEXT
 10
8.593745070596707
 20
-19.09010743089214
 30
0.0
 70
0
  0
VERTEX
  5
A8B
  8
TEXT
 10
8.620941301154172
 20
-19.067634996453812
 30
0.0
 70
0
  0
VERTEX
  5
A8C
  8
TEXT
 10
8.649155135506467
 20
-19.046232618085288
 30
0.0
 70
0
  0
VERTEX
  5
A8D
  8
TEXT
 10
8.678386573653594
 20
-19.025900295786577
 30
0.0
 70
0
  0
VERTEX
  5
A8E
  8
TEXT
 10
8.708635615595552
 20
-19.00663802955767
 30
0.0
 70
0
  0
VERTEX
  5
A8F
  8
TEXT
 10
8.739902261332343
 20
-18.988445819398574
 30
0.0
 70
0
  0
VERTEX
  5
A90
  8
TEXT
 10
8.772186510863964
 20
-18.97132366530929
 30
0.0
 70
0
  0
VERTEX
  5
A91
  8
TEXT
 10
8.805488364190417
 20
-18.95527156728981
 30
0.0
 70
0
  0
VERTEX
  5
A92
  8
TEXT
 10
8.843690432293387
 20
-18.938721003698912
 30
0.0
 70
0
  0
VERTEX
  5
A93
  8
TEXT
 10
8.881836856116784
 20
-18.924159782393417
 30
0.0
 70
0
  0
VERTEX
  5
A94
  8
TEXT
 10
8.91992763566061
 20
-18.911587903373327
 30
0.0
 70
0
  0
VERTEX
  5
A95
  8
TEXT
 10
8.957962770924862
 20
-18.901005366638636
 30
0.0
 70
0
  0
VERTEX
  5
A96
  8
TEXT
 10
8.995942261909542
 20
-18.892412172189346
 30
0.0
 70
0
  0
VERTEX
  5
A97
  8
TEXT
 10
9.03386610861465
 20
-18.885808320025458
 30
0.0
 70
0
  0
VERTEX
  5
A98
  8
TEXT
 10
9.071734311040185
 20
-18.88119381014697
 30
0.0
 70
0
  0
VERTEX
  5
A99
  8
TEXT
 10
9.109546869186147
 20
-18.878568642553887
 30
0.0
 70
0
  0
VERTEX
  5
A9A
  8
TEXT
 10
9.147064824493514
 20
-18.877816912760004
 30
0.0
 70
0
  0
VERTEX
  5
A9B
  8
TEXT
 10
9.184049218403265
 20
-18.87882271627913
 30
0.0
 70
0
  0
VERTEX
  5
A9C
  8
TEXT
 10
9.220500050915398
 20
-18.881586053111263
 30
0.0
 70
0
  0
VERTEX
  5
A9D
  8
TEXT
 10
9.256417322029915
 20
-18.886106923256403
 30
0.0
 70
0
  0
VERTEX
  5
A9E
  8
TEXT
 10
9.291801031746814
 20
-18.89238532671455
 30
0.0
 70
0
  0
VERTEX
  5
A9F
  8
TEXT
 10
9.326651180066095
 20
-18.9004212634857
 30
0.0
 70
0
  0
VERTEX
  5
AA0
  8
TEXT
 10
9.360967766987761
 20
-18.91021473356986
 30
0.0
 70
0
  0
VERTEX
  5
AA1
  8
TEXT
 10
9.39475079251181
 20
-18.921765736967025
 30
0.0
 70
0
  0
VERTEX
  5
AA2
  8
TEXT
 10
9.427683225154086
 20
-18.93503400685326
 30
0.0
 70
0
  0
VERTEX
  5
AA3
  8
TEXT
 10
9.459448033430434
 20
-18.94997927640463
 30
0.0
 70
0
  0
VERTEX
  5
AA4
  8
TEXT
 10
9.490045217340857
 20
-18.96660154562113
 30
0.0
 70
0
  0
VERTEX
  5
AA5
  8
TEXT
 10
9.519474776885351
 20
-18.984900814502765
 30
0.0
 70
0
  0
VERTEX
  5
AA6
  8
TEXT
 10
9.54773671206392
 20
-19.00487708304953
 30
0.0
 70
0
  0
VERTEX
  5
AA7
  8
TEXT
 10
9.57483102287656
 20
-19.026530351261428
 30
0.0
 70
0
  0
VERTEX
  5
AA8
  8
TEXT
 10
9.600757709323275
 20
-19.049860619138457
 30
0.0
 70
0
  0
VERTEX
  5
AA9
  8
TEXT
 10
9.625516771404063
 20
-19.07486788668062
 30
0.0
 70
0
  0
VERTEX
  5
AAA
  8
TEXT
 10
9.435629941353346
 20
-19.290245744223355
 30
0.0
 70
0
  0
VERTEX
  5
AAB
  8
TEXT
 10
9.406779662149814
 20
-19.26340864733119
 30
0.0
 70
0
  0
VERTEX
  5
AAC
  8
TEXT
 10
9.376354047079321
 20
-19.23963420370881
 30
0.0
 70
0
  0
VERTEX
  5
AAD
  8
TEXT
 10
9.34435309614187
 20
-19.218922413356207
 30
0.0
 70
0
  0
VERTEX
  5
AAE
  8
TEXT
 10
9.310776809337455
 20
-19.201273276273387
 30
0.0
 70
0
  0
VERTEX
  5
AAF
  8
TEXT
 10
9.275625186666081
 20
-19.18668679246035
 30
0.0
 70
0
  0
VERTEX
  5
AB0
  8
TEXT
 10
9.238898228127745
 20
-19.175162961917092
 30
0.0
 70
0
  0
VERTEX
  5
AB1
  8
TEXT
 10
9.20059593372245
 20
-19.166701784643614
 30
0.0
 70
0
  0
VERTEX
  5
AB2
  8
TEXT
 10
9.166315947320253
 20
-19.162033235984364
 30
0.0
 70
0
  0
VERTEX
  5
AB3
  8
TEXT
 10
9.131883422206524
 20
-19.160154828624137
 30
0.0
 70
0
  0
VERTEX
  5
AB4
  8
TEXT
 10
9.09729835838126
 20
-19.161066562562933
 30
0.0
 70
0
  0
VERTEX
  5
AB5
  8
TEXT
 10
9.062560755844462
 20
-19.16476843780075
 30
0.0
 70
0
  0
VERTEX
  5
AB6
  8
TEXT
 10
9.02767061459613
 20
-19.17126045433759
 30
0.0
 70
0
  0
VERTEX
  5
AB7
  8
TEXT
 10
8.992627934636264
 20
-19.180542612173458
 30
0.0
 70
0
  0
VERTEX
  5
AB8
  8
TEXT
 10
8.957432715964863
 20
-19.192614911308347
 30
0.0
 70
0
  0
VERTEX
  5
AB9
  8
TEXT
 10
8.92208495858193
 20
-19.20747735174226
 30
0.0
 70
0
  0
VERTEX
  5
ABA
  8
TEXT
 10
8.888383640907993
 20
-19.224176125271523
 30
0.0
 70
0
  0
VERTEX
  5
ABB
  8
TEXT
 10
8.856490987652883
 20
-19.24250859582173
 30
0.0
 70
0
  0
VERTEX
  5
ABC
  8
TEXT
 10
8.8264069988166
 20
-19.262474763392877
 30
0.0
 70
0
  0
VERTEX
  5
ABD
  8
TEXT
 10
8.798131674399144
 20
-19.28407462798497
 30
0.0
 70
0
  0
VERTEX
  5
ABE
  8
TEXT
 10
8.771665014400517
 20
-19.307308189598004
 30
0.0
 70
0
  0
VERTEX
  5
ABF
  8
TEXT
 10
8.747007018820716
 20
-19.332175448231986
 30
0.0
 70
0
  0
VERTEX
  5
AC0
  8
TEXT
 10
8.724157687659742
 20
-19.358676403886907
 30
0.0
 70
0
  0
VERTEX
  5
AC1
  8
TEXT
 10
8.703117020917597
 20
-19.386811056562774
 30
0.0
 70
0
  0
VERTEX
  5
AC2
  8
TEXT
 10
8.683885018594278
 20
-19.416579406259583
 30
0.0
 70
0
  0
VERTEX
  5
AC3
  8
TEXT
 10
8.666498976415841
 20
-19.44750303562052
 30
0.0
 70
0
  0
VERTEX
  5
AC4
  8
TEXT
 10
8.650996190108343
 20
-19.479103527288775
 30
0.0
 70
0
  0
VERTEX
  5
AC5
  8
TEXT
 10
8.637376659671782
 20
-19.511380881264344
 30
0.0
 70
0
  0
VERTEX
  5
AC6
  8
TEXT
 10
8.625640385106157
 20
-19.544335097547233
 30
0.0
 70
0
  0
VERTEX
  5
AC7
  8
TEXT
 10
8.61578736641147
 20
-19.577966176137434
 30
0.0
 70
0
  0
VERTEX
  5
AC8
  8
TEXT
 10
8.60781760358772
 20
-19.612274117034953
 30
0.0
 70
0
  0
VERTEX
  5
AC9
  8
TEXT
 10
8.601731096634905
 20
-19.647258920239786
 30
0.0
 70
0
  0
VERTEX
  5
ACA
  8
TEXT
 10
8.59752784555303
 20
-19.682920585751937
 30
0.0
 70
0
  0
VERTEX
  5
ACB
  8
TEXT
 10
8.59520785034209
 20
-19.7192591135714
 30
0.0
 70
0
  0
VERTEX
  5
ACC
  8
TEXT
 10
8.594784413738369
 20
-19.75581233974477
 30
0.0
 70
0
  0
VERTEX
  5
ACD
  8
TEXT
 10
8.596270838478144
 20
-19.792118100318635
 30
0.0
 70
0
  0
VERTEX
  5
ACE
  8
TEXT
 10
8.599667124561417
 20
-19.828176395292996
 30
0.0
 70
0
  0
VERTEX
  5
ACF
  8
TEXT
 10
8.604973271988186
 20
-19.86398722466785
 30
0.0
 70
0
  0
VERTEX
  5
AD0
  8
TEXT
 10
8.612189280758454
 20
-19.899550588443194
 30
0.0
 70
0
  0
VERTEX
  5
AD1
  8
TEXT
 10
8.621315150872217
 20
-19.934866486619036
 30
0.0
 70
0
  0
VERTEX
  5
AD2
  8
TEXT
 10
8.632350882329478
 20
-19.96993491919537
 30
0.0
 70
0
  0
VERTEX
  5
AD3
  8
TEXT
 10
8.645296475130236
 20
-20.004755886172198
 30
0.0
 70
0
  0
VERTEX
  5
AD4
  8
TEXT
 10
8.66015192927449
 20
-20.03932938754952
 30
0.0
 70
0
  0
VERTEX
  5
AD5
  8
TEXT
 10
8.677065845263854
 20
-20.073841791878653
 30
0.0
 70
0
  0
VERTEX
  5
AD6
  8
TEXT
 10
8.695292571065098
 20
-20.106530951388635
 30
0.0
 70
0
  0
VERTEX
  5
AD7
  8
TEXT
 10
8.71483210667822
 20
-20.137396866079474
 30
0.0
 70
0
  0
VERTEX
  5
AD8
  8
TEXT
 10
8.735684452103222
 20
-20.16643953595117
 30
0.0
 70
0
  0
VERTEX
  5
AD9
  8
TEXT
 10
8.757849607340104
 20
-20.19365896100372
 30
0.0
 70
0
  0
VERTEX
  5
ADA
  8
TEXT
 10
8.781327572388866
 20
-20.219055141237124
 30
0.0
 70
0
  0
VERTEX
  5
ADB
  8
TEXT
 10
8.806118347249505
 20
-20.242628076651386
 30
0.0
 70
0
  0
VERTEX
  5
ADC
  8
TEXT
 10
8.832221931922026
 20
-20.264377767246504
 30
0.0
 70
0
  0
VERTEX
  5
ADD
  8
TEXT
 10
8.863273628419583
 20
-20.286816358914894
 30
0.0
 70
0
  0
VERTEX
  5
ADE
  8
TEXT
 10
8.8952630274472
 20
-20.306502263781674
 30
0.0
 70
0
  0
VERTEX
  5
ADF
  8
TEXT
 10
8.928190129004879
 20
-20.323435481846847
 30
0.0
 70
0
  0
VERTEX
  5
AE0
  8
TEXT
 10
8.962054933092618
 20
-20.33761601311041
 30
0.0
 70
0
  0
VERTEX
  5
AE1
  8
TEXT
 10
8.99685743971042
 20
-20.34904385757236
 30
0.0
 70
0
  0
VERTEX
  5
AE2
  8
TEXT
 10
9.03259764885828
 20
-20.357719015232707
 30
0.0
 70
0
  0
VERTEX
  5
AE3
  8
TEXT
 10
9.069275560536203
 20
-20.363641486091446
 30
0.0
 70
0
  0
VERTEX
  5
AE4
  8
TEXT
 10
9.106388743581405
 20
-20.366660576751457
 30
0.0
 70
0
  0
VERTEX
  5
AE5
  8
TEXT
 10
9.143434766831106
 20
-20.366625593815623
 30
0.0
 70
0
  0
VERTEX
  5
AE6
  8
TEXT
 10
9.180413630285305
 20
-20.363536537283952
 30
0.0
 70
0
  0
VERTEX
  5
AE7
  8
TEXT
 10
9.217325333944002
 20
-20.357393407156433
 30
0.0
 70
0
  0
VERTEX
  5
AE8
  8
TEXT
 10
9.254169877807197
 20
-20.348196203433076
 30
0.0
 70
0
  0
VERTEX
  5
AE9
  8
TEXT
 10
9.290947261874889
 20
-20.335944926113875
 30
0.0
 70
0
  0
VERTEX
  5
AEA
  8
TEXT
 10
9.32765748614708
 20
-20.32063957519883
 30
0.0
 70
0
  0
VERTEX
  5
AEB
  8
TEXT
 10
9.36327511664507
 20
-20.302866799227722
 30
0.0
 70
0
  0
VERTEX
  5
AEC
  8
TEXT
 10
9.396824824095592
 20
-20.28319025167514
 30
0.0
 70
0
  0
VERTEX
  5
AED
  8
TEXT
 10
9.428306608498644
 20
-20.26160993254109
 30
0.0
 70
0
  0
VERTEX
  5
AEE
  8
TEXT
 10
9.457720469854229
 20
-20.238125841825568
 30
0.0
 70
0
  0
VERTEX
  5
AEF
  8
TEXT
 10
9.485066408162345
 20
-20.212737979528576
 30
0.0
 70
0
  0
VERTEX
  5
AF0
  8
TEXT
 10
9.51034442342299
 20
-20.185446345650114
 30
0.0
 70
0
  0
VERTEX
  5
AF1
  8
TEXT
 10
9.533554515636169
 20
-20.156250940190183
 30
0.0
 70
0
  0
VERTEX
  5
AF2
  8
TEXT
 10
9.554696684801877
 20
-20.12515176314878
 30
0.0
 70
0
  0
VERTEX
  5
AF3
  8
TEXT
 10
9.573638295440567
 20
-20.092727175409358
 30
0.0
 70
0
  0
VERTEX
  5
AF4
  8
TEXT
 10
9.590246712072686
 20
-20.059555537855363
 30
0.0
 70
0
  0
VERTEX
  5
AF5
  8
TEXT
 10
9.604521934698235
 20
-20.0256368504868
 30
0.0
 70
0
  0
VERTEX
  5
AF6
  8
TEXT
 10
9.616463963317216
 20
-19.990971113303672
 30
0.0
 70
0
  0
VERTEX
  5
AF7
  8
TEXT
 10
9.626072797929625
 20
-19.955558326305972
 30
0.0
 70
0
  0
VERTEX
  5
AF8
  8
TEXT
 10
9.633348438535464
 20
-19.9193984894937
 30
0.0
 70
0
  0
VERTEX
  5
AF9
  8
TEXT
 10
9.638290885134733
 20
-19.882491602866864
 30
0.0
 70
0
  0
VERTEX
  5
AFA
  8
TEXT
 10
9.640900137727433
 20
-19.844837666425455
 30
0.0
 70
0
  0
VERTEX
  5
AFB
  8
TEXT
 10
9.926180249864606
 20
-19.86507104577943
 30
0.0
 70
0
  0
VERTEX
  5
AFC
  8
TEXT
 10
9.924434615611597
 20
-19.901021641252985
 30
0.0
 70
0
  0
VERTEX
  5
AFD
  8
TEXT
 10
9.920915617115526
 20
-19.936751126674217
 30
0.0
 70
0
  0
VERTEX
  5
AFE
  8
TEXT
 10
9.915623254376388
 20
-19.972259502043126
 30
0.0
 70
0
  0
VERTEX
  5
AFF
  8
TEXT
 10
9.908557527394187
 20
-20.00754676735971
 30
0.0
 70
0
  0
VERTEX
  5
B00
  8
TEXT
 10
9.899718436168923
 20
-20.042612922623974
 30
0.0
 70
0
  0
VERTEX
  5
B01
  8
TEXT
 10
9.889105980700593
 20
-20.077457967835915
 30
0.0
 70
0
  0
VERTEX
  5
B02
  8
TEXT
 10
9.876720160989201
 20
-20.11208190299553
 30
0.0
 70
0
  0
VERTEX
  5
B03
  8
TEXT
 10
9.862560977034743
 20
-20.146484728102827
 30
0.0
 70
0
  0
VERTEX
  5
B04
  8
TEXT
 10
9.846731757897148
 20
-20.180400083587994
 30
0.0
 70
0
  0
VERTEX
  5
B05
  8
TEXT
 10
9.82933583263634
 20
-20.21356160988123
 30
0.0
 70
0
  0
VERTEX
  5
B06
  8
TEXT
 10
9.810373201252322
 20
-20.245969306982538
 30
0.0
 70
0
  0
VERTEX
  5
B07
  8
TEXT
 10
9.78984386374509
 20
-20.27762317489191
 30
0.0
 70
0
  0
VERTEX
  5
B08
  8
TEXT
 10
9.767747820114648
 20
-20.308523213609355
 30
0.0
 70
0
  0
VERTEX
  5
B09
  8
TEXT
 10
9.744085070360994
 20
-20.338669423134867
 30
0.0
 70
0
  0
VERTEX
  5
B0A
  8
TEXT
 10
9.718855614484127
 20
-20.36806180346845
 30
0.0
 70
0
  0
VERTEX
  5
B0B
  8
TEXT
 10
9.692059452484049
 20
-20.3967003546101
 30
0.0
 70
0
  0
VERTEX
  5
B0C
  8
TEXT
 10
9.66702704360393
 20
-20.42128862983391
 30
0.0
 70
0
  0
VERTEX
  5
B0D
  8
TEXT
 10
9.640960065962128
 20
-20.444810546090782
 30
0.0
 70
0
  0
VERTEX
  5
B0E
  8
TEXT
 10
9.613858519558638
 20
-20.46726610338072
 30
0.0
 70
0
  0
VERTEX
  5
B0F
  8
TEXT
 10
9.585722404393463
 20
-20.48865530170372
 30
0.0
 70
0
  0
VERTEX
  5
B10
  8
TEXT
 10
9.556551720466603
 20
-20.508978141059785
 30
0.0
 70
0
  0
VERTEX
  5
B11
  8
TEXT
 10
9.526346467778056
 20
-20.528234621448913
 30
0.0
 70
0
  0
VERTEX
  5
B12
  8
TEXT
 10
9.495106646327823
 20
-20.546424742871107
 30
0.0
 70
0
  0
VERTEX
  5
B13
  8
TEXT
 10
9.462832256115906
 20
-20.563548505326366
 30
0.0
 70
0
  0
SEQEND
  5
A48
  8
TEXT
  0
POLYLINE
  5
B14
  8
TEXT
 66
1
 10
0.0
 20
0.0
 30
0.0
 70
1
  0
VERTEX
  5
B16
  8
TEXT
 10
11.029053845532516
 20
-19.769469296172325
 30
0.0
 70
0
  0
VERTEX
  5
B17
  8
TEXT
 10
10.993311122606988
 20
-19.788576673540224
 30
0.0
 70
0
  0
VERTEX
  5
B18
  8
TEXT
 10
10.957639285824778
 20
-19.805188069603936
 30
0.0
 70
0
  0
VERTEX
  5
B19
  8
TEXT
 10
10.922038335185887
 20
-19.81930348436346
 30
0.0
 70
0
  0
VERTEX
  5
B1A
  8
TEXT
 10
10.886508270690316
 20
-19.830922917818796
 30
0.0
 70
0
  0
VERTEX
  5
B1B
  8
TEXT
 10
10.851049092338064
 20
-19.840046369969947
 30
0.0
 70
0
  0
VERTEX
  5
B1C
  8
TEXT
 10
10.815660800129132
 20
-19.84667384081691
 30
0.0
 70
0
  0
VERTEX
  5
B1D
  8
TEXT
 10
10.780343394063518
 20
-19.850805330359684
 30
0.0
 70
0
  0
VERTEX
  5
B1E
  8
TEXT
 10
10.745096874141224
 20
-19.852440838598273
 30
0.0
 70
0
  0
VERTEX
  5
B1F
  8
TEXT
 10
10.709921240362249
 20
-19.851580365532673
 30
0.0
 70
0
  0
VERTEX
  5
B20
  8
TEXT
 10
10.675126062096114
 20
-19.8482670416609
 30
0.0
 70
0
  0
VERTEX
  5
B21
  8
TEXT
 10
10.641020908712338
 20
-19.84254399748097
 30
0.0
 70
0
  0
VERTEX
  5
B22
  8
TEXT
 10
10.607605780210921
 20
-19.83441123299288
 30
0.0
 70
0
  0
VERTEX
  5
B23
  8
TEXT
 10
10.574880676591864
 20
-19.823868748196638
 30
0.0
 70
0
  0
VERTEX
  5
B24
  8
TEXT
 10
10.542845597855166
 20
-19.810916543092233
 30
0.0
 70
0
  0
VERTEX
  5
B25
  8
TEXT
 10
10.511500544000828
 20
-19.795554617679674
 30
0.0
 70
0
  0
VERTEX
  5
B26
  8
TEXT
 10
10.48084551502885
 20
-19.777782971958953
 30
0.0
 70
0
  0
VERTEX
  5
B27
  8
TEXT
 10
10.45088051093923
 20
-19.757601605930077
 30
0.0
 70
0
  0
VERTEX
  5
B28
  8
TEXT
 10
10.421605531731972
 20
-19.735010519593043
 30
0.0
 70
0
  0
VERTEX
  5
B29
  8
TEXT
 10
10.39605852247242
 20
-19.712676066518654
 30
0.0
 70
0
  0
VERTEX
  5
B2A
  8
TEXT
 10
10.371491434872707
 20
-19.688505410979484
 30
0.0
 70
0
  0
VERTEX
  5
B2B
  8
TEXT
 10
10.347904268932835
 20
-19.662498552975535
 30
0.0
 70
0
  0
VERTEX
  5
B2C
  8
TEXT
 10
10.325297024652803
 20
-19.634655492506806
 30
0.0
 70
0
  0
VERTEX
  5
B2D
  8
TEXT
 10
10.303669702032611
 20
-19.6049762295733
 30
0.0
 70
0
  0
VERTEX
  5
B2E
  8
TEXT
 10
10.28302230107226
 20
-19.573460764175017
 30
0.0
 70
0
  0
VERTEX
  5
B2F
  8
TEXT
 10
10.263354821771747
 20
-19.54010909631195
 30
0.0
 70
0
  0
VERTEX
  5
B30
  8
TEXT
 10
10.244667264131076
 20
-19.50492122598411
 30
0.0
 70
0
  0
VERTEX
  5
B31
  8
TEXT
 10
10.226959628150244
 20
-19.467897153191487
 30
0.0
 70
0
  0
VERTEX
  5
B32
  8
TEXT
 10
10.210231913829253
 20
-19.429036877934088
 30
0.0
 70
0
  0
VERTEX
  5
B33
  8
TEXT
 10
9.839031143633735
 20
-18.489401424533426
 30
0.0
 70
0
  0
VERTEX
  5
B34
  8
TEXT
 10
10.091267213913916
 20
-18.345896079992478
 30
0.0
 70
0
  0
VERTEX
  5
B35
  8
TEXT
 10
10.46589123206564
 20
-19.297791635793796
 30
0.0
 70
0
  0
VERTEX
  5
B36
  8
TEXT
 10
10.48261740254797
 20
-19.33464792505117
 30
0.0
 70
0
  0
VERTEX
  5
B37
  8
TEXT
 10
10.501029719454266
 20
-19.368571618823907
 30
0.0
 70
0
  0
VERTEX
  5
B38
  8
TEXT
 10
10.521128182784528
 20
-19.399562717112016
 30
0.0
 70
0
  0
VERTEX
  5
B39
  8
TEXT
 10
10.54291279253876
 20
-19.42762121991549
 30
0.0
 70
0
  0
VERTEX
  5
B3A
  8
TEXT
 10
10.56638354871696
 20
-19.452747127234332
 30
0.0
 70
0
  0
VERTEX
  5
B3B
  8
TEXT
 10
10.591540451319126
 20
-19.474940439068543
 30
0.0
 70
0
  0
VERTEX
  5
B3C
  8
TEXT
 10
10.62341871286318
 20
-19.497508914799088
 30
0.0
 70
0
  0
VERTEX
  5
B3D
  8
TEXT
 10
10.656653555541379
 20
-19.515469508170185
 30
0.0
 70
0
  0
VERTEX
  5
B3E
  8
TEXT
 10
10.691244979353721
 20
-19.528822219181826
 30
0.0
 70
0
  0
VERTEX
  5
B3F
  8
TEXT
 10
10.727192984300206
 20
-19.53756704783402
 30
0.0
 70
0
  0
VERTEX
  5
B40
  8
TEXT
 10
10.764497570380838
 20
-19.54170399412676
 30
0.0
 70
0
  0
VERTEX
  5
B41
  8
TEXT
 10
10.7963447059615
 20
-19.541492739730952
 30
0.0
 70
0
  0
VERTEX
  5
B42
  8
TEXT
 10
10.828581318290647
 20
-19.537803968021837
 30
0.0
 70
0
  0
VERTEX
  5
B43
  8
TEXT
 10
10.86120740736828
 20
-19.530637678999415
 30
0.0
 70
0
  0
VERTEX
  5
B44
  8
TEXT
 10
10.894222973194397
 20
-19.51999387266369
 30
0.0
 70
0
  0
VERTEX
  5
B45
  8
TEXT
 10
10.927628015768999
 20
-19.505872549014654
 30
0.0
 70
0
  0
VERTEX
  5
B46
  8
TEXT
 10
10.961422535092085
 20
-19.488273708052315
 30
0.0
 70
0
  0
VERTEX
  5
B47
  8
TEXT
 10
10.995042359226156
 20
-19.467419661047803
 30
0.0
 70
0
  0
VERTEX
  5
B48
  8
TEXT
 10
11.026134407933853
 20
-19.44455048767324
 30
0.0
 70
0
  0
VERTEX
  5
B49
  8
TEXT
 10
11.054698681215172
 20
-19.419666187928634
 30
0.0
 70
0
  0
VERTEX
  5
B4A
  8
TEXT
 10
11.080735179070116
 20
-19.392766761813984
 30
0.0
 70
0
  0
VERTEX
  5
B4B
  8
TEXT
 10
11.104243901498684
 20
-19.363852209329288
 30
0.0
 70
0
  0
VERTEX
  5
B4C
  8
TEXT
 10
11.125224848500876
 20
-19.332922530474544
 30
0.0
 70
0
  0
VERTEX
  5
B4D
  8
TEXT
 10
11.143581627589334
 20
-19.300328559837368
 30
0.0
 70
0
  0
VERTEX
  5
B4E
  8
TEXT
 10
11.159217846276702
 20
-19.266421132005355
 30
0.0
 70
0
  0
VERTEX
  5
B4F
  8
TEXT
 10
11.17213350456298
 20
-19.231200246978517
 30
0.0
 70
0
  0
VERTEX
  5
B50
  8
TEXT
 10
11.182328602448166
 20
-19.194665904756846
 30
0.0
 70
0
  0
VERTEX
  5
B51
  8
TEXT
 10
11.189803139932263
 20
-19.156818105340346
 30
0.0
 70
0
  0
VERTEX
  5
B52
  8
TEXT
 10
11.194557117015268
 20
-19.117656848729013
 30
0.0
 70
0
  0
VERTEX
  5
B53
  8
TEXT
 10
11.196215925967282
 20
-19.083368495942466
 30
0.0
 70
0
  0
VERTEX
  5
B54
  8
TEXT
 10
11.195374586739108
 20
-19.048762840797817
 30
0.0
 70
0
  0
VERTEX
  5
B55
  8
TEXT
 10
11.192033099330745
 20
-19.013839883295066
 30
0.0
 70
0
  0
VERTEX
  5
B56
  8
TEXT
 10
11.186191463742192
 20
-18.978599623434214
 30
0.0
 70
0
  0
VERTEX
  5
B57
  8
TEXT
 10
11.177849679973452
 20
-18.943042061215262
 30
0.0
 70
0
  0
VERTEX
  5
B58
  8
TEXT
 10
11.167007748024524
 20
-18.907167196638206
 30
0.0
 70
0
  0
VERTEX
  5
B59
  8
TEXT
 10
11.153665667895407
 20
-18.870975029703054
 30
0.0
 70
0
  0
VERTEX
  5
B5A
  8
TEXT
 10
10.788941450859097
 20
-17.948966403602626
 30
0.0
 70
0
  0
VERTEX
  5
B5B
  8
TEXT
 10
11.038494158689488
 20
-17.806987711663176
 30
0.0
 70
0
  0
VERTEX
  5
B5C
  8
TEXT
 10
11.660107727163501
 20
-19.367819017211993
 30
0.0
 70
0
  0
VERTEX
  5
B5D
  8
TEXT
 10
11.415921744232687
 20
-19.506744403948442
 30
0.0
 70
0
  0
VERTEX
  5
B5E
  8
TEXT
 10
11.342736182538035
 20
-19.32816271124952
 30
0.0
 70
0
  0
VERTEX
  5
B5F
  8
TEXT
 10
11.33660397741201
 20
-19.364901487871457
 30
0.0
 70
0
  0
VERTEX
  5
B60
  8
TEXT
 10
11.328048061001851
 20
-19.400848572219356
 30
0.0
 70
0
  0
VERTEX
  5
B61
  8
TEXT
 10
11.317068433307561
 20
-19.43600396429322
 30
0.0
 70
0
  0
VERTEX
  5
B62
  8
TEXT
 10
11.303665094329137
 20
-19.470367664093043
 30
0.0
 70
0
  0
VERTEX
  5
B63
  8
TEXT
 10
11.287838044066582
 20
-19.50393967161883
 30
0.0
 70
0
  0
VERTEX
  5
B64
  8
TEXT
 10
11.269587282519893
 20
-19.536719986870576
 30
0.0
 70
0
  0
VERTEX
  5
B65
  8
TEXT
 10
11.249847676650992
 20
-19.568078068894508
 30
0.0
 70
0
  0
VERTEX
  5
B66
  8
TEXT
 10
11.228361487888554
 20
-19.598061889004168
 30
0.0
 70
0
  0
VERTEX
  5
B67
  8
TEXT
 10
11.205128716232583
 20
-19.626671447199563
 30
0.0
 70
0
  0
VERTEX
  5
B68
  8
TEXT
 10
11.180149361683076
 20
-19.653906743480693
 30
0.0
 70
0
  0
VERTEX
  5
B69
  8
TEXT
 10
11.153423424240033
 20
-19.67976777784755
 30
0.0
 70
0
  0
VERTEX
  5
B6A
  8
TEXT
 10
11.124950903903457
 20
-19.704254550300146
 30
0.0
 70
0
  0
VERTEX
  5
B6B
  8
TEXT
 10
11.094731800673346
 20
-19.727367060838475
 30
0.0
 70
0
  0
VERTEX
  5
B6C
  8
TEXT
 10
11.0627661145497
 20
-19.749105309462532
 30
0.0
 70
0
  0
SEQEND
  5
B15
  8
TEXT
  0
POLYLINE
  5
B6D
  8
TEXT
 66
1
 10
0.0
 20
0.0
 30
0.0
 70
1
  0
VERTEX
  5
B6F
  8
TEXT
 10
12.678907228365457
 20
-18.753261893994996
 30
0.0
 70
0
  0
VERTEX
  5
B70
  8
TEXT
 10
12.644912794090006
 20
-18.775298011382038
 30
0.0
 70
0
  0
VERTEX
  5
B71
  8
TEXT
 10
12.610582925119479
 20
-18.79540387003147
 30
0.0
 70
0
  0
VERTEX
  5
B72
  8
TEXT
 10
12.575917621453877
 20
-18.813579469943292
 30
0.0
 70
0
  0
VERTEX
  5
B73
  8
TEXT
 10
12.5409168830932
 20
-18.829824811117504
 30
0.0
 70
0
  0
VERTEX
  5
B74
  8
TEXT
 10
12.505580710037448
 20
-18.844139893554107
 30
0.0
 70
0
  0
VERTEX
  5
B75
  8
TEXT
 10
12.46990910228662
 20
-18.856524717253098
 30
0.0
 70
0
  0
VERTEX
  5
B76
  8
TEXT
 10
12.433902059840717
 20
-18.86697928221448
 30
0.0
 70
0
  0
VERTEX
  5
B77
  8
TEXT
 10
12.397559582699738
 20
-18.875503588438253
 30
0.0
 70
0
  0
VERTEX
  5
B78
  8
TEXT
 10
12.361179047665015
 20
-18.88206313704943
 30
0.0
 70
0
  0
VERTEX
  5
B79
  8
TEXT
 10
12.32505783153787
 20
-18.886623429173017
 30
0.0
 70
0
  0
VERTEX
  5
B7A
  8
TEXT
 10
12.289195934318311
 20
-18.88918446480902
 30
0.0
 70
0
  0
VERTEX
  5
B7B
  8
TEXT
 10
12.25359335600633
 20
-18.88974624395744
 30
0.0
 70
0
  0
VERTEX
  5
B7C
  8
TEXT
 10
12.218250096601935
 20
-18.888308766618277
 30
0.0
 70
0
  0
VERTEX
  5
B7D
  8
TEXT
 10
12.183166156105118
 20
-18.884872032791524
 30
0.0
 70
0
  0
VERTEX
  5
B7E
  8
TEXT
 10
12.148341534515884
 20
-18.87943604247719
 30
0.0
 70
0
  0
VERTEX
  5
B7F
  8
TEXT
 10
12.113776231834233
 20
-18.87200079567527
 30
0.0
 70
0
  0
VERTEX
  5
B80
  8
TEXT
 10
12.07977360632508
 20
-18.86263710187969
 30
0.0
 70
0
  0
VERTEX
  5
B81
  8
TEXT
 10
12.046637016253344
 20
-18.851415770584385
 30
0.0
 70
0
  0
VERTEX
  5
B82
  8
TEXT
 10
12.014366461619025
 20
-18.83833680178935
 30
0.0
 70
0
  0
VERTEX
  5
B83
  8
TEXT
 10
11.982961942422122
 20
-18.823400195494585
 30
0.0
 70
0
  0
VERTEX
  5
B84
  8
TEXT
 10
11.952423458662635
 20
-18.80660595170009
 30
0.0
 70
0
  0
VERTEX
  5
B85
  8
TEXT
 10
11.922751010340566
 20
-18.787954070405863
 30
0.0
 70
0
  0
VERTEX
  5
B86
  8
TEXT
 10
11.893944597455912
 20
-18.76744455161191
 30
0.0
 70
0
  0
VERTEX
  5
B87
  8
TEXT
 10
11.866004220008675
 20
-18.745077395318226
 30
0.0
 70
0
  0
VERTEX
  5
B88
  8
TEXT
 10
12.008767884462872
 20
-18.53226801984913
 30
0.0
 70
0
  0
VERTEX
  5
B89
  8
TEXT
 10
12.040982641490857
 20
-18.55350059911723
 30
0.0
 70
0
  0
VERTEX
  5
B8A
  8
TEXT
 10
12.073740744787141
 20
-18.571972037896636
 30
0.0
 70
0
  0
VERTEX
  5
B8B
  8
TEXT
 10
12.107042194351726
 20
-18.587682336187346
 30
0.0
 70
0
  0
VERTEX
  5
B8C
  8
TEXT
 10
12.14088699018461
 20
-18.600631493989365
 30
0.0
 70
0
  0
VERTEX
  5
B8D
  8
TEXT
 10
12.175275132285796
 20
-18.61081951130269
 30
0.0
 70
0
  0
VERTEX
  5
B8E
  8
TEXT
 10
12.210206620655281
 20
-18.61824638812732
 30
0.0
 70
0
  0
VERTEX
  5
B8F
  8
TEXT
 10
12.245681455293068
 20
-18.62291212446326
 30
0.0
 70
0
  0
VERTEX
  5
B90
  8
TEXT
 10
12.281699636199155
 20
-18.624816720310506
 30
0.0
 70
0
  0
VERTEX
  5
B91
  8
TEXT
 10
12.317745791678023
 20
-18.623931445642395
 30
0.0
 70
0
  0
VERTEX
  5
B92
  8
TEXT
 10
12.353304550034153
 20
-18.620227570432277
 30
0.0
 70
0
  0
VERTEX
  5
B93
  8
TEXT
 10
12.388375911267545
 20
-18.613705094680146
 30
0.0
 70
0
  0
VERTEX
  5
B94
  8
TEXT
 10
12.422959875378197
 20
-18.604364018386004
 30
0.0
 70
0
  0
VERTEX
  5
B95
  8
TEXT
 10
12.457056442366113
 20
-18.592204341549852
 30
0.0
 70
0
  0
VERTEX
  5
B96
  8
TEXT
 10
12.490665612231291
 20
-18.577226064171686
 30
0.0
 70
0
  0
VERTEX
  5
B97
  8
TEXT
 10
12.523787384973732
 20
-18.55942918625151
 30
0.0
 70
0
  0
VERTEX
  5
B98
  8
TEXT
 10
12.556421760593434
 20
-18.538813707789323
 30
0.0
 70
0
  0
VERTEX
  5
B99
  8
TEXT
 10
12.589287764533575
 20
-18.514665709818416
 30
0.0
 70
0
  0
VERTEX
  5
B9A
  8
TEXT
 10
12.618591154075796
 20
-18.489340172871856
 30
0.0
 70
0
  0
VERTEX
  5
B9B
  8
TEXT
 10
12.644331929220096
 20
-18.462837096949638
 30
0.0
 70
0
  0
VERTEX
  5
B9C
  8
TEXT
 10
12.666510089966472
 20
-18.435156482051767
 30
0.0
 70
0
  0
VERTEX
  5
B9D
  8
TEXT
 10
12.685125636314929
 20
-18.406298328178238
 30
0.0
 70
0
  0
VERTEX
  5
B9E
  8
TEXT
 10
12.700178568265462
 20
-18.376262635329056
 30
0.0
 70
0
  0
VERTEX
  5
B9F
  8
TEXT
 10
12.711668885818074
 20
-18.345049403504213
 30
0.0
 70
0
  0
VERTEX
  5
BA0
  8
TEXT
 10
12.720352355332777
 20
-18.308539156771857
 30
0.0
 70
0
  0
VERTEX
  5
BA1
  8
TEXT
 10
12.72374840638503
 20
-18.27321308630435
 30
0.0
 70
0
  0
VERTEX
  5
BA2
  8
TEXT
 10
12.721857038974832
 20
-18.239071192101687
 30
0.0
 70
0
  0
VERTEX
  5
BA3
  8
TEXT
 10
12.714678253102187
 20
-18.206113474163875
 30
0.0
 70
0
  0
VERTEX
  5
BA4
  8
TEXT
 10
12.702212048767091
 20
-18.174339932490906
 30
0.0
 70
0
  0
VERTEX
  5
BA5
  8
TEXT
 10
12.684458425969545
 20
-18.143750567082783
 30
0.0
 70
0
  0
VERTEX
  5
BA6
  8
TEXT
 10
12.660167069411496
 20
-18.11441777625492
 30
0.0
 70
0
  0
VERTEX
  5
BA7
  8
TEXT
 10
12.631993535885506
 20
-18.092158117801045
 30
0.0
 70
0
  0
VERTEX
  5
BA8
  8
TEXT
 10
12.599937825391574
 20
-18.076971591721154
 30
0.0
 70
0
  0
VERTEX
  5
BA9
  8
TEXT
 10
12.5639999379297
 20
-18.068858198015256
 30
0.0
 70
0
  0
VERTEX
  5
BAA
  8
TEXT
 10
12.53258722140032
 20
-18.06699652920483
 30
0.0
 70
0
  0
VERTEX
  5
BAB
  8
TEXT
 10
12.498955433325536
 20
-18.068734446803795
 30
0.0
 70
0
  0
VERTEX
  5
BAC
  8
TEXT
 10
12.463104573705348
 20
-18.07407195081215
 30
0.0
 70
0
  0
VERTEX
  5
BAD
  8
TEXT
 10
12.425034642539753
 20
-18.0830090412299
 30
0.0
 70
0
  0
VERTEX
  5
BAE
  8
TEXT
 10
12.384745639828752
 20
-18.09554571805704
 30
0.0
 70
0
  0
VERTEX
  5
BAF
  8
TEXT
 10
12.144437083027032
 20
-18.175881872175214
 30
0.0
 70
0
  0
VERTEX
  5
BB0
  8
TEXT
 10
12.103496555052683
 20
-18.18871776518731
 30
0.0
 70
0
  0
VERTEX
  5
BB1
  8
TEXT
 10
12.063571886380487
 20
-18.199065360778402
 30
0.0
 70
0
  0
VERTEX
  5
BB2
  8
TEXT
 10
12.024663077010445
 20
-18.206924658948488
 30
0.0
 70
0
  0
VERTEX
  5
BB3
  8
TEXT
 10
11.986770126942556
 20
-18.212295659697567
 30
0.0
 70
0
  0
VERTEX
  5
BB4
  8
TEXT
 10
11.949893036176823
 20
-18.21517836302564
 30
0.0
 70
0
  0
VERTEX
  5
BB5
  8
TEXT
 10
11.914031804713243
 20
-18.215572768932706
 30
0.0
 70
0
  0
VERTEX
  5
BB6
  8
TEXT
 10
11.879186432551817
 20
-18.21347887741877
 30
0.0
 70
0
  0
VERTEX
  5
BB7
  8
TEXT
 10
11.845356919692547
 20
-18.208896688483826
 30
0.0
 70
0
  0
VERTEX
  5
BB8
  8
TEXT
 10
11.812543266135428
 20
-18.201826202127872
 30
0.0
 70
0
  0
VERTEX
  5
BB9
  8
TEXT
 10
11.777101055310387
 20
-18.191042415639174
 30
0.0
 70
0
  0
VERTEX
  5
BBA
  8
TEXT
 10
11.743462301623854
 20
-18.17739898507259
 30
0.0
 70
0
  0
VERTEX
  5
BBB
  8
TEXT
 10
11.71162700507583
 20
-18.16089591042812
 30
0.0
 70
0
  0
VERTEX
  5
BBC
  8
TEXT
 10
11.681595165666312
 20
-18.14153319170577
 30
0.0
 70
0
  0
VERTEX
  5
BBD
  8
TEXT
 10
11.653366783395303
 20
-18.119310828905537
 30
0.0
 70
0
  0
VERTEX
  5
BBE
  8
TEXT
 10
11.626941858262802
 20
-18.09422882202742
 30
0.0
 70
0
  0
VERTEX
  5
BBF
  8
TEXT
 10
11.602320390268808
 20
-18.066287171071423
 30
0.0
 70
0
  0
VERTEX
  5
BC0
  8
TEXT
 10
11.579502379413324
 20
-18.03548587603754
 30
0.0
 70
0
  0
VERTEX
  5
BC1
  8
TEXT
 10
11.560095917744778
 20
-18.004661708046264
 30
0.0
 70
0
  0
VERTEX
  5
BC2
  8
TEXT
 10
11.543322175478457
 20
-17.973141118536887
 30
0.0
 70
0
  0
VERTEX
  5
BC3
  8
TEXT
 10
11.529181152614354
 20
-17.940924107509407
 30
0.0
 70
0
  0
VERTEX
  5
BC4
  8
TEXT
 10
11.517672849152474
 20
-17.908010674963826
 30
0.0
 70
0
  0
VERTEX
  5
BC5
  8
TEXT
 10
11.508797265092815
 20
-17.874400820900142
 30
0.0
 70
0
  0
VERTEX
  5
BC6
  8
TEXT
 10
11.502554400435377
 20
-17.840094545318358
 30
0.0
 70
0
  0
VERTEX
  5
BC7
  8
TEXT
 10
11.49894425518016
 20
-17.80509184821847
 30
0.0
 70
0
  0
VERTEX
  5
BC8
  8
TEXT
 10
11.497966829327165
 20
-17.769392729600483
 30
0.0
 70
0
  0
VERTEX
  5
BC9
  8
TEXT
 10
11.499482501102843
 20
-17.733456713807737
 30
0.0
 70
0
  0
VERTEX
  5
BCA
  8
TEXT
 10
11.50335164873365
 20
-17.69774332518358
 30
0.0
 70
0
  0
VERTEX
  5
BCB
  8
TEXT
 10
11.509574272219588
 20
-17.662252563728014
 30
0.0
 70
0
  0
VERTEX
  5
BCC
  8
TEXT
 10
11.518150371560651
 20
-17.626984429441038
 30
0.0
 70
0
  0
VERTEX
  5
BCD
  8
TEXT
 10
11.529079946756845
 20
-17.591938922322655
 30
0.0
 70
0
  0
VERTEX
  5
BCE
  8
TEXT
 10
11.542362997808166
 20
-17.557116042372858
 30
0.0
 70
0
  0
VERTEX
  5
BCF
  8
TEXT
 10
11.557999524714617
 20
-17.52251578959165
 30
0.0
 70
0
  0
VERTEX
  5
BD0
  8
TEXT
 10
11.575989527476196
 20
-17.488138163979034
 30
0.0
 70
0
  0
VERTEX
  5
BD1
  8
TEXT
 10
11.59382937480945
 20
-17.45818194098116
 30
0.0
 70
0
  0
VERTEX
  5
BD2
  8
TEXT
 10
11.613274711139631
 20
-17.42923116003789
 30
0.0
 70
0
  0
VERTEX
  5
BD3
  8
TEXT
 10
11.634325536466736
 20
-17.401285821149223
 30
0.0
 70
0
  0
VERTEX
  5
BD4
  8
TEXT
 10
11.656981850790766
 20
-17.37434592431516
 30
0.0
 70
0
  0
VERTEX
  5
BD5
  8
TEXT
 10
11.681243654111721
 20
-17.3484114695357
 30
0.0
 70
0
  0
VERTEX
  5
BD6
  8
TEXT
 10
11.7071109464296
 20
-17.323482456810844
 30
0.0
 70
0
  0
VERTEX
  5
BD7
  8
TEXT
 10
11.734583727744402
 20
-17.29955888614059
 30
0.0
 70
0
  0
VERTEX
  5
BD8
  8
TEXT
 10
11.763661998056131
 20
-17.27664075752494
 30
0.0
 70
0
  0
VERTEX
  5
BD9
  8
TEXT
 10
11.794345757364784
 20
-17.254728070963896
 30
0.0
 70
0
  0
VERTEX
  5
BDA
  8
TEXT
 10
11.82868673700706
 20
-17.23253417071508
 30
0.0
 70
0
  0
VERTEX
  5
BDB
  8
TEXT
 10
11.863243936697284
 20
-17.212507309028492
 30
0.0
 70
0
  0
VERTEX
  5
BDC
  8
TEXT
 10
11.89801735643546
 20
-17.194647485904134
 30
0.0
 70
0
  0
VERTEX
  5
BDD
  8
TEXT
 10
11.933006996221586
 20
-17.178954701342008
 30
0.0
 70
0
  0
VERTEX
  5
BDE
  8
TEXT
 10
11.968212856055663
 20
-17.16542895534211
 30
0.0
 70
0
  0
VERTEX
  5
BDF
  8
TEXT
 10
12.003634935937688
 20
-17.154070247904443
 30
0.0
 70
0
  0
VERTEX
  5
BE0
  8
TEXT
 10
12.039273235867665
 20
-17.144878579029
 30
0.0
 70
0
  0
VERTEX
  5
BE1
  8
TEXT
 10
12.075127755845593
 20
-17.13785394871579
 30
0.0
 70
0
  0
VERTEX
  5
BE2
  8
TEXT
 10
12.111198495871468
 20
-17.13299635696481
 30
0.0
 70
0
  0
VERTEX
  5
BE3
  8
TEXT
 10
12.147485455945295
 20
-17.13030580377606
 30
0.0
 70
0
  0
VERTEX
  5
BE4
  8
TEXT
 10
12.183988636067072
 20
-17.12978228914954
 30
0.0
 70
0
  0
VERTEX
  5
BE5
  8
TEXT
 10
12.22020019373702
 20
-17.131416309274307
 30
0.0
 70
0
  0
VERTEX
  5
BE6
  8
TEXT
 10
12.255612286455358
 20
-17.135198360339423
 30
0.0
 70
0
  0
VERTEX
  5
BE7
  8
TEXT
 10
12.29022491422209
 20
-17.141128442344893
 30
0.0
 70
0
  0
VERTEX
  5
BE8
  8
TEXT
 10
12.324038077037214
 20
-17.149206555290714
 30
0.0
 70
0
  0
VERTEX
  5
BE9
  8
TEXT
 10
12.357051774900729
 20
-17.159432699176886
 30
0.0
 70
0
  0
VERTEX
  5
BEA
  8
TEXT
 10
12.389266007812637
 20
-17.17180687400341
 30
0.0
 70
0
  0
VERTEX
  5
BEB
  8
TEXT
 10
12.420680775772936
 20
-17.186329079770278
 30
0.0
 70
0
  0
VERTEX
  5
BEC
  8
TEXT
 10
12.451296078781628
 20
-17.202999316477502
 30
0.0
 70
0
  0
VERTEX
  5
BED
  8
TEXT
 10
12.48111191683871
 20
-17.221817584125077
 30
0.0
 70
0
  0
VERTEX
  5
BEE
  8
TEXT
 10
12.510128289944186
 20
-17.242783882713002
 30
0.0
 70
0
  0
VERTEX
  5
BEF
  8
TEXT
 10
12.538345198098051
 20
-17.265898212241275
 30
0.0
 70
0
  0
VERTEX
  5
BF0
  8
TEXT
 10
12.392390333933674
 20
-17.480877516649606
 30
0.0
 70
0
  0
VERTEX
  5
BF1
  8
TEXT
 10
12.360884765423664
 20
-17.458214488994244
 30
0.0
 70
0
  0
VERTEX
  5
BF2
  8
TEXT
 10
12.328833640770025
 20
-17.438951012746248
 30
0.0
 70
0
  0
VERTEX
  5
BF3
  8
TEXT
 10
12.296236959972754
 20
-17.42308708790561
 30
0.0
 70
0
  0
VERTEX
  5
BF4
  8
TEXT
 10
12.263094723031855
 20
-17.410622714472336
 30
0.0
 70
0
  0
VERTEX
  5
BF5
  8
TEXT
 10
12.229406929947325
 20
-17.401557892446416
 30
0.0
 70
0
  0
VERTEX
  5
BF6
  8
TEXT
 10
12.195173580719164
 20
-17.395892621827862
 30
0.0
 70
0
  0
VERTEX
  5
BF7
  8
TEXT
 10
12.160394675347375
 20
-17.393626902616667
 30
0.0
 70
0
  0
VERTEX
  5
BF8
  8
TEXT
 10
12.125528179299078
 20
-17.394677903446148
 30
0.0
 70
0
  0
VERTEX
  5
BF9
  8
TEXT
 10
12.091032058041403
 20
-17.39896279294963
 30
0.0
 70
0
  0
VERTEX
  5
BFA
  8
TEXT
 10
12.056906311574348
 20
-17.406481571127106
 30
0.0
 70
0
  0
VERTEX
  5
BFB
  8
TEXT
 10
12.023150939897914
 20
-17.41723423797858
 30
0.0
 70
0
  0
VERTEX
  5
BFC
  8
TEXT
 10
11.989765943012097
 20
-17.43122079350405
 30
0.0
 70
0
  0
VERTEX
  5
BFD
  8
TEXT
 10
11.956751320916903
 20
-17.448441237703516
 30
0.0
 70
0
  0
VERTEX
  5
BFE
  8
TEXT
 10
11.924107073612328
 20
-17.468895570576983
 30
0.0
 70
0
  0
VERTEX
  5
BFF
  8
TEXT
 10
11.893276145797754
 20
-17.491526438110387
 30
0.0
 70
0
  0
VERTEX
  5
C00
  8
TEXT
 10
11.865701482172565
 20
-17.51527648628968
 30
0.0
 70
0
  0
VERTEX
  5
C01
  8
TEXT
 10
11.84138308273676
 20
-17.54014571511486
 30
0.0
 70
0
  0
VERTEX
  5
C02
  8
TEXT
 10
11.820320947490337
 20
-17.56613412458593
 30
0.0
 70
0
  0
VERTEX
  5
C03
  8
TEXT
 10
11.8025150764333
 20
-17.59324171470288
 30
0.0
 70
0
  0
VERTEX
  5
C04
  8
TEXT
 10
11.787965469565647
 20
-17.621468485465723
 30
0.0
 70
0
  0
VERTEX
  5
C05
  8
TEXT
 10
11.776672126887377
 20
-17.65081443687445
 30
0.0
 70
0
  0
VERTEX
  5
C06
  8
TEXT
 10
11.767987278150352
 20
-17.685225609894683
 30
0.0
 70
0
  0
VERTEX
  5
C07
  8
TEXT
 10
11.764484889967633
 20
-17.718679531581476
 30
0.0
 70
0
  0
VERTEX
  5
C08
  8
TEXT
 10
11.766164962339214
 20
-17.75117620193483
 30
0.0
 70
0
  0
VERTEX
  5
C09
  8
TEXT
 10
11.7730274952651
 20
-17.782715620954743
 30
0.0
 70
0
  0
VERTEX
  5
C0A
  8
TEXT
 10
11.785072488745287
 20
-17.81329778864122
 30
0.0
 70
0
  0
VERTEX
  5
C0B
  8
TEXT
 10
11.802299942779777
 20
-17.842922704994255
 30
0.0
 70
0
  0
VERTEX
  5
C0C
  8
TEXT
 10
11.826245055255068
 20
-17.872432598719666
 30
0.0
 70
0
  0
VERTEX
  5
C0D
  8
TEXT
 10
11.853379856532783
 20
-17.89522356586618
 30
0.0
 70
0
  0
VERTEX
  5
C0E
  8
TEXT
 10
11.883704346612923
 20
-17.911295606433796
 30
0.0
 70
0
  0
VERTEX
  5
C0F
  8
TEXT
 10
11.917218525495489
 20
-17.920648720422513
 30
0.0
 70
0
  0
VERTEX
  5
C10
  8
TEXT
 10
11.946449998758242
 20
-17.923694906972596
 30
0.0
 70
0
  0
VERTEX
  5
C11
  8
TEXT
 10
11.977969981292455
 20
-17.923243625504014
 30
0.0
 70
0
  0
VERTEX
  5
C12
  8
TEXT
 10
12.01177847309813
 20
-17.919294876016767
 30
0.0
 70
0
  0
VERTEX
  5
C13
  8
TEXT
 10
12.047875474175264
 20
-17.911848658510852
 30
0.0
 70
0
  0
VERTEX
  5
C14
  8
TEXT
 10
12.086260984523857
 20
-17.90090497298627
 30
0.0
 70
0
  0
VERTEX
  5
C15
  8
TEXT
 10
12.34967356663621
 20
-17.81885878751464
 30
0.0
 70
0
  0
VERTEX
  5
C16
  8
TEXT
 10
12.39054552468243
 20
-17.80704894944038
 30
0.0
 70
0
  0
VERTEX
  5
C17
  8
TEXT
 10
12.430434719494201
 20
-17.797589677390995
 30
0.0
 70
0
  0
VERTEX
  5
C18
  8
TEXT
 10
12.46934115107152
 20
-17.79048097136648
 30
0.0
 70
0
  0
VERTEX
  5
C19
  8
TEXT
 10
12.507264819414386
 20
-17.785722831366844
 30
0.0
 70
0
  0
VERTEX
  5
C1A
  8
TEXT
 10
12.544205724522802
 20
-17.783315257392083
 30
0.0
 70
0
  0
VERTEX
  5
C1B
  8
TEXT
 10
12.580163866396767
 20
-17.783258249442195
 30
0.0
 70
0
  0
VERTEX
  5
C1C
  8
TEXT
 10
12.61513924503628
 20
-17.78555180751718
 30
0.0
 70
0
  0
VERTEX
  5
C1D
  8
TEXT
 10
12.649131860441344
 20
-17.79019593161704
 30
0.0
 70
0
  0
VERTEX
  5
C1E
  8
TEXT
 10
12.682141712611955
 20
-17.797190621741773
 30
0.0
 70
0
  0
VERTEX
  5
C1F
  8
TEXT
 10
12.717815085694552
 20
-17.80783180760103
 30
0.0
 70
0
  0
VERTEX
  5
C20
  8
TEXT
 10
12.75166864619723
 20
-17.821372925620164
 30
0.0
 70
0
  0
VERTEX
  5
C21
  8
TEXT
 10
12.783702394119986
 20
-17.837813975799172
 30
0.0
 70
0
  0
VERTEX
  5
C22
  8
TEXT
 10
12.813916329462824
 20
-17.85715495813806
 30
0.0
 70
0
  0
VERTEX
  5
C23
  8
TEXT
 10
12.842310452225739
 20
-17.879395872636824
 30
0.0
 70
0
  0
VERTEX
  5
C24
  8
TEXT
 10
12.868884762408733
 20
-17.904536719295464
 30
0.0
 70
0
  0
VERTEX
  5
C25
  8
TEXT
 10
12.893639260011808
 20
-17.932577498113982
 30
0.0
 70
0
  0
VERTEX
  5
C26
  8
TEXT
 10
12.91657394503496
 20
-17.963518209092374
 30
0.0
 70
0
  0
VERTEX
  5
C27
  8
TEXT
 10
12.935751845574908
 20
-17.994038414904082
 30
0.0
 70
0
  0
VERTEX
  5
C28
  8
TEXT
 10
12.952273890243285
 20
-18.02528535781679
 30
0.0
 70
0
  0
VERTEX
  5
C29
  8
TEXT
 10
12.966140079040095
 20
-18.0572590378305
 30
0.0
 70
0
  0
VERTEX
  5
C2A
  8
TEXT
 10
12.977350411965334
 20
-18.089959454945213
 30
0.0
 70
0
  0
VERTEX
  5
C2B
  8
TEXT
 10
12.985904889019006
 20
-18.123386609160924
 30
0.0
 70
0
  0
VERTEX
  5
C2C
  8
TEXT
 10
12.991803510201107
 20
-18.15754050047764
 30
0.0
 70
0
  0
VERTEX
  5
C2D
  8
TEXT
 10
12.995046275511639
 20
-18.192421128895358
 30
0.0
 70
0
  0
VERTEX
  5
C2E
  8
TEXT
 10
12.995633184950604
 20
-18.228028494414076
 30
0.0
 70
0
  0
VERTEX
  5
C2F
  8
TEXT
 10
12.993668956544715
 20
-18.26392680628822
 30
0.0
 70
0
  0
VERTEX
  5
C30
  8
TEXT
 10
12.98925830832069
 20
-18.299680273772225
 30
0.0
 70
0
  0
VERTEX
  5
C31
  8
TEXT
 10
12.982401240278527
 20
-18.335288896866082
 30
0.0
 70
0
  0
VERTEX
  5
C32
  8
TEXT
 10
12.973097752418228
 20
-18.370752675569793
 30
0.0
 70
0
  0
VERTEX
  5
C33
  8
TEXT
 10
12.961347844739793
 20
-18.406071609883362
 30
0.0
 70
0
  0
VERTEX
  5
C34
  8
TEXT
 10
12.94715151724322
 20
-18.44124569980679
 30
0.0
 70
0
  0
VERTEX
  5
C35
  8
TEXT
 10
12.930508769928514
 20
-18.476274945340066
 30
0.0
 70
0
  0
VERTEX
  5
C36
  8
TEXT
 10
12.911419602795668
 20
-18.511159346483204
 30
0.0
 70
0
  0
VERTEX
  5
C37
  8
TEXT
 10
12.892499794090574
 20
-18.541654027967002
 30
0.0
 70
0
  0
VERTEX
  5
C38
  8
TEXT
 10
12.871851260494248
 20
-18.57125010984407
 30
0.0
 70
0
  0
VERTEX
  5
C39
  8
TEXT
 10
12.849474002006689
 20
-18.599947592114404
 30
0.0
 70
0
  0
VERTEX
  5
C3A
  8
TEXT
 10
12.825368018627897
 20
-18.627746474778004
 30
0.0
 70
0
  0
VERTEX
  5
C3B
  8
TEXT
 10
12.799533310357873
 20
-18.65464675783487
 30
0.0
 70
0
  0
VERTEX
  5
C3C
  8
TEXT
 10
12.771969877196618
 20
-18.680648441285
 30
0.0
 70
0
  0
VERTEX
  5
C3D
  8
TEXT
 10
12.74267771914413
 20
-18.7057515251284
 30
0.0
 70
0
  0
VERTEX
  5
C3E
  8
TEXT
 10
12.71165683620041
 20
-18.729956009365065
 30
0.0
 70
0
  0
SEQEND
  5
B6E
  8
TEXT
  0
POLYLINE
  5
C3F
  8
LOGO
 66
1
 10
0.0
 20
0.0
 30
0.0
 70
1
  0
VERTEX
  5
C41
  8
LOGO
 10
-19.844357596482656
 20
2.3558133854421106
 30
0.0
 70
0
  0
VERTEX
  5
C42
  8
LOGO
 10
-19.93580850024426
 20
2.3456521739130434
 30
0.0
 70
0
  0
VERTEX
  5
C43
  8
LOGO
 10
-20.02725940400586
 20
2.3304103566194434
 30
0.0
 70
0
  0
VERTEX
  5
C44
  8
LOGO
 10
-20.1180752320469
 20
2.310723009281876
 30
0.0
 70
0
  0
VERTEX
  5
C45
  8
LOGO
 10
-20.208891060087932
 20
2.286590131900342
 30
0.0
 70
0
  0
VERTEX
  5
C46
  8
LOGO
 10
-20.2990718124084
 20
2.2573766487542746
 30
0.0
 70
0
  0
VERTEX
  5
C47
  8
LOGO
 10
-20.389887640449437
 20
2.223717635564241
 30
0.0
 70
0
  0
VERTEX
  5
C48
  8
LOGO
 10
-20.481338544211038
 20
2.184342940889106
 30
0.0
 70
0
  0
VERTEX
  5
C49
  8
LOGO
 10
-20.574059599413776
 20
2.140522716170005
 30
0.0
 70
0
  0
VERTEX
  5
C4A
  8
LOGO
 10
-20.64201270151441
 20
2.104958475818271
 30
0.0
 70
0
  0
VERTEX
  5
C4B
  8
LOGO
 10
-20.708060576453345
 20
2.0674890083048365
 30
0.0
 70
0
  0
VERTEX
  5
C4C
  8
LOGO
 10
-20.771568148510013
 20
2.028114313629702
 30
0.0
 70
0
  0
VERTEX
  5
C4D
  8
LOGO
 10
-20.83380556912555
 20
1.9868343917928677
 30
0.0
 70
0
  0
VERTEX
  5
C4E
  8
LOGO
 10
-20.894137762579383
 20
1.9430141670737666
 30
0.0
 70
0
  0
VERTEX
  5
C4F
  8
LOGO
 10
-20.953199804592085
 20
1.8966536394723992
 30
0.0
 70
0
  0
VERTEX
  5
C50
  8
LOGO
 10
-21.01162677088422
 20
1.847752808988764
 30
0.0
 70
0
  0
VERTEX
  5
C51
  8
LOGO
 10
-21.068783585735222
 20
1.7956765999022968
 30
0.0
 70
0
  0
VERTEX
  5
C52
  8
LOGO
 10
-21.12085979482169
 20
1.7448705422569621
 30
0.0
 70
0
  0
VERTEX
  5
C53
  8
LOGO
 10
-21.169760625305322
 20
1.6934294088910606
 30
0.0
 70
0
  0
VERTEX
  5
C54
  8
LOGO
 10
-21.215486077186124
 20
1.6407181240840254
 30
0.0
 70
0
  0
VERTEX
  5
C55
  8
LOGO
 10
-21.25867122618466
 20
1.586101612115291
 30
0.0
 70
0
  0
VERTEX
  5
C56
  8
LOGO
 10
-21.29868099658036
 20
1.5302149487054229
 30
0.0
 70
0
  0
VERTEX
  5
C57
  8
LOGO
 10
-21.336150464093794
 20
1.4717879824132885
 30
0.0
 70
0
  0
VERTEX
  5
C58
  8
LOGO
 10
-21.37171470444553
 20
1.4108207132388866
 30
0.0
 70
0
  0
VERTEX
  5
C59
  8
LOGO
 10
-21.405373717635563
 20
1.3466780654616515
 30
0.0
 70
0
  0
VERTEX
  5
C5A
  8
LOGO
 10
-21.418710307767462
 20
1.3187347337567177
 30
0.0
 70
0
  0
VERTEX
  5
C5B
  8
LOGO
 10
-21.43204689789936
 20
1.2869809477283836
 30
0.0
 70
0
  0
VERTEX
  5
C5C
  8
LOGO
 10
-21.444748412310698
 20
1.2526868588177829
 30
0.0
 70
0
  0
VERTEX
  5
C5D
  8
LOGO
 10
-21.456814851001464
 20
1.2171226184660484
 30
0.0
 70
0
  0
VERTEX
  5
C5E
  8
LOGO
 10
-21.467611138251097
 20
1.181558378114314
 30
0.0
 70
0
  0
VERTEX
  5
C5F
  8
LOGO
 10
-21.477772349780164
 20
1.1466292134831464
 30
0.0
 70
0
  0
VERTEX
  5
C60
  8
LOGO
 10
-21.485393258426964
 20
1.1142403517342454
 30
0.0
 70
0
  0
VERTEX
  5
C61
  8
LOGO
 10
-21.491108939912067
 20
1.0843917928676117
 30
0.0
 70
0
  0
VERTEX
  5
C62
  8
LOGO
 10
-21.496824621397167
 20
1.0412066438690768
 30
0.0
 70
0
  0
VERTEX
  5
C63
  8
LOGO
 10
-21.5
 20
0.9986565705911097
 30
0.0
 70
0
  0
VERTEX
  5
C64
  8
LOGO
 10
-21.5
 20
0.9567415730337083
 30
0.0
 70
0
  0
VERTEX
  5
C65
  8
LOGO
 10
-21.497459697117733
 20
0.9160967269174408
 30
0.0
 70
0
  0
VERTEX
  5
C66
  8
LOGO
 10
-21.493014167073767
 20
0.8779921836834398
 30
0.0
 70
0
  0
VERTEX
  5
C67
  8
LOGO
 10
-21.485393258426964
 20
0.8411577918905718
 30
0.0
 70
0
  0
VERTEX
  5
C68
  8
LOGO
 10
-21.475232046897897
 20
0.807498778700538
 30
0.0
 70
0
  0
VERTEX
  5
C69
  8
LOGO
 10
-21.462530532486564
 20
0.7763800683927705
 30
0.0
 70
0
  0
VERTEX
  5
C6A
  8
LOGO
 10
-21.453004396678065
 20
0.7573277967757701
 30
0.0
 70
0
  0
VERTEX
  5
C6B
  8
LOGO
 10
-21.441573033707865
 20
0.7376404494382027
 30
0.0
 70
0
  0
VERTEX
  5
C6C
  8
LOGO
 10
-21.429506595017095
 20
0.7173180263800686
 30
0.0
 70
0
  0
VERTEX
  5
C6D
  8
LOGO
 10
-21.416170004885196
 20
0.6982657547630682
 30
0.0
 70
0
  0
VERTEX
  5
C6E
  8
LOGO
 10
-21.403468490473863
 20
0.6798485588666344
 30
0.0
 70
0
  0
VERTEX
  5
C6F
  8
LOGO
 10
-21.390131900341963
 20
0.6633365901319006
 30
0.0
 70
0
  0
VERTEX
  5
C70
  8
LOGO
 10
-21.378065461651197
 20
0.6500000000000001
 30
0.0
 70
0
  0
VERTEX
  5
C71
  8
LOGO
 10
-21.36726917440156
 20
0.6392037127503669
 30
0.0
 70
0
  0
VERTEX
  5
C72
  8
LOGO
 10
-21.353297508549094
 20
0.628407425500733
 30
0.0
 70
0
  0
VERTEX
  5
C73
  8
LOGO
 10
-21.337420615534928
 20
0.6176111382510999
 30
0.0
 70
0
  0
VERTEX
  5
C74
  8
LOGO
 10
-21.32027357107963
 20
0.6068148510014659
 30
0.0
 70
0
  0
VERTEX
  5
C75
  8
LOGO
 10
-21.301856375183192
 20
0.5966536394723989
 30
0.0
 70
0
  0
VERTEX
  5
C76
  8
LOGO
 10
-21.284074255007326
 20
0.5877625793844654
 30
0.0
 70
0
  0
VERTEX
  5
C77
  8
LOGO
 10
-21.265657059110893
 20
0.5795065950170989
 30
0.0
 70
0
  0
VERTEX
  5
C78
  8
LOGO
 10
-21.248510014655594
 20
0.5731558378114321
 30
0.0
 70
0
  0
VERTEX
  5
C79
  8
LOGO
 10
-21.231998045920857
 20
0.5680752320468981
 30
0.0
 70
0
  0
VERTEX
  5
C7A
  8
LOGO
 10
-21.21040547142159
 20
0.562994626282365
 30
0.0
 70
0
  0
VERTEX
  5
C7B
  8
LOGO
 10
-21.186907669760625
 20
0.5598192476795315
 30
0.0
 70
0
  0
VERTEX
  5
C7C
  8
LOGO
 10
-21.161504640937956
 20
0.5579140205178311
 30
0.0
 70
0
  0
VERTEX
  5
C7D
  8
LOGO
 10
-21.135466536394723
 20
0.5572789447972649
 30
0.0
 70
0
  0
VERTEX
  5
C7E
  8
LOGO
 10
-21.10879335613092
 20
0.5585490962383979
 30
0.0
 70
0
  0
VERTEX
  5
C7F
  8
LOGO
 10
-21.081485100146555
 20
0.5610893991206645
 30
0.0
 70
0
  0
VERTEX
  5
C80
  8
LOGO
 10
-21.054811919882752
 20
0.5655349291646316
 30
0.0
 70
0
  0
VERTEX
  5
C81
  8
LOGO
 10
-21.02877381533952
 20
0.5706155349291647
 30
0.0
 70
0
  0
VERTEX
  5
C82
  8
LOGO
 10
-21.003370786516854
 20
0.5776013678553984
 30
0.0
 70
0
  0
VERTEX
  5
C83
  8
LOGO
 10
-20.975427454811918
 20
0.5864924279433318
 30
0.0
 70
0
  0
VERTEX
  5
C84
  8
LOGO
 10
-20.945578895945285
 20
0.5966536394723989
 30
0.0
 70
0
  0
VERTEX
  5
C85
  8
LOGO
 10
-20.915095261358083
 20
0.6087200781631658
 30
0.0
 70
0
  0
VERTEX
  5
C86
  8
LOGO
 10
-20.883976551050317
 20
0.6214215925744994
 30
0.0
 70
0
  0
VERTEX
  5
C87
  8
LOGO
 10
-20.852857840742548
 20
0.6347581827063998
 30
0.0
 70
0
  0
VERTEX
  5
C88
  8
LOGO
 10
-20.823009281875915
 20
0.6487298485588672
 30
0.0
 70
0
  0
VERTEX
  5
C89
  8
LOGO
 10
-20.795701025891546
 20
0.6627015144113338
 30
0.0
 70
0
  0
VERTEX
  5
C8A
  8
LOGO
 10
-20.70742550073278
 20
0.7128724963361023
 30
0.0
 70
0
  0
VERTEX
  5
C8B
  8
LOGO
 10
-20.610258915486074
 20
0.7744748412310701
 30
0.0
 70
0
  0
VERTEX
  5
C8C
  8
LOGO
 10
-20.506741573033707
 20
0.8443331704934052
 30
0.0
 70
0
  0
VERTEX
  5
C8D
  8
LOGO
 10
-20.39877870053737
 20
0.9224474841231077
 30
0.0
 70
0
  0
VERTEX
  5
C8E
  8
LOGO
 10
-20.2895456765999
 20
1.0050073277967764
 30
0.0
 70
0
  0
VERTEX
  5
C8F
  8
LOGO
 10
-20.18221787982413
 20
1.0913776257938448
 30
0.0
 70
0
  0
VERTEX
  5
C90
  8
LOGO
 10
-20.078700537371763
 20
1.1790180752320474
 30
0.0
 70
0
  0
VERTEX
  5
C91
  8
LOGO
 10
-19.982169027845625
 20
1.2653883732291165
 30
0.0
 70
0
  0
VERTEX
  5
C92
  8
LOGO
 10
-19.88373229115779
 20
1.360014655593552
 30
0.0
 70
0
  0
VERTEX
  5
C93
  8
LOGO
 10
-19.792916463116754
 20
1.4546409379579879
 30
0.0
 70
0
  0
VERTEX
  5
C94
  8
LOGO
 10
-19.708451392281386
 20
1.5492672203224234
 30
0.0
 70
0
  0
VERTEX
  5
C95
  8
LOGO
 10
-19.632242305813385
 20
1.642623351245726
 30
0.0
 70
0
  0
VERTEX
  5
C96
  8
LOGO
 10
-19.56428920371275
 20
1.734074255007328
 30
0.0
 70
0
  0
VERTEX
  5
C97
  8
LOGO
 10
-19.50522716170005
 20
1.8229848558866637
 30
0.0
 70
0
  0
VERTEX
  5
C98
  8
LOGO
 10
-19.456326331216413
 20
1.908085002442599
 30
0.0
 70
0
  0
VERTEX
  5
C99
  8
LOGO
 10
-19.417586712261844
 20
1.988739618954568
 30
0.0
 70
0
  0
VERTEX
  5
C9A
  8
LOGO
 10
-19.404250122129945
 20
2.0243038593063027
 30
0.0
 70
0
  0
VERTEX
  5
C9B
  8
LOGO
 10
-19.39345383488031
 20
2.0585979482169035
 30
0.0
 70
0
  0
VERTEX
  5
C9C
  8
LOGO
 10
-19.385832926233512
 20
2.0916218856863704
 30
0.0
 70
0
  0
VERTEX
  5
C9D
  8
LOGO
 10
-19.382022471910112
 20
2.1233756717147045
 30
0.0
 70
0
  0
VERTEX
  5
C9E
  8
LOGO
 10
-19.38075232046898
 20
2.1532242305813387
 30
0.0
 70
0
  0
VERTEX
  5
C9F
  8
LOGO
 10
-19.383292623351245
 20
2.180532486565706
 30
0.0
 70
0
  0
VERTEX
  5
CA0
  8
LOGO
 10
-19.38837322911578
 20
2.2053004396678073
 30
0.0
 70
0
  0
VERTEX
  5
CA1
  8
LOGO
 10
-19.39726428920371
 20
2.226893014167074
 30
0.0
 70
0
  0
VERTEX
  5
CA2
  8
LOGO
 10
-19.413141182217878
 20
2.2516609672691748
 30
0.0
 70
0
  0
VERTEX
  5
CA3
  8
LOGO
 10
-19.43536883243771
 20
2.2738886174890087
 30
0.0
 70
0
  0
VERTEX
  5
CA4
  8
LOGO
 10
-19.46267708842208
 20
2.2942110405471428
 30
0.0
 70
0
  0
VERTEX
  5
CA5
  8
LOGO
 10
-19.495065950170982
 20
2.3119931607230098
 30
0.0
 70
0
  0
VERTEX
  5
CA6
  8
LOGO
 10
-19.532535417684414
 20
2.32723497801661
 30
0.0
 70
0
  0
VERTEX
  5
CA7
  8
LOGO
 10
-19.574450415241817
 20
2.3399364924279435
 30
0.0
 70
0
  0
VERTEX
  5
CA8
  8
LOGO
 10
-19.620810942843185
 20
2.3494626282364437
 30
0.0
 70
0
  0
VERTEX
  5
CA9
  8
LOGO
 10
-19.67098192476795
 20
2.3564484611626773
 30
0.0
 70
0
  0
VERTEX
  5
CAA
  8
LOGO
 10
-19.695749877870053
 20
2.358353688324377
 30
0.0
 70
0
  0
VERTEX
  5
CAB
  8
LOGO
 10
-19.716707376648753
 20
2.3602589154860776
 30
0.0
 70
0
  0
VERTEX
  5
CAC
  8
LOGO
 10
-19.735759648265752
 20
2.3615290669272104
 30
0.0
 70
0
  0
VERTEX
  5
CAD
  8
LOGO
 10
-19.75354176844162
 20
2.3615290669272104
 30
0.0
 70
0
  0
VERTEX
  5
CAE
  8
LOGO
 10
-19.77259404005862
 20
2.3615290669272104
 30
0.0
 70
0
  0
VERTEX
  5
CAF
  8
LOGO
 10
-19.792916463116754
 20
2.3602589154860776
 30
0.0
 70
0
  0
VERTEX
  5
CB0
  8
LOGO
 10
-19.816414264777723
 20
2.358353688324377
 30
0.0
 70
0
  0
SEQEND
  5
C40
  8
LOGO
  0
POLYLINE
  5
CB1
  8
LOGO
 66
1
 10
0.0
 20
0.0
 30
0.0
 70
1
  0
VERTEX
  5
CB3
  8
LOGO
 10
-17.58221787982413
 20
2.224987787005374
 30
0.0
 70
0
  0
VERTEX
  5
CB4
  8
LOGO
 10
-17.609526135808498
 20
2.222447484123107
 30
0.0
 70
0
  0
VERTEX
  5
CB5
  8
LOGO
 10
-17.643185148998533
 20
2.218637029799707
 30
0.0
 70
0
  0
VERTEX
  5
CB6
  8
LOGO
 10
-17.681289692232536
 20
2.212921348314607
 30
0.0
 70
0
  0
VERTEX
  5
CB7
  8
LOGO
 10
-17.7219345383488
 20
2.20657059110894
 30
0.0
 70
0
  0
VERTEX
  5
CB8
  8
LOGO
 10
-17.763214460185637
 20
2.2002198339032732
 30
0.0
 70
0
  0
VERTEX
  5
CB9
  8
LOGO
 10
-17.803859306301902
 20
2.1932340009770397
 30
0.0
 70
0
  0
VERTEX
  5
CBA
  8
LOGO
 10
-17.84069369809477
 20
2.18561309233024
 30
0.0
 70
0
  0
VERTEX
  5
CBB
  8
LOGO
 10
-17.872447484123107
 20
2.179262335124573
 30
0.0
 70
0
  0
VERTEX
  5
CBC
  8
LOGO
 10
-17.969614069369808
 20
2.1551294577430387
 30
0.0
 70
0
  0
VERTEX
  5
CBD
  8
LOGO
 10
-18.06360527601368
 20
2.1290913531998052
 30
0.0
 70
0
  0
VERTEX
  5
CBE
  8
LOGO
 10
-18.155691255495846
 20
2.0992427943331706
 30
0.0
 70
0
  0
VERTEX
  5
CBF
  8
LOGO
 10
-18.248412310698583
 20
2.065583781143137
 30
0.0
 70
0
  0
VERTEX
  5
CC0
  8
LOGO
 10
-18.34240351734245
 20
2.027479237909136
 30
0.0
 70
0
  0
VERTEX
  5
CC1
  8
LOGO
 10
-18.438935026868588
 20
1.984929164631168
 30
0.0
 70
0
  0
VERTEX
  5
CC2
  8
LOGO
 10
-18.53991206643869
 20
1.936028334147533
 30
0.0
 70
0
  0
VERTEX
  5
CC3
  8
LOGO
 10
-18.645969711773326
 20
1.8820468978993652
 30
0.0
 70
0
  0
VERTEX
  5
CC4
  8
LOGO
 10
-18.68915486077186
 20
1.859184171958965
 30
0.0
 70
0
  0
VERTEX
  5
CC5
  8
LOGO
 10
-18.72916463116756
 20
1.836956521739131
 30
0.0
 70
0
  0
VERTEX
  5
CC6
  8
LOGO
 10
-18.767269174401562
 20
1.8159990229604301
 30
0.0
 70
0
  0
VERTEX
  5
CC7
  8
LOGO
 10
-18.805373717635565
 20
1.7937713727405962
 30
0.0
 70
0
  0
VERTEX
  5
CC8
  8
LOGO
 10
-18.84411333659013
 20
1.7702735710796296
 30
0.0
 70
0
  0
VERTEX
  5
CC9
  8
LOGO
 10
-18.8847581827064
 20
1.7455056179775281
 30
0.0
 70
0
  0
VERTEX
  5
CCA
  8
LOGO
 10
-18.928578407425498
 20
1.718197361993161
 30
0.0
 70
0
  0
VERTEX
  5
CCB
  8
LOGO
 10
-18.976209086468
 20
1.6870786516853937
 30
0.0
 70
0
  0
VERTEX
  5
CCC
  8
LOGO
 10
-19.090522716170003
 20
1.6108695652173919
 30
0.0
 70
0
  0
VERTEX
  5
CCD
  8
LOGO
 10
-19.211187103077673
 20
1.5257694186614565
 30
0.0
 70
0
  0
VERTEX
  5
CCE
  8
LOGO
 10
-19.337567171470443
 20
1.431778212017587
 30
0.0
 70
0
  0
VERTEX
  5
CCF
  8
LOGO
 10
-19.47029799706888
 20
1.3288959452857847
 30
0.0
 70
0
  0
VERTEX
  5
CD0
  8
LOGO
 10
-19.61001465559355
 20
1.2164875427454815
 30
0.0
 70
0
  0
VERTEX
  5
CD1
  8
LOGO
 10
-19.75608207132389
 20
1.095188080117245
 30
0.0
 70
0
  0
VERTEX
  5
CD2
  8
LOGO
 10
-19.909135319980457
 20
0.963727405959942
 30
0.0
 70
0
  0
VERTEX
  5
CD3
  8
LOGO
 10
-20.069174401563263
 20
0.8227405959941382
 30
0.0
 70
0
  0
VERTEX
  5
CD4
  8
LOGO
 10
-20.263507572056668
 20
0.6461895456766006
 30
0.0
 70
0
  0
VERTEX
  5
CD5
  8
LOGO
 10
-20.43751831949194
 20
0.47979970688812934
 30
0.0
 70
0
  0
VERTEX
  5
CD6
  8
LOGO
 10
-20.59374694675134
 20
0.32103077674645863
 30
0.0
 70
0
  0
VERTEX
  5
CD7
  8
LOGO
 10
-20.734098680996578
 20
0.16797752808988792
 30
0.0
 70
0
  0
VERTEX
  5
CD8
  8
LOGO
 10
-20.859208597948214
 20
0.018734733756717435
 30
0.0
 70
0
  0
VERTEX
  5
CD9
  8
LOGO
 10
-20.97288715192965
 20
-0.1292379091353194
 30
0.0
 70
0
  0
VERTEX
  5
CDA
  8
LOGO
 10
-21.07513434294089
 20
-0.27784562774792304
 30
0.0
 70
0
  0
VERTEX
  5
CDB
  8
LOGO
 10
-21.169760625305322
 20
-0.428993649242794
 30
0.0
 70
0
  0
VERTEX
  5
CDC
  8
LOGO
 10
-21.190718124084025
 20
-0.4664631167562282
 30
0.0
 70
0
  0
VERTEX
  5
CDD
  8
LOGO
 10
-21.212945774303858
 20
-0.5077430385930626
 30
0.0
 70
0
  0
VERTEX
  5
CDE
  8
LOGO
 10
-21.234538348803124
 20
-0.5515632633121635
 30
0.0
 70
0
  0
VERTEX
  5
CDF
  8
LOGO
 10
-21.256130923302393
 20
-0.5966536394723981
 30
0.0
 70
0
  0
VERTEX
  5
CE0
  8
LOGO
 10
-21.277088422081093
 20
-0.641108939912066
 30
0.0
 70
0
  0
VERTEX
  5
CE1
  8
LOGO
 10
-21.295505617977526
 20
-0.6849291646311669
 30
0.0
 70
0
  0
VERTEX
  5
CE2
  8
LOGO
 10
-21.312017586712262
 20
-0.7249389350268681
 30
0.0
 70
0
  0
VERTEX
  5
CE3
  8
LOGO
 10
-21.325989252564728
 20
-0.7617733268197358
 30
0.0
 70
0
  0
VERTEX
  5
CE4
  8
LOGO
 10
-21.34440644846116
 20
-0.8189301416707372
 30
0.0
 70
0
  0
VERTEX
  5
CE5
  8
LOGO
 10
-21.360283341475327
 20
-0.8760869565217387
 30
0.0
 70
0
  0
VERTEX
  5
CE6
  8
LOGO
 10
-21.37361993160723
 20
-0.9326086956521733
 30
0.0
 70
0
  0
VERTEX
  5
CE7
  8
LOGO
 10
-21.383781143136297
 20
-0.9891304347826082
 30
0.0
 70
0
  0
VERTEX
  5
CE8
  8
LOGO
 10
-21.391402051783096
 20
-1.0456521739130429
 30
0.0
 70
0
  0
VERTEX
  5
CE9
  8
LOGO
 10
-21.395847581827063
 20
-1.1015388373229111
 30
0.0
 70
0
  0
VERTEX
  5
CEA
  8
LOGO
 10
-21.397752808988763
 20
-1.1574255007327794
 30
0.0
 70
0
  0
VERTEX
  5
CEB
  8
LOGO
 10
-21.397117733268196
 20
-1.2126770884220806
 30
0.0
 70
0
  0
VERTEX
  5
CEC
  8
LOGO
 10
-21.393942354665363
 20
-1.2666585246702486
 30
0.0
 70
0
  0
VERTEX
  5
CED
  8
LOGO
 10
-21.38886174890083
 20
-1.3180996580361501
 30
0.0
 70
0
  0
VERTEX
  5
CEE
  8
LOGO
 10
-21.38124084025403
 20
-1.3682706399609181
 30
0.0
 70
0
  0
VERTEX
  5
CEF
  8
LOGO
 10
-21.371079628724964
 20
-1.4165363947239862
 30
0.0
 70
0
  0
VERTEX
  5
CF0
  8
LOGO
 10
-21.359013190034194
 20
-1.4635319980459203
 30
0.0
 70
0
  0
VERTEX
  5
CF1
  8
LOGO
 10
-21.343771372740594
 20
-1.5092574499267215
 30
0.0
 70
0
  0
VERTEX
  5
CF2
  8
LOGO
 10
-21.326624328285295
 20
-1.5537127503663892
 30
0.0
 70
0
  0
VERTEX
  5
CF3
  8
LOGO
 10
-21.306936980947725
 20
-1.5981680508060572
 30
0.0
 70
0
  0
VERTEX
  5
CF4
  8
LOGO
 10
-21.299951148021492
 20
-1.6134098680996576
 30
0.0
 70
0
  0
VERTEX
  5
CF5
  8
LOGO
 10
-21.291695163654126
 20
-1.6292867611138246
 30
0.0
 70
0
  0
VERTEX
  5
CF6
  8
LOGO
 10
-21.282804103566193
 20
-1.6457987298485584
 30
0.0
 70
0
  0
VERTEX
  5
CF7
  8
LOGO
 10
-21.274548119198826
 20
-1.6616756228627254
 30
0.0
 70
0
  0
VERTEX
  5
CF8
  8
LOGO
 10
-21.265657059110893
 20
-1.6775525158768925
 30
0.0
 70
0
  0
VERTEX
  5
CF9
  8
LOGO
 10
-21.257401074743527
 20
-1.6921592574499262
 30
0.0
 70
0
  0
VERTEX
  5
CFA
  8
LOGO
 10
-21.249780166096727
 20
-1.7048607718612598
 30
0.0
 70
0
  0
VERTEX
  5
CFB
  8
LOGO
 10
-21.24342940889106
 20
-1.7156570591108935
 30
0.0
 70
0
  0
VERTEX
  5
CFC
  8
LOGO
 10
-21.217391304347824
 20
-1.7537616023448943
 30
0.0
 70
0
  0
VERTEX
  5
CFD
  8
LOGO
 10
-21.188812896922325
 20
-1.7918661455788956
 30
0.0
 70
0
  0
VERTEX
  5
CFE
  8
LOGO
 10
-21.157694186614556
 20
-1.8299706888128964
 30
0.0
 70
0
  0
VERTEX
  5
CFF
  8
LOGO
 10
-21.12467024914509
 20
-1.8680752320468974
 30
0.0
 70
0
  0
VERTEX
  5
D00
  8
LOGO
 10
-21.090376160234488
 20
-1.904274548119198
 30
0.0
 70
0
  0
VERTEX
  5
D01
  8
LOGO
 10
-21.05544699560332
 20
-1.9385686370297992
 30
0.0
 70
0
  0
VERTEX
  5
D02
  8
LOGO
 10
-21.020517830972153
 20
-1.9709574987787
 30
0.0
 70
0
  0
VERTEX
  5
D03
  8
LOGO
 10
-20.98622374206155
 20
-2.0001709819247675
 30
0.0
 70
0
  0
VERTEX
  5
D04
  8
LOGO
 10
-20.962725940400585
 20
-2.017318026380068
 30
0.0
 70
0
  0
VERTEX
  5
D05
  8
LOGO
 10
-20.936052760136786
 20
-2.0370053737176352
 30
0.0
 70
0
  0
VERTEX
  5
D06
  8
LOGO
 10
-20.906839276990716
 20
-2.0566927210552017
 30
0.0
 70
0
  0
VERTEX
  5
D07
  8
LOGO
 10
-20.87572056668295
 20
-2.077015144113336
 30
0.0
 70
0
  0
VERTEX
  5
D08
  8
LOGO
 10
-20.845236932095748
 20
-2.096702491450903
 30
0.0
 70
0
  0
VERTEX
  5
D09
  8
LOGO
 10
-20.81475329750855
 20
-2.11448461162677
 30
0.0
 70
0
  0
VERTEX
  5
D0A
  8
LOGO
 10
-20.786809965803613
 20
-2.1309965803615043
 30
0.0
 70
0
  0
VERTEX
  5
D0B
  8
LOGO
 10
-20.76267708842208
 20
-2.143698094772838
 30
0.0
 70
0
  0
VERTEX
  5
D0C
  8
LOGO
 10
-20.68456277479238
 20
-2.1798974108451388
 30
0.0
 70
0
  0
VERTEX
  5
D0D
  8
LOGO
 10
-20.60136785539814
 20
-2.212921348314606
 30
0.0
 70
0
  0
VERTEX
  5
D0E
  8
LOGO
 10
-20.51372740595994
 20
-2.2427699071812404
 30
0.0
 70
0
  0
VERTEX
  5
D0F
  8
LOGO
 10
-20.42164142647777
 20
-2.268808011724474
 30
0.0
 70
0
  0
VERTEX
  5
D10
  8
LOGO
 10
-20.32447484123107
 20
-2.291670737664875
 30
0.0
 70
0
  0
VERTEX
  5
D11
  8
LOGO
 10
-20.2228627259404
 20
-2.310723009281875
 30
0.0
 70
0
  0
VERTEX
  5
D12
  8
LOGO
 10
-20.116170004885195
 20
-2.3272349780166093
 30
0.0
 70
0
  0
VERTEX
  5
D13
  8
LOGO
 10
-20.005031753786028
 20
-2.339301416707376
 30
0.0
 70
0
  0
VERTEX
  5
D14
  8
LOGO
 10
-19.932633121641427
 20
-2.345652173913043
 30
0.0
 70
0
  0
VERTEX
  5
D15
  8
LOGO
 10
-19.85705911089399
 20
-2.350732779677576
 30
0.0
 70
0
  0
VERTEX
  5
D16
  8
LOGO
 10
-19.773864191499754
 20
-2.3545432340009764
 30
0.0
 70
0
  0
VERTEX
  5
D17
  8
LOGO
 10
-19.679872984855884
 20
-2.3577186126038097
 30
0.0
 70
0
  0
VERTEX
  5
D18
  8
LOGO
 10
-19.571275036638983
 20
-2.35962383976551
 30
0.0
 70
0
  0
VERTEX
  5
D19
  8
LOGO
 10
-19.444894968246214
 20
-2.3608939912066433
 30
0.0
 70
0
  0
VERTEX
  5
D1A
  8
LOGO
 10
-19.296287249633608
 20
-2.3615290669272095
 30
0.0
 70
0
  0
VERTEX
  5
D1B
  8
LOGO
 10
-19.12227650219834
 20
-2.3615290669272095
 30
0.0
 70
0
  0
VERTEX
  5
D1C
  8
LOGO
 10
-18.80156326331216
 20
-2.3602589154860762
 30
0.0
 70
0
  0
VERTEX
  5
D1D
  8
LOGO
 10
-18.53610161211529
 20
-2.357083536883243
 30
0.0
 70
0
  0
VERTEX
  5
D1E
  8
LOGO
 10
-18.317000488519785
 20
-2.3526380068392765
 30
0.0
 70
0
  0
VERTEX
  5
D1F
  8
LOGO
 10
-18.134733756717146
 20
-2.345652173913043
 30
0.0
 70
0
  0
VERTEX
  5
D20
  8
LOGO
 10
-17.981680508060574
 20
-2.335490962383976
 30
0.0
 70
0
  0
VERTEX
  5
D21
  8
LOGO
 10
-17.847679531021004
 20
-2.3227894479726423
 30
0.0
 70
0
  0
VERTEX
  5
D22
  8
LOGO
 10
-17.7238397655105
 20
-2.3062774792379086
 30
0.0
 70
0
  0
VERTEX
  5
D23
  8
LOGO
 10
-17.601905227161698
 20
-2.285319980459208
 30
0.0
 70
0
  0
VERTEX
  5
D24
  8
LOGO
 10
-17.539032730825596
 20
-2.272618466047874
 30
0.0
 70
0
  0
VERTEX
  5
D25
  8
LOGO
 10
-17.479335613092328
 20
-2.259281875915974
 30
0.0
 70
0
  0
VERTEX
  5
D26
  8
LOGO
 10
-17.42344894968246
 20
-2.2446751343429403
 30
0.0
 70
0
  0
VERTEX
  5
D27
  8
LOGO
 10
-17.37200781631656
 20
-2.22943331704934
 30
0.0
 70
0
  0
VERTEX
  5
D28
  8
LOGO
 10
-17.325012212994626
 20
-2.213556424035173
 30
0.0
 70
0
  0
VERTEX
  5
D29
  8
LOGO
 10
-17.28373229115779
 20
-2.197044455300439
 30
0.0
 70
0
  0
VERTEX
  5
D2A
  8
LOGO
 10
-17.248168050806058
 20
-2.181167562286272
 30
0.0
 70
0
  0
VERTEX
  5
D2B
  8
LOGO
 10
-17.21895456765999
 20
-2.1646555935515384
 30
0.0
 70
0
  0
VERTEX
  5
D2C
  8
LOGO
 10
-17.197361993160722
 20
-2.149413776257938
 30
0.0
 70
0
  0
VERTEX
  5
D2D
  8
LOGO
 10
-17.178944797264286
 20
-2.133536883243771
 30
0.0
 70
0
  0
VERTEX
  5
D2E
  8
LOGO
 10
-17.162432828529553
 20
-2.1163898387884705
 30
0.0
 70
0
  0
VERTEX
  5
D2F
  8
LOGO
 10
-17.149096238397654
 20
-2.098607718612603
 30
0.0
 70
0
  0
VERTEX
  5
D30
  8
LOGO
 10
-17.138935026868587
 20
-2.0801905227161694
 30
0.0
 70
0
  0
VERTEX
  5
D31
  8
LOGO
 10
-17.131314118221788
 20
-2.061138251099169
 30
0.0
 70
0
  0
VERTEX
  5
D32
  8
LOGO
 10
-17.12686858817782
 20
-2.042085979482169
 30
0.0
 70
0
  0
VERTEX
  5
D33
  8
LOGO
 10
-17.12496336101612
 20
-2.021763556424035
 30
0.0
 70
0
  0
VERTEX
  5
D34
  8
LOGO
 10
-17.126233512457254
 20
-2.0096971177332676
 30
0.0
 70
0
  0
VERTEX
  5
D35
  8
LOGO
 10
-17.130043966780654
 20
-1.9957254518808007
 30
0.0
 70
0
  0
VERTEX
  5
D36
  8
LOGO
 10
-17.13639472398632
 20
-1.9804836345872
 30
0.0
 70
0
  0
VERTEX
  5
D37
  8
LOGO
 10
-17.144650708353687
 20
-1.964606741573033
 30
0.0
 70
0
  0
VERTEX
  5
D38
  8
LOGO
 10
-17.154811919882754
 20
-1.948729848558866
 30
0.0
 70
0
  0
VERTEX
  5
D39
  8
LOGO
 10
-17.16687835857352
 20
-1.932852955544699
 30
0.0
 70
0
  0
VERTEX
  5
D3A
  8
LOGO
 10
-17.180214948705423
 20
-1.9176111382510987
 30
0.0
 70
0
  0
VERTEX
  5
D3B
  8
LOGO
 10
-17.194821690278456
 20
-1.9030043966780648
 30
0.0
 70
0
  0
VERTEX
  5
D3C
  8
LOGO
 10
-17.21704934049829
 20
-1.8839521250610645
 30
0.0
 70
0
  0
VERTEX
  5
D3D
  8
LOGO
 10
-17.251978505129458
 20
-1.8553737176355636
 30
0.0
 70
0
  0
VERTEX
  5
D3E
  8
LOGO
 10
-17.29897410845139
 20
-1.8191744015632627
 30
0.0
 70
0
  0
VERTEX
  5
D3F
  8
LOGO
 10
-17.357401074743525
 20
-1.7747191011235948
 30
0.0
 70
0
  0
VERTEX
  5
D40
  8
LOGO
 10
-17.42535417684416
 20
-1.7239130434782601
 30
0.0
 70
0
  0
VERTEX
  5
D41
  8
LOGO
 10
-17.50219833903273
 20
-1.6667562286272588
 30
0.0
 70
0
  0
VERTEX
  5
D42
  8
LOGO
 10
-17.587298485588665
 20
-1.6038837322911572
 30
0.0
 70
0
  0
VERTEX
  5
D43
  8
LOGO
 10
-17.6800195407914
 20
-1.536565705911089
 30
0.0
 70
0
  0
VERTEX
  5
D44
  8
LOGO
 10
-17.88133854421104
 20
-1.3904982901807519
 30
0.0
 70
0
  0
VERTEX
  5
D45
  8
LOGO
 10
-18.040742550073276
 20
-1.2730092818759156
 30
0.0
 70
0
  0
VERTEX
  5
D46
  8
LOGO
 10
-18.165852467024912
 20
-1.1802882266731796
 30
0.0
 70
0
  0
VERTEX
  5
D47
  8
LOGO
 10
-18.26238397655105
 20
-1.1059843673668777
 30
0.0
 70
0
  0
VERTEX
  5
D48
  8
LOGO
 10
-18.337957987298484
 20
-1.0456521739130429
 30
0.0
 70
0
  0
VERTEX
  5
D49
  8
LOGO
 10
-18.39829018075232
 20
-0.9935759648265751
 30
0.0
 70
0
  0
VERTEX
  5
D4A
  8
LOGO
 10
-18.44973131411822
 20
-0.9446751343429405
 30
0.0
 70
0
  0
VERTEX
  5
D4B
  8
LOGO
 10
-18.49990229604299
 20
-0.8945041524181724
 30
0.0
 70
0
  0
VERTEX
  5
D4C
  8
LOGO
 10
-18.52657547630679
 20
-0.8665608207132385
 30
0.0
 70
0
  0
VERTEX
  5
D4D
  8
LOGO
 10
-18.550073277967755
 20
-0.839252564728871
 30
0.0
 70
0
  0
VERTEX
  5
D4E
  8
LOGO
 10
-18.571030776746458
 20
-0.8132144601856373
 30
0.0
 70
0
  0
VERTEX
  5
D4F
  8
LOGO
 10
-18.590083048363457
 20
-0.7878114313629699
 30
0.0
 70
0
  0
VERTEX
  5
D50
  8
LOGO
 10
-18.60659501709819
 20
-0.7624084025403026
 30
0.0
 70
0
  0
VERTEX
  5
D51
  8
LOGO
 10
-18.621201758671226
 20
-0.7376404494382017
 30
0.0
 70
0
  0
VERTEX
  5
D52
  8
LOGO
 10
-18.63390327308256
 20
-0.7122374206155344
 30
0.0
 70
0
  0
VERTEX
  5
D53
  8
LOGO
 10
-18.644699560332192
 20
-0.6861993160723007
 30
0.0
 70
0
  0
VERTEX
  5
D54
  8
LOGO
 10
-18.650415241817292
 20
-0.6722276502198332
 30
0.0
 70
0
  0
VERTEX
  5
D55
  8
LOGO
 10
-18.65486077186126
 20
-0.6588910600879332
 30
0.0
 70
0
  0
VERTEX
  5
D56
  8
LOGO
 10
-18.65867122618466
 20
-0.6474596971177328
 30
0.0
 70
0
  0
VERTEX
  5
D57
  8
LOGO
 10
-18.661211529066925
 20
-0.6360283341475325
 30
0.0
 70
0
  0
VERTEX
  5
D58
  8
LOGO
 10
-18.66248168050806
 20
-0.6239618954567656
 30
0.0
 70
0
  0
VERTEX
  5
D59
  8
LOGO
 10
-18.66375183194919
 20
-0.6106253053248651
 30
0.0
 70
0
  0
VERTEX
  5
D5A
  8
LOGO
 10
-18.66438690766976
 20
-0.5953834880312648
 30
0.0
 70
0
  0
VERTEX
  5
D5B
  8
LOGO
 10
-18.66438690766976
 20
-0.5776013678553976
 30
0.0
 70
0
  0
VERTEX
  5
D5C
  8
LOGO
 10
-18.66438690766976
 20
-0.5598192476795305
 30
0.0
 70
0
  0
VERTEX
  5
D5D
  8
LOGO
 10
-18.66438690766976
 20
-0.5445774303859302
 30
0.0
 70
0
  0
VERTEX
  5
D5E
  8
LOGO
 10
-18.663116756228625
 20
-0.5312408402540297
 30
0.0
 70
0
  0
VERTEX
  5
D5F
  8
LOGO
 10
-18.661846604787492
 20
-0.5191744015632629
 30
0.0
 70
0
  0
VERTEX
  5
D60
  8
LOGO
 10
-18.659306301905225
 20
-0.5077430385930626
 30
0.0
 70
0
  0
VERTEX
  5
D61
  8
LOGO
 10
-18.656130923302392
 20
-0.49567659990229573
 30
0.0
 70
0
  0
VERTEX
  5
D62
  8
LOGO
 10
-18.651685393258425
 20
-0.4823400097703952
 30
0.0
 70
0
  0
VERTEX
  5
D63
  8
LOGO
 10
-18.646604787493892
 20
-0.46773326819736183
 30
0.0
 70
0
  0
VERTEX
  5
D64
  8
LOGO
 10
-18.642159257449926
 20
-0.4569369809477279
 30
0.0
 70
0
  0
VERTEX
  5
D65
  8
LOGO
 10
-18.637078651685393
 20
-0.44423546653639423
 30
0.0
 70
0
  0
VERTEX
  5
D66
  8
LOGO
 10
-18.631362970200293
 20
-0.43153395212506057
 30
0.0
 70
0
  0
VERTEX
  5
D67
  8
LOGO
 10
-18.62437713727406
 20
-0.41819736199316015
 30
0.0
 70
0
  0
VERTEX
  5
D68
  8
LOGO
 10
-18.617391304347823
 20
-0.4048607718612596
 30
0.0
 70
0
  0
VERTEX
  5
D69
  8
LOGO
 10
-18.61040547142159
 20
-0.39215925744992597
 30
0.0
 70
0
  0
VERTEX
  5
D6A
  8
LOGO
 10
-18.603419638495357
 20
-0.3800928187591592
 30
0.0
 70
0
  0
VERTEX
  5
D6B
  8
LOGO
 10
-18.596433805569124
 20
-0.36929653150952596
 30
0.0
 70
0
  0
VERTEX
  5
D6C
  8
LOGO
 10
-18.567220322423058
 20
-0.3280166096726916
 30
0.0
 70
0
  0
VERTEX
  5
D6D
  8
LOGO
 10
-18.531021006350755
 20
-0.28610161211529034
 30
0.0
 70
0
  0
VERTEX
  5
D6E
  8
LOGO
 10
-18.48847093307279
 20
-0.24228138739618937
 30
0.0
 70
0
  0
VERTEX
  5
D6F
  8
LOGO
 10
-18.44020517830972
 20
-0.1984611626770877
 30
0.0
 70
0
  0
VERTEX
  5
D70
  8
LOGO
 10
-18.385588666340986
 20
-0.1533707865168538
 30
0.0
 70
0
  0
VERTEX
  5
D71
  8
LOGO
 10
-18.326526624328284
 20
-0.10828041035661916
 30
0.0
 70
0
  0
VERTEX
  5
D72
  8
LOGO
 10
-18.261748900830483
 20
-0.0625549584758177
 30
0.0
 70
0
  0
VERTEX
  5
D73
  8
LOGO
 10
-18.19189057156815
 20
-0.01746458231558306
 30
0.0
 70
0
  0
VERTEX
  5
D74
  8
LOGO
 10
-18.137274059599413
 20
0.01555935515388402
 30
0.0
 70
0
  0
VERTEX
  5
D75
  8
LOGO
 10
-18.079482169027845
 20
0.049853444064484755
 30
0.0
 70
0
  0
VERTEX
  5
D76
  8
LOGO
 10
-18.016609672691743
 20
0.08605276013678598
 30
0.0
 70
0
  0
VERTEX
  5
D77
  8
LOGO
 10
-17.94675134342941
 20
0.12479237909135378
 30
0.0
 70
0
  0
VERTEX
  5
D78
  8
LOGO
 10
-17.86800195407914
 20
0.16734245236932108
 30
0.0
 70
0
  0
VERTEX
  5
D79
  8
LOGO
 10
-17.77972642892037
 20
0.21370297997068938
 30
0.0
 70
0
  0
VERTEX
  5
D7A
  8
LOGO
 10
-17.6800195407914
 20
0.2657791890571569
 30
0.0
 70
0
  0
VERTEX
  5
D7B
  8
LOGO
 10
-17.566340986809966
 20
0.32420615534929204
 30
0.0
 70
0
  0
VERTEX
  5
D7C
  8
LOGO
 10
-17.410747435271126
 20
0.40422569614069426
 30
0.0
 70
0
  0
VERTEX
  5
D7D
  8
LOGO
 10
-17.279286761113823
 20
0.4715437225207628
 30
0.0
 70
0
  0
VERTEX
  5
D7E
  8
LOGO
 10
-17.170053737176353
 20
0.5274303859306306
 30
0.0
 70
0
  0
VERTEX
  5
D7F
  8
LOGO
 10
-17.08114313629702
 20
0.5731558378114321
 30
0.0
 70
0
  0
VERTEX
  5
D80
  8
LOGO
 10
-17.01001465559355
 20
0.6106253053248661
 30
0.0
 70
0
  0
VERTEX
  5
D81
  8
LOGO
 10
-16.95476306790425
 20
0.6392037127503669
 30
0.0
 70
0
  0
VERTEX
  5
D82
  8
LOGO
 10
-16.913483146067414
 20
0.6614313629702008
 30
0.0
 70
0
  0
VERTEX
  5
D83
  8
LOGO
 10
-16.88363458720078
 20
0.6779433317049348
 30
0.0
 70
0
  0
VERTEX
  5
D84
  8
LOGO
 10
-16.801709819247677
 20
0.7249389350268691
 30
0.0
 70
0
  0
VERTEX
  5
D85
  8
LOGO
 10
-16.731216414264775
 20
0.7668539325842704
 30
0.0
 70
0
  0
VERTEX
  5
D86
  8
LOGO
 10
-16.669614069369807
 20
0.8055935515388375
 30
0.0
 70
0
  0
VERTEX
  5
D87
  8
LOGO
 10
-16.61626770884221
 20
0.8411577918905718
 30
0.0
 70
0
  0
VERTEX
  5
D88
  8
LOGO
 10
-16.569272105520273
 20
0.8754518808011725
 30
0.0
 70
0
  0
VERTEX
  5
D89
  8
LOGO
 10
-16.526722032242304
 20
0.909745969711774
 30
0.0
 70
0
  0
VERTEX
  5
D8A
  8
LOGO
 10
-16.486712261846602
 20
0.9446751343429416
 30
0.0
 70
0
  0
VERTEX
  5
D8B
  8
LOGO
 10
-16.447972642892037
 20
0.9815095261358089
 30
0.0
 70
0
  0
VERTEX
  5
D8C
  8
LOGO
 10
-16.425109916951634
 20
1.0043722520762097
 30
0.0
 70
0
  0
VERTEX
  5
D8D
  8
LOGO
 10
-16.4066927210552
 20
1.02342452369321
 30
0.0
 70
0
  0
VERTEX
  5
D8E
  8
LOGO
 10
-16.3914509037616
 20
1.039936492427944
 30
0.0
 70
0
  0
VERTEX
  5
D8F
  8
LOGO
 10
-16.379384465070835
 20
1.0545432340009775
 30
0.0
 70
0
  0
VERTEX
  5
D90
  8
LOGO
 10
-16.36922325354177
 20
1.0685148998534446
 30
0.0
 70
0
  0
VERTEX
  5
D91
  8
LOGO
 10
-16.359697117733266
 20
1.0824865657059113
 30
0.0
 70
0
  0
VERTEX
  5
D92
  8
LOGO
 10
-16.3514411333659
 20
1.0983634587200783
 30
0.0
 70
0
  0
VERTEX
  5
D93
  8
LOGO
 10
-16.3419149975574
 20
1.116145578895946
 30
0.0
 70
0
  0
VERTEX
  5
D94
  8
LOGO
 10
-16.3361993160723
 20
1.1282120175867127
 30
0.0
 70
0
  0
VERTEX
  5
D95
  8
LOGO
 10
-16.3304836345872
 20
1.1415486077186132
 30
0.0
 70
0
  0
VERTEX
  5
D96
  8
LOGO
 10
-16.3247679531021
 20
1.154885197850513
 30
0.0
 70
0
  0
VERTEX
  5
D97
  8
LOGO
 10
-16.319687347337567
 20
1.1682217879824135
 30
0.0
 70
0
  0
VERTEX
  5
D98
  8
LOGO
 10
-16.314606741573034
 20
1.180923302393747
 30
0.0
 70
0
  0
VERTEX
  5
D99
  8
LOGO
 10
-16.31079628724963
 20
1.1923546653639479
 30
0.0
 70
0
  0
VERTEX
  5
D9A
  8
LOGO
 10
-16.307620908646797
 20
1.2025158768930142
 30
0.0
 70
0
  0
VERTEX
  5
D9B
  8
LOGO
 10
-16.305715681485097
 20
1.2114069369809484
 30
0.0
 70
0
  0
VERTEX
  5
D9C
  8
LOGO
 10
-16.30127015144113
 20
1.2406204201270152
 30
0.0
 70
0
  0
VERTEX
  5
D9D
  8
LOGO
 10
-16.299999999999997
 20
1.2755495847581828
 30
0.0
 70
0
  0
VERTEX
  5
D9E
  8
LOGO
 10
-16.30127015144113
 20
1.3136541279921838
 30
0.0
 70
0
  0
VERTEX
  5
D9F
  8
LOGO
 10
-16.304445530043964
 20
1.3542989741084521
 30
0.0
 70
0
  0
VERTEX
  5
DA0
  8
LOGO
 10
-16.310161211529067
 20
1.3955788959452864
 30
0.0
 70
0
  0
VERTEX
  5
DA1
  8
LOGO
 10
-16.317782120175867
 20
1.4362237420615538
 30
0.0
 70
0
  0
VERTEX
  5
DA2
  8
LOGO
 10
-16.327308255984367
 20
1.474328285295555
 30
0.0
 70
0
  0
VERTEX
  5
DA3
  8
LOGO
 10
-16.338739618954566
 20
1.5086223742061557
 30
0.0
 70
0
  0
VERTEX
  5
DA4
  8
LOGO
 10
-16.346995603321933
 20
1.5283097215437231
 30
0.0
 70
0
  0
VERTEX
  5
DA5
  8
LOGO
 10
-16.357791890571566
 20
1.5524425989252566
 30
0.0
 70
0
  0
VERTEX
  5
DA6
  8
LOGO
 10
-16.37112848070347
 20
1.578480703468491
 30
0.0
 70
0
  0
VERTEX
  5
DA7
  8
LOGO
 10
-16.385100146555935
 20
1.6064240351734247
 30
0.0
 70
0
  0
VERTEX
  5
DA8
  8
LOGO
 10
-16.400341963849534
 20
1.6343673668783587
 30
0.0
 70
0
  0
VERTEX
  5
DA9
  8
LOGO
 10
-16.415583781143134
 20
1.6604054714215926
 30
0.0
 70
0
  0
VERTEX
  5
DAA
  8
LOGO
 10
-16.4295554469956
 20
1.6845383488031271
 30
0.0
 70
0
  0
VERTEX
  5
DAB
  8
LOGO
 10
-16.442256961406937
 20
1.7035906204201274
 30
0.0
 70
0
  0
VERTEX
  5
DAC
  8
LOGO
 10
-16.476551050317536
 20
1.7512212994626288
 30
0.0
 70
0
  0
VERTEX
  5
DAD
  8
LOGO
 10
-16.511480214948705
 20
1.7963116756228628
 30
0.0
 70
0
  0
VERTEX
  5
DAE
  8
LOGO
 10
-16.547044455300437
 20
1.838226673180264
 30
0.0
 70
0
  0
VERTEX
  5
DAF
  8
LOGO
 10
-16.583878847093306
 20
1.8788715192965315
 30
0.0
 70
0
  0
VERTEX
  5
DB0
  8
LOGO
 10
-16.62198339032731
 20
1.9169760625305323
 30
0.0
 70
0
  0
VERTEX
  5
DB1
  8
LOGO
 10
-16.661993160723007
 20
1.9531753786028339
 30
0.0
 70
0
  0
VERTEX
  5
DB2
  8
LOGO
 10
-16.703273082559843
 20
1.9881045432340012
 30
0.0
 70
0
  0
VERTEX
  5
DB3
  8
LOGO
 10
-16.747093307278945
 20
2.0217635564240353
 30
0.0
 70
0
  0
VERTEX
  5
DB4
  8
LOGO
 10
-16.760429897410845
 20
2.0312896922325354
 30
0.0
 70
0
  0
VERTEX
  5
DB5
  8
LOGO
 10
-16.775671714704444
 20
2.041450903761602
 30
0.0
 70
0
  0
VERTEX
  5
DB6
  8
LOGO
 10
-16.792818759159744
 20
2.0522471910112365
 30
0.0
 70
0
  0
VERTEX
  5
DB7
  8
LOGO
 10
-16.810600879335613
 20
2.0636785539814366
 30
0.0
 70
0
  0
VERTEX
  5
DB8
  8
LOGO
 10
-16.829653150952613
 20
2.075109916951637
 30
0.0
 70
0
  0
VERTEX
  5
DB9
  8
LOGO
 10
-16.848070346849045
 20
2.08590620420127
 30
0.0
 70
0
  0
VERTEX
  5
DBA
  8
LOGO
 10
-16.866487542745478
 20
2.0954323400097707
 30
0.0
 70
0
  0
VERTEX
  5
DBB
  8
LOGO
 10
-16.88363458720078
 20
2.104958475818271
 30
0.0
 70
0
  0
VERTEX
  5
DBC
  8
LOGO
 10
-16.94904738641915
 20
2.1354421104054717
 30
0.0
 70
0
  0
VERTEX
  5
DBD
  8
LOGO
 10
-17.01382510991695
 20
2.162115290669272
 30
0.0
 70
0
  0
VERTEX
  5
DBE
  8
LOGO
 10
-17.079872984855886
 20
2.1837078651685395
 30
0.0
 70
0
  0
VERTEX
  5
DBF
  8
LOGO
 10
-17.147191011235954
 20
2.20085490962384
 30
0.0
 70
0
  0
VERTEX
  5
DC0
  8
LOGO
 10
-17.216414264777722
 20
2.2135564240351737
 30
0.0
 70
0
  0
VERTEX
  5
DC1
  8
LOGO
 10
-17.288812896922323
 20
2.222447484123107
 30
0.0
 70
0
  0
VERTEX
  5
DC2
  8
LOGO
 10
-17.36438690766976
 20
2.2275280898876413
 30
0.0
 70
0
  0
VERTEX
  5
DC3
  8
LOGO
 10
-17.444406448461162
 20
2.2281631656082075
 30
0.0
 70
0
  0
VERTEX
  5
DC4
  8
LOGO
 10
-17.466634098680995
 20
2.2281631656082075
 30
0.0
 70
0
  0
VERTEX
  5
DC5
  8
LOGO
 10
-17.488861748900828
 20
2.2275280898876413
 30
0.0
 70
0
  0
VERTEX
  5
DC6
  8
LOGO
 10
-17.510454323400097
 20
2.2275280898876413
 30
0.0
 70
0
  0
VERTEX
  5
DC7
  8
LOGO
 10
-17.530141670737663
 20
2.226893014167074
 30
0.0
 70
0
  0
VERTEX
  5
DC8
  8
LOGO
 10
-17.547288715192963
 20
2.2262579384465075
 30
0.0
 70
0
  0
VERTEX
  5
DC9
  8
LOGO
 10
-17.562530532486566
 20
2.2262579384465075
 30
0.0
 70
0
  0
VERTEX
  5
DCA
  8
LOGO
 10
-17.573961895456765
 20
2.225622862725941
 30
0.0
 70
0
  0
SEQEND
  5
CB2
  8
LOGO
  0
POLYLINE
  5
DCB
  8
LOGO
 66
1
 10
0.0
 20
0.0
 30
0.0
 70
1
  0
VERTEX
  5
DCD
  8
LOGO
 10
-17.396140693698094
 20
1.762652662432829
 30
0.0
 70
0
  0
VERTEX
  5
DCE
  8
LOGO
 10
-17.38153395212506
 20
1.7582071323888617
 30
0.0
 70
0
  0
VERTEX
  5
DCF
  8
LOGO
 10
-17.366927210552028
 20
1.7531265266243286
 30
0.0
 70
0
  0
VERTEX
  5
DD0
  8
LOGO
 10
-17.353590620420125
 20
1.7467757694186619
 30
0.0
 70
0
  0
VERTEX
  5
DD1
  8
LOGO
 10
-17.340254030288225
 20
1.739789936492428
 30
0.0
 70
0
  0
VERTEX
  5
DD2
  8
LOGO
 10
-17.32818759159746
 20
1.7321690278456283
 30
0.0
 70
0
  0
VERTEX
  5
DD3
  8
LOGO
 10
-17.316121152906693
 20
1.723913043478261
 30
0.0
 70
0
  0
VERTEX
  5
DD4
  8
LOGO
 10
-17.305324865657056
 20
1.7143869076697609
 30
0.0
 70
0
  0
VERTEX
  5
DD5
  8
LOGO
 10
-17.29516365412799
 20
1.7048607718612605
 30
0.0
 70
0
  0
VERTEX
  5
DD6
  8
LOGO
 10
-17.29135319980459
 20
1.7004152418172942
 30
0.0
 70
0
  0
VERTEX
  5
DD7
  8
LOGO
 10
-17.286907669760623
 20
1.6946995603321935
 30
0.0
 70
0
  0
VERTEX
  5
DD8
  8
LOGO
 10
-17.282462139716657
 20
1.6877137274059604
 30
0.0
 70
0
  0
VERTEX
  5
DD9
  8
LOGO
 10
-17.27801660967269
 20
1.6807278944797268
 30
0.0
 70
0
  0
VERTEX
  5
DDA
  8
LOGO
 10
-17.273571079628724
 20
1.6724719101123595
 30
0.0
 70
0
  0
VERTEX
  5
DDB
  8
LOGO
 10
-17.26849047386419
 20
1.6648510014655598
 30
0.0
 70
0
  0
VERTEX
  5
DDC
  8
LOGO
 10
-17.26468001954079
 20
1.6565950170981925
 30
0.0
 70
0
  0
VERTEX
  5
DDD
  8
LOGO
 10
-17.26086956521739
 20
1.648339032730826
 30
0.0
 70
0
  0
VERTEX
  5
DDE
  8
LOGO
 10
-17.255788959452858
 20
1.6369076697606257
 30
0.0
 70
0
  0
VERTEX
  5
DDF
  8
LOGO
 10
-17.251978505129458
 20
1.626746458231559
 30
0.0
 70
0
  0
VERTEX
  5
DE0
  8
LOGO
 10
-17.248803126526624
 20
1.6172203224230586
 30
0.0
 70
0
  0
VERTEX
  5
DE1
  8
LOGO
 10
-17.246262823644358
 20
1.6076941866145584
 30
0.0
 70
0
  0
VERTEX
  5
DE2
  8
LOGO
 10
-17.244992672203225
 20
1.5975329750854914
 30
0.0
 70
0
  0
VERTEX
  5
DE3
  8
LOGO
 10
-17.24372252076209
 20
1.586101612115291
 30
0.0
 70
0
  0
VERTEX
  5
DE4
  8
LOGO
 10
-17.24372252076209
 20
1.5734000977039577
 30
0.0
 70
0
  0
VERTEX
  5
DE5
  8
LOGO
 10
-17.24372252076209
 20
1.5581582804103566
 30
0.0
 70
0
  0
VERTEX
  5
DE6
  8
LOGO
 10
-17.24372252076209
 20
1.5422813873961896
 30
0.0
 70
0
  0
VERTEX
  5
DE7
  8
LOGO
 10
-17.244357596482654
 20
1.5289447972642898
 30
0.0
 70
0
  0
VERTEX
  5
DE8
  8
LOGO
 10
-17.24562774792379
 20
1.518148510014656
 30
0.0
 70
0
  0
VERTEX
  5
DE9
  8
LOGO
 10
-17.246897899364924
 20
1.507352222765022
 30
0.0
 70
0
  0
VERTEX
  5
DEA
  8
LOGO
 10
-17.250073277967758
 20
1.4978260869565219
 30
0.0
 70
0
  0
VERTEX
  5
DEB
  8
LOGO
 10
-17.25324865657059
 20
1.4876648754274555
 30
0.0
 70
0
  0
VERTEX
  5
DEC
  8
LOGO
 10
-17.258329262335124
 20
1.4768685881778216
 30
0.0
 70
0
  0
VERTEX
  5
DED
  8
LOGO
 10
-17.264044943820224
 20
1.4648021494870547
 30
0.0
 70
0
  0
VERTEX
  5
DEE
  8
LOGO
 10
-17.27230092818759
 20
1.4489252564728876
 30
0.0
 70
0
  0
VERTEX
  5
DEF
  8
LOGO
 10
-17.28182706399609
 20
1.4343185148998536
 30
0.0
 70
0
  0
VERTEX
  5
DF0
  8
LOGO
 10
-17.292623351245723
 20
1.420346849047387
 30
0.0
 70
0
  0
VERTEX
  5
DF1
  8
LOGO
 10
-17.30468978993649
 20
1.4070102589154865
 30
0.0
 70
0
  0
VERTEX
  5
DF2
  8
LOGO
 10
-17.317391304347826
 20
1.3949438202247195
 30
0.0
 70
0
  0
VERTEX
  5
DF3
  8
LOGO
 10
-17.33199804592086
 20
1.383512457254519
 30
0.0
 70
0
  0
VERTEX
  5
DF4
  8
LOGO
 10
-17.34660478749389
 20
1.3733512457254526
 30
0.0
 70
0
  0
VERTEX
  5
DF5
  8
LOGO
 10
-17.363116756228624
 20
1.3638251099169525
 30
0.0
 70
0
  0
VERTEX
  5
DF6
  8
LOGO
 10
-17.370737664875428
 20
1.360014655593552
 30
0.0
 70
0
  0
VERTEX
  5
DF7
  8
LOGO
 10
-17.378358573522227
 20
1.3568392769907187
 30
0.0
 70
0
  0
VERTEX
  5
DF8
  8
LOGO
 10
-17.386614557889594
 20
1.3542989741084521
 30
0.0
 70
0
  0
VERTEX
  5
DF9
  8
LOGO
 10
-17.39487054225696
 20
1.3523937469467515
 30
0.0
 70
0
  0
VERTEX
  5
DFA
  8
LOGO
 10
-17.405666829506593
 20
1.3511235955056187
 30
0.0
 70
0
  0
VERTEX
  5
DFB
  8
LOGO
 10
-17.417098192476793
 20
1.350488519785052
 30
0.0
 70
0
  0
VERTEX
  5
DFC
  8
LOGO
 10
-17.431704934049826
 20
1.349853444064485
 30
0.0
 70
0
  0
VERTEX
  5
DFD
  8
LOGO
 10
-17.44885197850513
 20
1.349853444064485
 30
0.0
 70
0
  0
VERTEX
  5
DFE
  8
LOGO
 10
-17.46599902296043
 20
1.349853444064485
 30
0.0
 70
0
  0
VERTEX
  5
DFF
  8
LOGO
 10
-17.48060576453346
 20
1.350488519785052
 30
0.0
 70
0
  0
VERTEX
  5
E00
  8
LOGO
 10
-17.49267220322423
 20
1.3511235955056187
 30
0.0
 70
0
  0
VERTEX
  5
E01
  8
LOGO
 10
-17.503468490473864
 20
1.3523937469467515
 30
0.0
 70
0
  0
VERTEX
  5
E02
  8
LOGO
 10
-17.512359550561797
 20
1.3542989741084521
 30
0.0
 70
0
  0
VERTEX
  5
E03
  8
LOGO
 10
-17.520615534929163
 20
1.3568392769907187
 30
0.0
 70
0
  0
VERTEX
  5
E04
  8
LOGO
 10
-17.528236443575963
 20
1.3606497313141188
 30
0.0
 70
0
  0
VERTEX
  5
E05
  8
LOGO
 10
-17.53649242794333
 20
1.3644601856375185
 30
0.0
 70
0
  0
VERTEX
  5
E06
  8
LOGO
 10
-17.552369320957496
 20
1.3739863214460188
 30
0.0
 70
0
  0
VERTEX
  5
E07
  8
LOGO
 10
-17.5676111382511
 20
1.3841475329750856
 30
0.0
 70
0
  0
VERTEX
  5
E08
  8
LOGO
 10
-17.58221787982413
 20
1.3962139716658526
 30
0.0
 70
0
  0
VERTEX
  5
E09
  8
LOGO
 10
-17.59555446995603
 20
1.4089154860771864
 30
0.0
 70
0
  0
VERTEX
  5
E0A
  8
LOGO
 10
-17.608255984367364
 20
1.4228871519296535
 30
0.0
 70
0
  0
VERTEX
  5
E0B
  8
LOGO
 10
-17.619687347337567
 20
1.4368588177821209
 30
0.0
 70
0
  0
VERTEX
  5
E0C
  8
LOGO
 10
-17.629213483146067
 20
1.4514655593551542
 30
0.0
 70
0
  0
VERTEX
  5
E0D
  8
LOGO
 10
-17.637469467513434
 20
1.4667073766487544
 30
0.0
 70
0
  0
VERTEX
  5
E0E
  8
LOGO
 10
-17.642550073277967
 20
1.4775036638983885
 30
0.0
 70
0
  0
VERTEX
  5
E0F
  8
LOGO
 10
-17.646995603321933
 20
1.4870297997068884
 30
0.0
 70
0
  0
VERTEX
  5
E10
  8
LOGO
 10
-17.650170981924767
 20
1.4965559355153888
 30
0.0
 70
0
  0
VERTEX
  5
E11
  8
LOGO
 10
-17.652076209086466
 20
1.506717147044456
 30
0.0
 70
0
  0
VERTEX
  5
E12
  8
LOGO
 10
-17.653981436248166
 20
1.5168783585735224
 30
0.0
 70
0
  0
VERTEX
  5
E13
  8
LOGO
 10
-17.654616511968733
 20
1.529579872984856
 30
0.0
 70
0
  0
VERTEX
  5
E14
  8
LOGO
 10
-17.6552515876893
 20
1.5448216902784568
 30
0.0
 70
0
  0
VERTEX
  5
E15
  8
LOGO
 10
-17.6552515876893
 20
1.5626038104543238
 30
0.0
 70
0
  0
VERTEX
  5
E16
  8
LOGO
 10
-17.6552515876893
 20
1.5797508549096244
 30
0.0
 70
0
  0
VERTEX
  5
E17
  8
LOGO
 10
-17.654616511968733
 20
1.594357596482658
 30
0.0
 70
0
  0
VERTEX
  5
E18
  8
LOGO
 10
-17.653981436248166
 20
1.6064240351734247
 30
0.0
 70
0
  0
VERTEX
  5
E19
  8
LOGO
 10
-17.652711284807033
 20
1.6165852467024917
 30
0.0
 70
0
  0
VERTEX
  5
E1A
  8
LOGO
 10
-17.650806057645333
 20
1.6254763067904254
 30
0.0
 70
0
  0
VERTEX
  5
E1B
  8
LOGO
 10
-17.648265754763067
 20
1.6337322911577925
 30
0.0
 70
0
  0
VERTEX
  5
E1C
  8
LOGO
 10
-17.645090376160233
 20
1.641988275525159
 30
0.0
 70
0
  0
VERTEX
  5
E1D
  8
LOGO
 10
-17.640644846116267
 20
1.6502442598925258
 30
0.0
 70
0
  0
VERTEX
  5
E1E
  8
LOGO
 10
-17.633023937469467
 20
1.6635808500244262
 30
0.0
 70
0
  0
VERTEX
  5
E1F
  8
LOGO
 10
-17.624132877381534
 20
1.67628236443576
 30
0.0
 70
0
  0
VERTEX
  5
E20
  8
LOGO
 10
-17.613971665852464
 20
1.6896189545676603
 30
0.0
 70
0
  0
VERTEX
  5
E21
  8
LOGO
 10
-17.603810454323398
 20
1.7016853932584273
 30
0.0
 70
0
  0
VERTEX
  5
E22
  8
LOGO
 10
-17.592379091353198
 20
1.7137518319491938
 30
0.0
 70
0
  0
VERTEX
  5
E23
  8
LOGO
 10
-17.580947728383
 20
1.7245481191988281
 30
0.0
 70
0
  0
VERTEX
  5
E24
  8
LOGO
 10
-17.570151441133365
 20
1.7334391792867614
 30
0.0
 70
0
  0
VERTEX
  5
E25
  8
LOGO
 10
-17.558720078163162
 20
1.7410600879335616
 30
0.0
 70
0
  0
VERTEX
  5
E26
  8
LOGO
 10
-17.548558866634096
 20
1.7467757694186619
 30
0.0
 70
0
  0
VERTEX
  5
E27
  8
LOGO
 10
-17.535857352222763
 20
1.752491450903762
 30
0.0
 70
0
  0
VERTEX
  5
E28
  8
LOGO
 10
-17.52315583781143
 20
1.7575720566682957
 30
0.0
 70
0
  0
VERTEX
  5
E29
  8
LOGO
 10
-17.509184171958964
 20
1.7620175867122618
 30
0.0
 70
0
  0
VERTEX
  5
E2A
  8
LOGO
 10
-17.49457743038593
 20
1.7658280410356624
 30
0.0
 70
0
  0
VERTEX
  5
E2B
  8
LOGO
 10
-17.48060576453346
 20
1.7690034196384956
 30
0.0
 70
0
  0
VERTEX
  5
E2C
  8
LOGO
 10
-17.46726917440156
 20
1.7709086468001956
 30
0.0
 70
0
  0
VERTEX
  5
E2D
  8
LOGO
 10
-17.455202735710795
 20
1.7715437225207622
 30
0.0
 70
0
  0
VERTEX
  5
E2E
  8
LOGO
 10
-17.449487054225695
 20
1.7715437225207622
 30
0.0
 70
0
  0
VERTEX
  5
E2F
  8
LOGO
 10
-17.44313629702003
 20
1.7709086468001956
 30
0.0
 70
0
  0
VERTEX
  5
E30
  8
LOGO
 10
-17.436150464093796
 20
1.7702735710796296
 30
0.0
 70
0
  0
VERTEX
  5
E31
  8
LOGO
 10
-17.428529555446993
 20
1.7690034196384956
 30
0.0
 70
0
  0
VERTEX
  5
E32
  8
LOGO
 10
-17.420273571079626
 20
1.767733268197362
 30
0.0
 70
0
  0
VERTEX
  5
E33
  8
LOGO
 10
-17.41201758671226
 20
1.766463116756229
 30
0.0
 70
0
  0
VERTEX
  5
E34
  8
LOGO
 10
-17.403761602344893
 20
1.7645578895945284
 30
0.0
 70
0
  0
SEQEND
  5
DCC
  8
LOGO
  0
POLYLINE
  5
E35
  8
LOGO
 66
1
 10
0.0
 20
0.0
 30
0.0
 70
1
  0
VERTEX
  5
E37
  8
LOGO
 10
17.95564240351734
 20
2.3558133854421106
 30
0.0
 70
0
  0
VERTEX
  5
E38
  8
LOGO
 10
17.864191499755737
 20
2.3456521739130434
 30
0.0
 70
0
  0
VERTEX
  5
E39
  8
LOGO
 10
17.772740595994136
 20
2.3304103566194434
 30
0.0
 70
0
  0
VERTEX
  5
E3A
  8
LOGO
 10
17.6819247679531
 20
2.310723009281876
 30
0.0
 70
0
  0
VERTEX
  5
E3B
  8
LOGO
 10
17.591108939912065
 20
2.286590131900342
 30
0.0
 70
0
  0
VERTEX
  5
E3C
  8
LOGO
 10
17.500928187591597
 20
2.2573766487542746
 30
0.0
 70
0
  0
VERTEX
  5
E3D
  8
LOGO
 10
17.41011235955056
 20
2.223717635564241
 30
0.0
 70
0
  0
VERTEX
  5
E3E
  8
LOGO
 10
17.31866145578896
 20
2.184342940889106
 30
0.0
 70
0
  0
VERTEX
  5
E3F
  8
LOGO
 10
17.22594040058622
 20
2.140522716170005
 30
0.0
 70
0
  0
VERTEX
  5
E40
  8
LOGO
 10
17.157987298485587
 20
2.104958475818271
 30
0.0
 70
0
  0
VERTEX
  5
E41
  8
LOGO
 10
17.091939423546652
 20
2.0674890083048365
 30
0.0
 70
0
  0
VERTEX
  5
E42
  8
LOGO
 10
17.028431851489984
 20
2.028114313629702
 30
0.0
 70
0
  0
VERTEX
  5
E43
  8
LOGO
 10
16.96619443087445
 20
1.9868343917928677
 30
0.0
 70
0
  0
VERTEX
  5
E44
  8
LOGO
 10
16.905862237420614
 20
1.9430141670737666
 30
0.0
 70
0
  0
VERTEX
  5
E45
  8
LOGO
 10
16.846800195407912
 20
1.8966536394723992
 30
0.0
 70
0
  0
VERTEX
  5
E46
  8
LOGO
 10
16.788373229115777
 20
1.847752808988764
 30
0.0
 70
0
  0
VERTEX
  5
E47
  8
LOGO
 10
16.731216414264775
 20
1.7956765999022968
 30
0.0
 70
0
  0
VERTEX
  5
E48
  8
LOGO
 10
16.679140205178307
 20
1.7448705422569621
 30
0.0
 70
0
  0
VERTEX
  5
E49
  8
LOGO
 10
16.630239374694675
 20
1.6934294088910606
 30
0.0
 70
0
  0
VERTEX
  5
E4A
  8
LOGO
 10
16.584513922813873
 20
1.6407181240840254
 30
0.0
 70
0
  0
VERTEX
  5
E4B
  8
LOGO
 10
16.541328773815337
 20
1.586101612115291
 30
0.0
 70
0
  0
VERTEX
  5
E4C
  8
LOGO
 10
16.50131900341964
 20
1.5302149487054229
 30
0.0
 70
0
  0
VERTEX
  5
E4D
  8
LOGO
 10
16.463849535906203
 20
1.4717879824132885
 30
0.0
 70
0
  0
VERTEX
  5
E4E
  8
LOGO
 10
16.428285295554467
 20
1.4108207132388866
 30
0.0
 70
0
  0
VERTEX
  5
E4F
  8
LOGO
 10
16.394626282364435
 20
1.3466780654616515
 30
0.0
 70
0
  0
VERTEX
  5
E50
  8
LOGO
 10
16.381289692232535
 20
1.3187347337567177
 30
0.0
 70
0
  0
VERTEX
  5
E51
  8
LOGO
 10
16.367953102100635
 20
1.2869809477283836
 30
0.0
 70
0
  0
VERTEX
  5
E52
  8
LOGO
 10
16.3552515876893
 20
1.2526868588177829
 30
0.0
 70
0
  0
VERTEX
  5
E53
  8
LOGO
 10
16.343185148998533
 20
1.2171226184660484
 30
0.0
 70
0
  0
VERTEX
  5
E54
  8
LOGO
 10
16.3323888617489
 20
1.181558378114314
 30
0.0
 70
0
  0
VERTEX
  5
E55
  8
LOGO
 10
16.322227650219833
 20
1.1466292134831464
 30
0.0
 70
0
  0
VERTEX
  5
E56
  8
LOGO
 10
16.314606741573034
 20
1.1142403517342454
 30
0.0
 70
0
  0
VERTEX
  5
E57
  8
LOGO
 10
16.30889106008793
 20
1.0843917928676117
 30
0.0
 70
0
  0
VERTEX
  5
E58
  8
LOGO
 10
16.30317537860283
 20
1.0412066438690768
 30
0.0
 70
0
  0
VERTEX
  5
E59
  8
LOGO
 10
16.299999999999997
 20
0.9986565705911097
 30
0.0
 70
0
  0
VERTEX
  5
E5A
  8
LOGO
 10
16.299999999999997
 20
0.9567415730337083
 30
0.0
 70
0
  0
VERTEX
  5
E5B
  8
LOGO
 10
16.302540302882264
 20
0.9160967269174408
 30
0.0
 70
0
  0
VERTEX
  5
E5C
  8
LOGO
 10
16.30698583292623
 20
0.8779921836834398
 30
0.0
 70
0
  0
VERTEX
  5
E5D
  8
LOGO
 10
16.314606741573034
 20
0.8411577918905718
 30
0.0
 70
0
  0
VERTEX
  5
E5E
  8
LOGO
 10
16.3247679531021
 20
0.807498778700538
 30
0.0
 70
0
  0
VERTEX
  5
E5F
  8
LOGO
 10
16.337469467513433
 20
0.7763800683927705
 30
0.0
 70
0
  0
VERTEX
  5
E60
  8
LOGO
 10
16.346995603321933
 20
0.7573277967757701
 30
0.0
 70
0
  0
VERTEX
  5
E61
  8
LOGO
 10
16.358426966292132
 20
0.7376404494382027
 30
0.0
 70
0
  0
VERTEX
  5
E62
  8
LOGO
 10
16.370493404982902
 20
0.7173180263800686
 30
0.0
 70
0
  0
VERTEX
  5
E63
  8
LOGO
 10
16.3838299951148
 20
0.6982657547630682
 30
0.0
 70
0
  0
VERTEX
  5
E64
  8
LOGO
 10
16.396531509526135
 20
0.6798485588666344
 30
0.0
 70
0
  0
VERTEX
  5
E65
  8
LOGO
 10
16.409868099658034
 20
0.6633365901319006
 30
0.0
 70
0
  0
VERTEX
  5
E66
  8
LOGO
 10
16.4219345383488
 20
0.6500000000000001
 30
0.0
 70
0
  0
VERTEX
  5
E67
  8
LOGO
 10
16.432730825598437
 20
0.6392037127503669
 30
0.0
 70
0
  0
VERTEX
  5
E68
  8
LOGO
 10
16.446702491450903
 20
0.628407425500733
 30
0.0
 70
0
  0
VERTEX
  5
E69
  8
LOGO
 10
16.46257938446507
 20
0.6176111382510999
 30
0.0
 70
0
  0
VERTEX
  5
E6A
  8
LOGO
 10
16.47972642892037
 20
0.6068148510014659
 30
0.0
 70
0
  0
VERTEX
  5
E6B
  8
LOGO
 10
16.498143624816805
 20
0.5966536394723989
 30
0.0
 70
0
  0
VERTEX
  5
E6C
  8
LOGO
 10
16.51592574499267
 20
0.5877625793844654
 30
0.0
 70
0
  0
VERTEX
  5
E6D
  8
LOGO
 10
16.534342940889104
 20
0.5795065950170989
 30
0.0
 70
0
  0
VERTEX
  5
E6E
  8
LOGO
 10
16.551489985344404
 20
0.5731558378114321
 30
0.0
 70
0
  0
VERTEX
  5
E6F
  8
LOGO
 10
16.56800195407914
 20
0.5680752320468981
 30
0.0
 70
0
  0
VERTEX
  5
E70
  8
LOGO
 10
16.589594528578406
 20
0.562994626282365
 30
0.0
 70
0
  0
VERTEX
  5
E71
  8
LOGO
 10
16.613092330239372
 20
0.5598192476795315
 30
0.0
 70
0
  0
VERTEX
  5
E72
  8
LOGO
 10
16.63849535906204
 20
0.5579140205178311
 30
0.0
 70
0
  0
VERTEX
  5
E73
  8
LOGO
 10
16.664533463605274
 20
0.5572789447972649
 30
0.0
 70
0
  0
VERTEX
  5
E74
  8
LOGO
 10
16.691206643869076
 20
0.5585490962383979
 30
0.0
 70
0
  0
VERTEX
  5
E75
  8
LOGO
 10
16.718514899853442
 20
0.5610893991206645
 30
0.0
 70
0
  0
VERTEX
  5
E76
  8
LOGO
 10
16.745188080117245
 20
0.5655349291646316
 30
0.0
 70
0
  0
VERTEX
  5
E77
  8
LOGO
 10
16.771226184660478
 20
0.5706155349291647
 30
0.0
 70
0
  0
VERTEX
  5
E78
  8
LOGO
 10
16.796629213483143
 20
0.5776013678553984
 30
0.0
 70
0
  0
VERTEX
  5
E79
  8
LOGO
 10
16.82457254518808
 20
0.5864924279433318
 30
0.0
 70
0
  0
VERTEX
  5
E7A
  8
LOGO
 10
16.854421104054712
 20
0.5966536394723989
 30
0.0
 70
0
  0
VERTEX
  5
E7B
  8
LOGO
 10
16.884904738641914
 20
0.6087200781631658
 30
0.0
 70
0
  0
VERTEX
  5
E7C
  8
LOGO
 10
16.91602344894968
 20
0.6214215925744994
 30
0.0
 70
0
  0
VERTEX
  5
E7D
  8
LOGO
 10
16.94714215925745
 20
0.6347581827063998
 30
0.0
 70
0
  0
VERTEX
  5
E7E
  8
LOGO
 10
16.976990718124082
 20
0.6487298485588672
 30
0.0
 70
0
  0
VERTEX
  5
E7F
  8
LOGO
 10
17.00429897410845
 20
0.6627015144113338
 30
0.0
 70
0
  0
VERTEX
  5
E80
  8
LOGO
 10
17.09257449926722
 20
0.7128724963361023
 30
0.0
 70
0
  0
VERTEX
  5
E81
  8
LOGO
 10
17.189741084513923
 20
0.7744748412310701
 30
0.0
 70
0
  0
VERTEX
  5
E82
  8
LOGO
 10
17.29325842696629
 20
0.8443331704934052
 30
0.0
 70
0
  0
VERTEX
  5
E83
  8
LOGO
 10
17.401221299462627
 20
0.9224474841231077
 30
0.0
 70
0
  0
VERTEX
  5
E84
  8
LOGO
 10
17.510454323400097
 20
1.0050073277967764
 30
0.0
 70
0
  0
VERTEX
  5
E85
  8
LOGO
 10
17.617782120175868
 20
1.0913776257938448
 30
0.0
 70
0
  0
VERTEX
  5
E86
  8
LOGO
 10
17.721299462628235
 20
1.1790180752320474
 30
0.0
 70
0
  0
VERTEX
  5
E87
  8
LOGO
 10
17.817830972154372
 20
1.2653883732291165
 30
0.0
 70
0
  0
VERTEX
  5
E88
  8
LOGO
 10
17.916267708842206
 20
1.360014655593552
 30
0.0
 70
0
  0
VERTEX
  5
E89
  8
LOGO
 10
18.007083536883243
 20
1.4546409379579879
 30
0.0
 70
0
  0
VERTEX
  5
E8A
  8
LOGO
 10
18.09154860771861
 20
1.5492672203224234
 30
0.0
 70
0
  0
VERTEX
  5
E8B
  8
LOGO
 10
18.167757694186612
 20
1.642623351245726
 30
0.0
 70
0
  0
VERTEX
  5
E8C
  8
LOGO
 10
18.235710796287247
 20
1.734074255007328
 30
0.0
 70
0
  0
VERTEX
  5
E8D
  8
LOGO
 10
18.29477283829995
 20
1.8229848558866637
 30
0.0
 70
0
  0
VERTEX
  5
E8E
  8
LOGO
 10
18.343673668783584
 20
1.908085002442599
 30
0.0
 70
0
  0
VERTEX
  5
E8F
  8
LOGO
 10
18.382413287738153
 20
1.988739618954568
 30
0.0
 70
0
  0
VERTEX
  5
E90
  8
LOGO
 10
18.395749877870053
 20
2.0243038593063027
 30
0.0
 70
0
  0
VERTEX
  5
E91
  8
LOGO
 10
18.406546165119686
 20
2.0585979482169035
 30
0.0
 70
0
  0
VERTEX
  5
E92
  8
LOGO
 10
18.414167073766485
 20
2.0916218856863704
 30
0.0
 70
0
  0
VERTEX
  5
E93
  8
LOGO
 10
18.417977528089885
 20
2.1233756717147045
 30
0.0
 70
0
  0
VERTEX
  5
E94
  8
LOGO
 10
18.41924767953102
 20
2.1532242305813387
 30
0.0
 70
0
  0
VERTEX
  5
E95
  8
LOGO
 10
18.416707376648752
 20
2.180532486565706
 30
0.0
 70
0
  0
VERTEX
  5
E96
  8
LOGO
 10
18.41162677088422
 20
2.2053004396678073
 30
0.0
 70
0
  0
VERTEX
  5
E97
  8
LOGO
 10
18.402735710796286
 20
2.226893014167074
 30
0.0
 70
0
  0
VERTEX
  5
E98
  8
LOGO
 10
18.38685881778212
 20
2.2516609672691748
 30
0.0
 70
0
  0
VERTEX
  5
E99
  8
LOGO
 10
18.364631167562287
 20
2.2738886174890087
 30
0.0
 70
0
  0
VERTEX
  5
E9A
  8
LOGO
 10
18.337322911577917
 20
2.2942110405471428
 30
0.0
 70
0
  0
VERTEX
  5
E9B
  8
LOGO
 10
18.304934049829015
 20
2.3119931607230098
 30
0.0
 70
0
  0
VERTEX
  5
E9C
  8
LOGO
 10
18.267464582315583
 20
2.32723497801661
 30
0.0
 70
0
  0
VERTEX
  5
E9D
  8
LOGO
 10
18.22554958475818
 20
2.3399364924279435
 30
0.0
 70
0
  0
VERTEX
  5
E9E
  8
LOGO
 10
18.17918905715681
 20
2.3494626282364437
 30
0.0
 70
0
  0
VERTEX
  5
E9F
  8
LOGO
 10
18.129018075232047
 20
2.3564484611626773
 30
0.0
 70
0
  0
VERTEX
  5
EA0
  8
LOGO
 10
18.104250122129944
 20
2.358353688324377
 30
0.0
 70
0
  0
VERTEX
  5
EA1
  8
LOGO
 10
18.083292623351245
 20
2.3602589154860776
 30
0.0
 70
0
  0
VERTEX
  5
EA2
  8
LOGO
 10
18.064240351734245
 20
2.3615290669272104
 30
0.0
 70
0
  0
VERTEX
  5
EA3
  8
LOGO
 10
18.046458231558375
 20
2.3615290669272104
 30
0.0
 70
0
  0
VERTEX
  5
EA4
  8
LOGO
 10
18.027405959941376
 20
2.3615290669272104
 30
0.0
 70
0
  0
VERTEX
  5
EA5
  8
LOGO
 10
18.007083536883243
 20
2.3602589154860776
 30
0.0
 70
0
  0
VERTEX
  5
EA6
  8
LOGO
 10
17.983585735222274
 20
2.358353688324377
 30
0.0
 70
0
  0
SEQEND
  5
E36
  8
LOGO
  0
POLYLINE
  5
EA7
  8
LOGO
 66
1
 10
0.0
 20
0.0
 30
0.0
 70
1
  0
VERTEX
  5
EA9
  8
LOGO
 10
20.217782120175865
 20
2.224987787005374
 30
0.0
 70
0
  0
VERTEX
  5
EAA
  8
LOGO
 10
20.1904738641915
 20
2.222447484123107
 30
0.0
 70
0
  0
VERTEX
  5
EAB
  8
LOGO
 10
20.156814851001464
 20
2.218637029799707
 30
0.0
 70
0
  0
VERTEX
  5
EAC
  8
LOGO
 10
20.11871030776746
 20
2.212921348314607
 30
0.0
 70
0
  0
VERTEX
  5
EAD
  8
LOGO
 10
20.078065461651196
 20
2.20657059110894
 30
0.0
 70
0
  0
VERTEX
  5
EAE
  8
LOGO
 10
20.03678553981436
 20
2.2002198339032732
 30
0.0
 70
0
  0
VERTEX
  5
EAF
  8
LOGO
 10
19.996140693698095
 20
2.1932340009770397
 30
0.0
 70
0
  0
VERTEX
  5
EB0
  8
LOGO
 10
19.959306301905226
 20
2.18561309233024
 30
0.0
 70
0
  0
VERTEX
  5
EB1
  8
LOGO
 10
19.92755251587689
 20
2.179262335124573
 30
0.0
 70
0
  0
VERTEX
  5
EB2
  8
LOGO
 10
19.83038593063019
 20
2.1551294577430387
 30
0.0
 70
0
  0
VERTEX
  5
EB3
  8
LOGO
 10
19.73639472398632
 20
2.1290913531998052
 30
0.0
 70
0
  0
VERTEX
  5
EB4
  8
LOGO
 10
19.64430874450415
 20
2.0992427943331706
 30
0.0
 70
0
  0
VERTEX
  5
EB5
  8
LOGO
 10
19.551587689301414
 20
2.065583781143137
 30
0.0
 70
0
  0
VERTEX
  5
EB6
  8
LOGO
 10
19.457596482657546
 20
2.027479237909136
 30
0.0
 70
0
  0
VERTEX
  5
EB7
  8
LOGO
 10
19.36106497313141
 20
1.984929164631168
 30
0.0
 70
0
  0
VERTEX
  5
EB8
  8
LOGO
 10
19.26008793356131
 20
1.936028334147533
 30
0.0
 70
0
  0
VERTEX
  5
EB9
  8
LOGO
 10
19.15403028822667
 20
1.8820468978993652
 30
0.0
 70
0
  0
VERTEX
  5
EBA
  8
LOGO
 10
19.110845139228136
 20
1.859184171958965
 30
0.0
 70
0
  0
VERTEX
  5
EBB
  8
LOGO
 10
19.070835368832437
 20
1.836956521739131
 30
0.0
 70
0
  0
VERTEX
  5
EBC
  8
LOGO
 10
19.032730825598435
 20
1.8159990229604301
 30
0.0
 70
0
  0
VERTEX
  5
EBD
  8
LOGO
 10
18.994626282364433
 20
1.7937713727405962
 30
0.0
 70
0
  0
VERTEX
  5
EBE
  8
LOGO
 10
18.955886663409867
 20
1.7702735710796296
 30
0.0
 70
0
  0
VERTEX
  5
EBF
  8
LOGO
 10
18.915241817293598
 20
1.7455056179775281
 30
0.0
 70
0
  0
VERTEX
  5
EC0
  8
LOGO
 10
18.8714215925745
 20
1.718197361993161
 30
0.0
 70
0
  0
VERTEX
  5
EC1
  8
LOGO
 10
18.823790913531997
 20
1.6870786516853937
 30
0.0
 70
0
  0
VERTEX
  5
EC2
  8
LOGO
 10
18.709477283829994
 20
1.6108695652173919
 30
0.0
 70
0
  0
VERTEX
  5
EC3
  8
LOGO
 10
18.588812896922324
 20
1.5257694186614565
 30
0.0
 70
0
  0
VERTEX
  5
EC4
  8
LOGO
 10
18.462432828529554
 20
1.431778212017587
 30
0.0
 70
0
  0
VERTEX
  5
EC5
  8
LOGO
 10
18.329702002931118
 20
1.3288959452857847
 30
0.0
 70
0
  0
VERTEX
  5
EC6
  8
LOGO
 10
18.18998534440645
 20
1.2164875427454815
 30
0.0
 70
0
  0
VERTEX
  5
EC7
  8
LOGO
 10
18.04391792867611
 20
1.095188080117245
 30
0.0
 70
0
  0
VERTEX
  5
EC8
  8
LOGO
 10
17.89086468001954
 20
0.963727405959942
 30
0.0
 70
0
  0
VERTEX
  5
EC9
  8
LOGO
 10
17.730825598436734
 20
0.8227405959941382
 30
0.0
 70
0
  0
VERTEX
  5
ECA
  8
LOGO
 10
17.53649242794333
 20
0.6461895456766006
 30
0.0
 70
0
  0
VERTEX
  5
ECB
  8
LOGO
 10
17.362481680508058
 20
0.47979970688812934
 30
0.0
 70
0
  0
VERTEX
  5
ECC
  8
LOGO
 10
17.206253053248656
 20
0.32103077674645863
 30
0.0
 70
0
  0
VERTEX
  5
ECD
  8
LOGO
 10
17.06590131900342
 20
0.16797752808988792
 30
0.0
 70
0
  0
VERTEX
  5
ECE
  8
LOGO
 10
16.940791402051783
 20
0.018734733756717435
 30
0.0
 70
0
  0
VERTEX
  5
ECF
  8
LOGO
 10
16.827112848070346
 20
-0.1292379091353194
 30
0.0
 70
0
  0
VERTEX
  5
ED0
  8
LOGO
 10
16.72486565705911
 20
-0.27784562774792304
 30
0.0
 70
0
  0
VERTEX
  5
ED1
  8
LOGO
 10
16.630239374694675
 20
-0.428993649242794
 30
0.0
 70
0
  0
VERTEX
  5
ED2
  8
LOGO
 10
16.609281875915972
 20
-0.4664631167562282
 30
0.0
 70
0
  0
VERTEX
  5
ED3
  8
LOGO
 10
16.58705422569614
 20
-0.5077430385930626
 30
0.0
 70
0
  0
VERTEX
  5
ED4
  8
LOGO
 10
16.565461651196873
 20
-0.5515632633121635
 30
0.0
 70
0
  0
VERTEX
  5
ED5
  8
LOGO
 10
16.543869076697604
 20
-0.5966536394723981
 30
0.0
 70
0
  0
VERTEX
  5
ED6
  8
LOGO
 10
16.522911577918904
 20
-0.641108939912066
 30
0.0
 70
0
  0
VERTEX
  5
ED7
  8
LOGO
 10
16.50449438202247
 20
-0.6849291646311669
 30
0.0
 70
0
  0
VERTEX
  5
ED8
  8
LOGO
 10
16.487982413287735
 20
-0.7249389350268681
 30
0.0
 70
0
  0
VERTEX
  5
ED9
  8
LOGO
 10
16.47401074743527
 20
-0.7617733268197358
 30
0.0
 70
0
  0
VERTEX
  5
EDA
  8
LOGO
 10
16.455593551538836
 20
-0.8189301416707372
 30
0.0
 70
0
  0
VERTEX
  5
EDB
  8
LOGO
 10
16.43971665852467
 20
-0.8760869565217387
 30
0.0
 70
0
  0
VERTEX
  5
EDC
  8
LOGO
 10
16.426380068392767
 20
-0.9326086956521733
 30
0.0
 70
0
  0
VERTEX
  5
EDD
  8
LOGO
 10
16.4162188568637
 20
-0.9891304347826082
 30
0.0
 70
0
  0
VERTEX
  5
EDE
  8
LOGO
 10
16.4085979482169
 20
-1.0456521739130429
 30
0.0
 70
0
  0
VERTEX
  5
EDF
  8
LOGO
 10
16.404152418172934
 20
-1.1015388373229111
 30
0.0
 70
0
  0
VERTEX
  5
EE0
  8
LOGO
 10
16.402247191011234
 20
-1.1574255007327794
 30
0.0
 70
0
  0
VERTEX
  5
EE1
  8
LOGO
 10
16.4028822667318
 20
-1.2126770884220806
 30
0.0
 70
0
  0
VERTEX
  5
EE2
  8
LOGO
 10
16.406057645334634
 20
-1.2666585246702486
 30
0.0
 70
0
  0
VERTEX
  5
EE3
  8
LOGO
 10
16.411138251099167
 20
-1.3180996580361501
 30
0.0
 70
0
  0
VERTEX
  5
EE4
  8
LOGO
 10
16.418759159745967
 20
-1.3682706399609181
 30
0.0
 70
0
  0
VERTEX
  5
EE5
  8
LOGO
 10
16.428920371275034
 20
-1.4165363947239862
 30
0.0
 70
0
  0
VERTEX
  5
EE6
  8
LOGO
 10
16.440986809965803
 20
-1.4635319980459203
 30
0.0
 70
0
  0
VERTEX
  5
EE7
  8
LOGO
 10
16.456228627259403
 20
-1.5092574499267215
 30
0.0
 70
0
  0
VERTEX
  5
EE8
  8
LOGO
 10
16.473375671714702
 20
-1.5537127503663892
 30
0.0
 70
0
  0
VERTEX
  5
EE9
  8
LOGO
 10
16.493063019052272
 20
-1.5981680508060572
 30
0.0
 70
0
  0
VERTEX
  5
EEA
  8
LOGO
 10
16.500048851978505
 20
-1.6134098680996576
 30
0.0
 70
0
  0
VERTEX
  5
EEB
  8
LOGO
 10
16.50830483634587
 20
-1.6292867611138246
 30
0.0
 70
0
  0
VERTEX
  5
EEC
  8
LOGO
 10
16.517195896433805
 20
-1.6457987298485584
 30
0.0
 70
0
  0
VERTEX
  5
EED
  8
LOGO
 10
16.52545188080117
 20
-1.6616756228627254
 30
0.0
 70
0
  0
VERTEX
  5
EEE
  8
LOGO
 10
16.534342940889104
 20
-1.6775525158768925
 30
0.0
 70
0
  0
VERTEX
  5
EEF
  8
LOGO
 10
16.54259892525647
 20
-1.6921592574499262
 30
0.0
 70
0
  0
VERTEX
  5
EF0
  8
LOGO
 10
16.55021983390327
 20
-1.7048607718612598
 30
0.0
 70
0
  0
VERTEX
  5
EF1
  8
LOGO
 10
16.556570591108937
 20
-1.7156570591108935
 30
0.0
 70
0
  0
VERTEX
  5
EF2
  8
LOGO
 10
16.582608695652173
 20
-1.7537616023448943
 30
0.0
 70
0
  0
VERTEX
  5
EF3
  8
LOGO
 10
16.611187103077672
 20
-1.7918661455788956
 30
0.0
 70
0
  0
VERTEX
  5
EF4
  8
LOGO
 10
16.64230581338544
 20
-1.8299706888128964
 30
0.0
 70
0
  0
VERTEX
  5
EF5
  8
LOGO
 10
16.675329750854907
 20
-1.8680752320468974
 30
0.0
 70
0
  0
VERTEX
  5
EF6
  8
LOGO
 10
16.70962383976551
 20
-1.904274548119198
 30
0.0
 70
0
  0
VERTEX
  5
EF7
  8
LOGO
 10
16.74455300439668
 20
-1.9385686370297992
 30
0.0
 70
0
  0
VERTEX
  5
EF8
  8
LOGO
 10
16.779482169027844
 20
-1.9709574987787
 30
0.0
 70
0
  0
VERTEX
  5
EF9
  8
LOGO
 10
16.813776257938446
 20
-2.0001709819247675
 30
0.0
 70
0
  0
VERTEX
  5
EFA
  8
LOGO
 10
16.837274059599412
 20
-2.017318026380068
 30
0.0
 70
0
  0
VERTEX
  5
EFB
  8
LOGO
 10
16.86394723986321
 20
-2.0370053737176352
 30
0.0
 70
0
  0
VERTEX
  5
EFC
  8
LOGO
 10
16.89316072300928
 20
-2.0566927210552017
 30
0.0
 70
0
  0
VERTEX
  5
EFD
  8
LOGO
 10
16.924279433317047
 20
-2.077015144113336
 30
0.0
 70
0
  0
VERTEX
  5
EFE
  8
LOGO
 10
16.95476306790425
 20
-2.096702491450903
 30
0.0
 70
0
  0
VERTEX
  5
EFF
  8
LOGO
 10
16.985246702491448
 20
-2.11448461162677
 30
0.0
 70
0
  0
VERTEX
  5
F00
  8
LOGO
 10
17.013190034196384
 20
-2.1309965803615043
 30
0.0
 70
0
  0
VERTEX
  5
F01
  8
LOGO
 10
17.037322911577917
 20
-2.143698094772838
 30
0.0
 70
0
  0
VERTEX
  5
F02
  8
LOGO
 10
17.115437225207618
 20
-2.1798974108451388
 30
0.0
 70
0
  0
VERTEX
  5
F03
  8
LOGO
 10
17.198632144601856
 20
-2.212921348314606
 30
0.0
 70
0
  0
VERTEX
  5
F04
  8
LOGO
 10
17.286272594040057
 20
-2.2427699071812404
 30
0.0
 70
0
  0
VERTEX
  5
F05
  8
LOGO
 10
17.378358573522227
 20
-2.268808011724474
 30
0.0
 70
0
  0
VERTEX
  5
F06
  8
LOGO
 10
17.475525158768928
 20
-2.291670737664875
 30
0.0
 70
0
  0
VERTEX
  5
F07
  8
LOGO
 10
17.5771372740596
 20
-2.310723009281875
 30
0.0
 70
0
  0
VERTEX
  5
F08
  8
LOGO
 10
17.683829995114802
 20
-2.3272349780166093
 30
0.0
 70
0
  0
VERTEX
  5
F09
  8
LOGO
 10
17.79496824621397
 20
-2.339301416707376
 30
0.0
 70
0
  0
VERTEX
  5
F0A
  8
LOGO
 10
17.86736687835857
 20
-2.345652173913043
 30
0.0
 70
0
  0
VERTEX
  5
F0B
  8
LOGO
 10
17.94294088910601
 20
-2.350732779677576
 30
0.0
 70
0
  0
VERTEX
  5
F0C
  8
LOGO
 10
18.026135808500243
 20
-2.3545432340009764
 30
0.0
 70
0
  0
VERTEX
  5
F0D
  8
LOGO
 10
18.120127015144114
 20
-2.3577186126038097
 30
0.0
 70
0
  0
VERTEX
  5
F0E
  8
LOGO
 10
18.228724963361014
 20
-2.35962383976551
 30
0.0
 70
0
  0
VERTEX
  5
F0F
  8
LOGO
 10
18.355105031753784
 20
-2.3608939912066433
 30
0.0
 70
0
  0
VERTEX
  5
F10
  8
LOGO
 10
18.50371275036639
 20
-2.3615290669272095
 30
0.0
 70
0
  0
VERTEX
  5
F11
  8
LOGO
 10
18.677723497801658
 20
-2.3615290669272095
 30
0.0
 70
0
  0
VERTEX
  5
F12
  8
LOGO
 10
18.998436736687836
 20
-2.3602589154860762
 30
0.0
 70
0
  0
VERTEX
  5
F13
  8
LOGO
 10
19.26389838788471
 20
-2.357083536883243
 30
0.0
 70
0
  0
VERTEX
  5
F14
  8
LOGO
 10
19.482999511480212
 20
-2.3526380068392765
 30
0.0
 70
0
  0
VERTEX
  5
F15
  8
LOGO
 10
19.66526624328285
 20
-2.345652173913043
 30
0.0
 70
0
  0
VERTEX
  5
F16
  8
LOGO
 10
19.818319491939423
 20
-2.335490962383976
 30
0.0
 70
0
  0
VERTEX
  5
F17
  8
LOGO
 10
19.952320468978993
 20
-2.3227894479726423
 30
0.0
 70
0
  0
VERTEX
  5
F18
  8
LOGO
 10
20.076160234489496
 20
-2.3062774792379086
 30
0.0
 70
0
  0
VERTEX
  5
F19
  8
LOGO
 10
20.1980947728383
 20
-2.285319980459208
 30
0.0
 70
0
  0
VERTEX
  5
F1A
  8
LOGO
 10
20.2609672691744
 20
-2.272618466047874
 30
0.0
 70
0
  0
VERTEX
  5
F1B
  8
LOGO
 10
20.32066438690767
 20
-2.259281875915974
 30
0.0
 70
0
  0
VERTEX
  5
F1C
  8
LOGO
 10
20.376551050317538
 20
-2.2446751343429403
 30
0.0
 70
0
  0
VERTEX
  5
F1D
  8
LOGO
 10
20.427992183683436
 20
-2.22943331704934
 30
0.0
 70
0
  0
VERTEX
  5
F1E
  8
LOGO
 10
20.47498778700537
 20
-2.213556424035173
 30
0.0
 70
0
  0
VERTEX
  5
F1F
  8
LOGO
 10
20.516267708842207
 20
-2.197044455300439
 30
0.0
 70
0
  0
VERTEX
  5
F20
  8
LOGO
 10
20.55183194919394
 20
-2.181167562286272
 30
0.0
 70
0
  0
VERTEX
  5
F21
  8
LOGO
 10
20.58104543234001
 20
-2.1646555935515384
 30
0.0
 70
0
  0
VERTEX
  5
F22
  8
LOGO
 10
20.602638006839275
 20
-2.149413776257938
 30
0.0
 70
0
  0
VERTEX
  5
F23
  8
LOGO
 10
20.62105520273571
 20
-2.133536883243771
 30
0.0
 70
0
  0
VERTEX
  5
F24
  8
LOGO
 10
20.637567171470444
 20
-2.1163898387884705
 30
0.0
 70
0
  0
VERTEX
  5
F25
  8
LOGO
 10
20.650903761602343
 20
-2.098607718612603
 30
0.0
 70
0
  0
VERTEX
  5
F26
  8
LOGO
 10
20.66106497313141
 20
-2.0801905227161694
 30
0.0
 70
0
  0
VERTEX
  5
F27
  8
LOGO
 10
20.66868588177821
 20
-2.061138251099169
 30
0.0
 70
0
  0
VERTEX
  5
F28
  8
LOGO
 10
20.673131411822176
 20
-2.042085979482169
 30
0.0
 70
0
  0
VERTEX
  5
F29
  8
LOGO
 10
20.675036638983876
 20
-2.021763556424035
 30
0.0
 70
0
  0
VERTEX
  5
F2A
  8
LOGO
 10
20.673766487542743
 20
-2.0096971177332676
 30
0.0
 70
0
  0
VERTEX
  5
F2B
  8
LOGO
 10
20.669956033219343
 20
-1.9957254518808007
 30
0.0
 70
0
  0
VERTEX
  5
F2C
  8
LOGO
 10
20.663605276013676
 20
-1.9804836345872
 30
0.0
 70
0
  0
VERTEX
  5
F2D
  8
LOGO
 10
20.65534929164631
 20
-1.964606741573033
 30
0.0
 70
0
  0
VERTEX
  5
F2E
  8
LOGO
 10
20.645188080117244
 20
-1.948729848558866
 30
0.0
 70
0
  0
VERTEX
  5
F2F
  8
LOGO
 10
20.633121641426477
 20
-1.932852955544699
 30
0.0
 70
0
  0
VERTEX
  5
F30
  8
LOGO
 10
20.619785051294574
 20
-1.9176111382510987
 30
0.0
 70
0
  0
VERTEX
  5
F31
  8
LOGO
 10
20.60517830972154
 20
-1.9030043966780648
 30
0.0
 70
0
  0
VERTEX
  5
F32
  8
LOGO
 10
20.58295065950171
 20
-1.8839521250610645
 30
0.0
 70
0
  0
VERTEX
  5
F33
  8
LOGO
 10
20.54802149487054
 20
-1.8553737176355636
 30
0.0
 70
0
  0
VERTEX
  5
F34
  8
LOGO
 10
20.501025891548608
 20
-1.8191744015632627
 30
0.0
 70
0
  0
VERTEX
  5
F35
  8
LOGO
 10
20.442598925256473
 20
-1.7747191011235948
 30
0.0
 70
0
  0
VERTEX
  5
F36
  8
LOGO
 10
20.374645823155838
 20
-1.7239130434782601
 30
0.0
 70
0
  0
VERTEX
  5
F37
  8
LOGO
 10
20.297801660967266
 20
-1.6667562286272588
 30
0.0
 70
0
  0
VERTEX
  5
F38
  8
LOGO
 10
20.212701514411332
 20
-1.6038837322911572
 30
0.0
 70
0
  0
VERTEX
  5
F39
  8
LOGO
 10
20.1199804592086
 20
-1.536565705911089
 30
0.0
 70
0
  0
VERTEX
  5
F3A
  8
LOGO
 10
19.918661455788957
 20
-1.3904982901807519
 30
0.0
 70
0
  0
VERTEX
  5
F3B
  8
LOGO
 10
19.75925744992672
 20
-1.2730092818759156
 30
0.0
 70
0
  0
VERTEX
  5
F3C
  8
LOGO
 10
19.634147532975085
 20
-1.1802882266731796
 30
0.0
 70
0
  0
VERTEX
  5
F3D
  8
LOGO
 10
19.537616023448948
 20
-1.1059843673668777
 30
0.0
 70
0
  0
VERTEX
  5
F3E
  8
LOGO
 10
19.462042012701513
 20
-1.0456521739130429
 30
0.0
 70
0
  0
VERTEX
  5
F3F
  8
LOGO
 10
19.401709819247678
 20
-0.9935759648265751
 30
0.0
 70
0
  0
VERTEX
  5
F40
  8
LOGO
 10
19.350268685881776
 20
-0.9446751343429405
 30
0.0
 70
0
  0
VERTEX
  5
F41
  8
LOGO
 10
19.300097703957007
 20
-0.8945041524181724
 30
0.0
 70
0
  0
VERTEX
  5
F42
  8
LOGO
 10
19.27342452369321
 20
-0.8665608207132385
 30
0.0
 70
0
  0
VERTEX
  5
F43
  8
LOGO
 10
19.249926722032242
 20
-0.839252564728871
 30
0.0
 70
0
  0
VERTEX
  5
F44
  8
LOGO
 10
19.22896922325354
 20
-0.8132144601856373
 30
0.0
 70
0
  0
VERTEX
  5
F45
  8
LOGO
 10
19.20991695163654
 20
-0.7878114313629699
 30
0.0
 70
0
  0
VERTEX
  5
F46
  8
LOGO
 10
19.193404982901807
 20
-0.7624084025403026
 30
0.0
 70
0
  0
VERTEX
  5
F47
  8
LOGO
 10
19.17879824132877
 20
-0.7376404494382017
 30
0.0
 70
0
  0
VERTEX
  5
F48
  8
LOGO
 10
19.166096726917438
 20
-0.7122374206155344
 30
0.0
 70
0
  0
VERTEX
  5
F49
  8
LOGO
 10
19.155300439667805
 20
-0.6861993160723007
 30
0.0
 70
0
  0
VERTEX
  5
F4A
  8
LOGO
 10
19.149584758182705
 20
-0.6722276502198332
 30
0.0
 70
0
  0
VERTEX
  5
F4B
  8
LOGO
 10
19.14513922813874
 20
-0.6588910600879332
 30
0.0
 70
0
  0
VERTEX
  5
F4C
  8
LOGO
 10
19.14132877381534
 20
-0.6474596971177328
 30
0.0
 70
0
  0
VERTEX
  5
F4D
  8
LOGO
 10
19.138788470933072
 20
-0.6360283341475325
 30
0.0
 70
0
  0
VERTEX
  5
F4E
  8
LOGO
 10
19.13751831949194
 20
-0.6239618954567656
 30
0.0
 70
0
  0
VERTEX
  5
F4F
  8
LOGO
 10
19.136248168050805
 20
-0.6106253053248651
 30
0.0
 70
0
  0
VERTEX
  5
F50
  8
LOGO
 10
19.13561309233024
 20
-0.5953834880312648
 30
0.0
 70
0
  0
VERTEX
  5
F51
  8
LOGO
 10
19.13561309233024
 20
-0.5776013678553976
 30
0.0
 70
0
  0
VERTEX
  5
F52
  8
LOGO
 10
19.13561309233024
 20
-0.5598192476795305
 30
0.0
 70
0
  0
VERTEX
  5
F53
  8
LOGO
 10
19.13561309233024
 20
-0.5445774303859302
 30
0.0
 70
0
  0
VERTEX
  5
F54
  8
LOGO
 10
19.136883243771372
 20
-0.5312408402540297
 30
0.0
 70
0
  0
VERTEX
  5
F55
  8
LOGO
 10
19.138153395212505
 20
-0.5191744015632629
 30
0.0
 70
0
  0
VERTEX
  5
F56
  8
LOGO
 10
19.140693698094772
 20
-0.5077430385930626
 30
0.0
 70
0
  0
VERTEX
  5
F57
  8
LOGO
 10
19.143869076697605
 20
-0.49567659990229573
 30
0.0
 70
0
  0
VERTEX
  5
F58
  8
LOGO
 10
19.14831460674157
 20
-0.4823400097703952
 30
0.0
 70
0
  0
VERTEX
  5
F59
  8
LOGO
 10
19.153395212506105
 20
-0.46773326819736183
 30
0.0
 70
0
  0
VERTEX
  5
F5A
  8
LOGO
 10
19.15784074255007
 20
-0.4569369809477279
 30
0.0
 70
0
  0
VERTEX
  5
F5B
  8
LOGO
 10
19.162921348314605
 20
-0.44423546653639423
 30
0.0
 70
0
  0
VERTEX
  5
F5C
  8
LOGO
 10
19.168637029799704
 20
-0.43153395212506057
 30
0.0
 70
0
  0
VERTEX
  5
F5D
  8
LOGO
 10
19.175622862725938
 20
-0.41819736199316015
 30
0.0
 70
0
  0
VERTEX
  5
F5E
  8
LOGO
 10
19.182608695652174
 20
-0.4048607718612596
 30
0.0
 70
0
  0
VERTEX
  5
F5F
  8
LOGO
 10
19.189594528578407
 20
-0.39215925744992597
 30
0.0
 70
0
  0
VERTEX
  5
F60
  8
LOGO
 10
19.19658036150464
 20
-0.3800928187591592
 30
0.0
 70
0
  0
VERTEX
  5
F61
  8
LOGO
 10
19.203566194430874
 20
-0.36929653150952596
 30
0.0
 70
0
  0
VERTEX
  5
F62
  8
LOGO
 10
19.23277967757694
 20
-0.3280166096726916
 30
0.0
 70
0
  0
VERTEX
  5
F63
  8
LOGO
 10
19.26897899364924
 20
-0.28610161211529034
 30
0.0
 70
0
  0
VERTEX
  5
F64
  8
LOGO
 10
19.311529066927207
 20
-0.24228138739618937
 30
0.0
 70
0
  0
VERTEX
  5
F65
  8
LOGO
 10
19.359794821690276
 20
-0.1984611626770877
 30
0.0
 70
0
  0
VERTEX
  5
F66
  8
LOGO
 10
19.41441133365901
 20
-0.1533707865168538
 30
0.0
 70
0
  0
VERTEX
  5
F67
  8
LOGO
 10
19.473473375671713
 20
-0.10828041035661916
 30
0.0
 70
0
  0
VERTEX
  5
F68
  8
LOGO
 10
19.538251099169514
 20
-0.0625549584758177
 30
0.0
 70
0
  0
VERTEX
  5
F69
  8
LOGO
 10
19.60810942843185
 20
-0.01746458231558306
 30
0.0
 70
0
  0
VERTEX
  5
F6A
  8
LOGO
 10
19.662725940400584
 20
0.01555935515388402
 30
0.0
 70
0
  0
VERTEX
  5
F6B
  8
LOGO
 10
19.720517830972152
 20
0.049853444064484755
 30
0.0
 70
0
  0
VERTEX
  5
F6C
  8
LOGO
 10
19.783390327308254
 20
0.08605276013678598
 30
0.0
 70
0
  0
VERTEX
  5
F6D
  8
LOGO
 10
19.85324865657059
 20
0.12479237909135378
 30
0.0
 70
0
  0
VERTEX
  5
F6E
  8
LOGO
 10
19.931998045920857
 20
0.16734245236932108
 30
0.0
 70
0
  0
VERTEX
  5
F6F
  8
LOGO
 10
20.020273571079628
 20
0.21370297997068938
 30
0.0
 70
0
  0
VERTEX
  5
F70
  8
LOGO
 10
20.1199804592086
 20
0.2657791890571569
 30
0.0
 70
0
  0
VERTEX
  5
F71
  8
LOGO
 10
20.23365901319003
 20
0.32420615534929204
 30
0.0
 70
0
  0
VERTEX
  5
F72
  8
LOGO
 10
20.38925256472887
 20
0.40422569614069426
 30
0.0
 70
0
  0
VERTEX
  5
F73
  8
LOGO
 10
20.520713238886174
 20
0.4715437225207628
 30
0.0
 70
0
  0
VERTEX
  5
F74
  8
LOGO
 10
20.629946262823644
 20
0.5274303859306306
 30
0.0
 70
0
  0
VERTEX
  5
F75
  8
LOGO
 10
20.718856863702978
 20
0.5731558378114321
 30
0.0
 70
0
  0
VERTEX
  5
F76
  8
LOGO
 10
20.789985344406446
 20
0.6106253053248661
 30
0.0
 70
0
  0
VERTEX
  5
F77
  8
LOGO
 10
20.845236932095748
 20
0.6392037127503669
 30
0.0
 70
0
  0
VERTEX
  5
F78
  8
LOGO
 10
20.886516853932584
 20
0.6614313629702008
 30
0.0
 70
0
  0
VERTEX
  5
F79
  8
LOGO
 10
20.916365412799216
 20
0.6779433317049348
 30
0.0
 70
0
  0
VERTEX
  5
F7A
  8
LOGO
 10
20.99829018075232
 20
0.7249389350268691
 30
0.0
 70
0
  0
VERTEX
  5
F7B
  8
LOGO
 10
21.068783585735222
 20
0.7668539325842704
 30
0.0
 70
0
  0
VERTEX
  5
F7C
  8
LOGO
 10
21.13038593063019
 20
0.8055935515388375
 30
0.0
 70
0
  0
VERTEX
  5
F7D
  8
LOGO
 10
21.18373229115779
 20
0.8411577918905718
 30
0.0
 70
0
  0
VERTEX
  5
F7E
  8
LOGO
 10
21.230727894479724
 20
0.8754518808011725
 30
0.0
 70
0
  0
VERTEX
  5
F7F
  8
LOGO
 10
21.273277967757693
 20
0.909745969711774
 30
0.0
 70
0
  0
VERTEX
  5
F80
  8
LOGO
 10
21.313287738153395
 20
0.9446751343429416
 30
0.0
 70
0
  0
VERTEX
  5
F81
  8
LOGO
 10
21.35202735710796
 20
0.9815095261358089
 30
0.0
 70
0
  0
VERTEX
  5
F82
  8
LOGO
 10
21.374890083048363
 20
1.0043722520762097
 30
0.0
 70
0
  0
VERTEX
  5
F83
  8
LOGO
 10
21.393307278944796
 20
1.02342452369321
 30
0.0
 70
0
  0
VERTEX
  5
F84
  8
LOGO
 10
21.408549096238396
 20
1.039936492427944
 30
0.0
 70
0
  0
VERTEX
  5
F85
  8
LOGO
 10
21.420615534929162
 20
1.0545432340009775
 30
0.0
 70
0
  0
VERTEX
  5
F86
  8
LOGO
 10
21.43077674645823
 20
1.0685148998534446
 30
0.0
 70
0
  0
VERTEX
  5
F87
  8
LOGO
 10
21.44030288226673
 20
1.0824865657059113
 30
0.0
 70
0
  0
VERTEX
  5
F88
  8
LOGO
 10
21.448558866634098
 20
1.0983634587200783
 30
0.0
 70
0
  0
VERTEX
  5
F89
  8
LOGO
 10
21.458085002442598
 20
1.116145578895946
 30
0.0
 70
0
  0
VERTEX
  5
F8A
  8
LOGO
 10
21.463800683927698
 20
1.1282120175867127
 30
0.0
 70
0
  0
VERTEX
  5
F8B
  8
LOGO
 10
21.469516365412797
 20
1.1415486077186132
 30
0.0
 70
0
  0
VERTEX
  5
F8C
  8
LOGO
 10
21.475232046897897
 20
1.154885197850513
 30
0.0
 70
0
  0
VERTEX
  5
F8D
  8
LOGO
 10
21.48031265266243
 20
1.1682217879824135
 30
0.0
 70
0
  0
VERTEX
  5
F8E
  8
LOGO
 10
21.485393258426964
 20
1.180923302393747
 30
0.0
 70
0
  0
VERTEX
  5
F8F
  8
LOGO
 10
21.489203712750367
 20
1.1923546653639479
 30
0.0
 70
0
  0
VERTEX
  5
F90
  8
LOGO
 10
21.4923790913532
 20
1.2025158768930142
 30
0.0
 70
0
  0
VERTEX
  5
F91
  8
LOGO
 10
21.4942843185149
 20
1.2114069369809484
 30
0.0
 70
0
  0
VERTEX
  5
F92
  8
LOGO
 10
21.498729848558867
 20
1.2406204201270152
 30
0.0
 70
0
  0
VERTEX
  5
F93
  8
LOGO
 10
21.5
 20
1.2755495847581828
 30
0.0
 70
0
  0
VERTEX
  5
F94
  8
LOGO
 10
21.498729848558867
 20
1.3136541279921838
 30
0.0
 70
0
  0
VERTEX
  5
F95
  8
LOGO
 10
21.495554469956033
 20
1.3542989741084521
 30
0.0
 70
0
  0
VERTEX
  5
F96
  8
LOGO
 10
21.48983878847093
 20
1.3955788959452864
 30
0.0
 70
0
  0
VERTEX
  5
F97
  8
LOGO
 10
21.48221787982413
 20
1.4362237420615538
 30
0.0
 70
0
  0
VERTEX
  5
F98
  8
LOGO
 10
21.47269174401563
 20
1.474328285295555
 30
0.0
 70
0
  0
VERTEX
  5
F99
  8
LOGO
 10
21.46126038104543
 20
1.5086223742061557
 30
0.0
 70
0
  0
VERTEX
  5
F9A
  8
LOGO
 10
21.453004396678065
 20
1.5283097215437231
 30
0.0
 70
0
  0
VERTEX
  5
F9B
  8
LOGO
 10
21.44220810942843
 20
1.5524425989252566
 30
0.0
 70
0
  0
VERTEX
  5
F9C
  8
LOGO
 10
21.42887151929653
 20
1.578480703468491
 30
0.0
 70
0
  0
VERTEX
  5
F9D
  8
LOGO
 10
21.414899853444062
 20
1.6064240351734247
 30
0.0
 70
0
  0
VERTEX
  5
F9E
  8
LOGO
 10
21.399658036150463
 20
1.6343673668783587
 30
0.0
 70
0
  0
VERTEX
  5
F9F
  8
LOGO
 10
21.384416218856863
 20
1.6604054714215926
 30
0.0
 70
0
  0
VERTEX
  5
FA0
  8
LOGO
 10
21.370444553004397
 20
1.6845383488031271
 30
0.0
 70
0
  0
VERTEX
  5
FA1
  8
LOGO
 10
21.35774303859306
 20
1.7035906204201274
 30
0.0
 70
0
  0
VERTEX
  5
FA2
  8
LOGO
 10
21.32344894968246
 20
1.7512212994626288
 30
0.0
 70
0
  0
VERTEX
  5
FA3
  8
LOGO
 10
21.288519785051292
 20
1.7963116756228628
 30
0.0
 70
0
  0
VERTEX
  5
FA4
  8
LOGO
 10
21.25295554469956
 20
1.838226673180264
 30
0.0
 70
0
  0
VERTEX
  5
FA5
  8
LOGO
 10
21.21612115290669
 20
1.8788715192965315
 30
0.0
 70
0
  0
VERTEX
  5
FA6
  8
LOGO
 10
21.17801660967269
 20
1.9169760625305323
 30
0.0
 70
0
  0
VERTEX
  5
FA7
  8
LOGO
 10
21.13800683927699
 20
1.9531753786028339
 30
0.0
 70
0
  0
VERTEX
  5
FA8
  8
LOGO
 10
21.096726917440154
 20
1.9881045432340012
 30
0.0
 70
0
  0
VERTEX
  5
FA9
  8
LOGO
 10
21.052906692721052
 20
2.0217635564240353
 30
0.0
 70
0
  0
VERTEX
  5
FAA
  8
LOGO
 10
21.039570102589153
 20
2.0312896922325354
 30
0.0
 70
0
  0
VERTEX
  5
FAB
  8
LOGO
 10
21.024328285295553
 20
2.041450903761602
 30
0.0
 70
0
  0
VERTEX
  5
FAC
  8
LOGO
 10
21.007181240840254
 20
2.0522471910112365
 30
0.0
 70
0
  0
VERTEX
  5
FAD
  8
LOGO
 10
20.989399120664384
 20
2.0636785539814366
 30
0.0
 70
0
  0
VERTEX
  5
FAE
  8
LOGO
 10
20.970346849047385
 20
2.075109916951637
 30
0.0
 70
0
  0
VERTEX
  5
FAF
  8
LOGO
 10
20.951929653150952
 20
2.08590620420127
 30
0.0
 70
0
  0
VERTEX
  5
FB0
  8
LOGO
 10
20.93351245725452
 20
2.0954323400097707
 30
0.0
 70
0
  0
VERTEX
  5
FB1
  8
LOGO
 10
20.916365412799216
 20
2.104958475818271
 30
0.0
 70
0
  0
VERTEX
  5
FB2
  8
LOGO
 10
20.850952613580848
 20
2.1354421104054717
 30
0.0
 70
0
  0
VERTEX
  5
FB3
  8
LOGO
 10
20.786174890083046
 20
2.162115290669272
 30
0.0
 70
0
  0
VERTEX
  5
FB4
  8
LOGO
 10
20.72012701514411
 20
2.1837078651685395
 30
0.0
 70
0
  0
VERTEX
  5
FB5
  8
LOGO
 10
20.652808988764043
 20
2.20085490962384
 30
0.0
 70
0
  0
VERTEX
  5
FB6
  8
LOGO
 10
20.583585735222275
 20
2.2135564240351737
 30
0.0
 70
0
  0
VERTEX
  5
FB7
  8
LOGO
 10
20.511187103077674
 20
2.222447484123107
 30
0.0
 70
0
  0
VERTEX
  5
FB8
  8
LOGO
 10
20.435613092330236
 20
2.2275280898876413
 30
0.0
 70
0
  0
VERTEX
  5
FB9
  8
LOGO
 10
20.355593551538835
 20
2.2281631656082075
 30
0.0
 70
0
  0
VERTEX
  5
FBA
  8
LOGO
 10
20.333365901319002
 20
2.2281631656082075
 30
0.0
 70
0
  0
VERTEX
  5
FBB
  8
LOGO
 10
20.31113825109917
 20
2.2275280898876413
 30
0.0
 70
0
  0
VERTEX
  5
FBC
  8
LOGO
 10
20.2895456765999
 20
2.2275280898876413
 30
0.0
 70
0
  0
VERTEX
  5
FBD
  8
LOGO
 10
20.269858329262334
 20
2.226893014167074
 30
0.0
 70
0
  0
VERTEX
  5
FBE
  8
LOGO
 10
20.252711284807035
 20
2.2262579384465075
 30
0.0
 70
0
  0
VERTEX
  5
FBF
  8
LOGO
 10
20.23746946751343
 20
2.2262579384465075
 30
0.0
 70
0
  0
VERTEX
  5
FC0
  8
LOGO
 10
20.226038104543232
 20
2.225622862725941
 30
0.0
 70
0
  0
SEQEND
  5
EA8
  8
LOGO
  0
POLYLINE
  5
FC1
  8
LOGO
 66
1
 10
0.0
 20
0.0
 30
0.0
 70
1
  0
VERTEX
  5
FC3
  8
LOGO
 10
20.403859306301904
 20
1.762652662432829
 30
0.0
 70
0
  0
VERTEX
  5
FC4
  8
LOGO
 10
20.418466047874936
 20
1.7582071323888617
 30
0.0
 70
0
  0
VERTEX
  5
FC5
  8
LOGO
 10
20.43307278944797
 20
1.7531265266243286
 30
0.0
 70
0
  0
VERTEX
  5
FC6
  8
LOGO
 10
20.446409379579872
 20
1.7467757694186619
 30
0.0
 70
0
  0
VERTEX
  5
FC7
  8
LOGO
 10
20.459745969711772
 20
1.739789936492428
 30
0.0
 70
0
  0
VERTEX
  5
FC8
  8
LOGO
 10
20.47181240840254
 20
1.7321690278456283
 30
0.0
 70
0
  0
VERTEX
  5
FC9
  8
LOGO
 10
20.483878847093305
 20
1.723913043478261
 30
0.0
 70
0
  0
VERTEX
  5
FCA
  8
LOGO
 10
20.49467513434294
 20
1.7143869076697609
 30
0.0
 70
0
  0
VERTEX
  5
FCB
  8
LOGO
 10
20.504836345872008
 20
1.7048607718612605
 30
0.0
 70
0
  0
VERTEX
  5
FCC
  8
LOGO
 10
20.508646800195407
 20
1.7004152418172942
 30
0.0
 70
0
  0
VERTEX
  5
FCD
  8
LOGO
 10
20.513092330239374
 20
1.6946995603321935
 30
0.0
 70
0
  0
VERTEX
  5
FCE
  8
LOGO
 10
20.51753786028334
 20
1.6877137274059604
 30
0.0
 70
0
  0
VERTEX
  5
FCF
  8
LOGO
 10
20.521983390327307
 20
1.6807278944797268
 30
0.0
 70
0
  0
VERTEX
  5
FD0
  8
LOGO
 10
20.526428920371274
 20
1.6724719101123595
 30
0.0
 70
0
  0
VERTEX
  5
FD1
  8
LOGO
 10
20.531509526135807
 20
1.6648510014655598
 30
0.0
 70
0
  0
VERTEX
  5
FD2
  8
LOGO
 10
20.535319980459207
 20
1.6565950170981925
 30
0.0
 70
0
  0
VERTEX
  5
FD3
  8
LOGO
 10
20.539130434782606
 20
1.648339032730826
 30
0.0
 70
0
  0
VERTEX
  5
FD4
  8
LOGO
 10
20.54421104054714
 20
1.6369076697606257
 30
0.0
 70
0
  0
VERTEX
  5
FD5
  8
LOGO
 10
20.54802149487054
 20
1.626746458231559
 30
0.0
 70
0
  0
VERTEX
  5
FD6
  8
LOGO
 10
20.551196873473373
 20
1.6172203224230586
 30
0.0
 70
0
  0
VERTEX
  5
FD7
  8
LOGO
 10
20.55373717635564
 20
1.6076941866145584
 30
0.0
 70
0
  0
VERTEX
  5
FD8
  8
LOGO
 10
20.555007327796773
 20
1.5975329750854914
 30
0.0
 70
0
  0
VERTEX
  5
FD9
  8
LOGO
 10
20.556277479237906
 20
1.586101612115291
 30
0.0
 70
0
  0
VERTEX
  5
FDA
  8
LOGO
 10
20.556277479237906
 20
1.5734000977039577
 30
0.0
 70
0
  0
VERTEX
  5
FDB
  8
LOGO
 10
20.556277479237906
 20
1.5581582804103566
 30
0.0
 70
0
  0
VERTEX
  5
FDC
  8
LOGO
 10
20.556277479237906
 20
1.5422813873961896
 30
0.0
 70
0
  0
VERTEX
  5
FDD
  8
LOGO
 10
20.555642403517343
 20
1.5289447972642898
 30
0.0
 70
0
  0
VERTEX
  5
FDE
  8
LOGO
 10
20.554372252076206
 20
1.518148510014656
 30
0.0
 70
0
  0
VERTEX
  5
FDF
  8
LOGO
 10
20.553102100635073
 20
1.507352222765022
 30
0.0
 70
0
  0
VERTEX
  5
FE0
  8
LOGO
 10
20.54992672203224
 20
1.4978260869565219
 30
0.0
 70
0
  0
VERTEX
  5
FE1
  8
LOGO
 10
20.546751343429406
 20
1.4876648754274555
 30
0.0
 70
0
  0
VERTEX
  5
FE2
  8
LOGO
 10
20.541670737664873
 20
1.4768685881778216
 30
0.0
 70
0
  0
VERTEX
  5
FE3
  8
LOGO
 10
20.535955056179773
 20
1.4648021494870547
 30
0.0
 70
0
  0
VERTEX
  5
FE4
  8
LOGO
 10
20.527699071812407
 20
1.4489252564728876
 30
0.0
 70
0
  0
VERTEX
  5
FE5
  8
LOGO
 10
20.518172936003907
 20
1.4343185148998536
 30
0.0
 70
0
  0
VERTEX
  5
FE6
  8
LOGO
 10
20.507376648754274
 20
1.420346849047387
 30
0.0
 70
0
  0
VERTEX
  5
FE7
  8
LOGO
 10
20.495310210063508
 20
1.4070102589154865
 30
0.0
 70
0
  0
VERTEX
  5
FE8
  8
LOGO
 10
20.48260869565217
 20
1.3949438202247195
 30
0.0
 70
0
  0
VERTEX
  5
FE9
  8
LOGO
 10
20.46800195407914
 20
1.383512457254519
 30
0.0
 70
0
  0
VERTEX
  5
FEA
  8
LOGO
 10
20.453395212506106
 20
1.3733512457254526
 30
0.0
 70
0
  0
VERTEX
  5
FEB
  8
LOGO
 10
20.436883243771373
 20
1.3638251099169525
 30
0.0
 70
0
  0
VERTEX
  5
FEC
  8
LOGO
 10
20.42926233512457
 20
1.360014655593552
 30
0.0
 70
0
  0
VERTEX
  5
FED
  8
LOGO
 10
20.42164142647777
 20
1.3568392769907187
 30
0.0
 70
0
  0
VERTEX
  5
FEE
  8
LOGO
 10
20.413385442110403
 20
1.3542989741084521
 30
0.0
 70
0
  0
VERTEX
  5
FEF
  8
LOGO
 10
20.405129457743037
 20
1.3523937469467515
 30
0.0
 70
0
  0
VERTEX
  5
FF0
  8
LOGO
 10
20.394333170493404
 20
1.3511235955056187
 30
0.0
 70
0
  0
VERTEX
  5
FF1
  8
LOGO
 10
20.382901807523204
 20
1.350488519785052
 30
0.0
 70
0
  0
VERTEX
  5
FF2
  8
LOGO
 10
20.36829506595017
 20
1.349853444064485
 30
0.0
 70
0
  0
VERTEX
  5
FF3
  8
LOGO
 10
20.35114802149487
 20
1.349853444064485
 30
0.0
 70
0
  0
VERTEX
  5
FF4
  8
LOGO
 10
20.33400097703957
 20
1.349853444064485
 30
0.0
 70
0
  0
VERTEX
  5
FF5
  8
LOGO
 10
20.319394235466536
 20
1.350488519785052
 30
0.0
 70
0
  0
VERTEX
  5
FF6
  8
LOGO
 10
20.307327796775766
 20
1.3511235955056187
 30
0.0
 70
0
  0
VERTEX
  5
FF7
  8
LOGO
 10
20.296531509526133
 20
1.3523937469467515
 30
0.0
 70
0
  0
VERTEX
  5
FF8
  8
LOGO
 10
20.2876404494382
 20
1.3542989741084521
 30
0.0
 70
0
  0
VERTEX
  5
FF9
  8
LOGO
 10
20.279384465070834
 20
1.3568392769907187
 30
0.0
 70
0
  0
VERTEX
  5
FFA
  8
LOGO
 10
20.271763556424034
 20
1.3606497313141188
 30
0.0
 70
0
  0
VERTEX
  5
FFB
  8
LOGO
 10
20.263507572056668
 20
1.3644601856375185
 30
0.0
 70
0
  0
VERTEX
  5
FFC
  8
LOGO
 10
20.2476306790425
 20
1.3739863214460188
 30
0.0
 70
0
  0
VERTEX
  5
FFD
  8
LOGO
 10
20.2323888617489
 20
1.3841475329750856
 30
0.0
 70
0
  0
VERTEX
  5
FFE
  8
LOGO
 10
20.217782120175865
 20
1.3962139716658526
 30
0.0
 70
0
  0
VERTEX
  5
FFF
  8
LOGO
 10
20.204445530043966
 20
1.4089154860771864
 30
0.0
 70
0
  0
VERTEX
  5
1000
  8
LOGO
 10
20.191744015632633
 20
1.4228871519296535
 30
0.0
 70
0
  0
VERTEX
  5
1001
  8
LOGO
 10
20.18031265266243
 20
1.4368588177821209
 30
0.0
 70
0
  0
VERTEX
  5
1002
  8
LOGO
 10
20.17078651685393
 20
1.4514655593551542
 30
0.0
 70
0
  0
VERTEX
  5
1003
  8
LOGO
 10
20.162530532486564
 20
1.4667073766487544
 30
0.0
 70
0
  0
VERTEX
  5
1004
  8
LOGO
 10
20.15744992672203
 20
1.4775036638983885
 30
0.0
 70
0
  0
VERTEX
  5
1005
  8
LOGO
 10
20.153004396678064
 20
1.4870297997068884
 30
0.0
 70
0
  0
VERTEX
  5
1006
  8
LOGO
 10
20.14982901807523
 20
1.4965559355153888
 30
0.0
 70
0
  0
VERTEX
  5
1007
  8
LOGO
 10
20.14792379091353
 20
1.506717147044456
 30
0.0
 70
0
  0
VERTEX
  5
1008
  8
LOGO
 10
20.14601856375183
 20
1.5168783585735224
 30
0.0
 70
0
  0
VERTEX
  5
1009
  8
LOGO
 10
20.145383488031264
 20
1.529579872984856
 30
0.0
 70
0
  0
VERTEX
  5
100A
  8
LOGO
 10
20.144748412310697
 20
1.5448216902784568
 30
0.0
 70
0
  0
VERTEX
  5
100B
  8
LOGO
 10
20.144748412310697
 20
1.5626038104543238
 30
0.0
 70
0
  0
VERTEX
  5
100C
  8
LOGO
 10
20.144748412310697
 20
1.5797508549096244
 30
0.0
 70
0
  0
VERTEX
  5
100D
  8
LOGO
 10
20.145383488031264
 20
1.594357596482658
 30
0.0
 70
0
  0
VERTEX
  5
100E
  8
LOGO
 10
20.14601856375183
 20
1.6064240351734247
 30
0.0
 70
0
  0
VERTEX
  5
100F
  8
LOGO
 10
20.147288715192964
 20
1.6165852467024917
 30
0.0
 70
0
  0
VERTEX
  5
1010
  8
LOGO
 10
20.149193942354664
 20
1.6254763067904254
 30
0.0
 70
0
  0
VERTEX
  5
1011
  8
LOGO
 10
20.15173424523693
 20
1.6337322911577925
 30
0.0
 70
0
  0
VERTEX
  5
1012
  8
LOGO
 10
20.154909623839764
 20
1.641988275525159
 30
0.0
 70
0
  0
VERTEX
  5
1013
  8
LOGO
 10
20.15935515388373
 20
1.6502442598925258
 30
0.0
 70
0
  0
VERTEX
  5
1014
  8
LOGO
 10
20.16697606253053
 20
1.6635808500244262
 30
0.0
 70
0
  0
VERTEX
  5
1015
  8
LOGO
 10
20.175867122618463
 20
1.67628236443576
 30
0.0
 70
0
  0
VERTEX
  5
1016
  8
LOGO
 10
20.186028334147533
 20
1.6896189545676603
 30
0.0
 70
0
  0
VERTEX
  5
1017
  8
LOGO
 10
20.1961895456766
 20
1.7016853932584273
 30
0.0
 70
0
  0
VERTEX
  5
1018
  8
LOGO
 10
20.2076209086468
 20
1.7137518319491938
 30
0.0
 70
0
  0
VERTEX
  5
1019
  8
LOGO
 10
20.219052271617
 20
1.7245481191988281
 30
0.0
 70
0
  0
VERTEX
  5
101A
  8
LOGO
 10
20.22984855886663
 20
1.7334391792867614
 30
0.0
 70
0
  0
VERTEX
  5
101B
  8
LOGO
 10
20.241279921836835
 20
1.7410600879335616
 30
0.0
 70
0
  0
VERTEX
  5
101C
  8
LOGO
 10
20.2514411333659
 20
1.7467757694186619
 30
0.0
 70
0
  0
VERTEX
  5
101D
  8
LOGO
 10
20.264142647777234
 20
1.752491450903762
 30
0.0
 70
0
  0
VERTEX
  5
101E
  8
LOGO
 10
20.276844162188567
 20
1.7575720566682957
 30
0.0
 70
0
  0
VERTEX
  5
101F
  8
LOGO
 10
20.290815828041033
 20
1.7620175867122618
 30
0.0
 70
0
  0
VERTEX
  5
1020
  8
LOGO
 10
20.305422569614066
 20
1.7658280410356624
 30
0.0
 70
0
  0
VERTEX
  5
1021
  8
LOGO
 10
20.319394235466536
 20
1.7690034196384956
 30
0.0
 70
0
  0
VERTEX
  5
1022
  8
LOGO
 10
20.332730825598436
 20
1.7709086468001956
 30
0.0
 70
0
  0
VERTEX
  5
1023
  8
LOGO
 10
20.344797264289202
 20
1.7715437225207622
 30
0.0
 70
0
  0
VERTEX
  5
1024
  8
LOGO
 10
20.3505129457743
 20
1.7715437225207622
 30
0.0
 70
0
  0
VERTEX
  5
1025
  8
LOGO
 10
20.356863702979968
 20
1.7709086468001956
 30
0.0
 70
0
  0
VERTEX
  5
1026
  8
LOGO
 10
20.3638495359062
 20
1.7702735710796296
 30
0.0
 70
0
  0
VERTEX
  5
1027
  8
LOGO
 10
20.371470444553005
 20
1.7690034196384956
 30
0.0
 70
0
  0
VERTEX
  5
1028
  8
LOGO
 10
20.37972642892037
 20
1.767733268197362
 30
0.0
 70
0
  0
VERTEX
  5
1029
  8
LOGO
 10
20.387982413287737
 20
1.766463116756229
 30
0.0
 70
0
  0
VERTEX
  5
102A
  8
LOGO
 10
20.396238397655104
 20
1.7645578895945284
 30
0.0
 70
0
  0
SEQEND
  5
FC2
  8
LOGO
  0
ENDSEC
  0
EOF
