  0
SECTION
  2
HEADER
  9
$ACADVER
  1
AC1009
  9
$DWGCODEPAGE
  3
ANSI_1252
  9
$INSBASE
 10
0.0
 20
0.0
 30
0.0
  9
$EXTMIN
 10
1e+20
 20
1e+20
 30
1e+20
  9
$EXTMAX
 10
-1e+20
 20
-1e+20
 30
-1e+20
  9
$LIMMIN
 10
0.0
 20
0.0
  9
$LIMMAX
 10
420.0
 20
297.0
  9
$ORTHOMODE
 70
0
  9
$REGENMODE
 70
1
  9
$FILLMODE
 70
1
  9
$DRAGMODE
 70
2
  9
$QTEXTMODE
 70
0
  9
$MIRRTEXT
 70
1
  9
$OSMODE
 70
20583
  9
$LTSCALE
 40
1.0
  9
$ATTMODE
 70
1
  9
$TEXTSIZE
 40
2.5
  9
$TRACEWID
 40
1.0
  9
$TEXTSTYLE
  7
Standard
  9
$CLAYER
  8
0
  9
$CELTYPE
  6
ByLayer
  9
$CECOLOR
 62
256
  9
$DIMSCALE
 40
1.0
  9
$DIMASZ
 40
2.5
  9
$DIMEXO
 40
0.625
  9
$DIMDLI
 40
3.75
  9
$DIMRND
 40
0.0
  9
$DIMDLE
 40
0.0
  9
$DIMEXE
 40
1.25
  9
$DIMTP
 40
0.0
  9
$DIMTM
 40
0.0
  9
$DIMTXT
 40
2.5
  9
$DIMCEN
 40
2.5
  9
$DIMTSZ
 40
0.0
  9
$DIMTOL
 70
0
  9
$DIMLIM
 70
0
  9
$DIMTIH
 70
0
  9
$DIMTOH
 70
0
  9
$DIMSE1
 70
0
  9
$DIMSE2
 70
0
  9
$DIMTAD
 70
1
  9
$DIMZIN
 70
8
  9
$DIMBLK
  1

  9
$DIMASO
 70
1
  9
$DIMSHO
 70
1
  9
$DIMPOST
  1

  9
$DIMAPOST
  1

  9
$DIMALT
 70
0
  9
$DIMALTD
 70
3
  9
$DIMALTF
 40
0.03937007874
  9
$DIMLFAC
 40
1.0
  9
$DIMTOFL
 70
1
  9
$DIMTVP
 40
0.0
  9
$DIMTIX
 70
0
  9
$DIMSOXD
 70
0
  9
$DIMSAH
 70
0
  9
$DIMBLK1
  1

  9
$DIMBLK2
  1

  9
$DIMSTYLE
  2
ISO-25
  9
$DIMCLRD
 70
0
  9
$DIMCLRE
 70
0
  9
$DIMCLRT
 70
0
  9
$DIMTFAC
 40
1.0
  9
$DIMGAP
 40
0.625
  9
$COORDS
 70
1
  9
$ATTDIA
 70
0
  9
$ATTREQ
 70
1
  9
$HANDLING
 70
1
  9
$LUNITS
 70
2
  9
$LUPREC
 70
4
  9
$SKETCHINC
 40
1.0
  9
$FILLETRAD
 40
10.0
  9
$AUNITS
 70
0
  9
$AUPREC
 70
2
  9
$MENU
  1
.
  9
$ELEVATION
 40
0.0
  9
$PELEVATION
 40
0.0
  9
$THICKNESS
 40
0.0
  9
$LIMCHECK
 70
0
  9
$CHAMFERA
 40
0.0
  9
$CHAMFERB
 40
0.0
  9
$SKPOLY
 70
0
  9
$TDCREATE
 40
2461313.385451389
  9
$TDUPDATE
 40
2461313.385451389
  9
$TDINDWG
 40
0.0
  9
$TDUSRTIMER
 40
0.0
  9
$USRTIMER
 70
1
  9
$ANGBASE
 50
0.0
  9
$ANGDIR
 70
0
  9
$PDMODE
 70
0
  9
$PDSIZE
 40
0.0
  9
$PLINEWID
 40
0.0
  9
$SPLFRAME
 70
0
  9
$SPLINETYPE
 70
6
  9
$SPLINESEGS
 70
8
  9
$HANDSEED
  5
1154
  9
$SURFTAB1
 70
6
  9
$SURFTAB2
 70
6
  9
$SURFTYPE
 70
6
  9
$SURFU
 70
6
  9
$SURFV
 70
6
  9
$UCSNAME
  2

  9
$UCSORG
 10
0.0
 20
0.0
 30
0.0
  9
$UCSXDIR
 10
1.0
 20
0.0
 30
0.0
  9
$UCSYDIR
 10
0.0
 20
1.0
 30
0.0
  9
$PUCSNAME
  2

  9
$PUCSORG
 10
0.0
 20
0.0
 30
0.0
  9
$PUCSXDIR
 10
1.0
 20
0.0
 30
0.0
  9
$PUCSYDIR
 10
0.0
 20
1.0
 30
0.0
  9
$USERI1
 70
0
  9
$USERI2
 70
0
  9
$USERI3
 70
0
  9
$USERI4
 70
0
  9
$USERI5
 70
0
  9
$USERR1
 40
0.0
  9
$USERR2
 40
0.0
  9
$USERR3
 40
0.0
  9
$USERR4
 40
0.0
  9
$USERR5
 40
0.0
  9
$WORLDVIEW
 70
1
  9
$SHADEDGE
 70
3
  9
$SHADEDIF
 70
70
  9
$TILEMODE
 70
1
  9
$MAXACTVP
 70
64
  9
$PLIMCHECK
 70
0
  9
$PEXTMIN
 10
1e+20
 20
1e+20
 30
1e+20
  9
$PEXTMAX
 10
-1e+20
 20
-1e+20
 30
-1e+20
  9
$PLIMMIN
 10
0.0
 20
0.0
  9
$PLIMMAX
 10
420.0
 20
297.0
  9
$UNITMODE
 70
0
  9
$VISRETAIN
 70
1
  9
$PLINEGEN
 70
0
  9
$PSLTSCALE
 70
1
  0
ENDSEC
  0
SECTION
  2
TABLES
  0
TABLE
  2
VPORT
 70
1
  0
VPORT
  5
23
  2
*Active
 70
0
 10
0.0
 20
0.0
 11
1.0
 21
1.0
 12
0.0
 22
0.0
 13
0.0
 23
0.0
 14
0.5
 24
0.5
 15
0.5
 25
0.5
 16
0.0
 26
0.0
 36
1.0
 17
0.0
 27
0.0
 37
0.0
 40
1000.0
 41
1.34
 42
50.0
 43
0.0
 44
0.0
 50
0.0
 51
0.0
 71
0
 72
1000
 73
1
 74
3
 75
0
 76
0
 77
0
 78
0
  0
ENDTAB
  0
TABLE
  2
LTYPE
 70
3
  0
LTYPE
  5
24
  2
ByBlock
 70
0
  3

 72
65
 73
0
 40
0.0
  0
LTYPE
  5
25
  2
ByLayer
 70
0
  3

 72
65
 73
0
 40
0.0
  0
LTYPE
  5
26
  2
Continuous
 70
0
  3

 72
65
 73
0
 40
0.0
  0
ENDTAB
  0
TABLE
  2
LAYER
 70
5
  0
LAYER
  5
27
  2
0
 70
0
 62
7
  6
Continuous
  0
LAYER
  5
28
  2
Defpoints
 70
0
 62
7
  6
Continuous
  0
LAYER
  5
2D
  2
TAG
 70
0
 62
7
  6
Continuous
  0
LAYER
  5
2E
  2
TEXT
 70
0
 62
7
  6
Continuous
  0
LAYER
  5
2F
  2
LOGO
 70
0
 62
7
  6
Continuous
  0
ENDTAB
  0
TABLE
  2
STYLE
 70
1
  0
STYLE
  5
29
  2
Standard
 70
0
 40
0.0
 41
1.0
 50
0.0
 71
0
 42
2.5
  3
txt
  4

  0
ENDTAB
  0
TABLE
  2
VIEW
 70
0
  0
ENDTAB
  0
TABLE
  2
UCS
 70
0
  0
ENDTAB
  0
TABLE
  2
APPID
 70
3
  0
APPID
  5
2A
  2
ACAD
 70
0
  0
APPID
  5
1152
  2
HATCHBACKGROUNDCOLOR
 70
0
  0
APPID
  5
1153
  2
EZDXF
 70
0
  0
ENDTAB
  0
TABLE
  2
DIMSTYLE
 70
1
  0
DIMSTYLE
105
2B
  2
Standard
 70
0
  3

  4

  5

  6

  7

 40
1.0
 41
2.5
 42
0.625
 43
3.75
 44
1.25
 45
0.0
 46
0.0
 47
0.0
 48
0.0
140
2.5
141
2.5
142
0.0
143
0.03937007874
144
1.0
145
0.0
146
1.0
147
0.625
 71
0
 72
0
 73
0
 74
0
 75
0
 76
0
 77
1
 78
8
170
0
171
3
172
1
173
0
174
0
175
0
176
0
177
0
178
0
  0
ENDTAB
  0
ENDSEC
  0
SECTION
  2
BLOCKS
  0
BLOCK
  5
18
  8
0
  2
$Model_Space
 70
0
 10
0.0
 20
0.0
 30
0.0
  3
$Model_Space
  1

1001
EZDXF
1000
CREATED_BY_EZDXF
1000
1.4.2 @ 2026-09-29T14:15:03.125167+00:00
1000
WRITTEN_BY_EZDXF
1000
1.4.2 @ 2026-09-29T14:15:03.195015+00:00
  0
ENDBLK
  5
19
  8
0
  0
BLOCK
  5
1C
  8
0
  2
$Paper_Space
 70
0
 10
0.0
 20
0.0
 30
0.0
  3
$Paper_Space
  1

  0
ENDBLK
  5
1D
  8
0
  0
ENDSEC
  0
SECTION
  2
ENTITIES
  0
POLYLINE
  5
30
  8
TAG
 66
1
 10
0.0
 20
0.0
 30
0.0
 70
1
  0
VERTEX
  5
32
  8
TAG
 10
-10.4
 20
10.4
 30
0.0
 70
0
  0
VERTEX
  5
33
  8
TAG
 10
-10.4
 20
-10.400000000000002
 30
0.0
 70
0
  0
VERTEX
  5
34
  8
TAG
 10
10.400000000000002
 20
-10.400000000000002
 30
0.0
 70
0
  0
VERTEX
  5
35
  8
TAG
 10
10.400000000000002
 20
10.4
 30
0.0
 70
0
  0
SEQEND
  5
31
  8
TAG
  0
POLYLINE
  5
36
  8
TAG
 66
1
 10
0.0
 20
0.0
 30
0.0
 70
1
  0
VERTEX
  5
38
  8
TAG
 10
-7.8
 20
7.8
 30
0.0
 70
0
  0
VERTEX
  5
39
  8
TAG
 10
0.0
 20
7.8
 30
0.0
 70
0
  0
VERTEX
  5
3A
  8
TAG
 10
0.0
 20
5.199999999999999
 30
0.0
 70
0
  0
VERTEX
  5
3B
  8
TAG
 10
2.6000000000000014
 20
5.199999999999999
 30
0.0
 70
0
  0
VERTEX
  5
3C
  8
TAG
 10
2.6000000000000014
 20
7.8
 30
0.0
 70
0
  0
VERTEX
  5
3D
  8
TAG
 10
5.199999999999999
 20
7.8
 30
0.0
 70
0
  0
VERTEX
  5
3E
  8
TAG
 10
5.199999999999999
 20
5.199999999999999
 30
0.0
 70
0
  0
VERTEX
  5
3F
  8
TAG
 10
2.6000000000000014
 20
5.199999999999999
 30
0.0
 70
0
  0
VERTEX
  5
40
  8
TAG
 10
2.6000000000000014
 20
2.5999999999999996
 30
0.0
 70
0
  0
VERTEX
  5
41
  8
TAG
 10
7.800000000000001
 20
2.5999999999999996
 30
0.0
 70
0
  0
VERTEX
  5
42
  8
TAG
 10
7.800000000000001
 20
0.0
 30
0.0
 70
0
  0
VERTEX
  5
43
  8
TAG
 10
5.199999999999999
 20
0.0
 30
0.0
 70
0
  0
VERTEX
  5
44
  8
TAG
 10
5.199999999999999
 20
-2.6000000000000014
 30
0.0
 70
0
  0
VERTEX
  5
45
  8
TAG
 10
2.6000000000000014
 20
-2.6000000000000014
 30
0.0
 70
0
  0
VERTEX
  5
46
  8
TAG
 10
2.6000000000000014
 20
0.0
 30
0.0
 70
0
  0
VERTEX
  5
47
  8
TAG
 10
0.0
 20
0.0
 30
0.0
 70
0
  0
VERTEX
  5
48
  8
TAG
 10
0.0
 20
-2.6000000000000014
 30
0.0
 70
0
  0
VERTEX
  5
49
  8
TAG
 10
-2.5999999999999996
 20
-2.6000000000000014
 30
0.0
 70
0
  0
VERTEX
  5
4A
  8
TAG
 10
-2.5999999999999996
 20
2.5999999999999996
 30
0.0
 70
0
  0
VERTEX
  5
4B
  8
TAG
 10
-5.199999999999999
 20
2.5999999999999996
 30
0.0
 70
0
  0
VERTEX
  5
4C
  8
TAG
 10
-5.199999999999999
 20
0.0
 30
0.0
 70
0
  0
VERTEX
  5
4D
  8
TAG
 10
-7.8
 20
0.0
 30
0.0
 70
0
  0
SEQEND
  5
37
  8
TAG
  0
POLYLINE
  5
4E
  8
TAG
 66
1
 10
0.0
 20
0.0
 30
0.0
 70
1
  0
VERTEX
  5
50
  8
TAG
 10
-7.8
 20
-2.6000000000000014
 30
0.0
 70
0
  0
VERTEX
  5
51
  8
TAG
 10
-5.199999999999999
 20
-2.6000000000000014
 30
0.0
 70
0
  0
VERTEX
  5
52
  8
TAG
 10
-5.199999999999999
 20
-7.800000000000001
 30
0.0
 70
0
  0
VERTEX
  5
53
  8
TAG
 10
-7.8
 20
-7.800000000000001
 30
0.0
 70
0
  0
SEQEND
  5
4F
  8
TAG
  0
POLYLINE
  5
54
  8
TAG
 66
1
 10
0.0
 20
0.0
 30
0.0
 70
1
  0
VERTEX
  5
56
  8
TAG
 10
2.6000000000000014
 20
-5.199999999999999
 30
0.0
 70
0
  0
VERTEX
  5
57
  8
TAG
 10
5.199999999999999
 20
-5.199999999999999
 30
0.0
 70
0
  0
VERTEX
  5
58
  8
TAG
 10
5.199999999999999
 20
-7.800000000000001
 30
0.0
 70
0
  0
VERTEX
  5
59
  8
TAG
 10
2.6000000000000014
 20
-7.800000000000001
 30
0.0
 70
0
  0
SEQEND
  5
55
  8
TAG
  0
POLYLINE
  5
5A
  8
TEXT
 66
1
 10
0.0
 20
0.0
 30
0.0
 70
1
  0
VERTEX
  5
5C
  8
TEXT
 10
-17.268665045811474
 20
10.113442185440219
 30
0.0
 70
0
  0
VERTEX
  5
5D
  8
TEXT
 10
-19.21492320786141
 20
11.346525786277565
 30
0.0
 70
0
  0
VERTEX
  5
5E
  8
TEXT
 10
-18.394384690928373
 20
12.641636502836299
 30
0.0
 70
0
  0
VERTEX
  5
5F
  8
TEXT
 10
-18.080893443349858
 20
12.443019010083974
 30
0.0
 70
0
  0
VERTEX
  5
60
  8
TEXT
 10
-18.675918348720362
 20
11.50385148088001
 30
0.0
 70
0
  0
VERTEX
  5
61
  8
TEXT
 10
-18.17563856612632
 20
11.18689106536276
 30
0.0
 70
0
  0
VERTEX
  5
62
  8
TEXT
 10
-17.613716576214536
 20
12.073810053303639
 30
0.0
 70
0
  0
VERTEX
  5
63
  8
TEXT
 10
-17.30022532863602
 20
11.875192560551314
 30
0.0
 70
0
  0
VERTEX
  5
64
  8
TEXT
 10
-17.862147318547805
 20
10.988273572610435
 30
0.0
 70
0
  0
VERTEX
  5
65
  8
TEXT
 10
-17.356642681827452
 20
10.668002865547313
 30
0.0
 70
0
  0
VERTEX
  5
66
  8
TEXT
 10
-16.761617776456948
 20
11.607170394751275
 30
0.0
 70
0
  0
VERTEX
  5
67
  8
TEXT
 10
-16.448126528878433
 20
11.408552901998952
 30
0.0
 70
0
  0
SEQEND
  5
5B
  8
TEXT
  0
POLYLINE
  5
68
  8
TEXT
 66
1
 10
0.0
 20
0.0
 30
0.0
 70
1
  0
VERTEX
  5
6A
  8
TEXT
 10
-16.231422788593697
 20
11.733682414531879
 30
0.0
 70
0
  0
VERTEX
  5
6B
  8
TEXT
 10
-17.52478130828199
 20
13.799439187954022
 30
0.0
 70
0
  0
VERTEX
  5
6C
  8
TEXT
 10
-17.182856134198758
 20
14.222936998966816
 30
0.0
 70
0
  0
VERTEX
  5
6D
  8
TEXT
 10
-14.890920685653747
 20
13.393986332707035
 30
0.0
 70
0
  0
VERTEX
  5
6E
  8
TEXT
 10
-15.178448672951012
 20
13.037863173446278
 30
0.0
 70
0
  0
VERTEX
  5
6F
  8
TEXT
 10
-15.666412786521796
 20
13.221173649978319
 30
0.0
 70
0
  0
VERTEX
  5
70
  8
TEXT
 10
-16.225926707748908
 20
12.528177231957384
 30
0.0
 70
0
  0
VERTEX
  5
71
  8
TEXT
 10
-15.94583755796736
 20
12.087399336230066
 30
0.0
 70
0
  0
SEQEND
  5
69
  8
TEXT
  0
POLYLINE
  5
72
  8
TEXT
 66
1
 10
0.0
 20
0.0
 30
0.0
 70
1
  0
VERTEX
  5
74
  8
TEXT
 10
-16.43890770509146
 20
12.855151297409016
 30
0.0
 70
0
  0
VERTEX
  5
75
  8
TEXT
 10
-16.03092880419669
 20
13.36046118554928
 30
0.0
 70
0
  0
VERTEX
  5
76
  8
TEXT
 10
-16.9904768492919
 20
13.71783183615037
 30
0.0
 70
0
  0
SEQEND
  5
73
  8
TEXT
  0
POLYLINE
  5
77
  8
TEXT
 66
1
 10
0.0
 20
0.0
 30
0.0
 70
1
  0
VERTEX
  5
79
  8
TEXT
 10
-13.909636265452678
 20
14.319246294518415
 30
0.0
 70
0
  0
VERTEX
  5
7A
  8
TEXT
 10
-13.93819609876799
 20
14.292306722803849
 30
0.0
 70
0
  0
VERTEX
  5
7B
  8
TEXT
 10
-13.967327419402332
 20
14.266657471522384
 30
0.0
 70
0
  0
VERTEX
  5
7C
  8
TEXT
 10
-13.997030227355705
 20
14.242298540674026
 30
0.0
 70
0
  0
VERTEX
  5
7D
  8
TEXT
 10
-14.027304522628107
 20
14.21922993025877
 30
0.0
 70
0
  0
VERTEX
  5
7E
  8
TEXT
 10
-14.058150305219542
 20
14.197451640276618
 30
0.0
 70
0
  0
VERTEX
  5
7F
  8
TEXT
 10
-14.089567575130005
 20
14.176963670727568
 30
0.0
 70
0
  0
VERTEX
  5
80
  8
TEXT
 10
-14.121556332359498
 20
14.157766021611623
 30
0.0
 70
0
  0
VERTEX
  5
81
  8
TEXT
 10
-14.154116576908022
 20
14.139858692928781
 30
0.0
 70
0
  0
VERTEX
  5
82
  8
TEXT
 10
-14.187248308775576
 20
14.123241684679044
 30
0.0
 70
0
  0
VERTEX
  5
83
  8
TEXT
 10
-14.22095152796216
 20
14.107914996862409
 30
0.0
 70
0
  0
VERTEX
  5
84
  8
TEXT
 10
-14.255226234467775
 20
14.093878629478878
 30
0.0
 70
0
  0
VERTEX
  5
85
  8
TEXT
 10
-14.289841459877815
 20
14.08117491761191
 30
0.0
 70
0
  0
VERTEX
  5
86
  8
TEXT
 10
-14.324566235777674
 20
14.06984619634497
 30
0.0
 70
0
  0
VERTEX
  5
87
  8
TEXT
 10
-14.359400562167353
 20
14.059892465678054
 30
0.0
 70
0
  0
VERTEX
  5
88
  8
TEXT
 10
-14.394344439046852
 20
14.051313725611163
 30
0.0
 70
0
  0
VERTEX
  5
89
  8
TEXT
 10
-14.42939786641617
 20
14.044109976144298
 30
0.0
 70
0
  0
VERTEX
  5
8A
  8
TEXT
 10
-14.46456084427531
 20
14.038281217277458
 30
0.0
 70
0
  0
VERTEX
  5
8B
  8
TEXT
 10
-14.499833372624268
 20
14.033827449010644
 30
0.0
 70
0
  0
VERTEX
  5
8C
  8
TEXT
 10
-14.535215451463046
 20
14.030748671343854
 30
0.0
 70
0
  0
VERTEX
  5
8D
  8
TEXT
 10
-14.570707080791642
 20
14.02904488427709
 30
0.0
 70
0
  0
VERTEX
  5
8E
  8
TEXT
 10
-14.60630826061006
 20
14.028716087810352
 30
0.0
 70
0
  0
VERTEX
  5
8F
  8
TEXT
 10
-14.642018990918297
 20
14.029762281943638
 30
0.0
 70
0
  0
VERTEX
  5
90
  8
TEXT
 10
-14.681186861668179
 20
14.032492774613921
 30
0.0
 70
0
  0
VERTEX
  5
91
  8
TEXT
 10
-14.720006361700902
 20
14.036870135871514
 30
0.0
 70
0
  0
VERTEX
  5
92
  8
TEXT
 10
-14.758477491016464
 20
14.042894365716412
 30
0.0
 70
0
  0
VERTEX
  5
93
  8
TEXT
 10
-14.796600249614867
 20
14.05056546414862
 30
0.0
 70
0
  0
VERTEX
  5
94
  8
TEXT
 10
-14.83437463749611
 20
14.059883431168137
 30
0.0
 70
0
  0
VERTEX
  5
95
  8
TEXT
 10
-14.871800654660193
 20
14.070848266774961
 30
0.0
 70
0
  0
VERTEX
  5
96
  8
TEXT
 10
-14.908878301107118
 20
14.083459970969095
 30
0.0
 70
0
  0
VERTEX
  5
97
  8
TEXT
 10
-14.945607576836881
 20
14.097718543750535
 30
0.0
 70
0
  0
VERTEX
  5
98
  8
TEXT
 10
-14.981988481849486
 20
14.113623985119284
 30
0.0
 70
0
  0
VERTEX
  5
99
  8
TEXT
 10
-15.018021016144932
 20
14.131176295075342
 30
0.0
 70
0
  0
VERTEX
  5
9A
  8
TEXT
 10
-14.87423054886938
 20
14.485332320845961
 30
0.0
 70
0
  0
VERTEX
  5
9B
  8
TEXT
 10
-14.837820604662449
 20
14.471011040372929
 30
0.0
 70
0
  0
VERTEX
  5
9C
  8
TEXT
 10
-14.801577216399645
 20
14.458571531398167
 30
0.0
 70
0
  0
VERTEX
  5
9D
  8
TEXT
 10
-14.765500384080967
 20
14.448013793921675
 30
0.0
 70
0
  0
VERTEX
  5
9E
  8
TEXT
 10
-14.729590107706418
 20
14.439337827943449
 30
0.0
 70
0
  0
VERTEX
  5
9F
  8
TEXT
 10
-14.693846387275995
 20
14.432543633463492
 30
0.0
 70
0
  0
VERTEX
  5
A0
  8
TEXT
 10
-14.658269222789698
 20
14.427631210481804
 30
0.0
 70
0
  0
VERTEX
  5
A1
  8
TEXT
 10
-14.622858614247528
 20
14.424600558998385
 30
0.0
 70
0
  0
VERTEX
  5
A2
  8
TEXT
 10
-14.587614561649486
 20
14.423451679013235
 30
0.0
 70
0
  0
VERTEX
  5
A3
  8
TEXT
 10
-14.55253706499557
 20
14.424184570526354
 30
0.0
 70
0
  0
VERTEX
  5
A4
  8
TEXT
 10
-14.517626124285782
 20
14.426799233537741
 30
0.0
 70
0
  0
VERTEX
  5
A5
  8
TEXT
 10
-14.482881739520119
 20
14.431295668047396
 30
0.0
 70
0
  0
VERTEX
  5
A6
  8
TEXT
 10
-14.445244159851935
 20
14.438359849303561
 30
0.0
 70
0
  0
VERTEX
  5
A7
  8
TEXT
 10
-14.408585855793298
 20
14.44759028850272
 30
0.0
 70
0
  0
VERTEX
  5
A8
  8
TEXT
 10
-14.372906827344208
 20
14.458986985644872
 30
0.0
 70
0
  0
VERTEX
  5
A9
  8
TEXT
 10
-14.338207074504666
 20
14.472549940730016
 30
0.0
 70
0
  0
VERTEX
  5
AA
  8
TEXT
 10
-14.304486597274671
 20
14.488279153758155
 30
0.0
 70
0
  0
VERTEX
  5
AB
  8
TEXT
 10
-14.271745395654225
 20
14.506174624729287
 30
0.0
 70
0
  0
VERTEX
  5
AC
  8
TEXT
 10
-14.239983469643327
 20
14.52623635364341
 30
0.0
 70
0
  0
VERTEX
  5
AD
  8
TEXT
 10
-14.209200819241977
 20
14.548464340500528
 30
0.0
 70
0
  0
VERTEX
  5
AE
  8
TEXT
 10
-14.179397444450172
 20
14.57285858530064
 30
0.0
 70
0
  0
VERTEX
  5
AF
  8
TEXT
 10
-14.150573345267917
 20
14.599419088043744
 30
0.0
 70
0
  0
VERTEX
  5
B0
  8
TEXT
 10
-14.125284018415572
 20
14.625457029544663
 30
0.0
 70
0
  0
VERTEX
  5
B1
  8
TEXT
 10
-14.102543152941317
 20
14.651739044582543
 30
0.0
 70
0
  0
VERTEX
  5
B2
  8
TEXT
 10
-14.082350748845153
 20
14.678265133157383
 30
0.0
 70
0
  0
VERTEX
  5
B3
  8
TEXT
 10
-14.064706806127077
 20
14.705035295269186
 30
0.0
 70
0
  0
VERTEX
  5
B4
  8
TEXT
 10
-14.04961132478709
 20
14.73204953091795
 30
0.0
 70
0
  0
VERTEX
  5
B5
  8
TEXT
 10
-14.037064304825195
 20
14.759307840103673
 30
0.0
 70
0
  0
VERTEX
  5
B6
  8
TEXT
 10
-14.025322176107197
 20
14.791934784368628
 30
0.0
 70
0
  0
VERTEX
  5
B7
  8
TEXT
 10
-14.01715048420805
 20
14.824102786873398
 30
0.0
 70
0
  0
VERTEX
  5
B8
  8
TEXT
 10
-14.012549229127753
 20
14.855811847617987
 30
0.0
 70
0
  0
VERTEX
  5
B9
  8
TEXT
 10
-14.011518410866307
 20
14.887061966602392
 30
0.0
 70
0
  0
VERTEX
  5
BA
  8
TEXT
 10
-14.01405802942371
 20
14.917853143826616
 30
0.0
 70
0
  0
VERTEX
  5
BB
  8
TEXT
 10
-14.020304410707052
 20
14.94777153601301
 30
0.0
 70
0
  0
VERTEX
  5
BC
  8
TEXT
 10
-14.03039388062342
 20
14.976403299883929
 30
0.0
 70
0
  0
VERTEX
  5
BD
  8
TEXT
 10
-14.044326439172817
 20
15.003748435439375
 30
0.0
 70
0
  0
VERTEX
  5
BE
  8
TEXT
 10
-14.06210208635524
 20
15.029806942679349
 30
0.0
 70
0
  0
VERTEX
  5
BF
  8
TEXT
 10
-14.083720822170692
 20
15.054578821603847
 30
0.0
 70
0
  0
VERTEX
  5
C0
  8
TEXT
 10
-14.113145076593675
 20
15.081284089918599
 30
0.0
 70
0
  0
VERTEX
  5
C1
  8
TEXT
 10
-14.143970917705722
 20
15.102517342312773
 30
0.0
 70
0
  0
VERTEX
  5
C2
  8
TEXT
 10
-14.176198345506831
 20
15.11827857878637
 30
0.0
 70
0
  0
VERTEX
  5
C3
  8
TEXT
 10
-14.209827359997002
 20
15.12856779933939
 30
0.0
 70
0
  0
VERTEX
  5
C4
  8
TEXT
 10
-14.244857961176237
 20
15.133385003971833
 30
0.0
 70
0
  0
VERTEX
  5
C5
  8
TEXT
 10
-14.275316504113041
 20
15.133358430464337
 30
0.0
 70
0
  0
VERTEX
  5
C6
  8
TEXT
 10
-14.307139808717181
 20
15.129810048821591
 30
0.0
 70
0
  0
VERTEX
  5
C7
  8
TEXT
 10
-14.340327874988656
 20
15.122739859043596
 30
0.0
 70
0
  0
VERTEX
  5
C8
  8
TEXT
 10
-14.374880702927465
 20
15.112147861130351
 30
0.0
 70
0
  0
VERTEX
  5
C9
  8
TEXT
 10
-14.41079829253361
 20
15.098034055081856
 30
0.0
 70
0
  0
VERTEX
  5
CA
  8
TEXT
 10
-14.448080643807087
 20
15.080398440898112
 30
0.0
 70
0
  0
VERTEX
  5
CB
  8
TEXT
 10
-14.863974005982989
 20
14.87339421341188
 30
0.0
 70
0
  0
VERTEX
  5
CC
  8
TEXT
 10
-14.902351410294617
 20
14.854900009430844
 30
0.0
 70
0
  0
VERTEX
  5
CD
  8
TEXT
 10
-14.940292979448163
 20
14.838166831512554
 30
0.0
 70
0
  0
VERTEX
  5
CE
  8
TEXT
 10
-14.977798713443626
 20
14.823194679657009
 30
0.0
 70
0
  0
VERTEX
  5
CF
  8
TEXT
 10
-15.014868612281004
 20
14.809983553864207
 30
0.0
 70
0
  0
VERTEX
  5
D0
  8
TEXT
 10
-15.051502675960302
 20
14.79853345413415
 30
0.0
 70
0
  0
VERTEX
  5
D1
  8
TEXT
 10
-15.087700904481515
 20
14.788844380466838
 30
0.0
 70
0
  0
VERTEX
  5
D2
  8
TEXT
 10
-15.123463297844646
 20
14.780916332862269
 30
0.0
 70
0
  0
VERTEX
  5
D3
  8
TEXT
 10
-15.158789856049694
 20
14.774749311320445
 30
0.0
 70
0
  0
VERTEX
  5
D4
  8
TEXT
 10
-15.19368057909666
 20
14.770343315841364
 30
0.0
 70
0
  0
VERTEX
  5
D5
  8
TEXT
 10
-15.22813546698554
 20
14.767698346425028
 30
0.0
 70
0
  0
VERTEX
  5
D6
  8
TEXT
 10
-15.26215451971634
 20
14.766814403071438
 30
0.0
 70
0
  0
VERTEX
  5
D7
  8
TEXT
 10
-15.295737737289056
 20
14.767691485780592
 30
0.0
 70
0
  0
VERTEX
  5
D8
  8
TEXT
 10
-15.328885119703688
 20
14.77032959455249
 30
0.0
 70
0
  0
VERTEX
  5
D9
  8
TEXT
 10
-15.364174632963461
 20
14.775112481702001
 30
0.0
 70
0
  0
VERTEX
  5
DA
  8
TEXT
 10
-15.398695998932329
 20
14.781837462576789
 30
0.0
 70
0
  0
VERTEX
  5
DB
  8
TEXT
 10
-15.432449217610289
 20
14.79050453717685
 30
0.0
 70
0
  0
VERTEX
  5
DC
  8
TEXT
 10
-15.465434288997347
 20
14.801113705502186
 30
0.0
 70
0
  0
VERTEX
  5
DD
  8
TEXT
 10
-15.497651213093498
 20
14.813664967552796
 30
0.0
 70
0
  0
VERTEX
  5
DE
  8
TEXT
 10
-15.529099989898745
 20
14.828158323328681
 30
0.0
 70
0
  0
VERTEX
  5
DF
  8
TEXT
 10
-15.559780619413088
 20
14.84459377282984
 30
0.0
 70
0
  0
VERTEX
  5
E0
  8
TEXT
 10
-15.589693101636524
 20
14.862971316056274
 30
0.0
 70
0
  0
VERTEX
  5
E1
  8
TEXT
 10
-15.618837436569056
 20
14.883290953007982
 30
0.0
 70
0
  0
VERTEX
  5
E2
  8
TEXT
 10
-15.647213624210682
 20
14.905552683684963
 30
0.0
 70
0
  0
VERTEX
  5
E3
  8
TEXT
 10
-15.674821664561405
 20
14.92975650808722
 30
0.0
 70
0
  0
VERTEX
  5
E4
  8
TEXT
 10
-15.701661557621222
 20
14.955902426214752
 30
0.0
 70
0
  0
VERTEX
  5
E5
  8
TEXT
 10
-15.728381064320118
 20
14.984690215573627
 30
0.0
 70
0
  0
VERTEX
  5
E6
  8
TEXT
 10
-15.753036355114835
 20
15.014163297915776
 30
0.0
 70
0
  0
VERTEX
  5
E7
  8
TEXT
 10
-15.775627430005372
 20
15.044321673241198
 30
0.0
 70
0
  0
VERTEX
  5
E8
  8
TEXT
 10
-15.79615428899173
 20
15.075165341549896
 30
0.0
 70
0
  0
VERTEX
  5
E9
  8
TEXT
 10
-15.814616932073909
 20
15.106694302841866
 30
0.0
 70
0
  0
VERTEX
  5
EA
  8
TEXT
 10
-15.831015359251907
 20
15.138908557117112
 30
0.0
 70
0
  0
VERTEX
  5
EB
  8
TEXT
 10
-15.845349570525727
 20
15.171808104375632
 30
0.0
 70
0
  0
VERTEX
  5
EC
  8
TEXT
 10
-15.857619565895368
 20
15.205392944617426
 30
0.0
 70
0
  0
VERTEX
  5
ED
  8
TEXT
 10
-15.867825345360828
 20
15.239663077842495
 30
0.0
 70
0
  0
VERTEX
  5
EE
  8
TEXT
 10
-15.87596690892211
 20
15.274618504050837
 30
0.0
 70
0
  0
VERTEX
  5
EF
  8
TEXT
 10
-15.88206409706672
 20
15.309980628490626
 30
0.0
 70
0
  0
VERTEX
  5
F0
  8
TEXT
 10
-15.886136750282168
 20
15.345470856410037
 30
0.0
 70
0
  0
VERTEX
  5
F1
  8
TEXT
 10
-15.88818486856845
 20
15.381089187809067
 30
0.0
 70
0
  0
VERTEX
  5
F2
  8
TEXT
 10
-15.888208451925571
 20
15.416835622687717
 30
0.0
 70
0
  0
VERTEX
  5
F3
  8
TEXT
 10
-15.886207500353528
 20
15.452710161045989
 30
0.0
 70
0
  0
VERTEX
  5
F4
  8
TEXT
 10
-15.882182013852322
 20
15.48871280288388
 30
0.0
 70
0
  0
VERTEX
  5
F5
  8
TEXT
 10
-15.876131992421952
 20
15.524843548201392
 30
0.0
 70
0
  0
VERTEX
  5
F6
  8
TEXT
 10
-15.86805743606242
 20
15.561102396998525
 30
0.0
 70
0
  0
VERTEX
  5
F7
  8
TEXT
 10
-15.857958344773724
 20
15.597489349275277
 30
0.0
 70
0
  0
VERTEX
  5
F8
  8
TEXT
 10
-15.845834718555865
 20
15.634004405031648
 30
0.0
 70
0
  0
VERTEX
  5
F9
  8
TEXT
 10
-15.833100306888925
 20
15.667049540355794
 30
0.0
 70
0
  0
VERTEX
  5
FA
  8
TEXT
 10
-15.818780514947088
 20
15.699677478153351
 30
0.0
 70
0
  0
VERTEX
  5
FB
  8
TEXT
 10
-15.802875342730356
 20
15.73188821842432
 30
0.0
 70
0
  0
VERTEX
  5
FC
  8
TEXT
 10
-15.785384790238727
 20
15.7636817611687
 30
0.0
 70
0
  0
VERTEX
  5
FD
  8
TEXT
 10
-15.7663088574722
 20
15.795058106386492
 30
0.0
 70
0
  0
VERTEX
  5
FE
  8
TEXT
 10
-15.745647544430776
 20
15.826017254077698
 30
0.0
 70
0
  0
VERTEX
  5
FF
  8
TEXT
 10
-15.723400851114457
 20
15.856559204242314
 30
0.0
 70
0
  0
VERTEX
  5
100
  8
TEXT
 10
-15.69956877752324
 20
15.886683956880342
 30
0.0
 70
0
  0
VERTEX
  5
101
  8
TEXT
 10
-15.674151323657128
 20
15.916391511991781
 30
0.0
 70
0
  0
VERTEX
  5
102
  8
TEXT
 10
-15.647148489516118
 20
15.945681869576633
 30
0.0
 70
0
  0
VERTEX
  5
103
  8
TEXT
 10
-15.618560275100211
 20
15.974555029634898
 30
0.0
 70
0
  0
VERTEX
  5
104
  8
TEXT
 10
-15.588633547858278
 20
16.002742157734875
 30
0.0
 70
0
  0
VERTEX
  5
105
  8
TEXT
 10
-15.55817864464158
 20
16.02942468813236
 30
0.0
 70
0
  0
VERTEX
  5
106
  8
TEXT
 10
-15.527195565450121
 20
16.054602620827353
 30
0.0
 70
0
  0
VERTEX
  5
107
  8
TEXT
 10
-15.495684310283897
 20
16.078275955819855
 30
0.0
 70
0
  0
VERTEX
  5
108
  8
TEXT
 10
-15.46364487914291
 20
16.10044469310986
 30
0.0
 70
0
  0
VERTEX
  5
109
  8
TEXT
 10
-15.431077272027158
 20
16.121108832697377
 30
0.0
 70
0
  0
VERTEX
  5
10A
  8
TEXT
 10
-15.397981488936644
 20
16.1402683745824
 30
0.0
 70
0
  0
VERTEX
  5
10B
  8
TEXT
 10
-15.364357529871366
 20
16.157923318764936
 30
0.0
 70
0
  0
VERTEX
  5
10C
  8
TEXT
 10
-15.330205394831324
 20
16.174073665244975
 30
0.0
 70
0
  0
VERTEX
  5
10D
  8
TEXT
 10
-15.29552508381652
 20
16.188719414022525
 30
0.0
 70
0
  0
VERTEX
  5
10E
  8
TEXT
 10
-15.260537893362667
 20
16.20187149729885
 30
0.0
 70
0
  0
VERTEX
  5
10F
  8
TEXT
 10
-15.225465120005483
 20
16.213540847275215
 30
0.0
 70
0
  0
VERTEX
  5
110
  8
TEXT
 10
-15.19030676374497
 20
16.22372746395163
 30
0.0
 70
0
  0
VERTEX
  5
111
  8
TEXT
 10
-15.155062824581123
 20
16.232431347328085
 30
0.0
 70
0
  0
VERTEX
  5
112
  8
TEXT
 10
-15.119733302513946
 20
16.239652497404585
 30
0.0
 70
0
  0
VERTEX
  5
113
  8
TEXT
 10
-15.084318197543439
 20
16.24539091418113
 30
0.0
 70
0
  0
VERTEX
  5
114
  8
TEXT
 10
-15.048817509669602
 20
16.24964659765772
 30
0.0
 70
0
  0
VERTEX
  5
115
  8
TEXT
 10
-15.013231238892432
 20
16.25241954783435
 30
0.0
 70
0
  0
VERTEX
  5
116
  8
TEXT
 10
-14.977559385211933
 20
16.253709764711026
 30
0.0
 70
0
  0
VERTEX
  5
117
  8
TEXT
 10
-14.941801948628102
 20
16.253517248287746
 30
0.0
 70
0
  0
VERTEX
  5
118
  8
TEXT
 10
-14.906134332928692
 20
16.251805891132634
 30
0.0
 70
0
  0
VERTEX
  5
119
  8
TEXT
 10
-14.870731941901457
 20
16.24853958581381
 30
0.0
 70
0
  0
VERTEX
  5
11A
  8
TEXT
 10
-14.835594775546397
 20
16.24371833233127
 30
0.0
 70
0
  0
VERTEX
  5
11B
  8
TEXT
 10
-14.80072283386351
 20
16.23734213068502
 30
0.0
 70
0
  0
VERTEX
  5
11C
  8
TEXT
 10
-14.766116116852798
 20
16.229410980875056
 30
0.0
 70
0
  0
VERTEX
  5
11D
  8
TEXT
 10
-14.73177462451426
 20
16.21992488290138
 30
0.0
 70
0
  0
VERTEX
  5
11E
  8
TEXT
 10
-14.697698356847896
 20
16.208883836763995
 30
0.0
 70
0
  0
VERTEX
  5
11F
  8
TEXT
 10
-14.663887313853706
 20
16.196287842462894
 30
0.0
 70
0
  0
VERTEX
  5
120
  8
TEXT
 10
-14.630341495531692
 20
16.18213689999808
 30
0.0
 70
0
  0
VERTEX
  5
121
  8
TEXT
 10
-14.597060901881852
 20
16.166431009369557
 30
0.0
 70
0
  0
VERTEX
  5
122
  8
TEXT
 10
-14.737544417231584
 20
15.814421149559788
 30
0.0
 70
0
  0
VERTEX
  5
123
  8
TEXT
 10
-14.774827671423898
 20
15.830007857809653
 30
0.0
 70
0
  0
VERTEX
  5
124
  8
TEXT
 10
-14.812007430698042
 20
15.843041815314187
 30
0.0
 70
0
  0
VERTEX
  5
125
  8
TEXT
 10
-14.849083695054015
 20
15.853523022073391
 30
0.0
 70
0
  0
VERTEX
  5
126
  8
TEXT
 10
-14.886056464491817
 20
15.861451478087265
 30
0.0
 70
0
  0
VERTEX
  5
127
  8
TEXT
 10
-14.922925739011449
 20
15.86682718335581
 30
0.0
 70
0
  0
VERTEX
  5
128
  8
TEXT
 10
-14.95969151861291
 20
15.869650137879024
 30
0.0
 70
0
  0
VERTEX
  5
129
  8
TEXT
 10
-14.996353803296202
 20
15.869920341656908
 30
0.0
 70
0
  0
VERTEX
  5
12A
  8
TEXT
 10
-15.032912593061322
 20
15.867637794689461
 30
0.0
 70
0
  0
VERTEX
  5
12B
  8
TEXT
 10
-15.069367887908275
 20
15.862802496976686
 30
0.0
 70
0
  0
VERTEX
  5
12C
  8
TEXT
 10
-15.105320419863716
 20
15.855497270212744
 30
0.0
 70
0
  0
VERTEX
  5
12D
  8
TEXT
 10
-15.140370920954314
 20
15.845804936091806
 30
0.0
 70
0
  0
VERTEX
  5
12E
  8
TEXT
 10
-15.174519391180066
 20
15.83372549461387
 30
0.0
 70
0
  0
VERTEX
  5
12F
  8
TEXT
 10
-15.207765830540971
 20
15.819258945778932
 30
0.0
 70
0
  0
VERTEX
  5
130
  8
TEXT
 10
-15.240110239037033
 20
15.802405289586996
 30
0.0
 70
0
  0
VERTEX
  5
131
  8
TEXT
 10
-15.271552616668249
 20
15.783164526038062
 30
0.0
 70
0
  0
VERTEX
  5
132
  8
TEXT
 10
-15.30209296343462
 20
15.76153665513213
 30
0.0
 70
0
  0
VERTEX
  5
133
  8
TEXT
 10
-15.331731279336145
 20
15.737521676869198
 30
0.0
 70
0
  0
VERTEX
  5
134
  8
TEXT
 10
-15.360467564372824
 20
15.711119591249268
 30
0.0
 70
0
  0
VERTEX
  5
135
  8
TEXT
 10
-15.388903789773472
 20
15.681432391643929
 30
0.0
 70
0
  0
VERTEX
  5
136
  8
TEXT
 10
-15.414001735548261
 20
15.651113510221439
 30
0.0
 70
0
  0
VERTEX
  5
137
  8
TEXT
 10
-15.435761401697198
 20
15.620162946981797
 30
0.0
 70
0
  0
VERTEX
  5
138
  8
TEXT
 10
-15.454182788220276
 20
15.588580701925004
 30
0.0
 70
0
  0
VERTEX
  5
139
  8
TEXT
 10
-15.469265895117498
 20
15.55636677505106
 30
0.0
 70
0
  0
VERTEX
  5
13A
  8
TEXT
 10
-15.48079691943895
 20
15.524010597693081
 30
0.0
 70
0
  0
VERTEX
  5
13B
  8
TEXT
 10
-15.488562058234708
 20
15.49200160118418
 30
0.0
 70
0
  0
VERTEX
  5
13C
  8
TEXT
 10
-15.492561311504774
 20
15.460339785524356
 30
0.0
 70
0
  0
VERTEX
  5
13D
  8
TEXT
 10
-15.49279467924915
 20
15.429025150713613
 30
0.0
 70
0
  0
VERTEX
  5
13E
  8
TEXT
 10
-15.489262161467833
 20
15.398057696751948
 30
0.0
 70
0
  0
VERTEX
  5
13F
  8
TEXT
 10
-15.482012622377614
 20
15.36790822679391
 30
0.0
 70
0
  0
VERTEX
  5
140
  8
TEXT
 10
-15.47109492619528
 20
15.33904754399404
 30
0.0
 70
0
  0
VERTEX
  5
141
  8
TEXT
 10
-15.45650907292083
 20
15.31147564835234
 30
0.0
 70
0
  0
VERTEX
  5
142
  8
TEXT
 10
-15.43825506255427
 20
15.285192539868811
 30
0.0
 70
0
  0
VERTEX
  5
143
  8
TEXT
 10
-15.41633289509559
 20
15.260198218543453
 30
0.0
 70
0
  0
VERTEX
  5
144
  8
TEXT
 10
-15.388408524067012
 20
15.235118888706763
 30
0.0
 70
0
  0
VERTEX
  5
145
  8
TEXT
 10
-15.358194947428316
 20
15.214778918115567
 30
0.0
 70
0
  0
VERTEX
  5
146
  8
TEXT
 10
-15.325692165179504
 20
15.199178306769861
 30
0.0
 70
0
  0
VERTEX
  5
147
  8
TEXT
 10
-15.290900177320573
 20
15.18831705466965
 30
0.0
 70
0
  0
VERTEX
  5
148
  8
TEXT
 10
-15.253818983851524
 20
15.18219516181493
 30
0.0
 70
0
  0
VERTEX
  5
149
  8
TEXT
 10
-15.221363510156571
 20
15.180974510001178
 30
0.0
 70
0
  0
VERTEX
  5
14A
  8
TEXT
 10
-15.187706749528553
 20
15.183566243279882
 30
0.0
 70
0
  0
VERTEX
  5
14B
  8
TEXT
 10
-15.152848701967473
 20
15.18997036165104
 30
0.0
 70
0
  0
VERTEX
  5
14C
  8
TEXT
 10
-15.11678936747333
 20
15.200186865114654
 30
0.0
 70
0
  0
VERTEX
  5
14D
  8
TEXT
 10
-15.079528746046122
 20
15.214215753670723
 30
0.0
 70
0
  0
VERTEX
  5
14E
  8
TEXT
 10
-15.041066837685854
 20
15.232057027319247
 30
0.0
 70
0
  0
VERTEX
  5
14F
  8
TEXT
 10
-14.644947723230608
 20
15.431650869693904
 30
0.0
 70
0
  0
VERTEX
  5
150
  8
TEXT
 10
-14.605375407358338
 20
15.450892210546918
 30
0.0
 70
0
  0
VERTEX
  5
151
  8
TEXT
 10
-14.566390836886287
 20
15.46838410559291
 30
0.0
 70
0
  0
VERTEX
  5
152
  8
TEXT
 10
-14.527994011814458
 20
15.484126554831882
 30
0.0
 70
0
  0
VERTEX
  5
153
  8
TEXT
 10
-14.49018493214285
 20
15.49811955826383
 30
0.0
 70
0
  0
VERTEX
  5
154
  8
TEXT
 10
-14.452963597871461
 20
15.510363115888758
 30
0.0
 70
0
  0
VERTEX
  5
155
  8
TEXT
 10
-14.416330009000294
 20
15.520857227706664
 30
0.0
 70
0
  0
VERTEX
  5
156
  8
TEXT
 10
-14.380284165529346
 20
15.529601893717548
 30
0.0
 70
0
  0
VERTEX
  5
157
  8
TEXT
 10
-14.344826067458621
 20
15.53659711392141
 30
0.0
 70
0
  0
VERTEX
  5
158
  8
TEXT
 10
-14.309955714788115
 20
15.54184288831825
 30
0.0
 70
0
  0
VERTEX
  5
159
  8
TEXT
 10
-14.27567310751783
 20
15.545339216908069
 30
0.0
 70
0
  0
VERTEX
  5
15A
  8
TEXT
 10
-14.241978245647767
 20
15.547086099690864
 30
0.0
 70
0
  0
VERTEX
  5
15B
  8
TEXT
 10
-14.208871129177924
 20
15.547083536666639
 30
0.0
 70
0
  0
VERTEX
  5
15C
  8
TEXT
 10
-14.1763517581083
 20
15.545331527835392
 30
0.0
 70
0
  0
VERTEX
  5
15D
  8
TEXT
 10
-14.14177435188512
 20
15.541455380463647
 30
0.0
 70
0
  0
VERTEX
  5
15E
  8
TEXT
 10
-14.107864046349524
 20
15.535518190440389
 30
0.0
 70
0
  0
VERTEX
  5
15F
  8
TEXT
 10
-14.074620841501511
 20
15.527519957765616
 30
0.0
 70
0
  0
VERTEX
  5
160
  8
TEXT
 10
-14.042044737341081
 20
15.517460682439332
 30
0.0
 70
0
  0
VERTEX
  5
161
  8
TEXT
 10
-14.010135733868236
 20
15.505340364461532
 30
0.0
 70
0
  0
VERTEX
  5
162
  8
TEXT
 10
-13.978893831082974
 20
15.49115900383222
 30
0.0
 70
0
  0
VERTEX
  5
163
  8
TEXT
 10
-13.948319028985296
 20
15.474916600551394
 30
0.0
 70
0
  0
VERTEX
  5
164
  8
TEXT
 10
-13.9184113275752
 20
15.456613154619054
 30
0.0
 70
0
  0
VERTEX
  5
165
  8
TEXT
 10
-13.889170726852688
 20
15.436248666035201
 30
0.0
 70
0
  0
VERTEX
  5
166
  8
TEXT
 10
-13.86059722681776
 20
15.413823134799834
 30
0.0
 70
0
  0
VERTEX
  5
167
  8
TEXT
 10
-13.832690827470417
 20
15.389336560912954
 30
0.0
 70
0
  0
VERTEX
  5
168
  8
TEXT
 10
-13.805451528810655
 20
15.36278894437456
 30
0.0
 70
0
  0
VERTEX
  5
169
  8
TEXT
 10
-13.778962295417589
 20
15.334170753853574
 30
0.0
 70
0
  0
VERTEX
  5
16A
  8
TEXT
 10
-13.754565892794819
 20
15.304763742066068
 30
0.0
 70
0
  0
VERTEX
  5
16B
  8
TEXT
 10
-13.732262320942349
 20
15.274567909012042
 30
0.0
 70
0
  0
VERTEX
  5
16C
  8
TEXT
 10
-13.712051579860177
 20
15.243583254691497
 30
0.0
 70
0
  0
VERTEX
  5
16D
  8
TEXT
 10
-13.693933669548302
 20
15.211809779104431
 30
0.0
 70
0
  0
VERTEX
  5
16E
  8
TEXT
 10
-13.677908590006727
 20
15.179247482250847
 30
0.0
 70
0
  0
VERTEX
  5
16F
  8
TEXT
 10
-13.663976341235449
 20
15.145896364130742
 30
0.0
 70
0
  0
VERTEX
  5
170
  8
TEXT
 10
-13.652136923234469
 20
15.111756424744119
 30
0.0
 70
0
  0
VERTEX
  5
171
  8
TEXT
 10
-13.642390336003787
 20
15.076827664090974
 30
0.0
 70
0
  0
VERTEX
  5
172
  8
TEXT
 10
-13.634736579543404
 20
15.04111008217131
 30
0.0
 70
0
  0
VERTEX
  5
173
  8
TEXT
 10
-13.629147040007238
 20
15.004928638731755
 30
0.0
 70
0
  0
VERTEX
  5
174
  8
TEXT
 10
-13.62559310354921
 20
14.968608293518944
 30
0.0
 70
0
  0
VERTEX
  5
175
  8
TEXT
 10
-13.624074770169324
 20
14.932149046532873
 30
0.0
 70
0
  0
VERTEX
  5
176
  8
TEXT
 10
-13.624592039867576
 20
14.895550897773543
 30
0.0
 70
0
  0
VERTEX
  5
177
  8
TEXT
 10
-13.627144912643965
 20
14.858813847240953
 30
0.0
 70
0
  0
VERTEX
  5
178
  8
TEXT
 10
-13.631733388498494
 20
14.821937894935106
 30
0.0
 70
0
  0
VERTEX
  5
179
  8
TEXT
 10
-13.638357467431161
 20
14.784923040855999
 30
0.0
 70
0
  0
VERTEX
  5
17A
  8
TEXT
 10
-13.647017149441968
 20
14.747769285003633
 30
0.0
 70
0
  0
VERTEX
  5
17B
  8
TEXT
 10
-13.657712434530913
 20
14.710476627378009
 30
0.0
 70
0
  0
VERTEX
  5
17C
  8
TEXT
 10
-13.670443322697997
 20
14.673045067979125
 30
0.0
 70
0
  0
VERTEX
  5
17D
  8
TEXT
 10
-13.683782677353948
 20
14.63912854068977
 30
0.0
 70
0
  0
VERTEX
  5
17E
  8
TEXT
 10
-13.698803123674248
 20
14.605562613886272
 30
0.0
 70
0
  0
VERTEX
  5
17F
  8
TEXT
 10
-13.715504661658898
 20
14.572347287568634
 30
0.0
 70
0
  0
VERTEX
  5
180
  8
TEXT
 10
-13.733887291307896
 20
14.539482561736852
 30
0.0
 70
0
  0
VERTEX
  5
181
  8
TEXT
 10
-13.753951012621245
 20
14.50696843639093
 30
0.0
 70
0
  0
VERTEX
  5
182
  8
TEXT
 10
-13.775695825598943
 20
14.474804911530866
 30
0.0
 70
0
  0
VERTEX
  5
183
  8
TEXT
 10
-13.79912173024099
 20
14.44299198715666
 30
0.0
 70
0
  0
VERTEX
  5
184
  8
TEXT
 10
-13.824228726547389
 20
14.411529663268311
 30
0.0
 70
0
  0
VERTEX
  5
185
  8
TEXT
 10
-13.851016814518136
 20
14.38041793986582
 30
0.0
 70
0
  0
VERTEX
  5
186
  8
TEXT
 10
-13.879485994153232
 20
14.349656816949189
 30
0.0
 70
0
  0
SEQEND
  5
78
  8
TEXT
  0
POLYLINE
  5
187
  8
TEXT
 66
1
 10
0.0
 20
0.0
 30
0.0
 70
1
  0
VERTEX
  5
189
  8
TEXT
 10
-12.545570581177317
 20
15.577267830142459
 30
0.0
 70
0
  0
VERTEX
  5
18A
  8
TEXT
 10
-13.74236219726894
 20
17.095074719513406
 30
0.0
 70
0
  0
VERTEX
  5
18B
  8
TEXT
 10
-14.211668087462437
 20
16.725026751817875
 30
0.0
 70
0
  0
VERTEX
  5
18C
  8
TEXT
 10
-14.441452077752029
 20
17.016445674577096
 30
0.0
 70
0
  0
VERTEX
  5
18D
  8
TEXT
 10
-13.178636745795401
 20
18.012176299165326
 30
0.0
 70
0
  0
VERTEX
  5
18E
  8
TEXT
 10
-12.94885275550581
 20
17.720757376406105
 30
0.0
 70
0
  0
VERTEX
  5
18F
  8
TEXT
 10
-13.411480295386074
 20
17.355975291821377
 30
0.0
 70
0
  0
VERTEX
  5
190
  8
TEXT
 10
-12.21468867929445
 20
15.838168402450432
 30
0.0
 70
0
  0
SEQEND
  5
188
  8
TEXT
  0
POLYLINE
  5
191
  8
TEXT
 66
1
 10
0.0
 20
0.0
 30
0.0
 70
1
  0
VERTEX
  5
193
  8
TEXT
 10
-11.32078253122569
 20
16.502375228535076
 30
0.0
 70
0
  0
VERTEX
  5
194
  8
TEXT
 10
-12.556990926722264
 20
18.446650106967592
 30
0.0
 70
0
  0
VERTEX
  5
195
  8
TEXT
 10
-11.263199958959955
 20
19.269267975514474
 30
0.0
 70
0
  0
VERTEX
  5
196
  8
TEXT
 10
-11.064079143577956
 20
18.956096183015276
 30
0.0
 70
0
  0
VERTEX
  5
197
  8
TEXT
 10
-12.002289638606802
 20
18.359563406933372
 30
0.0
 70
0
  0
VERTEX
  5
198
  8
TEXT
 10
-11.684526004059697
 20
17.859793421403403
 30
0.0
 70
0
  0
VERTEX
  5
199
  8
TEXT
 10
-10.798510807780715
 20
18.42313939492164
 30
0.0
 70
0
  0
VERTEX
  5
19A
  8
TEXT
 10
-10.599389992398718
 20
18.109967602422444
 30
0.0
 70
0
  0
VERTEX
  5
19B
  8
TEXT
 10
-11.485405188677698
 20
17.546621628904205
 30
0.0
 70
0
  0
VERTEX
  5
19C
  8
TEXT
 10
-11.164322873874225
 20
17.04163211349925
 30
0.0
 70
0
  0
VERTEX
  5
19D
  8
TEXT
 10
-10.226112378845379
 20
17.638164889581155
 30
0.0
 70
0
  0
VERTEX
  5
19E
  8
TEXT
 10
-10.02699156346338
 20
17.324993097081958
 30
0.0
 70
0
  0
SEQEND
  5
192
  8
TEXT
  0
POLYLINE
  5
19F
  8
TEXT
 66
1
 10
0.0
 20
0.0
 30
0.0
 70
1
  0
VERTEX
  5
1A1
  8
TEXT
 10
-9.521332882247782
 20
17.60634337488642
 30
0.0
 70
0
  0
VERTEX
  5
1A2
  8
TEXT
 10
-10.535496630088888
 20
19.67513236667966
 30
0.0
 70
0
  0
VERTEX
  5
1A3
  8
TEXT
 10
-9.766295890858382
 20
20.052210699769574
 30
0.0
 70
0
  0
VERTEX
  5
1A4
  8
TEXT
 10
-9.728016442303414
 20
20.070193308050992
 30
0.0
 70
0
  0
VERTEX
  5
1A5
  8
TEXT
 10
-9.689921458872208
 20
20.08651992736217
 30
0.0
 70
0
  0
VERTEX
  5
1A6
  8
TEXT
 10
-9.652010940564764
 20
20.10119055770309
 30
0.0
 70
0
  0
VERTEX
  5
1A7
  8
TEXT
 10
-9.614284887381082
 20
20.11420519907377
 30
0.0
 70
0
  0
VERTEX
  5
1A8
  8
TEXT
 10
-9.576743299321162
 20
20.125563851474197
 30
0.0
 70
0
  0
VERTEX
  5
1A9
  8
TEXT
 10
-9.539386176385003
 20
20.135266514904373
 30
0.0
 70
0
  0
VERTEX
  5
1AA
  8
TEXT
 10
-9.502213518572606
 20
20.143313189364306
 30
0.0
 70
0
  0
VERTEX
  5
1AB
  8
TEXT
 10
-9.46522532588397
 20
20.149703874853987
 30
0.0
 70
0
  0
VERTEX
  5
1AC
  8
TEXT
 10
-9.428421598319098
 20
20.15443857137342
 30
0.0
 70
0
  0
VERTEX
  5
1AD
  8
TEXT
 10
-9.391802335877985
 20
20.157517278922604
 30
0.0
 70
0
  0
VERTEX
  5
1AE
  8
TEXT
 10
-9.355367538560635
 20
20.158939997501538
 30
0.0
 70
0
  0
VERTEX
  5
1AF
  8
TEXT
 10
-9.315758502908071
 20
20.15855283963742
 30
0.0
 70
0
  0
VERTEX
  5
1B0
  8
TEXT
 10
-9.276885038412413
 20
20.15608297303867
 30
0.0
 70
0
  0
VERTEX
  5
1B1
  8
TEXT
 10
-9.238747145073658
 20
20.1515303977053
 30
0.0
 70
0
  0
VERTEX
  5
1B2
  8
TEXT
 10
-9.201344822891809
 20
20.144895113637308
 30
0.0
 70
0
  0
VERTEX
  5
1B3
  8
TEXT
 10
-9.164678071866865
 20
20.136177120834688
 30
0.0
 70
0
  0
VERTEX
  5
1B4
  8
TEXT
 10
-9.128746891998825
 20
20.125376419297442
 30
0.0
 70
0
  0
VERTEX
  5
1B5
  8
TEXT
 10
-9.093551283287688
 20
20.112493009025574
 30
0.0
 70
0
  0
VERTEX
  5
1B6
  8
TEXT
 10
-9.059091245733457
 20
20.097526890019076
 30
0.0
 70
0
  0
VERTEX
  5
1B7
  8
TEXT
 10
-9.025366779336132
 20
20.080478062277958
 30
0.0
 70
0
  0
VERTEX
  5
1B8
  8
TEXT
 10
-8.99237788409571
 20
20.061346525802215
 30
0.0
 70
0
  0
VERTEX
  5
1B9
  8
TEXT
 10
-8.96322653255768
 20
20.042119906903963
 30
0.0
 70
0
  0
VERTEX
  5
1BA
  8
TEXT
 10
-8.935083586419902
 20
20.02111803356023
 30
0.0
 70
0
  0
VERTEX
  5
1BB
  8
TEXT
 10
-8.907949045682372
 20
19.998340905771013
 30
0.0
 70
0
  0
VERTEX
  5
1BC
  8
TEXT
 10
-8.881822910345091
 20
19.97378852353631
 30
0.0
 70
0
  0
VERTEX
  5
1BD
  8
TEXT
 10
-8.856705180408062
 20
19.94746088685612
 30
0.0
 70
0
  0
VERTEX
  5
1BE
  8
TEXT
 10
-8.832595855871281
 20
19.91935799573045
 30
0.0
 70
0
  0
VERTEX
  5
1BF
  8
TEXT
 10
-8.80949493673475
 20
19.889479850159294
 30
0.0
 70
0
  0
VERTEX
  5
1C0
  8
TEXT
 10
-8.787402422998468
 20
19.857826450142653
 30
0.0
 70
0
  0
VERTEX
  5
1C1
  8
TEXT
 10
-8.766318314662437
 20
19.824397795680525
 30
0.0
 70
0
  0
VERTEX
  5
1C2
  8
TEXT
 10
-8.746242611726654
 20
19.789193886772917
 30
0.0
 70
0
  0
VERTEX
  5
1C3
  8
TEXT
 10
-8.727175314191122
 20
19.752214723419822
 30
0.0
 70
0
  0
VERTEX
  5
1C4
  8
TEXT
 10
-8.70921362109176
 20
19.71345535371454
 30
0.0
 70
0
  0
VERTEX
  5
1C5
  8
TEXT
 10
-8.693444763189042
 20
19.67493038791441
 30
0.0
 70
0
  0
VERTEX
  5
1C6
  8
TEXT
 10
-8.67986874048297
 20
19.636639826019437
 30
0.0
 70
0
  0
VERTEX
  5
1C7
  8
TEXT
 10
-8.668485552973545
 20
19.598583668029615
 30
0.0
 70
0
  0
VERTEX
  5
1C8
  8
TEXT
 10
-8.659295200660763
 20
19.560761913944948
 30
0.0
 70
0
  0
VERTEX
  5
1C9
  8
TEXT
 10
-8.652297683544628
 20
19.523174563765433
 30
0.0
 70
0
  0
VERTEX
  5
1CA
  8
TEXT
 10
-8.647493001625136
 20
19.485821617491073
 30
0.0
 70
0
  0
VERTEX
  5
1CB
  8
TEXT
 10
-8.644881154902292
 20
19.448703075121866
 30
0.0
 70
0
  0
VERTEX
  5
1CC
  8
TEXT
 10
-8.644462143376092
 20
19.411818936657816
 30
0.0
 70
0
  0
VERTEX
  5
1CD
  8
TEXT
 10
-8.646235967046538
 20
19.375169202098917
 30
0.0
 70
0
  0
VERTEX
  5
1CE
  8
TEXT
 10
-8.65020262591363
 20
19.33875387144517
 30
0.0
 70
0
  0
VERTEX
  5
1CF
  8
TEXT
 10
-8.656165926509392
 20
19.30281144651238
 30
0.0
 70
0
  0
VERTEX
  5
1D0
  8
TEXT
 10
-8.663929675365852
 20
19.26758042911634
 30
0.0
 70
0
  0
VERTEX
  5
1D1
  8
TEXT
 10
-8.673493872483009
 20
19.23306081925705
 30
0.0
 70
0
  0
VERTEX
  5
1D2
  8
TEXT
 10
-8.684858517860864
 20
19.19925261693452
 30
0.0
 70
0
  0
VERTEX
  5
1D3
  8
TEXT
 10
-8.698023611499416
 20
19.166155822148735
 30
0.0
 70
0
  0
VERTEX
  5
1D4
  8
TEXT
 10
-8.712989153398665
 20
19.133770434899702
 30
0.0
 70
0
  0
VERTEX
  5
1D5
  8
TEXT
 10
-8.729755143558611
 20
19.102096455187425
 30
0.0
 70
0
  0
VERTEX
  5
1D6
  8
TEXT
 10
-8.748321581979255
 20
19.0711338830119
 30
0.0
 70
0
  0
VERTEX
  5
1D7
  8
TEXT
 10
-8.768688468660596
 20
19.040882718373123
 30
0.0
 70
0
  0
VERTEX
  5
1D8
  8
TEXT
 10
-8.790855803602632
 20
19.0113429612711
 30
0.0
 70
0
  0
VERTEX
  5
1D9
  8
TEXT
 10
-8.814823586805367
 20
18.98251461170583
 30
0.0
 70
0
  0
VERTEX
  5
1DA
  8
TEXT
 10
-7.932947240226665
 20
18.385003326248988
 30
0.0
 70
0
  0
VERTEX
  5
1DB
  8
TEXT
 10
-8.36058952846312
 20
18.17536410857445
 30
0.0
 70
0
  0
VERTEX
  5
1DC
  8
TEXT
 10
-9.162587562546962
 20
18.729371834179297
 30
0.0
 70
0
  0
VERTEX
  5
1DD
  8
TEXT
 10
-9.518030503418819
 20
18.5551262506576
 30
0.0
 70
0
  0
VERTEX
  5
1DE
  8
TEXT
 10
-9.143674757571432
 20
17.79147930737822
 30
0.0
 70
0
  0
SEQEND
  5
1A0
  8
TEXT
  0
POLYLINE
  5
1DF
  8
TEXT
 66
1
 10
0.0
 20
0.0
 30
0.0
 70
1
  0
VERTEX
  5
1E1
  8
TEXT
 10
-9.681385737970407
 20
18.88835400772497
 30
0.0
 70
0
  0
VERTEX
  5
1E2
  8
TEXT
 10
-9.284289327465128
 20
19.083018995565613
 30
0.0
 70
0
  0
VERTEX
  5
1E3
  8
TEXT
 10
-9.251360578468313
 20
19.100548619239888
 30
0.0
 70
0
  0
VERTEX
  5
1E4
  8
TEXT
 10
-9.221071148208384
 20
19.11955891427155
 30
0.0
 70
0
  0
VERTEX
  5
1E5
  8
TEXT
 10
-9.19342103668534
 20
19.1400498806606
 30
0.0
 70
0
  0
VERTEX
  5
1E6
  8
TEXT
 10
-9.16841024389918
 20
19.162021518407045
 30
0.0
 70
0
  0
VERTEX
  5
1E7
  8
TEXT
 10
-9.146038769849905
 20
19.185473827510876
 30
0.0
 70
0
  0
VERTEX
  5
1E8
  8
TEXT
 10
-9.126306614537516
 20
19.2104068079721
 30
0.0
 70
0
  0
VERTEX
  5
1E9
  8
TEXT
 10
-9.10617072549883
 20
19.24183873947055
 30
0.0
 70
0
  0
VERTEX
  5
1EA
  8
TEXT
 10
-9.089953048648246
 20
19.274518575230104
 30
0.0
 70
0
  0
VERTEX
  5
1EB
  8
TEXT
 10
-9.077653583985763
 20
19.308446315250762
 30
0.0
 70
0
  0
VERTEX
  5
1EC
  8
TEXT
 10
-9.06927233151138
 20
19.343621959532523
 30
0.0
 70
0
  0
VERTEX
  5
1ED
  8
TEXT
 10
-9.064809291225098
 20
19.38004550807539
 30
0.0
 70
0
  0
VERTEX
  5
1EE
  8
TEXT
 10
-9.064407109777008
 20
19.41716483992823
 30
0.0
 70
0
  0
VERTEX
  5
1EF
  8
TEXT
 10
-9.068208433817201
 20
19.454427834139914
 30
0.0
 70
0
  0
VERTEX
  5
1F0
  8
TEXT
 10
-9.076213263345675
 20
19.49183449071044
 30
0.0
 70
0
  0
VERTEX
  5
1F1
  8
TEXT
 10
-9.088421598362432
 20
19.529384809639808
 30
0.0
 70
0
  0
VERTEX
  5
1F2
  8
TEXT
 10
-9.104833438867471
 20
19.567078790928022
 30
0.0
 70
0
  0
VERTEX
  5
1F3
  8
TEXT
 10
-9.125040396774413
 20
19.60408336518241
 30
0.0
 70
0
  0
VERTEX
  5
1F4
  8
TEXT
 10
-9.147545049099868
 20
19.637343944629855
 30
0.0
 70
0
  0
VERTEX
  5
1F5
  8
TEXT
 10
-9.172347395843838
 20
19.66686052927036
 30
0.0
 70
0
  0
VERTEX
  5
1F6
  8
TEXT
 10
-9.199447437006322
 20
19.69263311910392
 30
0.0
 70
0
  0
VERTEX
  5
1F7
  8
TEXT
 10
-9.228845172587318
 20
19.71466171413054
 30
0.0
 70
0
  0
VERTEX
  5
1F8
  8
TEXT
 10
-9.260125697212485
 20
19.732943055706233
 30
0.0
 70
0
  0
VERTEX
  5
1F9
  8
TEXT
 10
-9.29287410550748
 20
19.74747388518702
 30
0.0
 70
0
  0
VERTEX
  5
1FA
  8
TEXT
 10
-9.3270903974723
 20
19.7582542025729
 30
0.0
 70
0
  0
VERTEX
  5
1FB
  8
TEXT
 10
-9.362774573106948
 20
19.765284007863873
 30
0.0
 70
0
  0
VERTEX
  5
1FC
  8
TEXT
 10
-9.399926632411425
 20
19.768563301059938
 30
0.0
 70
0
  0
VERTEX
  5
1FD
  8
TEXT
 10
-9.431721361756676
 20
19.768236722104387
 30
0.0
 70
0
  0
VERTEX
  5
1FE
  8
TEXT
 10
-9.463962214560109
 20
19.764916923323376
 30
0.0
 70
0
  0
VERTEX
  5
1FF
  8
TEXT
 10
-9.496649190821724
 20
19.758603904716903
 30
0.0
 70
0
  0
VERTEX
  5
200
  8
TEXT
 10
-9.529782290541524
 20
19.74929766628497
 30
0.0
 70
0
  0
VERTEX
  5
201
  8
TEXT
 10
-9.563361513719506
 20
19.736998208027583
 30
0.0
 70
0
  0
VERTEX
  5
202
  8
TEXT
 10
-9.597386860355671
 20
19.72170552994473
 30
0.0
 70
0
  0
VERTEX
  5
203
  8
TEXT
 10
-9.99448327086095
 20
19.52704054210409
 30
0.0
 70
0
  0
SEQEND
  5
1E0
  8
TEXT
  0
POLYLINE
  5
204
  8
TEXT
 66
1
 10
0.0
 20
0.0
 30
0.0
 70
1
  0
VERTEX
  5
206
  8
TEXT
 10
-7.427835251105054
 20
18.592457142340102
 30
0.0
 70
0
  0
VERTEX
  5
207
  8
TEXT
 10
-8.183050791885156
 20
20.769166927075823
 30
0.0
 70
0
  0
VERTEX
  5
208
  8
TEXT
 10
-7.873344433251617
 20
20.876620413415004
 30
0.0
 70
0
  0
VERTEX
  5
209
  8
TEXT
 10
-6.3515659069777
 20
19.839887849486498
 30
0.0
 70
0
  0
VERTEX
  5
20A
  8
TEXT
 10
-6.836120307639296
 20
21.236488221437735
 30
0.0
 70
0
  0
VERTEX
  5
20B
  8
TEXT
 10
-6.438761205996265
 20
21.374353071835177
 30
0.0
 70
0
  0
VERTEX
  5
20C
  8
TEXT
 10
-5.683545665216163
 20
19.19764328709946
 30
0.0
 70
0
  0
VERTEX
  5
20D
  8
TEXT
 10
-5.996173781950017
 20
19.089176088625003
 30
0.0
 70
0
  0
VERTEX
  5
20E
  8
TEXT
 10
-7.524153959341096
 20
20.15321818759163
 30
0.0
 70
0
  0
VERTEX
  5
20F
  8
TEXT
 10
-7.030476149462023
 20
18.730321992737544
 30
0.0
 70
0
  0
SEQEND
  5
205
  8
TEXT
  0
POLYLINE
  5
210
  8
TEXT
 66
1
 10
0.0
 20
0.0
 30
0.0
 70
1
  0
VERTEX
  5
212
  8
TEXT
 10
-4.194990432974059
 20
19.567097395772883
 30
0.0
 70
0
  0
VERTEX
  5
213
  8
TEXT
 10
-4.6005719342848215
 20
21.8351184816084
 30
0.0
 70
0
  0
VERTEX
  5
214
  8
TEXT
 10
-3.0860209407235217
 20
22.10595981973203
 30
0.0
 70
0
  0
VERTEX
  5
215
  8
TEXT
 10
-3.020692376754003
 20
21.74064098711423
 30
0.0
 70
0
  0
VERTEX
  5
216
  8
TEXT
 10
-4.120454279113841
 20
21.54397478933099
 30
0.0
 70
0
  0
VERTEX
  5
217
  8
TEXT
 10
-4.008034708616295
 20
20.915321964867857
 30
0.0
 70
0
  0
VERTEX
  5
218
  8
TEXT
 10
-3.0452673684881315
 20
21.087489951162524
 30
0.0
 70
0
  0
VERTEX
  5
219
  8
TEXT
 10
-2.9799388045186124
 20
20.722171118544725
 30
0.0
 70
0
  0
VERTEX
  5
21A
  8
TEXT
 10
-3.9427061446467757
 20
20.550003132250055
 30
0.0
 70
0
  0
VERTEX
  5
21B
  8
TEXT
 10
-3.7802013417725977
 20
19.641272536113277
 30
0.0
 70
0
  0
SEQEND
  5
211
  8
TEXT
  0
POLYLINE
  5
21C
  8
TEXT
 66
1
 10
0.0
 20
0.0
 30
0.0
 70
1
  0
VERTEX
  5
21E
  8
TEXT
 10
-1.0042264300342694
 20
19.937613953482224
 30
0.0
 70
0
  0
VERTEX
  5
21F
  8
TEXT
 10
-1.0432433039083855
 20
19.936177802811166
 30
0.0
 70
0
  0
VERTEX
  5
220
  8
TEXT
 10
-1.0818884146197103
 20
19.935818513747027
 30
0.0
 70
0
  0
VERTEX
  5
221
  8
TEXT
 10
-1.1201617621682438
 20
19.936536086289806
 30
0.0
 70
0
  0
VERTEX
  5
222
  8
TEXT
 10
-1.1580633465539862
 20
19.9383305204395
 30
0.0
 70
0
  0
VERTEX
  5
223
  8
TEXT
 10
-1.195593167776937
 20
19.941201816196116
 30
0.0
 70
0
  0
VERTEX
  5
224
  8
TEXT
 10
-1.2327512258370967
 20
19.945149973559644
 30
0.0
 70
0
  0
VERTEX
  5
225
  8
TEXT
 10
-1.269537520734465
 20
19.950174992530094
 30
0.0
 70
0
  0
VERTEX
  5
226
  8
TEXT
 10
-1.305952052469042
 20
19.956276873107463
 30
0.0
 70
0
  0
VERTEX
  5
227
  8
TEXT
 10
-1.3419948210408277
 20
19.963455615291746
 30
0.0
 70
0
  0
VERTEX
  5
228
  8
TEXT
 10
-1.3776658264498223
 20
19.971711219082948
 30
0.0
 70
0
  0
VERTEX
  5
229
  8
TEXT
 10
-1.4129650686960253
 20
19.981043684481065
 30
0.0
 70
0
  0
VERTEX
  5
22A
  8
TEXT
 10
-1.447892547779437
 20
19.9914530114861
 30
0.0
 70
0
  0
VERTEX
  5
22B
  8
TEXT
 10
-1.4824482637000576
 20
20.00293920009806
 30
0.0
 70
0
  0
VERTEX
  5
22C
  8
TEXT
 10
-1.5193214167749995
 20
20.01648669560024
 30
0.0
 70
0
  0
VERTEX
  5
22D
  8
TEXT
 10
-1.5554729015981723
 20
20.031075840040053
 30
0.0
 70
0
  0
VERTEX
  5
22E
  8
TEXT
 10
-1.5909027181695756
 20
20.0467066334175
 30
0.0
 70
0
  0
VERTEX
  5
22F
  8
TEXT
 10
-1.6256108664892093
 20
20.063379075732577
 30
0.0
 70
0
  0
VERTEX
  5
230
  8
TEXT
 10
-1.6595973465570737
 20
20.08109316698529
 30
0.0
 70
0
  0
VERTEX
  5
231
  8
TEXT
 10
-1.6928621583731684
 20
20.099848907175637
 30
0.0
 70
0
  0
VERTEX
  5
232
  8
TEXT
 10
-1.7254053019374938
 20
20.119646296303618
 30
0.0
 70
0
  0
VERTEX
  5
233
  8
TEXT
 10
-1.7572267772500496
 20
20.140485334369227
 30
0.0
 70
0
  0
VERTEX
  5
234
  8
TEXT
 10
-1.788326584310836
 20
20.162366021372474
 30
0.0
 70
0
  0
VERTEX
  5
235
  8
TEXT
 10
-1.818704723119853
 20
20.18528835731335
 30
0.0
 70
0
  0
VERTEX
  5
236
  8
TEXT
 10
-1.8483611936771005
 20
20.209252342191864
 30
0.0
 70
0
  0
VERTEX
  5
237
  8
TEXT
 10
-1.8772959959825783
 20
20.234257976008006
 30
0.0
 70
0
  0
VERTEX
  5
238
  8
TEXT
 10
-1.9053932602485073
 20
20.26019282439628
 30
0.0
 70
0
  0
VERTEX
  5
239
  8
TEXT
 10
-1.9325371166871064
 20
20.286944452991186
 30
0.0
 70
0
  0
VERTEX
  5
23A
  8
TEXT
 10
-1.9587275652983762
 20
20.314512861792718
 30
0.0
 70
0
  0
VERTEX
  5
23B
  8
TEXT
 10
-1.9839646060823168
 20
20.34289805080088
 30
0.0
 70
0
  0
VERTEX
  5
23C
  8
TEXT
 10
-2.0082482390389282
 20
20.372100020015672
 30
0.0
 70
0
  0
VERTEX
  5
23D
  8
TEXT
 10
-2.03157846416821
 20
20.40211876943709
 30
0.0
 70
0
  0
VERTEX
  5
23E
  8
TEXT
 10
-2.053955281470163
 20
20.432954299065138
 30
0.0
 70
0
  0
VERTEX
  5
23F
  8
TEXT
 10
-2.0753786909447856
 20
20.464606608899818
 30
0.0
 70
0
  0
VERTEX
  5
240
  8
TEXT
 10
-2.09584869259208
 20
20.49707569894112
 30
0.0
 70
0
  0
VERTEX
  5
241
  8
TEXT
 10
-2.115365286412044
 20
20.530361569189058
 30
0.0
 70
0
  0
VERTEX
  5
242
  8
TEXT
 10
-2.1339284724046794
 20
20.56446421964362
 30
0.0
 70
0
  0
VERTEX
  5
243
  8
TEXT
 10
-2.151538250569985
 20
20.599383650304812
 30
0.0
 70
0
  0
VERTEX
  5
244
  8
TEXT
 10
-2.166821066648864
 20
20.632247502524557
 30
0.0
 70
0
  0
VERTEX
  5
245
  8
TEXT
 10
-2.1810392239593934
 20
20.665618467003164
 30
0.0
 70
0
  0
VERTEX
  5
246
  8
TEXT
 10
-2.1941927225015743
 20
20.699496543740633
 30
0.0
 70
0
  0
VERTEX
  5
247
  8
TEXT
 10
-2.2062815622754064
 20
20.73388173273696
 30
0.0
 70
0
  0
VERTEX
  5
248
  8
TEXT
 10
-2.217305743280889
 20
20.768774033992152
 30
0.0
 70
0
  0
VERTEX
  5
249
  8
TEXT
 10
-2.2272652655180227
 20
20.8041734475062
 30
0.0
 70
0
  0
VERTEX
  5
24A
  8
TEXT
 10
-2.236160128986807
 20
20.840079973279117
 30
0.0
 70
0
  0
VERTEX
  5
24B
  8
TEXT
 10
-2.2439903336872433
 20
20.87649361131089
 30
0.0
 70
0
  0
VERTEX
  5
24C
  8
TEXT
 10
-2.250755879619329
 20
20.913414361601525
 30
0.0
 70
0
  0
VERTEX
  5
24D
  8
TEXT
 10
-2.2564567667830673
 20
20.950842224151025
 30
0.0
 70
0
  0
VERTEX
  5
24E
  8
TEXT
 10
-2.2610929951784557
 20
20.988777198959383
 30
0.0
 70
0
  0
VERTEX
  5
24F
  8
TEXT
 10
-2.2646645648054946
 20
21.0272192860266
 30
0.0
 70
0
  0
VERTEX
  5
250
  8
TEXT
 10
-2.267171475664185
 20
21.066168485352684
 30
0.0
 70
0
  0
VERTEX
  5
251
  8
TEXT
 10
-2.2685977977507044
 20
21.10517211224505
 30
0.0
 70
0
  0
VERTEX
  5
252
  8
TEXT
 10
-2.2689276010612303
 20
21.14377748201112
 30
0.0
 70
0
  0
VERTEX
  5
253
  8
TEXT
 10
-2.268160885595763
 20
21.181984594650903
 30
0.0
 70
0
  0
VERTEX
  5
254
  8
TEXT
 10
-2.2662976513543023
 20
21.219793450164396
 30
0.0
 70
0
  0
VERTEX
  5
255
  8
TEXT
 10
-2.2633378983368484
 20
21.257204048551593
 30
0.0
 70
0
  0
VERTEX
  5
256
  8
TEXT
 10
-2.2592816265434017
 20
21.294216389812497
 30
0.0
 70
0
  0
VERTEX
  5
257
  8
TEXT
 10
-2.254128835973961
 20
21.330830473947113
 30
0.0
 70
0
  0
VERTEX
  5
258
  8
TEXT
 10
-2.2478795266285267
 20
21.367046300955437
 30
0.0
 70
0
  0
VERTEX
  5
259
  8
TEXT
 10
-2.2405336985071003
 20
21.402863870837468
 30
0.0
 70
0
  0
VERTEX
  5
25A
  8
TEXT
 10
-2.2320913516096796
 20
21.438283183593207
 30
0.0
 70
0
  0
VERTEX
  5
25B
  8
TEXT
 10
-2.222552485936266
 20
21.473304239222653
 30
0.0
 70
0
  0
VERTEX
  5
25C
  8
TEXT
 10
-2.2119171014868595
 20
21.507927037725807
 30
0.0
 70
0
  0
VERTEX
  5
25D
  8
TEXT
 10
-2.200185198261459
 20
21.542151579102672
 30
0.0
 70
0
  0
VERTEX
  5
25E
  8
TEXT
 10
-2.1863579130377504
 20
21.57864638157463
 30
0.0
 70
0
  0
VERTEX
  5
25F
  8
TEXT
 10
-2.171483076362317
 20
21.61440906122745
 30
0.0
 70
0
  0
VERTEX
  5
260
  8
TEXT
 10
-2.1555606882351594
 20
21.649439618061134
 30
0.0
 70
0
  0
VERTEX
  5
261
  8
TEXT
 10
-2.1385907486562767
 20
21.68373805207568
 30
0.0
 70
0
  0
VERTEX
  5
262
  8
TEXT
 10
-2.1205732576256695
 20
21.717304363271086
 30
0.0
 70
0
  0
VERTEX
  5
263
  8
TEXT
 10
-2.101508215143338
 20
21.750138551647353
 30
0.0
 70
0
  0
VERTEX
  5
264
  8
TEXT
 10
-2.081395621209282
 20
21.782240617204486
 30
0.0
 70
0
  0
VERTEX
  5
265
  8
TEXT
 10
-2.060235475823501
 20
21.813610559942482
 30
0.0
 70
0
  0
VERTEX
  5
266
  8
TEXT
 10
-2.038027778985996
 20
21.844248379861337
 30
0.0
 70
0
  0
VERTEX
  5
267
  8
TEXT
 10
-2.0147725306967663
 20
21.87415407696106
 30
0.0
 70
0
  0
VERTEX
  5
268
  8
TEXT
 10
-1.9904697309558117
 20
21.90332765124164
 30
0.0
 70
0
  0
VERTEX
  5
269
  8
TEXT
 10
-1.965119379763133
 20
21.931769102703083
 30
0.0
 70
0
  0
VERTEX
  5
26A
  8
TEXT
 10
-1.9388341815763945
 20
21.959367923887374
 30
0.0
 70
0
  0
VERTEX
  5
26B
  8
TEXT
 10
-1.9117268408532613
 20
21.9860136073365
 30
0.0
 70
0
  0
VERTEX
  5
26C
  8
TEXT
 10
-1.8837973575937341
 20
22.011706153050458
 30
0.0
 70
0
  0
VERTEX
  5
26D
  8
TEXT
 10
-1.8550457317978124
 20
22.03644556102925
 30
0.0
 70
0
  0
VERTEX
  5
26E
  8
TEXT
 10
-1.8254719634654961
 20
22.060231831272876
 30
0.0
 70
0
  0
VERTEX
  5
26F
  8
TEXT
 10
-1.7950760525967855
 20
22.083064963781336
 30
0.0
 70
0
  0
VERTEX
  5
270
  8
TEXT
 10
-1.7638579991916803
 20
22.104944958554633
 30
0.0
 70
0
  0
VERTEX
  5
271
  8
TEXT
 10
-1.7318178032501805
 20
22.12587181559276
 30
0.0
 70
0
  0
VERTEX
  5
272
  8
TEXT
 10
-1.6989554647722866
 20
22.14584553489572
 30
0.0
 70
0
  0
VERTEX
  5
273
  8
TEXT
 10
-1.6652709837579982
 20
22.164866116463514
 30
0.0
 70
0
  0
VERTEX
  5
274
  8
TEXT
 10
-1.630764360207315
 20
22.182933560296142
 30
0.0
 70
0
  0
VERTEX
  5
275
  8
TEXT
 10
-1.5954355941202376
 20
22.200047866393604
 30
0.0
 70
0
  0
VERTEX
  5
276
  8
TEXT
 10
-1.5621923394444341
 20
22.21489172464142
 30
0.0
 70
0
  0
VERTEX
  5
277
  8
TEXT
 10
-1.5284438136113776
 20
22.22870747680662
 30
0.0
 70
0
  0
VERTEX
  5
278
  8
TEXT
 10
-1.4941900166210673
 20
22.241495122889216
 30
0.0
 70
0
  0
VERTEX
  5
279
  8
TEXT
 10
-1.459430948473504
 20
22.253254662889198
 30
0.0
 70
0
  0
VERTEX
  5
27A
  8
TEXT
 10
-1.4241666091686869
 20
22.263986096806576
 30
0.0
 70
0
  0
VERTEX
  5
27B
  8
TEXT
 10
-1.3883969987066165
 20
22.27368942464134
 30
0.0
 70
0
  0
VERTEX
  5
27C
  8
TEXT
 10
-1.3521221170872928
 20
22.282364646393496
 30
0.0
 70
0
  0
VERTEX
  5
27D
  8
TEXT
 10
-1.3153419643107154
 20
22.290011762063042
 30
0.0
 70
0
  0
VERTEX
  5
27E
  8
TEXT
 10
-1.2780565403768849
 20
22.29663077164998
 30
0.0
 70
0
  0
VERTEX
  5
27F
  8
TEXT
 10
-1.2402658452858006
 20
22.302221675154307
 30
0.0
 70
0
  0
VERTEX
  5
280
  8
TEXT
 10
-1.2019698790374633
 20
22.306784472576023
 30
0.0
 70
0
  0
VERTEX
  5
281
  8
TEXT
 10
-1.1631686416318723
 20
22.310319163915132
 30
0.0
 70
0
  0
VERTEX
  5
282
  8
TEXT
 10
-1.123862133069028
 20
22.31282574917163
 30
0.0
 70
0
  0
VERTEX
  5
283
  8
TEXT
 10
-1.0845025777661048
 20
22.314279160170262
 30
0.0
 70
0
  0
VERTEX
  5
284
  8
TEXT
 10
-1.0455422001402777
 20
22.31465432873577
 30
0.0
 70
0
  0
VERTEX
  5
285
  8
TEXT
 10
-1.0069810001915462
 20
22.31395125486815
 30
0.0
 70
0
  0
VERTEX
  5
286
  8
TEXT
 10
-0.9688189779199106
 20
22.312169938567415
 30
0.0
 70
0
  0
VERTEX
  5
287
  8
TEXT
 10
-0.9310561333253707
 20
22.30931037983355
 30
0.0
 70
0
  0
VERTEX
  5
288
  8
TEXT
 10
-0.8936924664079271
 20
22.305372578666564
 30
0.0
 70
0
  0
VERTEX
  5
289
  8
TEXT
 10
-0.8567279771675793
 20
22.300356535066456
 30
0.0
 70
0
  0
VERTEX
  5
28A
  8
TEXT
 10
-0.8201626656043272
 20
22.29426224903322
 30
0.0
 70
0
  0
VERTEX
  5
28B
  8
TEXT
 10
-0.7839965317181713
 20
22.287089720566865
 30
0.0
 70
0
  0
VERTEX
  5
28C
  8
TEXT
 10
-0.7482295755091107
 20
22.27883894966738
 30
0.0
 70
0
  0
VERTEX
  5
28D
  8
TEXT
 10
-0.7128617969771465
 20
22.269509936334778
 30
0.0
 70
0
  0
VERTEX
  5
28E
  8
TEXT
 10
-0.6778931961222774
 20
22.25910268056905
 30
0.0
 70
0
  0
VERTEX
  5
28F
  8
TEXT
 10
-0.6433237729445049
 20
22.2476171823702
 30
0.0
 70
0
  0
VERTEX
  5
290
  8
TEXT
 10
-0.6064510250078076
 20
22.234077730362667
 30
0.0
 70
0
  0
VERTEX
  5
291
  8
TEXT
 10
-0.5703007555993675
 20
22.219512716406797
 30
0.0
 70
0
  0
VERTEX
  5
292
  8
TEXT
 10
-0.5348729647191869
 20
22.20392214050259
 30
0.0
 70
0
  0
VERTEX
  5
293
  8
TEXT
 10
-0.5001676523672645
 20
22.187306002650054
 30
0.0
 70
0
  0
VERTEX
  5
294
  8
TEXT
 10
-0.4661848185436006
 20
22.169664302849174
 30
0.0
 70
0
  0
VERTEX
  5
295
  8
TEXT
 10
-0.43292446324819456
 20
22.15099704109996
 30
0.0
 70
0
  0
VERTEX
  5
296
  8
TEXT
 10
-0.4003865864810472
 20
22.131304217402413
 30
0.0
 70
0
  0
VERTEX
  5
297
  8
TEXT
 10
-0.36857118824215784
 20
22.110585831756524
 30
0.0
 70
0
  0
VERTEX
  5
298
  8
TEXT
 10
-0.3374782685315272
 20
22.088841884162303
 30
0.0
 70
0
  0
VERTEX
  5
299
  8
TEXT
 10
-0.3071078273491551
 20
22.066072374619743
 30
0.0
 70
0
  0
VERTEX
  5
29A
  8
TEXT
 10
-0.27745986469504114
 20
22.04227730312885
 30
0.0
 70
0
  0
VERTEX
  5
29B
  8
TEXT
 10
-0.24853438056918564
 20
22.017456669689615
 30
0.0
 70
0
  0
VERTEX
  5
29C
  8
TEXT
 10
-0.22045461302360958
 20
21.99170909770489
 30
0.0
 70
0
  0
VERTEX
  5
29D
  8
TEXT
 10
-0.1933438001103328
 20
21.96513321057752
 30
0.0
 70
0
  0
VERTEX
  5
29E
  8
TEXT
 10
-0.16720194182935733
 20
21.9377290083075
 30
0.0
 70
0
  0
VERTEX
  5
29F
  8
TEXT
 10
-0.1420290381806809
 20
21.909496490894828
 30
0.0
 70
0
  0
VERTEX
  5
2A0
  8
TEXT
 10
-0.11782508916430656
 20
21.880435658339508
 30
0.0
 70
0
  0
VERTEX
  5
2A1
  8
TEXT
 10
-0.09459009478023028
 20
21.85054651064154
 30
0.0
 70
0
  0
VERTEX
  5
2A2
  8
TEXT
 10
-0.07232405502845529
 20
21.819829047800923
 30
0.0
 70
0
  0
VERTEX
  5
2A3
  8
TEXT
 10
-0.051026969908980035
 20
21.788283269817654
 30
0.0
 70
0
  0
VERTEX
  5
2A4
  8
TEXT
 10
-0.03069883942180529
 20
21.755909176691738
 30
0.0
 70
0
  0
VERTEX
  5
2A5
  8
TEXT
 10
-0.011339663566930502
 20
21.722706768423173
 30
0.0
 70
0
  0
VERTEX
  5
2A6
  8
TEXT
 10
0.007050557655644107
 20
21.68867604501196
 30
0.0
 70
0
  0
VERTEX
  5
2A7
  8
TEXT
 10
0.024471824245918317
 20
21.653817006458098
 30
0.0
 70
0
  0
VERTEX
  5
2A8
  8
TEXT
 10
0.03958042288913122
 20
21.621001637646035
 30
0.0
 70
0
  0
VERTEX
  5
2A9
  8
TEXT
 10
0.053638300158848295
 20
21.587675277902495
 30
0.0
 70
0
  0
VERTEX
  5
2AA
  8
TEXT
 10
0.06664545605506977
 20
21.553837927227477
 30
0.0
 70
0
  0
VERTEX
  5
2AB
  8
TEXT
 10
0.07860189057779521
 20
21.51948958562099
 30
0.0
 70
0
  0
VERTEX
  5
2AC
  8
TEXT
 10
0.08950760372702593
 20
21.48463025308302
 30
0.0
 70
0
  0
VERTEX
  5
2AD
  8
TEXT
 10
0.0993625955027595
 20
21.449259929613575
 30
0.0
 70
0
  0
VERTEX
  5
2AE
  8
TEXT
 10
0.10816686590499791
 20
21.413378615212658
 30
0.0
 70
0
  0
VERTEX
  5
2AF
  8
TEXT
 10
0.1159204149337405
 20
21.376986309880262
 30
0.0
 70
0
  0
VERTEX
  5
2B0
  8
TEXT
 10
0.12262324258898682
 20
21.34008301361639
 30
0.0
 70
0
  0
VERTEX
  5
2B1
  8
TEXT
 10
0.12827534887073844
 20
21.302668726421043
 30
0.0
 70
0
  0
VERTEX
  5
2B2
  8
TEXT
 10
0.13287673377899356
 20
21.264743448294222
 30
0.0
 70
0
  0
VERTEX
  5
2B3
  8
TEXT
 10
0.13642739731375353
 20
21.226307179235924
 30
0.0
 70
0
  0
VERTEX
  5
2B4
  8
TEXT
 10
0.138927339475017
 20
21.187359919246152
 30
0.0
 70
0
  0
VERTEX
  5
2B5
  8
TEXT
 10
0.14034680793296062
 20
21.148355947147234
 30
0.0
 70
0
  0
VERTEX
  5
2B6
  8
TEXT
 10
0.14065605035775763
 20
21.109749541761506
 30
0.0
 70
0
  0
VERTEX
  5
2B7
  8
TEXT
 10
0.13985506674940984
 20
21.071540703088964
 30
0.0
 70
0
  0
VERTEX
  5
2B8
  8
TEXT
 10
0.13794385710791568
 20
21.033729431129615
 30
0.0
 70
0
  0
VERTEX
  5
2B9
  8
TEXT
 10
0.1349224214332767
 20
20.996315725883452
 30
0.0
 70
0
  0
VERTEX
  5
2BA
  8
TEXT
 10
0.13079075972549226
 20
20.95929958735048
 30
0.0
 70
0
  0
VERTEX
  5
2BB
  8
TEXT
 10
0.1255488719845621
 20
20.922681015530696
 30
0.0
 70
0
  0
VERTEX
  5
2BC
  8
TEXT
 10
0.11919675821048603
 20
20.886460010424102
 30
0.0
 70
0
  0
VERTEX
  5
2BD
  8
TEXT
 10
0.1117344184032647
 20
20.850636572030695
 30
0.0
 70
0
  0
VERTEX
  5
2BE
  8
TEXT
 10
0.10316185256289767
 20
20.815210700350477
 30
0.0
 70
0
  0
VERTEX
  5
2BF
  8
TEXT
 10
0.09347906068938538
 20
20.78018239538345
 30
0.0
 70
0
  0
VERTEX
  5
2C0
  8
TEXT
 10
0.08268604278272695
 20
20.74555165712961
 30
0.0
 70
0
  0
VERTEX
  5
2C1
  8
TEXT
 10
0.07078279884292371
 20
20.71131848558896
 30
0.0
 70
0
  0
VERTEX
  5
2C2
  8
TEXT
 10
0.05677091838054604
 20
20.67480632144273
 30
0.0
 70
0
  0
VERTEX
  5
2C3
  8
TEXT
 10
0.04172838373223087
 20
20.639011003402832
 30
0.0
 70
0
  0
VERTEX
  5
2C4
  8
TEXT
 10
0.025655194897975298
 20
20.603932531469262
 30
0.0
 70
0
  0
VERTEX
  5
2C5
  8
TEXT
 10
0.008551351877781777
 20
20.569570905642024
 30
0.0
 70
0
  0
VERTEX
  5
2C6
  8
TEXT
 10
-0.00958314532835125
 20
20.53592612592111
 30
0.0
 70
0
  0
VERTEX
  5
2C7
  8
TEXT
 10
-0.028748296720422784
 20
20.50299819230653
 30
0.0
 70
0
  0
VERTEX
  5
2C8
  8
TEXT
 10
-0.04894410229843271
 20
20.470787104798283
 30
0.0
 70
0
  0
VERTEX
  5
2C9
  8
TEXT
 10
-0.07017056206238215
 20
20.439292863396364
 30
0.0
 70
0
  0
VERTEX
  5
2CA
  8
TEXT
 10
-0.09242767601227042
 20
20.408515468100774
 30
0.0
 70
0
  0
VERTEX
  5
2CB
  8
TEXT
 10
-0.11571544414809742
 20
20.378454918911512
 30
0.0
 70
0
  0
VERTEX
  5
2CC
  8
TEXT
 10
-0.1400338664698636
 20
20.349111215828582
 30
0.0
 70
0
  0
VERTEX
  5
2CD
  8
TEXT
 10
-0.1653829429775684
 20
20.320484358851978
 30
0.0
 70
0
  0
VERTEX
  5
2CE
  8
TEXT
 10
-0.19165868793860275
 20
20.29269785612589
 30
0.0
 70
0
  0
VERTEX
  5
2CF
  8
TEXT
 10
-0.2187571156203576
 20
20.2658752157945
 30
0.0
 70
0
  0
VERTEX
  5
2D0
  8
TEXT
 10
-0.2466782260228333
 20
20.24001643785781
 30
0.0
 70
0
  0
VERTEX
  5
2D1
  8
TEXT
 10
-0.2754220191460285
 20
20.215121522315815
 30
0.0
 70
0
  0
VERTEX
  5
2D2
  8
TEXT
 10
-0.3049884949899452
 20
20.191190469168518
 30
0.0
 70
0
  0
VERTEX
  5
2D3
  8
TEXT
 10
-0.33537765355458127
 20
20.16822327841592
 30
0.0
 70
0
  0
VERTEX
  5
2D4
  8
TEXT
 10
-0.3665894948399382
 20
20.14621995005802
 30
0.0
 70
0
  0
VERTEX
  5
2D5
  8
TEXT
 10
-0.3986240188460153
 20
20.125180484094813
 30
0.0
 70
0
  0
VERTEX
  5
2D6
  8
TEXT
 10
-0.4314812255728129
 20
20.105104880526305
 30
0.0
 70
0
  0
VERTEX
  5
2D7
  8
TEXT
 10
-0.4651611150203312
 20
20.085993139352496
 30
0.0
 70
0
  0
VERTEX
  5
2D8
  8
TEXT
 10
-0.49966368718856946
 20
20.067845260573385
 30
0.0
 70
0
  0
VERTEX
  5
2D9
  8
TEXT
 10
-0.5349889420775282
 20
20.05066124418897
 30
0.0
 70
0
  0
VERTEX
  5
2DA
  8
TEXT
 10
-0.5682156127749166
 20
20.035760962782792
 30
0.0
 70
0
  0
VERTEX
  5
2DB
  8
TEXT
 10
-0.6019203702529553
 20
20.021894737371145
 30
0.0
 70
0
  0
VERTEX
  5
2DC
  8
TEXT
 10
-0.6361032145116439
 20
20.009062567954032
 30
0.0
 70
0
  0
VERTEX
  5
2DD
  8
TEXT
 10
-0.6707641455509823
 20
19.997264454531454
 30
0.0
 70
0
  0
VERTEX
  5
2DE
  8
TEXT
 10
-0.7059031633709698
 20
19.98650039710341
 30
0.0
 70
0
  0
VERTEX
  5
2DF
  8
TEXT
 10
-0.7415202679716075
 20
19.976770395669895
 30
0.0
 70
0
  0
VERTEX
  5
2E0
  8
TEXT
 10
-0.7776154593528957
 20
19.96807445023091
 30
0.0
 70
0
  0
VERTEX
  5
2E1
  8
TEXT
 10
-0.8141887375148333
 20
19.960412560786466
 30
0.0
 70
0
  0
VERTEX
  5
2E2
  8
TEXT
 10
-0.8512401024574208
 20
19.95378472733655
 30
0.0
 70
0
  0
VERTEX
  5
2E3
  8
TEXT
 10
-0.8887695541806582
 20
19.94819094988117
 30
0.0
 70
0
  0
VERTEX
  5
2E4
  8
TEXT
 10
-0.9267770926845453
 20
19.943631228420323
 30
0.0
 70
0
  0
VERTEX
  5
2E5
  8
TEXT
 10
-0.9652627179690824
 20
19.940105562954006
 30
0.0
 70
0
  0
SEQEND
  5
21D
  8
TEXT
  0
POLYLINE
  5
2E6
  8
TEXT
 66
1
 10
0.0
 20
0.0
 30
0.0
 70
1
  0
VERTEX
  5
2E8
  8
TEXT
 10
-1.023478599410799
 20
20.319840819173464
 30
0.0
 70
0
  0
VERTEX
  5
2E9
  8
TEXT
 10
-0.9864325627895855
 20
20.32245223292577
 30
0.0
 70
0
  0
VERTEX
  5
2EA
  8
TEXT
 10
-0.9501096778154536
 20
20.326518148324915
 30
0.0
 70
0
  0
VERTEX
  5
2EB
  8
TEXT
 10
-0.9145099444884036
 20
20.332038565370908
 30
0.0
 70
0
  0
VERTEX
  5
2EC
  8
TEXT
 10
-0.8796333628084353
 20
20.339013484063745
 30
0.0
 70
0
  0
VERTEX
  5
2ED
  8
TEXT
 10
-0.8454799327755489
 20
20.34744290440343
 30
0.0
 70
0
  0
VERTEX
  5
2EE
  8
TEXT
 10
-0.8120496543897442
 20
20.357326826389954
 30
0.0
 70
0
  0
VERTEX
  5
2EF
  8
TEXT
 10
-0.7793425276510213
 20
20.368665250023323
 30
0.0
 70
0
  0
VERTEX
  5
2F0
  8
TEXT
 10
-0.74735855255938
 20
20.38145817530354
 30
0.0
 70
0
  0
VERTEX
  5
2F1
  8
TEXT
 10
-0.7160977291148206
 20
20.3957056022306
 30
0.0
 70
0
  0
VERTEX
  5
2F2
  8
TEXT
 10
-0.681929058382331
 20
20.41327823778431
 30
0.0
 70
0
  0
VERTEX
  5
2F3
  8
TEXT
 10
-0.6489463533321538
 20
20.43230311950686
 30
0.0
 70
0
  0
VERTEX
  5
2F4
  8
TEXT
 10
-0.6171496139642891
 20
20.452780247398245
 30
0.0
 70
0
  0
VERTEX
  5
2F5
  8
TEXT
 10
-0.586538840278737
 20
20.474709621458466
 30
0.0
 70
0
  0
VERTEX
  5
2F6
  8
TEXT
 10
-0.5571140322754973
 20
20.498091241687526
 30
0.0
 70
0
  0
VERTEX
  5
2F7
  8
TEXT
 10
-0.5288751899545703
 20
20.52292510808542
 30
0.0
 70
0
  0
VERTEX
  5
2F8
  8
TEXT
 10
-0.5018223133159556
 20
20.549211220652158
 30
0.0
 70
0
  0
VERTEX
  5
2F9
  8
TEXT
 10
-0.4759554023596537
 20
20.576949579387726
 30
0.0
 70
0
  0
VERTEX
  5
2FA
  8
TEXT
 10
-0.45146624108981126
 20
20.605985374216914
 30
0.0
 70
0
  0
VERTEX
  5
2FB
  8
TEXT
 10
-0.4285466135105762
 20
20.636163795064498
 30
0.0
 70
0
  0
VERTEX
  5
2FC
  8
TEXT
 10
-0.40719651962194814
 20
20.667484841930474
 30
0.0
 70
0
  0
VERTEX
  5
2FD
  8
TEXT
 10
-0.3874159594239275
 20
20.699948514814846
 30
0.0
 70
0
  0
VERTEX
  5
2FE
  8
TEXT
 10
-0.3692049329165137
 20
20.733554813717614
 30
0.0
 70
0
  0
VERTEX
  5
2FF
  8
TEXT
 10
-0.3525634400997075
 20
20.768303738638775
 30
0.0
 70
0
  0
VERTEX
  5
300
  8
TEXT
 10
-0.337491480973508
 20
20.80419528957833
 30
0.0
 70
0
  0
VERTEX
  5
301
  8
TEXT
 10
-0.3239890555379157
 20
20.841229466536284
 30
0.0
 70
0
  0
VERTEX
  5
302
  8
TEXT
 10
-0.31342101967633684
 20
20.87495397243329
 30
0.0
 70
0
  0
VERTEX
  5
303
  8
TEXT
 10
-0.3043260829187785
 20
20.909273285738266
 30
0.0
 70
0
  0
VERTEX
  5
304
  8
TEXT
 10
-0.29670424526524175
 20
20.94418740645121
 30
0.0
 70
0
  0
VERTEX
  5
305
  8
TEXT
 10
-0.2905555067157266
 20
20.979696334572125
 30
0.0
 70
0
  0
VERTEX
  5
306
  8
TEXT
 10
-0.28587986727023273
 20
21.015800070101008
 30
0.0
 70
0
  0
VERTEX
  5
307
  8
TEXT
 10
-0.28267732692876013
 20
21.05249861303786
 30
0.0
 70
0
  0
VERTEX
  5
308
  8
TEXT
 10
-0.2809478856913088
 20
21.08979196338268
 30
0.0
 70
0
  0
VERTEX
  5
309
  8
TEXT
 10
-0.2806915435578783
 20
21.127680121135473
 30
0.0
 70
0
  0
VERTEX
  5
30A
  8
TEXT
 10
-0.2819083005284696
 20
21.166163086296233
 30
0.0
 70
0
  0
VERTEX
  5
30B
  8
TEXT
 10
-0.2845556621027753
 20
21.20439718564851
 30
0.0
 70
0
  0
VERTEX
  5
30C
  8
TEXT
 10
-0.28860841967891715
 20
21.24188193508085
 30
0.0
 70
0
  0
VERTEX
  5
30D
  8
TEXT
 10
-0.29406657325689534
 20
21.27861733459325
 30
0.0
 70
0
  0
VERTEX
  5
30E
  8
TEXT
 10
-0.3009301228367106
 20
21.314603384185713
 30
0.0
 70
0
  0
VERTEX
  5
30F
  8
TEXT
 10
-0.3091990684183631
 20
21.349840083858236
 30
0.0
 70
0
  0
VERTEX
  5
310
  8
TEXT
 10
-0.3188734100018522
 20
21.38432743361082
 30
0.0
 70
0
  0
VERTEX
  5
311
  8
TEXT
 10
-0.32995314758717753
 20
21.418065433443466
 30
0.0
 70
0
  0
VERTEX
  5
312
  8
TEXT
 10
-0.34243828117434016
 20
21.451054083356173
 30
0.0
 70
0
  0
VERTEX
  5
313
  8
TEXT
 10
-0.3563288107633389
 20
21.483293383348943
 30
0.0
 70
0
  0
VERTEX
  5
314
  8
TEXT
 10
-0.37347140332536477
 20
21.518530005806728
 30
0.0
 70
0
  0
VERTEX
  5
315
  8
TEXT
 10
-0.3920644189341278
 20
21.552544466856283
 30
0.0
 70
0
  0
VERTEX
  5
316
  8
TEXT
 10
-0.41210785758962754
 20
21.58533676649761
 30
0.0
 70
0
  0
VERTEX
  5
317
  8
TEXT
 10
-0.4336017192918651
 20
21.6169069047307
 30
0.0
 70
0
  0
VERTEX
  5
318
  8
TEXT
 10
-0.45654600404083945
 20
21.647254881555565
 30
0.0
 70
0
  0
VERTEX
  5
319
  8
TEXT
 10
-0.4809407118365513
 20
21.6763806969722
 30
0.0
 70
0
  0
VERTEX
  5
31A
  8
TEXT
 10
-0.5067858426790002
 20
21.704284350980604
 30
0.0
 70
0
  0
VERTEX
  5
31B
  8
TEXT
 10
-0.5340813965681865
 20
21.730965843580776
 30
0.0
 70
0
  0
VERTEX
  5
31C
  8
TEXT
 10
-0.562617358278962
 20
21.756218027588762
 30
0.0
 70
0
  0
VERTEX
  5
31D
  8
TEXT
 10
-0.5921837125861791
 20
21.779833755820608
 30
0.0
 70
0
  0
VERTEX
  5
31E
  8
TEXT
 10
-0.6227804594898376
 20
21.80181302827631
 30
0.0
 70
0
  0
VERTEX
  5
31F
  8
TEXT
 10
-0.6544075989899378
 20
21.82215584495587
 30
0.0
 70
0
  0
VERTEX
  5
320
  8
TEXT
 10
-0.6870651310864797
 20
21.840862205859285
 30
0.0
 70
0
  0
VERTEX
  5
321
  8
TEXT
 10
-0.720753055779463
 20
21.85793211098656
 30
0.0
 70
0
  0
VERTEX
  5
322
  8
TEXT
 10
-0.7554713730688879
 20
21.873365560337692
 30
0.0
 70
0
  0
VERTEX
  5
323
  8
TEXT
 10
-0.7912200829547544
 20
21.88716255391268
 30
0.0
 70
0
  0
VERTEX
  5
324
  8
TEXT
 10
-0.8237420567389436
 20
21.897953632104414
 30
0.0
 70
0
  0
VERTEX
  5
325
  8
TEXT
 10
-0.8568388115420229
 20
21.90725350545843
 30
0.0
 70
0
  0
VERTEX
  5
326
  8
TEXT
 10
-0.8905103473639918
 20
21.915062173974725
 30
0.0
 70
0
  0
VERTEX
  5
327
  8
TEXT
 10
-0.9247566642048514
 20
21.921379637653303
 30
0.0
 70
0
  0
VERTEX
  5
328
  8
TEXT
 10
-0.9595777620646005
 20
21.92620589649416
 30
0.0
 70
0
  0
VERTEX
  5
329
  8
TEXT
 10
-0.9949736409432399
 20
21.929540950497294
 30
0.0
 70
0
  0
VERTEX
  5
32A
  8
TEXT
 10
-1.0309443008407695
 20
21.931384799662712
 30
0.0
 70
0
  0
VERTEX
  5
32B
  8
TEXT
 10
-1.0674897417571885
 20
21.93173744399041
 30
0.0
 70
0
  0
VERTEX
  5
32C
  8
TEXT
 10
-1.1046099636924982
 20
21.93059888348039
 30
0.0
 70
0
  0
VERTEX
  5
32D
  8
TEXT
 10
-1.1416567205594796
 20
21.928001769274125
 30
0.0
 70
0
  0
VERTEX
  5
32E
  8
TEXT
 10
-1.177981766270915
 20
21.923978752513104
 30
0.0
 70
0
  0
VERTEX
  5
32F
  8
TEXT
 10
-1.2135851008268048
 20
21.91852983319732
 30
0.0
 70
0
  0
VERTEX
  5
330
  8
TEXT
 10
-1.2484667242271483
 20
21.911655011326772
 30
0.0
 70
0
  0
VERTEX
  5
331
  8
TEXT
 10
-1.282626636471946
 20
21.903354286901465
 30
0.0
 70
0
  0
VERTEX
  5
332
  8
TEXT
 10
-1.3160648375611983
 20
21.893627659921396
 30
0.0
 70
0
  0
VERTEX
  5
333
  8
TEXT
 10
-1.348781327494904
 20
21.882475130386567
 30
0.0
 70
0
  0
VERTEX
  5
334
  8
TEXT
 10
-1.3807761062730641
 20
21.869896698296973
 30
0.0
 70
0
  0
VERTEX
  5
335
  8
TEXT
 10
-1.4120491738956784
 20
21.85589236365262
 30
0.0
 70
0
  0
VERTEX
  5
336
  8
TEXT
 10
-1.4462306064828683
 20
21.838573098180333
 30
0.0
 70
0
  0
VERTEX
  5
337
  8
TEXT
 10
-1.4792224271435457
 20
21.819729195087376
 30
0.0
 70
0
  0
VERTEX
  5
338
  8
TEXT
 10
-1.5110246358777104
 20
21.799360654373743
 30
0.0
 70
0
  0
VERTEX
  5
339
  8
TEXT
 10
-1.5416372326853627
 20
21.77746747603944
 30
0.0
 70
0
  0
VERTEX
  5
33A
  8
TEXT
 10
-1.5710602175665023
 20
21.754049660084462
 30
0.0
 70
0
  0
VERTEX
  5
33B
  8
TEXT
 10
-1.5992935905211292
 20
21.72910720650881
 30
0.0
 70
0
  0
VERTEX
  5
33C
  8
TEXT
 10
-1.6263373515492434
 20
21.702640115312487
 30
0.0
 70
0
  0
VERTEX
  5
33D
  8
TEXT
 10
-1.6521915006508452
 20
21.67464838649549
 30
0.0
 70
0
  0
VERTEX
  5
33E
  8
TEXT
 10
-1.6766679000659872
 20
21.64535922158488
 30
0.0
 70
0
  0
VERTEX
  5
33F
  8
TEXT
 10
-1.6995784120347222
 20
21.61499982210771
 30
0.0
 70
0
  0
VERTEX
  5
340
  8
TEXT
 10
-1.7209230365570498
 20
21.58357018806398
 30
0.0
 70
0
  0
VERTEX
  5
341
  8
TEXT
 10
-1.7407017736329706
 20
21.55107031945369
 30
0.0
 70
0
  0
VERTEX
  5
342
  8
TEXT
 10
-1.7589146232624842
 20
21.51750021627684
 30
0.0
 70
0
  0
VERTEX
  5
343
  8
TEXT
 10
-1.7755615854455908
 20
21.482859878533432
 30
0.0
 70
0
  0
VERTEX
  5
344
  8
TEXT
 10
-1.7906426601822902
 20
21.447149306223466
 30
0.0
 70
0
  0
VERTEX
  5
345
  8
TEXT
 10
-1.804157847472583
 20
21.410368499346937
 30
0.0
 70
0
  0
VERTEX
  5
346
  8
TEXT
 10
-1.814738607676062
 20
21.376896618763332
 30
0.0
 70
0
  0
VERTEX
  5
347
  8
TEXT
 10
-1.8238457886116748
 20
21.342820397741065
 30
0.0
 70
0
  0
VERTEX
  5
348
  8
TEXT
 10
-1.8314793902794206
 20
21.30813983628013
 30
0.0
 70
0
  0
VERTEX
  5
349
  8
TEXT
 10
-1.8376394126793
 20
21.272854934380536
 30
0.0
 70
0
  0
VERTEX
  5
34A
  8
TEXT
 10
-1.842325855811313
 20
21.236965692042276
 30
0.0
 70
0
  0
VERTEX
  5
34B
  8
TEXT
 10
-1.8455387196754591
 20
21.200472109265352
 30
0.0
 70
0
  0
VERTEX
  5
34C
  8
TEXT
 10
-1.8472780042717387
 20
21.163374186049765
 30
0.0
 70
0
  0
VERTEX
  5
34D
  8
TEXT
 10
-1.847543709600152
 20
21.125671922395515
 30
0.0
 70
0
  0
VERTEX
  5
34E
  8
TEXT
 10
-1.8463358356606983
 20
21.0873653183026
 30
0.0
 70
0
  0
VERTEX
  5
34F
  8
TEXT
 10
-1.8436795910552555
 20
21.048954857882475
 30
0.0
 70
0
  0
VERTEX
  5
350
  8
TEXT
 10
-1.8396174702841304
 20
21.011284214351598
 30
0.0
 70
0
  0
VERTEX
  5
351
  8
TEXT
 10
-1.8341494733473234
 20
20.97435338770996
 30
0.0
 70
0
  0
VERTEX
  5
352
  8
TEXT
 10
-1.8272756002448345
 20
20.93816237795757
 30
0.0
 70
0
  0
VERTEX
  5
353
  8
TEXT
 10
-1.8189958509766635
 20
20.902711185094425
 30
0.0
 70
0
  0
VERTEX
  5
354
  8
TEXT
 10
-1.8093102255428106
 20
20.86799980912052
 30
0.0
 70
0
  0
VERTEX
  5
355
  8
TEXT
 10
-1.7982187239432759
 20
20.83402825003586
 30
0.0
 70
0
  0
VERTEX
  5
356
  8
TEXT
 10
-1.7857213461780588
 20
20.80079650784045
 30
0.0
 70
0
  0
VERTEX
  5
357
  8
TEXT
 10
-1.7718180922471598
 20
20.768304582534277
 30
0.0
 70
0
  0
VERTEX
  5
358
  8
TEXT
 10
-1.7546627378304336
 20
20.73281458999507
 30
0.0
 70
0
  0
VERTEX
  5
359
  8
TEXT
 10
-1.7360606066111708
 20
20.698619150315924
 30
0.0
 70
0
  0
VERTEX
  5
35A
  8
TEXT
 10
-1.7160116985893703
 20
20.665718263496846
 30
0.0
 70
0
  0
VERTEX
  5
35B
  8
TEXT
 10
-1.6945160137650328
 20
20.634111929537834
 30
0.0
 70
0
  0
VERTEX
  5
35C
  8
TEXT
 10
-1.6715735521381583
 20
20.60380014843889
 30
0.0
 70
0
  0
VERTEX
  5
35D
  8
TEXT
 10
-1.647184313708747
 20
20.574782920200008
 30
0.0
 70
0
  0
VERTEX
  5
35E
  8
TEXT
 10
-1.6213482984767982
 20
20.547060244821193
 30
0.0
 70
0
  0
VERTEX
  5
35F
  8
TEXT
 10
-1.5940655064423124
 20
20.520632122302445
 30
0.0
 70
0
  0
VERTEX
  5
360
  8
TEXT
 10
-1.565536273965251
 20
20.495633612229565
 30
0.0
 70
0
  0
VERTEX
  5
361
  8
TEXT
 10
-1.5359609374055752
 20
20.47219977418836
 30
0.0
 70
0
  0
VERTEX
  5
362
  8
TEXT
 10
-1.5053394967632854
 20
20.450330608178827
 30
0.0
 70
0
  0
VERTEX
  5
363
  8
TEXT
 10
-1.4736719520383812
 20
20.43002611420097
 30
0.0
 70
0
  0
VERTEX
  5
364
  8
TEXT
 10
-1.4409583032308628
 20
20.411286292254786
 30
0.0
 70
0
  0
VERTEX
  5
365
  8
TEXT
 10
-1.40719855034073
 20
20.394111142340275
 30
0.0
 70
0
  0
VERTEX
  5
366
  8
TEXT
 10
-1.372392693367983
 20
20.378500664457437
 30
0.0
 70
0
  0
VERTEX
  5
367
  8
TEXT
 10
-1.336540732312622
 20
20.364454858606273
 30
0.0
 70
0
  0
VERTEX
  5
368
  8
TEXT
 10
-1.3039350166201702
 20
20.35342428936067
 30
0.0
 70
0
  0
VERTEX
  5
369
  8
TEXT
 10
-1.2707845594924472
 20
20.343912083553338
 30
0.0
 70
0
  0
VERTEX
  5
36A
  8
TEXT
 10
-1.2370893609294535
 20
20.33591824118427
 30
0.0
 70
0
  0
VERTEX
  5
36B
  8
TEXT
 10
-1.2028494209311886
 20
20.329442762253468
 30
0.0
 70
0
  0
VERTEX
  5
36C
  8
TEXT
 10
-1.1680647394976524
 20
20.324485646760934
 30
0.0
 70
0
  0
VERTEX
  5
36D
  8
TEXT
 10
-1.132735316628846
 20
20.321046894706665
 30
0.0
 70
0
  0
VERTEX
  5
36E
  8
TEXT
 10
-1.096861152324768
 20
20.319126506090665
 30
0.0
 70
0
  0
VERTEX
  5
36F
  8
TEXT
 10
-1.0604422465854189
 20
20.31872448091293
 30
0.0
 70
0
  0
SEQEND
  5
2E7
  8
TEXT
  0
POLYLINE
  5
370
  8
TEXT
 66
1
 10
0.0
 20
0.0
 30
0.0
 70
1
  0
VERTEX
  5
372
  8
TEXT
 10
0.6554439625049414
 20
20.013663272376665
 30
0.0
 70
0
  0
VERTEX
  5
373
  8
TEXT
 10
1.5026107183942365
 20
21.107603341677937
 30
0.0
 70
0
  0
VERTEX
  5
374
  8
TEXT
 10
0.8505601892316073
 20
22.309394945547268
 30
0.0
 70
0
  0
VERTEX
  5
375
  8
TEXT
 10
1.3313833738194873
 20
22.269829193869167
 30
0.0
 70
0
  0
VERTEX
  5
376
  8
TEXT
 10
1.7678003577109482
 20
21.464356107012463
 30
0.0
 70
0
  0
VERTEX
  5
377
  8
TEXT
 10
2.3269339419084956
 20
22.18790779776644
 30
0.0
 70
0
  0
VERTEX
  5
378
  8
TEXT
 10
2.807757126496375
 20
22.148342046088338
 30
0.0
 70
0
  0
VERTEX
  5
379
  8
TEXT
 10
1.971105103377299
 20
21.06905209645312
 30
0.0
 70
0
  0
VERTEX
  5
37A
  8
TEXT
 10
2.6249696993745264
 20
19.851595866464447
 30
0.0
 70
0
  0
VERTEX
  5
37B
  8
TEXT
 10
2.1441465147866468
 20
19.891161618142547
 30
0.0
 70
0
  0
VERTEX
  5
37C
  8
TEXT
 10
1.7056618374472663
 20
20.709217131217393
 30
0.0
 70
0
  0
VERTEX
  5
37D
  8
TEXT
 10
1.1362671470928212
 20
19.974097520698564
 30
0.0
 70
0
  0
SEQEND
  5
371
  8
TEXT
  0
POLYLINE
  5
37E
  8
TEXT
 66
1
 10
0.0
 20
0.0
 30
0.0
 70
1
  0
VERTEX
  5
380
  8
TEXT
 10
4.741447144437222
 20
19.391685704362676
 30
0.0
 70
0
  0
VERTEX
  5
381
  8
TEXT
 10
4.703450845422603
 20
19.401569320318103
 30
0.0
 70
0
  0
VERTEX
  5
382
  8
TEXT
 10
4.666244090139359
 20
19.412622613695792
 30
0.0
 70
0
  0
VERTEX
  5
383
  8
TEXT
 10
4.6298268785874885
 20
19.42484558449574
 30
0.0
 70
0
  0
VERTEX
  5
384
  8
TEXT
 10
4.594199210766991
 20
19.438238232717946
 30
0.0
 70
0
  0
VERTEX
  5
385
  8
TEXT
 10
4.559361086677868
 20
19.452800558362416
 30
0.0
 70
0
  0
VERTEX
  5
386
  8
TEXT
 10
4.52531250632012
 20
19.468532561429143
 30
0.0
 70
0
  0
VERTEX
  5
387
  8
TEXT
 10
4.492053469693744
 20
19.48543424191813
 30
0.0
 70
0
  0
VERTEX
  5
388
  8
TEXT
 10
4.459583976798742
 20
19.50350559982938
 30
0.0
 70
0
  0
VERTEX
  5
389
  8
TEXT
 10
4.4279040276351145
 20
19.52274663516289
 30
0.0
 70
0
  0
VERTEX
  5
38A
  8
TEXT
 10
4.397013622202861
 20
19.543157347918658
 30
0.0
 70
0
  0
VERTEX
  5
38B
  8
TEXT
 10
4.366912760501981
 20
19.56473773809669
 30
0.0
 70
0
  0
VERTEX
  5
38C
  8
TEXT
 10
4.337760016251067
 20
19.587314620698756
 30
0.0
 70
0
  0
VERTEX
  5
38D
  8
TEXT
 10
4.309713963168713
 20
19.610714810726645
 30
0.0
 70
0
  0
VERTEX
  5
38E
  8
TEXT
 10
4.2827746012549195
 20
19.634938308180352
 30
0.0
 70
0
  0
VERTEX
  5
38F
  8
TEXT
 10
4.256941930509685
 20
19.659985113059882
 30
0.0
 70
0
  0
VERTEX
  5
390
  8
TEXT
 10
4.23221595093301
 20
19.68585522536523
 30
0.0
 70
0
  0
VERTEX
  5
391
  8
TEXT
 10
4.2085966625248945
 20
19.712548645096398
 30
0.0
 70
0
  0
VERTEX
  5
392
  8
TEXT
 10
4.186084065285339
 20
19.740065372253387
 30
0.0
 70
0
  0
VERTEX
  5
393
  8
TEXT
 10
4.164678159214343
 20
19.76840540683619
 30
0.0
 70
0
  0
VERTEX
  5
394
  8
TEXT
 10
4.144378944311907
 20
19.79756874884482
 30
0.0
 70
0
  0
VERTEX
  5
395
  8
TEXT
 10
4.12518642057803
 20
19.827555398279266
 30
0.0
 70
0
  0
VERTEX
  5
396
  8
TEXT
 10
4.107100588012713
 20
19.858365355139533
 30
0.0
 70
0
  0
VERTEX
  5
397
  8
TEXT
 10
4.08860500620043
 20
19.89299902579003
 30
0.0
 70
0
  0
VERTEX
  5
398
  8
TEXT
 10
4.071689732121863
 20
19.92821249448053
 30
0.0
 70
0
  0
VERTEX
  5
399
  8
TEXT
 10
4.056354765777012
 20
19.964005761211038
 30
0.0
 70
0
  0
VERTEX
  5
39A
  8
TEXT
 10
4.042600107165877
 20
20.00037882598155
 30
0.0
 70
0
  0
VERTEX
  5
39B
  8
TEXT
 10
4.030425756288459
 20
20.03733168879207
 30
0.0
 70
0
  0
VERTEX
  5
39C
  8
TEXT
 10
4.0198317131447565
 20
20.07486434964259
 30
0.0
 70
0
  0
VERTEX
  5
39D
  8
TEXT
 10
4.010817977734771
 20
20.112976808533116
 30
0.0
 70
0
  0
VERTEX
  5
39E
  8
TEXT
 10
4.003384550058501
 20
20.15166906546365
 30
0.0
 70
0
  0
VERTEX
  5
39F
  8
TEXT
 10
3.997531430115947
 20
20.19094112043419
 30
0.0
 70
0
  0
VERTEX
  5
3A0
  8
TEXT
 10
3.993258617907109
 20
20.230792973444732
 30
0.0
 70
0
  0
VERTEX
  5
3A1
  8
TEXT
 10
4.3696917905666135
 20
20.297127395809447
 30
0.0
 70
0
  0
VERTEX
  5
3A2
  8
TEXT
 10
4.376902439857153
 20
20.258672361700143
 30
0.0
 70
0
  0
VERTEX
  5
3A3
  8
TEXT
 10
4.38561883975325
 20
20.221358169371314
 30
0.0
 70
0
  0
VERTEX
  5
3A4
  8
TEXT
 10
4.395840990254905
 20
20.18518481882296
 30
0.0
 70
0
  0
VERTEX
  5
3A5
  8
TEXT
 10
4.40756889136212
 20
20.150152310055084
 30
0.0
 70
0
  0
VERTEX
  5
3A6
  8
TEXT
 10
4.420802543074892
 20
20.116260643067687
 30
0.0
 70
0
  0
VERTEX
  5
3A7
  8
TEXT
 10
4.435541945393222
 20
20.083509817860765
 30
0.0
 70
0
  0
VERTEX
  5
3A8
  8
TEXT
 10
4.45178709831711
 20
20.051899834434316
 30
0.0
 70
0
  0
VERTEX
  5
3A9
  8
TEXT
 10
4.469538001846558
 20
20.02143069278835
 30
0.0
 70
0
  0
VERTEX
  5
3AA
  8
TEXT
 10
4.488794655981563
 20
19.992102392922856
 30
0.0
 70
0
  0
VERTEX
  5
3AB
  8
TEXT
 10
4.509557060722127
 20
19.963914934837838
 30
0.0
 70
0
  0
VERTEX
  5
3AC
  8
TEXT
 10
4.531825216068248
 20
19.9368683185333
 30
0.0
 70
0
  0
VERTEX
  5
3AD
  8
TEXT
 10
4.557805845331206
 20
19.90873476271112
 30
0.0
 70
0
  0
VERTEX
  5
3AE
  8
TEXT
 10
4.585101465692499
 20
19.882581725156047
 30
0.0
 70
0
  0
VERTEX
  5
3AF
  8
TEXT
 10
4.613712077152125
 20
19.85840920586808
 30
0.0
 70
0
  0
VERTEX
  5
3B0
  8
TEXT
 10
4.643637679710085
 20
19.83621720484722
 30
0.0
 70
0
  0
VERTEX
  5
3B1
  8
TEXT
 10
4.674878273366379
 20
19.81600572209346
 30
0.0
 70
0
  0
VERTEX
  5
3B2
  8
TEXT
 10
4.707433858121007
 20
19.79777475760681
 30
0.0
 70
0
  0
VERTEX
  5
3B3
  8
TEXT
 10
4.74130443397397
 20
19.781524311387265
 30
0.0
 70
0
  0
VERTEX
  5
3B4
  8
TEXT
 10
4.776490000925267
 20
19.767254383434825
 30
0.0
 70
0
  0
VERTEX
  5
3B5
  8
TEXT
 10
4.812990558974897
 20
19.754964973749487
 30
0.0
 70
0
  0
VERTEX
  5
3B6
  8
TEXT
 10
4.850806108122861
 20
19.74465608233126
 30
0.0
 70
0
  0
VERTEX
  5
3B7
  8
TEXT
 10
4.886301011977439
 20
19.73706422810424
 30
0.0
 70
0
  0
VERTEX
  5
3B8
  8
TEXT
 10
4.920648764734048
 20
19.731761100956952
 30
0.0
 70
0
  0
VERTEX
  5
3B9
  8
TEXT
 10
4.953849366392691
 20
19.728746700889392
 30
0.0
 70
0
  0
VERTEX
  5
3BA
  8
TEXT
 10
4.985902816953366
 20
19.728021027901566
 30
0.0
 70
0
  0
VERTEX
  5
3BB
  8
TEXT
 10
5.0168091164160735
 20
19.72958408199347
 30
0.0
 70
0
  0
VERTEX
  5
3BC
  8
TEXT
 10
5.046568264780814
 20
19.7334358631651
 30
0.0
 70
0
  0
VERTEX
  5
3BD
  8
TEXT
 10
5.0804481049343675
 20
19.7408217625733
 30
0.0
 70
0
  0
VERTEX
  5
3BE
  8
TEXT
 10
5.112042250637213
 20
19.75098871349031
 30
0.0
 70
0
  0
VERTEX
  5
3BF
  8
TEXT
 10
5.141350701889352
 20
19.763936715916127
 30
0.0
 70
0
  0
VERTEX
  5
3C0
  8
TEXT
 10
5.168373458690782
 20
19.779665769850755
 30
0.0
 70
0
  0
VERTEX
  5
3C1
  8
TEXT
 10
5.193110521041505
 20
19.798175875294188
 30
0.0
 70
0
  0
VERTEX
  5
3C2
  8
TEXT
 10
5.21513885443483
 20
19.81936266358473
 30
0.0
 70
0
  0
VERTEX
  5
3C3
  8
TEXT
 10
5.234035424364063
 20
19.843121766060687
 30
0.0
 70
0
  0
VERTEX
  5
3C4
  8
TEXT
 10
5.249800230829209
 20
19.869453182722058
 30
0.0
 70
0
  0
VERTEX
  5
3C5
  8
TEXT
 10
5.262433273830263
 20
19.89835691356884
 30
0.0
 70
0
  0
VERTEX
  5
3C6
  8
TEXT
 10
5.2719345533672275
 20
19.929832958601033
 30
0.0
 70
0
  0
VERTEX
  5
3C7
  8
TEXT
 10
5.278926934944355
 20
19.968949000118435
 30
0.0
 70
0
  0
VERTEX
  5
3C8
  8
TEXT
 10
5.2805387969591395
 20
20.00634532865942
 30
0.0
 70
0
  0
VERTEX
  5
3C9
  8
TEXT
 10
5.276770139411583
 20
20.042021944223983
 30
0.0
 70
0
  0
VERTEX
  5
3CA
  8
TEXT
 10
5.267620962301685
 20
20.075978846812124
 30
0.0
 70
0
  0
VERTEX
  5
3CB
  8
TEXT
 10
5.253091265629447
 20
20.108216036423848
 30
0.0
 70
0
  0
VERTEX
  5
3CC
  8
TEXT
 10
5.236886932531249
 20
20.13400640541747
 30
0.0
 70
0
  0
VERTEX
  5
3CD
  8
TEXT
 10
5.216973860659005
 20
20.15908195719248
 30
0.0
 70
0
  0
VERTEX
  5
3CE
  8
TEXT
 10
5.193352050012714
 20
20.18344269174888
 30
0.0
 70
0
  0
VERTEX
  5
3CF
  8
TEXT
 10
5.166021500592377
 20
20.20708860908667
 30
0.0
 70
0
  0
VERTEX
  5
3D0
  8
TEXT
 10
5.134982212397993
 20
20.230019709205852
 30
0.0
 70
0
  0
VERTEX
  5
3D1
  8
TEXT
 10
5.100234185429563
 20
20.252235992106424
 30
0.0
 70
0
  0
VERTEX
  5
3D2
  8
TEXT
 10
4.703906973976852
 20
20.494605091542113
 30
0.0
 70
0
  0
VERTEX
  5
3D3
  8
TEXT
 10
4.667849776693198
 20
20.517292957608316
 30
0.0
 70
0
  0
VERTEX
  5
3D4
  8
TEXT
 10
4.63351606894015
 20
20.5405471706676
 30
0.0
 70
0
  0
VERTEX
  5
3D5
  8
TEXT
 10
4.600905850717708
 20
20.564367730719972
 30
0.0
 70
0
  0
VERTEX
  5
3D6
  8
TEXT
 10
4.570019122025872
 20
20.58875463776543
 30
0.0
 70
0
  0
VERTEX
  5
3D7
  8
TEXT
 10
4.540855882864644
 20
20.61370789180397
 30
0.0
 70
0
  0
VERTEX
  5
3D8
  8
TEXT
 10
4.5134161332340215
 20
20.639227492835595
 30
0.0
 70
0
  0
VERTEX
  5
3D9
  8
TEXT
 10
4.487699873134005
 20
20.665313440860306
 30
0.0
 70
0
  0
VERTEX
  5
3DA
  8
TEXT
 10
4.463707102564595
 20
20.691965735878103
 30
0.0
 70
0
  0
VERTEX
  5
3DB
  8
TEXT
 10
4.441437821525792
 20
20.719184377888983
 30
0.0
 70
0
  0
VERTEX
  5
3DC
  8
TEXT
 10
4.420892030017594
 20
20.746969366892948
 30
0.0
 70
0
  0
VERTEX
  5
3DD
  8
TEXT
 10
4.402069728040003
 20
20.77532070289
 30
0.0
 70
0
  0
VERTEX
  5
3DE
  8
TEXT
 10
4.384970915593019
 20
20.804238385880133
 30
0.0
 70
0
  0
VERTEX
  5
3DF
  8
TEXT
 10
4.369595592676641
 20
20.833722415863352
 30
0.0
 70
0
  0
VERTEX
  5
3E0
  8
TEXT
 10
4.354899269067172
 20
20.866160723895096
 30
0.0
 70
0
  0
VERTEX
  5
3E1
  8
TEXT
 10
4.342256384232761
 20
20.898980040450848
 30
0.0
 70
0
  0
VERTEX
  5
3E2
  8
TEXT
 10
4.331666938173408
 20
20.932180365530602
 30
0.0
 70
0
  0
VERTEX
  5
3E3
  8
TEXT
 10
4.3231309308891115
 20
20.96576169913436
 30
0.0
 70
0
  0
VERTEX
  5
3E4
  8
TEXT
 10
4.3166483623798735
 20
20.999724041262127
 30
0.0
 70
0
  0
VERTEX
  5
3E5
  8
TEXT
 10
4.312219232645693
 20
21.034067391913897
 30
0.0
 70
0
  0
VERTEX
  5
3E6
  8
TEXT
 10
4.30984354168657
 20
21.06879175108967
 30
0.0
 70
0
  0
VERTEX
  5
3E7
  8
TEXT
 10
4.309521289502506
 20
21.10389711878945
 30
0.0
 70
0
  0
VERTEX
  5
3E8
  8
TEXT
 10
4.311252476093498
 20
21.139383495013234
 30
0.0
 70
0
  0
VERTEX
  5
3E9
  8
TEXT
 10
4.315037101459548
 20
21.175250879761023
 30
0.0
 70
0
  0
VERTEX
  5
3EA
  8
TEXT
 10
4.320875165600656
 20
21.211499273032818
 30
0.0
 70
0
  0
VERTEX
  5
3EB
  8
TEXT
 10
4.328766668516821
 20
21.248128674828617
 30
0.0
 70
0
  0
VERTEX
  5
3EC
  8
TEXT
 10
4.3389603236363365
 20
21.286059641725174
 30
0.0
 70
0
  0
VERTEX
  5
3ED
  8
TEXT
 10
4.350831222610805
 20
21.322605882358886
 30
0.0
 70
0
  0
VERTEX
  5
3EE
  8
TEXT
 10
4.364379365440226
 20
21.357767396729752
 30
0.0
 70
0
  0
VERTEX
  5
3EF
  8
TEXT
 10
4.3796047521246
 20
21.39154418483777
 30
0.0
 70
0
  0
VERTEX
  5
3F0
  8
TEXT
 10
4.396507382663927
 20
21.423936246682945
 30
0.0
 70
0
  0
VERTEX
  5
3F1
  8
TEXT
 10
4.415087257058207
 20
21.454943582265273
 30
0.0
 70
0
  0
VERTEX
  5
3F2
  8
TEXT
 10
4.43534437530744
 20
21.484566191584754
 30
0.0
 70
0
  0
VERTEX
  5
3F3
  8
TEXT
 10
4.457278737411626
 20
21.51280407464139
 30
0.0
 70
0
  0
VERTEX
  5
3F4
  8
TEXT
 10
4.480890343370764
 20
21.539657231435182
 30
0.0
 70
0
  0
VERTEX
  5
3F5
  8
TEXT
 10
4.506179193184856
 20
21.565125661966125
 30
0.0
 70
0
  0
VERTEX
  5
3F6
  8
TEXT
 10
4.532898720568421
 20
21.589078165062148
 30
0.0
 70
0
  0
VERTEX
  5
3F7
  8
TEXT
 10
4.560802359235981
 20
21.611383539551163
 30
0.0
 70
0
  0
VERTEX
  5
3F8
  8
TEXT
 10
4.589890109187533
 20
21.632041785433174
 30
0.0
 70
0
  0
VERTEX
  5
3F9
  8
TEXT
 10
4.620161970423081
 20
21.651052902708184
 30
0.0
 70
0
  0
VERTEX
  5
3FA
  8
TEXT
 10
4.6516179429426225
 20
21.668416891376186
 30
0.0
 70
0
  0
VERTEX
  5
3FB
  8
TEXT
 10
4.684258026746158
 20
21.684133751437187
 30
0.0
 70
0
  0
VERTEX
  5
3FC
  8
TEXT
 10
4.718082221833687
 20
21.698203482891184
 30
0.0
 70
0
  0
VERTEX
  5
3FD
  8
TEXT
 10
4.7530905282052105
 20
21.710626085738177
 30
0.0
 70
0
  0
VERTEX
  5
3FE
  8
TEXT
 10
4.7892829458607284
 20
21.721401559978165
 30
0.0
 70
0
  0
VERTEX
  5
3FF
  8
TEXT
 10
4.826659474800239
 20
21.73052990561115
 30
0.0
 70
0
  0
VERTEX
  5
400
  8
TEXT
 10
4.861420780288642
 20
21.737297316477655
 30
0.0
 70
0
  0
VERTEX
  5
401
  8
TEXT
 10
4.896670906605653
 20
21.74249994665993
 30
0.0
 70
0
  0
VERTEX
  5
402
  8
TEXT
 10
4.932409853751272
 20
21.746137796157974
 30
0.0
 70
0
  0
VERTEX
  5
403
  8
TEXT
 10
4.968637621725499
 20
21.748210864971785
 30
0.0
 70
0
  0
VERTEX
  5
404
  8
TEXT
 10
5.005354210528333
 20
21.74871915310137
 30
0.0
 70
0
  0
VERTEX
  5
405
  8
TEXT
 10
5.042559620159777
 20
21.74766266054672
 30
0.0
 70
0
  0
VERTEX
  5
406
  8
TEXT
 10
5.080253850619828
 20
21.74504138730784
 30
0.0
 70
0
  0
VERTEX
  5
407
  8
TEXT
 10
5.118436901908486
 20
21.74085533338473
 30
0.0
 70
0
  0
VERTEX
  5
408
  8
TEXT
 10
5.157108774025753
 20
21.73510449877739
 30
0.0
 70
0
  0
VERTEX
  5
409
  8
TEXT
 10
5.1962694669716285
 20
21.727788883485818
 30
0.0
 70
0
  0
VERTEX
  5
40A
  8
TEXT
 10
5.235918980746111
 20
21.718908487510014
 30
0.0
 70
0
  0
VERTEX
  5
40B
  8
TEXT
 10
5.275698404576909
 20
21.708529632388792
 30
0.0
 70
0
  0
VERTEX
  5
40C
  8
TEXT
 10
5.314483738734682
 20
21.696903953371162
 30
0.0
 70
0
  0
VERTEX
  5
40D
  8
TEXT
 10
5.35227498321943
 20
21.684031450457127
 30
0.0
 70
0
  0
VERTEX
  5
40E
  8
TEXT
 10
5.389072138031155
 20
21.669912123646686
 30
0.0
 70
0
  0
VERTEX
  5
40F
  8
TEXT
 10
5.424875203169854
 20
21.65454597293984
 30
0.0
 70
0
  0
VERTEX
  5
410
  8
TEXT
 10
5.45968417863553
 20
21.637932998336588
 30
0.0
 70
0
  0
VERTEX
  5
411
  8
TEXT
 10
5.493499064428181
 20
21.62007319983693
 30
0.0
 70
0
  0
VERTEX
  5
412
  8
TEXT
 10
5.526319860547807
 20
21.600966577440868
 30
0.0
 70
0
  0
VERTEX
  5
413
  8
TEXT
 10
5.5581465669944095
 20
21.5806131311484
 30
0.0
 70
0
  0
VERTEX
  5
414
  8
TEXT
 10
5.588979183767988
 20
21.559012860959527
 30
0.0
 70
0
  0
VERTEX
  5
415
  8
TEXT
 10
5.618709403623694
 20
21.536359057356314
 30
0.0
 70
0
  0
VERTEX
  5
416
  8
TEXT
 10
5.6472289193166825
 20
21.512845010820833
 30
0.0
 70
0
  0
VERTEX
  5
417
  8
TEXT
 10
5.674537730846953
 20
21.488470721353085
 30
0.0
 70
0
  0
VERTEX
  5
418
  8
TEXT
 10
5.700635838214505
 20
21.46323618895307
 30
0.0
 70
0
  0
VERTEX
  5
419
  8
TEXT
 10
5.725523241419339
 20
21.437141413620783
 30
0.0
 70
0
  0
VERTEX
  5
41A
  8
TEXT
 10
5.749199940461454
 20
21.41018639535623
 30
0.0
 70
0
  0
VERTEX
  5
41B
  8
TEXT
 10
5.771665935340852
 20
21.382371134159406
 30
0.0
 70
0
  0
VERTEX
  5
41C
  8
TEXT
 10
5.7929212260575325
 20
21.353695630030316
 30
0.0
 70
0
  0
VERTEX
  5
41D
  8
TEXT
 10
5.812965812611494
 20
21.324159882968956
 30
0.0
 70
0
  0
VERTEX
  5
41E
  8
TEXT
 10
5.831799695002737
 20
21.293763892975328
 30
0.0
 70
0
  0
VERTEX
  5
41F
  8
TEXT
 10
5.849299095600787
 20
21.26263707926589
 30
0.0
 70
0
  0
VERTEX
  5
420
  8
TEXT
 10
5.865340236775168
 20
21.2309088610571
 30
0.0
 70
0
  0
VERTEX
  5
421
  8
TEXT
 10
5.879923118525878
 20
21.198579238348955
 30
0.0
 70
0
  0
VERTEX
  5
422
  8
TEXT
 10
5.89304774085292
 20
21.16564821114146
 30
0.0
 70
0
  0
VERTEX
  5
423
  8
TEXT
 10
5.904714103756291
 20
21.132115779434614
 30
0.0
 70
0
  0
VERTEX
  5
424
  8
TEXT
 10
5.914922207235993
 20
21.09798194322841
 30
0.0
 70
0
  0
VERTEX
  5
425
  8
TEXT
 10
5.923672051292026
 20
21.06324670252286
 30
0.0
 70
0
  0
VERTEX
  5
426
  8
TEXT
 10
5.930963635924389
 20
21.027910057317953
 30
0.0
 70
0
  0
VERTEX
  5
427
  8
TEXT
 10
5.936796961133082
 20
20.991972007613697
 30
0.0
 70
0
  0
VERTEX
  5
428
  8
TEXT
 10
5.941172026918106
 20
20.955432553410088
 30
0.0
 70
0
  0
VERTEX
  5
429
  8
TEXT
 10
5.568313982992996
 20
20.88743668170708
 30
0.0
 70
0
  0
VERTEX
  5
42A
  8
TEXT
 10
5.561711437950833
 20
20.92730387268163
 30
0.0
 70
0
  0
VERTEX
  5
42B
  8
TEXT
 10
5.553001185823061
 20
20.965727173630192
 30
0.0
 70
0
  0
VERTEX
  5
42C
  8
TEXT
 10
5.542183226609681
 20
21.00270658455277
 30
0.0
 70
0
  0
VERTEX
  5
42D
  8
TEXT
 10
5.529257560310691
 20
21.03824210544936
 30
0.0
 70
0
  0
VERTEX
  5
42E
  8
TEXT
 10
5.514224186926092
 20
21.072333736319965
 30
0.0
 70
0
  0
VERTEX
  5
42F
  8
TEXT
 10
5.497083106455884
 20
21.104981477164582
 30
0.0
 70
0
  0
VERTEX
  5
430
  8
TEXT
 10
5.477834318900068
 20
21.136185327983213
 30
0.0
 70
0
  0
VERTEX
  5
431
  8
TEXT
 10
5.456477824258642
 20
21.165945288775855
 30
0.0
 70
0
  0
VERTEX
  5
432
  8
TEXT
 10
5.433013622531608
 20
21.194261359542512
 30
0.0
 70
0
  0
VERTEX
  5
433
  8
TEXT
 10
5.407724000820274
 20
21.22083928131562
 30
0.0
 70
0
  0
VERTEX
  5
434
  8
TEXT
 10
5.38089124622595
 20
21.24538479512761
 30
0.0
 70
0
  0
VERTEX
  5
435
  8
TEXT
 10
5.352515358748635
 20
21.267897900978483
 30
0.0
 70
0
  0
VERTEX
  5
436
  8
TEXT
 10
5.322596338388328
 20
21.288378598868245
 30
0.0
 70
0
  0
VERTEX
  5
437
  8
TEXT
 10
5.291134185145031
 20
21.30682688879689
 30
0.0
 70
0
  0
VERTEX
  5
438
  8
TEXT
 10
5.258128899018744
 20
21.32324277076442
 30
0.0
 70
0
  0
VERTEX
  5
439
  8
TEXT
 10
5.223580480009466
 20
21.337626244770835
 30
0.0
 70
0
  0
VERTEX
  5
43A
  8
TEXT
 10
5.187488928117197
 20
21.349977310816133
 30
0.0
 70
0
  0
VERTEX
  5
43B
  8
TEXT
 10
5.149854243341938
 20
21.360295968900317
 30
0.0
 70
0
  0
VERTEX
  5
43C
  8
TEXT
 10
5.109595822769322
 20
21.368615122008773
 30
0.0
 70
0
  0
VERTEX
  5
43D
  8
TEXT
 10
5.070575781032875
 20
21.3737704877292
 30
0.0
 70
0
  0
VERTEX
  5
43E
  8
TEXT
 10
5.032794118132599
 20
21.375762066061597
 30
0.0
 70
0
  0
VERTEX
  5
43F
  8
TEXT
 10
4.996250834068493
 20
21.374589857005965
 30
0.0
 70
0
  0
VERTEX
  5
440
  8
TEXT
 10
4.960945928840559
 20
21.370253860562308
 30
0.0
 70
0
  0
VERTEX
  5
441
  8
TEXT
 10
4.9274076366870805
 20
21.362832964757164
 30
0.0
 70
0
  0
VERTEX
  5
442
  8
TEXT
 10
4.896164191846341
 20
21.35240605761708
 30
0.0
 70
0
  0
VERTEX
  5
443
  8
TEXT
 10
4.867215594318342
 20
21.338973139142055
 30
0.0
 70
0
  0
VERTEX
  5
444
  8
TEXT
 10
4.8405618441030835
 20
21.32253420933209
 30
0.0
 70
0
  0
VERTEX
  5
445
  8
TEXT
 10
4.816202941200564
 20
21.303089268187186
 30
0.0
 70
0
  0
VERTEX
  5
446
  8
TEXT
 10
4.794511789917067
 20
21.280929838777393
 30
0.0
 70
0
  0
VERTEX
  5
447
  8
TEXT
 10
4.77586129455887
 20
21.25634744417275
 30
0.0
 70
0
  0
VERTEX
  5
448
  8
TEXT
 10
4.760251455125973
 20
21.229342084373265
 30
0.0
 70
0
  0
VERTEX
  5
449
  8
TEXT
 10
4.747682271618378
 20
21.199913759378934
 30
0.0
 70
0
  0
VERTEX
  5
44A
  8
TEXT
 10
4.738153744036083
 20
21.168062469189756
 30
0.0
 70
0
  0
VERTEX
  5
44B
  8
TEXT
 10
4.731742009566573
 20
21.13108094754054
 30
0.0
 70
0
  0
VERTEX
  5
44C
  8
TEXT
 10
4.730561656209604
 20
21.094677906693573
 30
0.0
 70
0
  0
VERTEX
  5
44D
  8
TEXT
 10
4.734612683965175
 20
21.058853346648863
 30
0.0
 70
0
  0
VERTEX
  5
44E
  8
TEXT
 10
4.743895092833288
 20
21.023607267406405
 30
0.0
 70
0
  0
VERTEX
  5
44F
  8
TEXT
 10
4.758408882813941
 20
20.988939668966204
 30
0.0
 70
0
  0
VERTEX
  5
450
  8
TEXT
 10
4.774617482852139
 20
20.960794881732756
 30
0.0
 70
0
  0
VERTEX
  5
451
  8
TEXT
 10
4.794694148738524
 20
20.933657783430874
 30
0.0
 70
0
  0
VERTEX
  5
452
  8
TEXT
 10
4.818638880473099
 20
20.907528374060558
 30
0.0
 70
0
  0
VERTEX
  5
453
  8
TEXT
 10
4.846451678055862
 20
20.882406653621807
 30
0.0
 70
0
  0
VERTEX
  5
454
  8
TEXT
 10
4.8781325414868135
 20
20.858292622114618
 30
0.0
 70
0
  0
VERTEX
  5
455
  8
TEXT
 10
4.913681470765954
 20
20.835186279539
 30
0.0
 70
0
  0
VERTEX
  5
456
  8
TEXT
 10
5.293225065767555
 20
20.60563298672021
 30
0.0
 70
0
  0
VERTEX
  5
457
  8
TEXT
 10
5.330550062611951
 20
20.582329725320086
 30
0.0
 70
0
  0
VERTEX
  5
458
  8
TEXT
 10
5.366080674819392
 20
20.55859496761425
 30
0.0
 70
0
  0
VERTEX
  5
459
  8
TEXT
 10
5.399816902389877
 20
20.534428713602704
 30
0.0
 70
0
  0
VERTEX
  5
45A
  8
TEXT
 10
5.431758745323406
 20
20.50983096328544
 30
0.0
 70
0
  0
VERTEX
  5
45B
  8
TEXT
 10
5.46190620361998
 20
20.484801716662467
 30
0.0
 70
0
  0
VERTEX
  5
45C
  8
TEXT
 10
5.490259277279598
 20
20.45934097373378
 30
0.0
 70
0
  0
VERTEX
  5
45D
  8
TEXT
 10
5.51681796630226
 20
20.43344873449938
 30
0.0
 70
0
  0
VERTEX
  5
45E
  8
TEXT
 10
5.541582270687966
 20
20.407124998959265
 30
0.0
 70
0
  0
VERTEX
  5
45F
  8
TEXT
 10
5.564552190436717
 20
20.38036976711344
 30
0.0
 70
0
  0
VERTEX
  5
460
  8
TEXT
 10
5.585727725548512
 20
20.3531830389619
 30
0.0
 70
0
  0
VERTEX
  5
461
  8
TEXT
 10
5.605108876023351
 20
20.32556481450465
 30
0.0
 70
0
  0
VERTEX
  5
462
  8
TEXT
 10
5.622695641861235
 20
20.297515093741684
 30
0.0
 70
0
  0
VERTEX
  5
463
  8
TEXT
 10
5.638488023062162
 20
20.269033876673003
 30
0.0
 70
0
  0
VERTEX
  5
464
  8
TEXT
 10
5.653574213210912
 20
20.23768059285191
 30
0.0
 70
0
  0
VERTEX
  5
465
  8
TEXT
 10
5.666559874411855
 20
20.20579749936862
 30
0.0
 70
0
  0
VERTEX
  5
466
  8
TEXT
 10
5.67744500666499
 20
20.173384596223137
 30
0.0
 70
0
  0
VERTEX
  5
467
  8
TEXT
 10
5.686229609970318
 20
20.14044188341546
 30
0.0
 70
0
  0
VERTEX
  5
468
  8
TEXT
 10
5.692913684327838
 20
20.106969360945588
 30
0.0
 70
0
  0
VERTEX
  5
469
  8
TEXT
 10
5.69749722973755
 20
20.07296702881352
 30
0.0
 70
0
  0
VERTEX
  5
46A
  8
TEXT
 10
5.6999802461994555
 20
20.038434887019253
 30
0.0
 70
0
  0
VERTEX
  5
46B
  8
TEXT
 10
5.700362733713553
 20
20.003372935562798
 30
0.0
 70
0
  0
VERTEX
  5
46C
  8
TEXT
 10
5.698644692279843
 20
19.967781174444145
 30
0.0
 70
0
  0
VERTEX
  5
46D
  8
TEXT
 10
5.694826121898325
 20
19.931659603663295
 30
0.0
 70
0
  0
VERTEX
  5
46E
  8
TEXT
 10
5.688907022569
 20
19.895008223220252
 30
0.0
 70
0
  0
VERTEX
  5
46F
  8
TEXT
 10
5.680887394291868
 20
19.857827033115015
 30
0.0
 70
0
  0
VERTEX
  5
470
  8
TEXT
 10
5.670715085229034
 20
19.820181257219463
 30
0.0
 70
0
  0
VERTEX
  5
471
  8
TEXT
 10
5.658762620795162
 20
19.783889448265377
 30
0.0
 70
0
  0
VERTEX
  5
472
  8
TEXT
 10
5.64503000099025
 20
19.74895160625276
 30
0.0
 70
0
  0
VERTEX
  5
473
  8
TEXT
 10
5.6295172258143005
 20
19.71536773118161
 30
0.0
 70
0
  0
VERTEX
  5
474
  8
TEXT
 10
5.612224295267312
 20
19.683137823051922
 30
0.0
 70
0
  0
VERTEX
  5
475
  8
TEXT
 10
5.593151209349286
 20
19.6522618818637
 30
0.0
 70
0
  0
VERTEX
  5
476
  8
TEXT
 10
5.57229796806022
 20
19.62273990761695
 30
0.0
 70
0
  0
VERTEX
  5
477
  8
TEXT
 10
5.5496645714001165
 20
19.59457190031166
 30
0.0
 70
0
  0
VERTEX
  5
478
  8
TEXT
 10
5.525251019368975
 20
19.56775785994784
 30
0.0
 70
0
  0
VERTEX
  5
479
  8
TEXT
 10
5.499057311966793
 20
19.542297786525484
 30
0.0
 70
0
  0
VERTEX
  5
47A
  8
TEXT
 10
5.471373956970553
 20
19.518340080922734
 30
0.0
 70
0
  0
VERTEX
  5
47B
  8
TEXT
 10
5.442491462157236
 20
19.496033144017723
 30
0.0
 70
0
  0
VERTEX
  5
47C
  8
TEXT
 10
5.4124098275268375
 20
19.47537697581045
 30
0.0
 70
0
  0
VERTEX
  5
47D
  8
TEXT
 10
5.381129053079362
 20
19.456371576300917
 30
0.0
 70
0
  0
VERTEX
  5
47E
  8
TEXT
 10
5.348649138814807
 20
19.439016945489126
 30
0.0
 70
0
  0
VERTEX
  5
47F
  8
TEXT
 10
5.314970084733172
 20
19.423313083375074
 30
0.0
 70
0
  0
VERTEX
  5
480
  8
TEXT
 10
5.28009189083446
 20
19.409259989958763
 30
0.0
 70
0
  0
VERTEX
  5
481
  8
TEXT
 10
5.2440145571186685
 20
19.396857665240194
 30
0.0
 70
0
  0
VERTEX
  5
482
  8
TEXT
 10
5.2067380835857975
 20
19.386106109219362
 30
0.0
 70
0
  0
VERTEX
  5
483
  8
TEXT
 10
5.168262470235848
 20
19.37700532189627
 30
0.0
 70
0
  0
VERTEX
  5
484
  8
TEXT
 10
5.132441530966035
 20
19.370287471359447
 30
0.0
 70
0
  0
VERTEX
  5
485
  8
TEXT
 10
5.096024500899299
 20
19.365180106974833
 30
0.0
 70
0
  0
VERTEX
  5
486
  8
TEXT
 10
5.059011380035642
 20
19.361683228742425
 30
0.0
 70
0
  0
VERTEX
  5
487
  8
TEXT
 10
5.021402168375064
 20
19.359796836662227
 30
0.0
 70
0
  0
VERTEX
  5
488
  8
TEXT
 10
4.983196865917565
 20
19.359520930734238
 30
0.0
 70
0
  0
VERTEX
  5
489
  8
TEXT
 10
4.944395472663144
 20
19.360855510958455
 30
0.0
 70
0
  0
VERTEX
  5
48A
  8
TEXT
 10
4.904997988611803
 20
19.36380057733488
 30
0.0
 70
0
  0
VERTEX
  5
48B
  8
TEXT
 10
4.86500441376354
 20
19.368356129863518
 30
0.0
 70
0
  0
VERTEX
  5
48C
  8
TEXT
 10
4.824414748118355
 20
19.374522168544363
 30
0.0
 70
0
  0
VERTEX
  5
48D
  8
TEXT
 10
4.783228991676249
 20
19.382298693377415
 30
0.0
 70
0
  0
SEQEND
  5
37F
  8
TEXT
  0
POLYLINE
  5
48E
  8
TEXT
 66
1
 10
0.0
 20
0.0
 30
0.0
 70
1
  0
VERTEX
  5
490
  8
TEXT
 10
7.199928134693922
 20
18.619289882702596
 30
0.0
 70
0
  0
VERTEX
  5
491
  8
TEXT
 10
7.16391859078465
 20
18.633783461791907
 30
0.0
 70
0
  0
VERTEX
  5
492
  8
TEXT
 10
7.128667340230238
 20
18.64912177700289
 30
0.0
 70
0
  0
VERTEX
  5
493
  8
TEXT
 10
7.094174383030685
 20
18.66530482833554
 30
0.0
 70
0
  0
VERTEX
  5
494
  8
TEXT
 10
7.06043971918599
 20
18.682332615789864
 30
0.0
 70
0
  0
VERTEX
  5
495
  8
TEXT
 10
7.027463348696154
 20
18.700205139365856
 30
0.0
 70
0
  0
VERTEX
  5
496
  8
TEXT
 10
6.995245271561177
 20
18.718922399063523
 30
0.0
 70
0
  0
VERTEX
  5
497
  8
TEXT
 10
6.963785487781058
 20
18.738484394882857
 30
0.0
 70
0
  0
VERTEX
  5
498
  8
TEXT
 10
6.933083997355799
 20
18.758891126823862
 30
0.0
 70
0
  0
VERTEX
  5
499
  8
TEXT
 10
6.903140800285398
 20
18.78014259488654
 30
0.0
 70
0
  0
VERTEX
  5
49A
  8
TEXT
 10
6.873955896569855
 20
18.80223879907089
 30
0.0
 70
0
  0
VERTEX
  5
49B
  8
TEXT
 10
6.845529286209173
 20
18.825179739376907
 30
0.0
 70
0
  0
VERTEX
  5
49C
  8
TEXT
 10
6.817860969203348
 20
18.848965415804596
 30
0.0
 70
0
  0
VERTEX
  5
49D
  8
TEXT
 10
6.790950945552383
 20
18.873595828353956
 30
0.0
 70
0
  0
VERTEX
  5
49E
  8
TEXT
 10
6.762747875142654
 20
18.901057629431023
 30
0.0
 70
0
  0
VERTEX
  5
49F
  8
TEXT
 10
6.735622230689464
 20
18.9291620080068
 30
0.0
 70
0
  0
VERTEX
  5
4A0
  8
TEXT
 10
6.709574012192811
 20
18.957908964081284
 30
0.0
 70
0
  0
VERTEX
  5
4A1
  8
TEXT
 10
6.684603219652697
 20
18.98729849765448
 30
0.0
 70
0
  0
VERTEX
  5
4A2
  8
TEXT
 10
6.660709853069121
 20
19.017330608726382
 30
0.0
 70
0
  0
VERTEX
  5
4A3
  8
TEXT
 10
6.637893912442083
 20
19.048005297296996
 30
0.0
 70
0
  0
VERTEX
  5
4A4
  8
TEXT
 10
6.616155397771584
 20
19.07932256336632
 30
0.0
 70
0
  0
VERTEX
  5
4A5
  8
TEXT
 10
6.595494309057622
 20
19.11128240693435
 30
0.0
 70
0
  0
VERTEX
  5
4A6
  8
TEXT
 10
6.575910646300198
 20
19.14388482800109
 30
0.0
 70
0
  0
VERTEX
  5
4A7
  8
TEXT
 10
6.557404409499313
 20
19.177129826566546
 30
0.0
 70
0
  0
VERTEX
  5
4A8
  8
TEXT
 10
6.539975598654965
 20
19.211017402630706
 30
0.0
 70
0
  0
VERTEX
  5
4A9
  8
TEXT
 10
6.523624213767156
 20
19.245547556193575
 30
0.0
 70
0
  0
VERTEX
  5
4AA
  8
TEXT
 10
6.50842556926389
 20
19.28058754547044
 30
0.0
 70
0
  0
VERTEX
  5
4AB
  8
TEXT
 10
6.494454979573175
 20
19.316004628676577
 30
0.0
 70
0
  0
VERTEX
  5
4AC
  8
TEXT
 10
6.481712444695008
 20
19.351798805811995
 30
0.0
 70
0
  0
VERTEX
  5
4AD
  8
TEXT
 10
6.470197964629391
 20
19.387970076876687
 30
0.0
 70
0
  0
VERTEX
  5
4AE
  8
TEXT
 10
6.459911539376324
 20
19.42451844187066
 30
0.0
 70
0
  0
VERTEX
  5
4AF
  8
TEXT
 10
6.450853168935806
 20
19.461443900793906
 30
0.0
 70
0
  0
VERTEX
  5
4B0
  8
TEXT
 10
6.443022853307838
 20
19.498746453646433
 30
0.0
 70
0
  0
VERTEX
  5
4B1
  8
TEXT
 10
6.43642059249242
 20
19.536426100428233
 30
0.0
 70
0
  0
VERTEX
  5
4B2
  8
TEXT
 10
6.431046386489551
 20
19.57448284113931
 30
0.0
 70
0
  0
VERTEX
  5
4B3
  8
TEXT
 10
6.4269002352992315
 20
19.61291667577967
 30
0.0
 70
0
  0
VERTEX
  5
4B4
  8
TEXT
 10
6.4239821389214615
 20
19.6517276043493
 30
0.0
 70
0
  0
VERTEX
  5
4B5
  8
TEXT
 10
6.422292097356241
 20
19.69091562684821
 30
0.0
 70
0
  0
VERTEX
  5
4B6
  8
TEXT
 10
6.4218815556300894
 20
19.727273343670895
 30
0.0
 70
0
  0
VERTEX
  5
4B7
  8
TEXT
 10
6.422636418129688
 20
19.763651288975474
 30
0.0
 70
0
  0
VERTEX
  5
4B8
  8
TEXT
 10
6.424556684855036
 20
19.800049462761947
 30
0.0
 70
0
  0
VERTEX
  5
4B9
  8
TEXT
 10
6.4276423558061335
 20
19.83646786503032
 30
0.0
 70
0
  0
VERTEX
  5
4BA
  8
TEXT
 10
6.431893430982981
 20
19.872906495780583
 30
0.0
 70
0
  0
VERTEX
  5
4BB
  8
TEXT
 10
6.437309910385579
 20
19.909365355012746
 30
0.0
 70
0
  0
VERTEX
  5
4BC
  8
TEXT
 10
6.443891794013927
 20
19.945844442726802
 30
0.0
 70
0
  0
VERTEX
  5
4BD
  8
TEXT
 10
6.4516390818680245
 20
19.982343758922752
 30
0.0
 70
0
  0
VERTEX
  5
4BE
  8
TEXT
 10
6.460551773947872
 20
20.0188633036006
 30
0.0
 70
0
  0
VERTEX
  5
4BF
  8
TEXT
 10
6.470629870253469
 20
20.055403076760342
 30
0.0
 70
0
  0
VERTEX
  5
4C0
  8
TEXT
 10
6.481873370784816
 20
20.091963078401978
 30
0.0
 70
0
  0
VERTEX
  5
4C1
  8
TEXT
 10
6.494282275541913
 20
20.12854330852551
 30
0.0
 70
0
  0
VERTEX
  5
4C2
  8
TEXT
 10
6.50785658452476
 20
20.16514376713094
 30
0.0
 70
0
  0
VERTEX
  5
4C3
  8
TEXT
 10
6.522426063673558
 20
20.20134959150069
 30
0.0
 70
0
  0
VERTEX
  5
4C4
  8
TEXT
 10
6.537820478928508
 20
20.2367459189172
 30
0.0
 70
0
  0
VERTEX
  5
4C5
  8
TEXT
 10
6.554039830289611
 20
20.271332749380463
 30
0.0
 70
0
  0
VERTEX
  5
4C6
  8
TEXT
 10
6.5710841177568655
 20
20.30511008289048
 30
0.0
 70
0
  0
VERTEX
  5
4C7
  8
TEXT
 10
6.5889533413302726
 20
20.33807791944725
 30
0.0
 70
0
  0
VERTEX
  5
4C8
  8
TEXT
 10
6.607647501009833
 20
20.370236259050778
 30
0.0
 70
0
  0
VERTEX
  5
4C9
  8
TEXT
 10
6.627166596795544
 20
20.40158510170106
 30
0.0
 70
0
  0
VERTEX
  5
4CA
  8
TEXT
 10
6.647510628687408
 20
20.432124447398092
 30
0.0
 70
0
  0
VERTEX
  5
4CB
  8
TEXT
 10
6.6686795966854255
 20
20.461854296141883
 30
0.0
 70
0
  0
VERTEX
  5
4CC
  8
TEXT
 10
6.690673500789594
 20
20.49077464793243
 30
0.0
 70
0
  0
VERTEX
  5
4CD
  8
TEXT
 10
6.713492340999915
 20
20.518885502769727
 30
0.0
 70
0
  0
VERTEX
  5
4CE
  8
TEXT
 10
6.737136117316389
 20
20.546186860653783
 30
0.0
 70
0
  0
VERTEX
  5
4CF
  8
TEXT
 10
6.7616048297390146
 20
20.57267872158459
 30
0.0
 70
0
  0
VERTEX
  5
4D0
  8
TEXT
 10
6.788900761707712
 20
20.600393301258954
 30
0.0
 70
0
  0
VERTEX
  5
4D1
  8
TEXT
 10
6.816879333249782
 20
20.627014963297967
 30
0.0
 70
0
  0
VERTEX
  5
4D2
  8
TEXT
 10
6.845540544365225
 20
20.652543707701636
 30
0.0
 70
0
  0
VERTEX
  5
4D3
  8
TEXT
 10
6.87488439505404
 20
20.676979534469957
 30
0.0
 70
0
  0
VERTEX
  5
4D4
  8
TEXT
 10
6.904910885316228
 20
20.700322443602936
 30
0.0
 70
0
  0
VERTEX
  5
4D5
  8
TEXT
 10
6.93562001515179
 20
20.722572435100563
 30
0.0
 70
0
  0
VERTEX
  5
4D6
  8
TEXT
 10
6.967011784560725
 20
20.743729508962847
 30
0.0
 70
0
  0
VERTEX
  5
4D7
  8
TEXT
 10
6.999086193543032
 20
20.76379366518978
 30
0.0
 70
0
  0
VERTEX
  5
4D8
  8
TEXT
 10
7.031843242098713
 20
20.78276490378137
 30
0.0
 70
0
  0
VERTEX
  5
4D9
  8
TEXT
 10
7.065282930227766
 20
20.800643224737613
 30
0.0
 70
0
  0
VERTEX
  5
4DA
  8
TEXT
 10
7.099405257930192
 20
20.817428628058508
 30
0.0
 70
0
  0
VERTEX
  5
4DB
  8
TEXT
 10
7.134210225205991
 20
20.83312111374406
 30
0.0
 70
0
  0
VERTEX
  5
4DC
  8
TEXT
 10
7.16953504371445
 20
20.84765698612536
 30
0.0
 70
0
  0
VERTEX
  5
4DD
  8
TEXT
 10
7.205216925114853
 20
20.86097254953352
 30
0.0
 70
0
  0
VERTEX
  5
4DE
  8
TEXT
 10
7.241255869407201
 20
20.873067803968535
 30
0.0
 70
0
  0
VERTEX
  5
4DF
  8
TEXT
 10
7.277651876591495
 20
20.883942749430403
 30
0.0
 70
0
  0
VERTEX
  5
4E0
  8
TEXT
 10
7.314404946667734
 20
20.893597385919122
 30
0.0
 70
0
  0
VERTEX
  5
4E1
  8
TEXT
 10
7.351515079635918
 20
20.902031713434702
 30
0.0
 70
0
  0
VERTEX
  5
4E2
  8
TEXT
 10
7.388982275496048
 20
20.909245731977133
 30
0.0
 70
0
  0
VERTEX
  5
4E3
  8
TEXT
 10
7.426806534248122
 20
20.91523944154642
 30
0.0
 70
0
  0
VERTEX
  5
4E4
  8
TEXT
 10
7.464987855892142
 20
20.92001284214256
 30
0.0
 70
0
  0
VERTEX
  5
4E5
  8
TEXT
 10
7.503526240428107
 20
20.923565933765556
 30
0.0
 70
0
  0
VERTEX
  5
4E6
  8
TEXT
 10
7.542421687856017
 20
20.925898716415407
 30
0.0
 70
0
  0
VERTEX
  5
4E7
  8
TEXT
 10
7.581674198175872
 20
20.92701119009211
 30
0.0
 70
0
  0
VERTEX
  5
4E8
  8
TEXT
 10
7.618088797128911
 20
20.926909235097796
 30
0.0
 70
0
  0
VERTEX
  5
4E9
  8
TEXT
 10
7.6545368245741905
 20
20.925676011609987
 30
0.0
 70
0
  0
VERTEX
  5
4EA
  8
TEXT
 10
7.69101828051171
 20
20.923311519628687
 30
0.0
 70
0
  0
VERTEX
  5
4EB
  8
TEXT
 10
7.727533164941472
 20
20.91981575915389
 30
0.0
 70
0
  0
VERTEX
  5
4EC
  8
TEXT
 10
7.764081477863474
 20
20.91518873018561
 30
0.0
 70
0
  0
VERTEX
  5
4ED
  8
TEXT
 10
7.800663219277718
 20
20.90943043272383
 30
0.0
 70
0
  0
VERTEX
  5
4EE
  8
TEXT
 10
7.837278389184202
 20
20.90254086676856
 30
0.0
 70
0
  0
VERTEX
  5
4EF
  8
TEXT
 10
7.873926987582927
 20
20.8945200323198
 30
0.0
 70
0
  0
VERTEX
  5
4F0
  8
TEXT
 10
7.910609014473893
 20
20.885367929377544
 30
0.0
 70
0
  0
VERTEX
  5
4F1
  8
TEXT
 10
7.947324469857101
 20
20.8750845579418
 30
0.0
 70
0
  0
VERTEX
  5
4F2
  8
TEXT
 10
7.9840733537325494
 20
20.86366991801256
 30
0.0
 70
0
  0
VERTEX
  5
4F3
  8
TEXT
 10
8.020855666100239
 20
20.85112400958983
 30
0.0
 70
0
  0
VERTEX
  5
4F4
  8
TEXT
 10
8.057671406960168
 20
20.83744683267361
 30
0.0
 70
0
  0
VERTEX
  5
4F5
  8
TEXT
 10
8.09410764752266
 20
20.822788253454977
 30
0.0
 70
0
  0
VERTEX
  5
4F6
  8
TEXT
 10
8.129751458998037
 20
20.80729813812502
 30
0.0
 70
0
  0
VERTEX
  5
4F7
  8
TEXT
 10
8.164602841386296
 20
20.79097648668374
 30
0.0
 70
0
  0
VERTEX
  5
4F8
  8
TEXT
 10
8.198661794687439
 20
20.773823299131134
 30
0.0
 70
0
  0
VERTEX
  5
4F9
  8
TEXT
 10
8.231928318901465
 20
20.7558385754672
 30
0.0
 70
0
  0
VERTEX
  5
4FA
  8
TEXT
 10
8.264402414028375
 20
20.737022315691945
 30
0.0
 70
0
  0
VERTEX
  5
4FB
  8
TEXT
 10
8.29608408006817
 20
20.71737451980536
 30
0.0
 70
0
  0
VERTEX
  5
4FC
  8
TEXT
 10
8.326973317020846
 20
20.696895187807456
 30
0.0
 70
0
  0
VERTEX
  5
4FD
  8
TEXT
 10
8.357070124886405
 20
20.675584319698224
 30
0.0
 70
0
  0
VERTEX
  5
4FE
  8
TEXT
 10
8.38637450366485
 20
20.653441915477664
 30
0.0
 70
0
  0
VERTEX
  5
4FF
  8
TEXT
 10
8.414886453356177
 20
20.630467975145784
 30
0.0
 70
0
  0
VERTEX
  5
500
  8
TEXT
 10
8.442605973960388
 20
20.606662498702576
 30
0.0
 70
0
  0
VERTEX
  5
501
  8
TEXT
 10
8.469533065477483
 20
20.58202548614804
 30
0.0
 70
0
  0
VERTEX
  5
502
  8
TEXT
 10
8.497740008806913
 20
20.554573700589643
 30
0.0
 70
0
  0
VERTEX
  5
503
  8
TEXT
 10
8.52487727201921
 20
20.526499368569862
 30
0.0
 70
0
  0
VERTEX
  5
504
  8
TEXT
 10
8.550944855114373
 20
20.497802490088706
 30
0.0
 70
0
  0
VERTEX
  5
505
  8
TEXT
 10
8.575942758092403
 20
20.468483065146174
 30
0.0
 70
0
  0
VERTEX
  5
506
  8
TEXT
 10
8.599870980953296
 20
20.438541093742263
 30
0.0
 70
0
  0
VERTEX
  5
507
  8
TEXT
 10
8.622729523697057
 20
20.407976575876972
 30
0.0
 70
0
  0
VERTEX
  5
508
  8
TEXT
 10
8.644518386323686
 20
20.376789511550307
 30
0.0
 70
0
  0
VERTEX
  5
509
  8
TEXT
 10
8.665237568833179
 20
20.34497990076226
 30
0.0
 70
0
  0
VERTEX
  5
50A
  8
TEXT
 10
8.684887071225539
 20
20.31254774351284
 30
0.0
 70
0
  0
VERTEX
  5
50B
  8
TEXT
 10
8.703466893500764
 20
20.27949303980204
 30
0.0
 70
0
  0
VERTEX
  5
50C
  8
TEXT
 10
8.720977035658855
 20
20.245815789629866
 30
0.0
 70
0
  0
VERTEX
  5
50D
  8
TEXT
 10
8.737417497699814
 20
20.21151599299631
 30
0.0
 70
0
  0
VERTEX
  5
50E
  8
TEXT
 10
8.75270909227593
 20
20.17671637616743
 30
0.0
 70
0
  0
VERTEX
  5
50F
  8
TEXT
 10
8.766772632039498
 20
20.14153966540927
 30
0.0
 70
0
  0
VERTEX
  5
510
  8
TEXT
 10
8.779608116990513
 20
20.105985860721834
 30
0.0
 70
0
  0
VERTEX
  5
511
  8
TEXT
 10
8.791215547128981
 20
20.07005496210512
 30
0.0
 70
0
  0
VERTEX
  5
512
  8
TEXT
 10
8.801594922454898
 20
20.033746969559132
 30
0.0
 70
0
  0
VERTEX
  5
513
  8
TEXT
 10
8.810746242968268
 20
19.997061883083866
 30
0.0
 70
0
  0
VERTEX
  5
514
  8
TEXT
 10
8.818669508669085
 20
19.959999702679323
 30
0.0
 70
0
  0
VERTEX
  5
515
  8
TEXT
 10
8.825364719557355
 20
19.922560428345502
 30
0.0
 70
0
  0
VERTEX
  5
516
  8
TEXT
 10
8.830831875633075
 20
19.884744060082404
 30
0.0
 70
0
  0
VERTEX
  5
517
  8
TEXT
 10
8.835070976896246
 20
19.84655059789003
 30
0.0
 70
0
  0
VERTEX
  5
518
  8
TEXT
 10
8.838082023346866
 20
19.807980041768378
 30
0.0
 70
0
  0
VERTEX
  5
519
  8
TEXT
 10
8.839865014984937
 20
19.769032391717452
 30
0.0
 70
0
  0
VERTEX
  5
51A
  8
TEXT
 10
8.840358056775749
 20
19.732888023221378
 30
0.0
 70
0
  0
VERTEX
  5
51B
  8
TEXT
 10
8.839679094335638
 20
19.69670635837728
 30
0.0
 70
0
  0
VERTEX
  5
51C
  8
TEXT
 10
8.837828127664604
 20
19.660487397185157
 30
0.0
 70
0
  0
VERTEX
  5
51D
  8
TEXT
 10
8.834805156762648
 20
19.624231139645012
 30
0.0
 70
0
  0
VERTEX
  5
51E
  8
TEXT
 10
8.83061018162977
 20
19.58793758575684
 30
0.0
 70
0
  0
VERTEX
  5
51F
  8
TEXT
 10
8.825243202265968
 20
19.551606735520647
 30
0.0
 70
0
  0
VERTEX
  5
520
  8
TEXT
 10
8.818704218671243
 20
19.515238588936427
 30
0.0
 70
0
  0
VERTEX
  5
521
  8
TEXT
 10
8.810993230845597
 20
19.478833146004185
 30
0.0
 70
0
  0
VERTEX
  5
522
  8
TEXT
 10
8.802110238789027
 20
19.44239040672392
 30
0.0
 70
0
  0
VERTEX
  5
523
  8
TEXT
 10
8.792055242501535
 20
19.405910371095626
 30
0.0
 70
0
  0
VERTEX
  5
524
  8
TEXT
 10
8.78082824198312
 20
19.369393039119313
 30
0.0
 70
0
  0
VERTEX
  5
525
  8
TEXT
 10
8.768429237233782
 20
19.332838410794974
 30
0.0
 70
0
  0
VERTEX
  5
526
  8
TEXT
 10
8.754858228253521
 20
19.29624648612261
 30
0.0
 70
0
  0
VERTEX
  5
527
  8
TEXT
 10
8.74026838123601
 20
19.260038727824963
 30
0.0
 70
0
  0
VERTEX
  5
528
  8
TEXT
 10
8.724812862374913
 20
19.224636598624784
 30
0.0
 70
0
  0
VERTEX
  5
529
  8
TEXT
 10
8.708491671670235
 20
19.19004009852206
 30
0.0
 70
0
  0
VERTEX
  5
52A
  8
TEXT
 10
8.691304809121972
 20
19.156249227516803
 30
0.0
 70
0
  0
VERTEX
  5
52B
  8
TEXT
 10
8.673252274730128
 20
19.123263985609007
 30
0.0
 70
0
  0
VERTEX
  5
52C
  8
TEXT
 10
8.6543340684947
 20
19.091084372798672
 30
0.0
 70
0
  0
VERTEX
  5
52D
  8
TEXT
 10
8.63455019041569
 20
19.0597103890858
 30
0.0
 70
0
  0
VERTEX
  5
52E
  8
TEXT
 10
8.613900640493096
 20
19.029142034470393
 30
0.0
 70
0
  0
VERTEX
  5
52F
  8
TEXT
 10
8.59238541872692
 20
18.999379308952445
 30
0.0
 70
0
  0
VERTEX
  5
530
  8
TEXT
 10
8.570004525117161
 20
18.97042221253196
 30
0.0
 70
0
  0
VERTEX
  5
531
  8
TEXT
 10
8.54675795966382
 20
18.942270745208937
 30
0.0
 70
0
  0
VERTEX
  5
532
  8
TEXT
 10
8.522645722366896
 20
18.914924906983376
 30
0.0
 70
0
  0
VERTEX
  5
533
  8
TEXT
 10
8.49766781322639
 20
18.88838469785528
 30
0.0
 70
0
  0
VERTEX
  5
534
  8
TEXT
 10
8.469822090245911
 20
18.8606179155579
 30
0.0
 70
0
  0
VERTEX
  5
535
  8
TEXT
 10
8.441341535606131
 20
18.833948590254387
 30
0.0
 70
0
  0
VERTEX
  5
536
  8
TEXT
 10
8.412226149307044
 20
18.808376721944747
 30
0.0
 70
0
  0
VERTEX
  5
537
  8
TEXT
 10
8.382475931348653
 20
18.783902310628978
 30
0.0
 70
0
  0
VERTEX
  5
538
  8
TEXT
 10
8.352090881730955
 20
18.760525356307078
 30
0.0
 70
0
  0
VERTEX
  5
539
  8
TEXT
 10
8.321071000453953
 20
18.738245858979045
 30
0.0
 70
0
  0
VERTEX
  5
53A
  8
TEXT
 10
8.289416287517646
 20
18.717063818644885
 30
0.0
 70
0
  0
VERTEX
  5
53B
  8
TEXT
 10
8.257126742922033
 20
18.696979235304596
 30
0.0
 70
0
  0
VERTEX
  5
53C
  8
TEXT
 10
8.224202366667116
 20
18.677992108958176
 30
0.0
 70
0
  0
VERTEX
  5
53D
  8
TEXT
 10
8.190643158752893
 20
18.660102439605623
 30
0.0
 70
0
  0
VERTEX
  5
53E
  8
TEXT
 10
8.156449119179365
 20
18.643310227246943
 30
0.0
 70
0
  0
VERTEX
  5
53F
  8
TEXT
 10
8.121620247946533
 20
18.62761547188213
 30
0.0
 70
0
  0
VERTEX
  5
540
  8
TEXT
 10
8.084698385496434
 20
18.612050783647778
 30
0.0
 70
0
  0
VERTEX
  5
541
  8
TEXT
 10
8.047530410745832
 20
18.597907579373544
 30
0.0
 70
0
  0
VERTEX
  5
542
  8
TEXT
 10
8.010116323694728
 20
18.58518585905943
 30
0.0
 70
0
  0
VERTEX
  5
543
  8
TEXT
 10
7.972456124343121
 20
18.573885622705436
 30
0.0
 70
0
  0
VERTEX
  5
544
  8
TEXT
 10
7.934549812691011
 20
18.564006870311566
 30
0.0
 70
0
  0
VERTEX
  5
545
  8
TEXT
 10
8.027303658626359
 20
18.040719194268085
 30
0.0
 70
0
  0
VERTEX
  5
546
  8
TEXT
 10
7.609055599138976
 20
18.2024523210283
 30
0.0
 70
0
  0
VERTEX
  5
547
  8
TEXT
 10
7.552372996271162
 20
18.536054891306826
 30
0.0
 70
0
  0
VERTEX
  5
548
  8
TEXT
 10
7.517079946317496
 20
18.539622438073213
 30
0.0
 70
0
  0
VERTEX
  5
549
  8
TEXT
 10
7.481797688318484
 20
18.544246863144757
 30
0.0
 70
0
  0
VERTEX
  5
54A
  8
TEXT
 10
7.446526222274126
 20
18.54992816652145
 30
0.0
 70
0
  0
VERTEX
  5
54B
  8
TEXT
 10
7.411265548184422
 20
18.556666348203297
 30
0.0
 70
0
  0
VERTEX
  5
54C
  8
TEXT
 10
7.376015666049371
 20
18.564461408190297
 30
0.0
 70
0
  0
VERTEX
  5
54D
  8
TEXT
 10
7.340776575868974
 20
18.57331334648245
 30
0.0
 70
0
  0
VERTEX
  5
54E
  8
TEXT
 10
7.30554827764323
 20
18.58322216307976
 30
0.0
 70
0
  0
VERTEX
  5
54F
  8
TEXT
 10
7.27033077137214
 20
18.59418785798222
 30
0.0
 70
0
  0
VERTEX
  5
550
  8
TEXT
 10
7.235124057055704
 20
18.606210431189833
 30
0.0
 70
0
  0
SEQEND
  5
48F
  8
TEXT
  0
POLYLINE
  5
551
  8
TEXT
 66
1
 10
0.0
 20
0.0
 30
0.0
 70
1
  0
VERTEX
  5
553
  8
TEXT
 10
7.3382378430957615
 20
18.976964085298704
 30
0.0
 70
0
  0
VERTEX
  5
554
  8
TEXT
 10
7.374392281175516
 20
18.96381240426968
 30
0.0
 70
0
  0
VERTEX
  5
555
  8
TEXT
 10
7.410743861020403
 20
18.95224238303782
 30
0.0
 70
0
  0
VERTEX
  5
556
  8
TEXT
 10
7.447292582630421
 20
18.942254021603127
 30
0.0
 70
0
  0
VERTEX
  5
557
  8
TEXT
 10
7.484038446005572
 20
18.933847319965594
 30
0.0
 70
0
  0
VERTEX
  5
558
  8
TEXT
 10
7.372634243152017
 20
19.580399441645365
 30
0.0
 70
0
  0
VERTEX
  5
559
  8
TEXT
 10
7.782228894512075
 20
19.422012517507774
 30
0.0
 70
0
  0
VERTEX
  5
55A
  8
TEXT
 10
7.865099861551213
 20
18.958914829594555
 30
0.0
 70
0
  0
VERTEX
  5
55B
  8
TEXT
 10
7.8918083153023275
 20
18.967007919910046
 30
0.0
 70
0
  0
VERTEX
  5
55C
  8
TEXT
 10
7.917730516386078
 20
18.97687873033664
 30
0.0
 70
0
  0
VERTEX
  5
55D
  8
TEXT
 10
7.942866464802465
 20
18.98852726087434
 30
0.0
 70
0
  0
VERTEX
  5
55E
  8
TEXT
 10
7.977348243031452
 20
19.004880082392884
 30
0.0
 70
0
  0
VERTEX
  5
55F
  8
TEXT
 10
8.010795848343701
 20
19.0229798481711
 30
0.0
 70
0
  0
VERTEX
  5
560
  8
TEXT
 10
8.043209280739214
 20
19.04282655820899
 30
0.0
 70
0
  0
VERTEX
  5
561
  8
TEXT
 10
8.07458854021799
 20
19.06442021250655
 30
0.0
 70
0
  0
VERTEX
  5
562
  8
TEXT
 10
8.10493362678003
 20
19.087760811063784
 30
0.0
 70
0
  0
VERTEX
  5
563
  8
TEXT
 10
8.134244540425332
 20
19.11284835388069
 30
0.0
 70
0
  0
VERTEX
  5
564
  8
TEXT
 10
8.162521281153898
 20
19.13968284095727
 30
0.0
 70
0
  0
VERTEX
  5
565
  8
TEXT
 10
8.189763848965725
 20
19.16826427229352
 30
0.0
 70
0
  0
VERTEX
  5
566
  8
TEXT
 10
8.212971196879195
 20
19.19498604662361
 30
0.0
 70
0
  0
VERTEX
  5
567
  8
TEXT
 10
8.235081273769005
 20
19.222787096785282
 30
0.0
 70
0
  0
VERTEX
  5
568
  8
TEXT
 10
8.256094079635156
 20
19.251667422778535
 30
0.0
 70
0
  0
VERTEX
  5
569
  8
TEXT
 10
8.27600961447765
 20
19.28162702460337
 30
0.0
 70
0
  0
VERTEX
  5
56A
  8
TEXT
 10
8.294827878296484
 20
19.312665902259788
 30
0.0
 70
0
  0
VERTEX
  5
56B
  8
TEXT
 10
8.31254887109166
 20
19.344784055747784
 30
0.0
 70
0
  0
VERTEX
  5
56C
  8
TEXT
 10
8.329172592863177
 20
19.377981485067366
 30
0.0
 70
0
  0
VERTEX
  5
56D
  8
TEXT
 10
8.344699043611037
 20
19.412258190218527
 30
0.0
 70
0
  0
VERTEX
  5
56E
  8
TEXT
 10
8.359128223335237
 20
19.44761417120127
 30
0.0
 70
0
  0
VERTEX
  5
56F
  8
TEXT
 10
8.372232920746587
 20
19.48346185092053
 30
0.0
 70
0
  0
VERTEX
  5
570
  8
TEXT
 10
8.383785924555898
 20
19.519213652281238
 30
0.0
 70
0
  0
VERTEX
  5
571
  8
TEXT
 10
8.39378723476317
 20
19.5548695752834
 30
0.0
 70
0
  0
VERTEX
  5
572
  8
TEXT
 10
8.402236851368402
 20
19.590429619927015
 30
0.0
 70
0
  0
VERTEX
  5
573
  8
TEXT
 10
8.409134774371594
 20
19.625893786212078
 30
0.0
 70
0
  0
VERTEX
  5
574
  8
TEXT
 10
8.414481003772748
 20
19.66126207413859
 30
0.0
 70
0
  0
VERTEX
  5
575
  8
TEXT
 10
8.418275539571859
 20
19.696534483706557
 30
0.0
 70
0
  0
VERTEX
  5
576
  8
TEXT
 10
8.420518381768932
 20
19.731711014915973
 30
0.0
 70
0
  0
VERTEX
  5
577
  8
TEXT
 10
8.421209530363965
 20
19.766791667766842
 30
0.0
 70
0
  0
VERTEX
  5
578
  8
TEXT
 10
8.420183989874372
 20
19.80594148285798
 30
0.0
 70
0
  0
VERTEX
  5
579
  8
TEXT
 10
8.417297939369064
 20
19.844567322370303
 30
0.0
 70
0
  0
VERTEX
  5
57A
  8
TEXT
 10
8.41255137884804
 20
19.88266918630382
 30
0.0
 70
0
  0
VERTEX
  5
57B
  8
TEXT
 10
8.4059443083113
 20
19.92024707465852
 30
0.0
 70
0
  0
VERTEX
  5
57C
  8
TEXT
 10
8.397476727758844
 20
19.95730098743441
 30
0.0
 70
0
  0
VERTEX
  5
57D
  8
TEXT
 10
8.387148637190673
 20
19.993830924631492
 30
0.0
 70
0
  0
VERTEX
  5
57E
  8
TEXT
 10
8.374960036606787
 20
20.029836886249758
 30
0.0
 70
0
  0
VERTEX
  5
57F
  8
TEXT
 10
8.360910926007184
 20
20.065318872289215
 30
0.0
 70
0
  0
VERTEX
  5
580
  8
TEXT
 10
8.345125693020883
 20
20.09999564187291
 30
0.0
 70
0
  0
VERTEX
  5
581
  8
TEXT
 10
8.327728725276897
 20
20.133585954123888
 30
0.0
 70
0
  0
VERTEX
  5
582
  8
TEXT
 10
8.30872002277523
 20
20.16608980904215
 30
0.0
 70
0
  0
VERTEX
  5
583
  8
TEXT
 10
8.28809958551588
 20
20.197507206627694
 30
0.0
 70
0
  0
VERTEX
  5
584
  8
TEXT
 10
8.265867413498846
 20
20.22783814688053
 30
0.0
 70
0
  0
VERTEX
  5
585
  8
TEXT
 10
8.24202350672413
 20
20.257082629800642
 30
0.0
 70
0
  0
VERTEX
  5
586
  8
TEXT
 10
8.216567865191731
 20
20.285240655388044
 30
0.0
 70
0
  0
VERTEX
  5
587
  8
TEXT
 10
8.189500488901649
 20
20.31231222364273
 30
0.0
 70
0
  0
VERTEX
  5
588
  8
TEXT
 10
8.16415994383416
 20
20.3353334142557
 30
0.0
 70
0
  0
VERTEX
  5
589
  8
TEXT
 10
8.137690741820894
 20
20.357235493493143
 30
0.0
 70
0
  0
VERTEX
  5
58A
  8
TEXT
 10
8.11009288286185
 20
20.378018461355055
 30
0.0
 70
0
  0
VERTEX
  5
58B
  8
TEXT
 10
8.081366366957024
 20
20.397682317841436
 30
0.0
 70
0
  0
VERTEX
  5
58C
  8
TEXT
 10
8.051511194106421
 20
20.416227062952288
 30
0.0
 70
0
  0
VERTEX
  5
58D
  8
TEXT
 10
8.020527364310038
 20
20.43365269668761
 30
0.0
 70
0
  0
VERTEX
  5
58E
  8
TEXT
 10
7.988414877567876
 20
20.449959219047404
 30
0.0
 70
0
  0
VERTEX
  5
58F
  8
TEXT
 10
7.955173733879936
 20
20.465146630031665
 30
0.0
 70
0
  0
VERTEX
  5
590
  8
TEXT
 10
7.920803933246217
 20
20.4792149296404
 30
0.0
 70
0
  0
VERTEX
  5
591
  8
TEXT
 10
7.8859108581283
 20
20.49193002139383
 30
0.0
 70
0
  0
VERTEX
  5
592
  8
TEXT
 10
7.85109989098777
 20
20.503057808812187
 30
0.0
 70
0
  0
VERTEX
  5
593
  8
TEXT
 10
7.816371031824627
 20
20.512598291895472
 30
0.0
 70
0
  0
VERTEX
  5
594
  8
TEXT
 10
7.781724280638867
 20
20.520551470643678
 30
0.0
 70
0
  0
VERTEX
  5
595
  8
TEXT
 10
7.747159637430496
 20
20.526917345056816
 30
0.0
 70
0
  0
VERTEX
  5
596
  8
TEXT
 10
7.7126771021995095
 20
20.531695915134875
 30
0.0
 70
0
  0
VERTEX
  5
597
  8
TEXT
 10
7.678276674945908
 20
20.534887180877863
 30
0.0
 70
0
  0
VERTEX
  5
598
  8
TEXT
 10
7.643958355669694
 20
20.536491142285776
 30
0.0
 70
0
  0
VERTEX
  5
599
  8
TEXT
 10
7.609722144370865
 20
20.536507799358617
 30
0.0
 70
0
  0
VERTEX
  5
59A
  8
TEXT
 10
7.57148333120004
 20
20.534689604021555
 30
0.0
 70
0
  0
VERTEX
  5
59B
  8
TEXT
 10
7.53370599563537
 20
20.53098325697344
 30
0.0
 70
0
  0
VERTEX
  5
59C
  8
TEXT
 10
7.496390137676856
 20
20.525388758214273
 30
0.0
 70
0
  0
VERTEX
  5
59D
  8
TEXT
 10
7.459535757324497
 20
20.517906107744054
 30
0.0
 70
0
  0
VERTEX
  5
59E
  8
TEXT
 10
7.423142854578294
 20
20.50853530556278
 30
0.0
 70
0
  0
VERTEX
  5
59F
  8
TEXT
 10
7.387211429438246
 20
20.497276351670457
 30
0.0
 70
0
  0
VERTEX
  5
5A0
  8
TEXT
 10
7.351741481904353
 20
20.48412924606708
 30
0.0
 70
0
  0
VERTEX
  5
5A1
  8
TEXT
 10
7.316733011976616
 20
20.46909398875265
 30
0.0
 70
0
  0
VERTEX
  5
5A2
  8
TEXT
 10
7.2824447256149885
 20
20.452303681425512
 30
0.0
 70
0
  0
VERTEX
  5
5A3
  8
TEXT
 10
7.249135328779424
 20
20.43389142578402
 30
0.0
 70
0
  0
VERTEX
  5
5A4
  8
TEXT
 10
7.216804821469922
 20
20.41385722182816
 30
0.0
 70
0
  0
VERTEX
  5
5A5
  8
TEXT
 10
7.185453203686483
 20
20.39220106955794
 30
0.0
 70
0
  0
VERTEX
  5
5A6
  8
TEXT
 10
7.155080475429107
 20
20.368922968973365
 30
0.0
 70
0
  0
VERTEX
  5
5A7
  8
TEXT
 10
7.125686636697793
 20
20.344022920074426
 30
0.0
 70
0
  0
VERTEX
  5
5A8
  8
TEXT
 10
7.097271687492543
 20
20.31750092286113
 30
0.0
 70
0
  0
VERTEX
  5
5A9
  8
TEXT
 10
7.069835627813355
 20
20.28935697733347
 30
0.0
 70
0
  0
VERTEX
  5
5AA
  8
TEXT
 10
7.046442636908981
 20
20.263054942474056
 30
0.0
 70
0
  0
VERTEX
  5
5AB
  8
TEXT
 10
7.024168757380138
 20
20.235624250668863
 30
0.0
 70
0
  0
VERTEX
  5
5AC
  8
TEXT
 10
7.003013989226823
 20
20.207064901917896
 30
0.0
 70
0
  0
VERTEX
  5
5AD
  8
TEXT
 10
6.982978332449039
 20
20.177376896221144
 30
0.0
 70
0
  0
VERTEX
  5
5AE
  8
TEXT
 10
6.964061787046784
 20
20.146560233578615
 30
0.0
 70
0
  0
VERTEX
  5
5AF
  8
TEXT
 10
6.946264353020059
 20
20.11461491399031
 30
0.0
 70
0
  0
VERTEX
  5
5B0
  8
TEXT
 10
6.9295860303688634
 20
20.08154093745622
 30
0.0
 70
0
  0
VERTEX
  5
5B1
  8
TEXT
 10
6.914026819093198
 20
20.047338303976357
 30
0.0
 70
0
  0
VERTEX
  5
5B2
  8
TEXT
 10
6.899586719193063
 20
20.01200701355071
 30
0.0
 70
0
  0
VERTEX
  5
5B3
  8
TEXT
 10
6.886492941957647
 20
19.976134643274353
 30
0.0
 70
0
  0
VERTEX
  5
5B4
  8
TEXT
 10
6.874972698676142
 20
19.940308770242346
 30
0.0
 70
0
  0
VERTEX
  5
5B5
  8
TEXT
 10
6.865025989348549
 20
19.90452939445469
 30
0.0
 70
0
  0
VERTEX
  5
5B6
  8
TEXT
 10
6.856652813974866
 20
19.868796515911388
 30
0.0
 70
0
  0
VERTEX
  5
5B7
  8
TEXT
 10
6.849853172555094
 20
19.833110134612436
 30
0.0
 70
0
  0
VERTEX
  5
5B8
  8
TEXT
 10
6.844627065089234
 20
19.797470250557836
 30
0.0
 70
0
  0
VERTEX
  5
5B9
  8
TEXT
 10
6.840974491577283
 20
19.761876863747588
 30
0.0
 70
0
  0
VERTEX
  5
5BA
  8
TEXT
 10
6.838895452019244
 20
19.72632997418169
 30
0.0
 70
0
  0
VERTEX
  5
5BB
  8
TEXT
 10
6.838389946415116
 20
19.690829581860147
 30
0.0
 70
0
  0
VERTEX
  5
5BC
  8
TEXT
 10
6.839631513689066
 20
19.65123356689109
 30
0.0
 70
0
  0
VERTEX
  5
5BD
  8
TEXT
 10
6.842723377422055
 20
19.612269095307493
 30
0.0
 70
0
  0
VERTEX
  5
5BE
  8
TEXT
 10
6.8476655376140805
 20
19.573936167109363
 30
0.0
 70
0
  0
VERTEX
  5
5BF
  8
TEXT
 10
6.854457994265145
 20
19.536234782296695
 30
0.0
 70
0
  0
VERTEX
  5
5C0
  8
TEXT
 10
6.863100747375248
 20
19.499164940869495
 30
0.0
 70
0
  0
VERTEX
  5
5C1
  8
TEXT
 10
6.873593796944389
 20
19.462726642827757
 30
0.0
 70
0
  0
VERTEX
  5
5C2
  8
TEXT
 10
6.885937142972568
 20
19.42691988817148
 30
0.0
 70
0
  0
VERTEX
  5
5C3
  8
TEXT
 10
6.900130785459786
 20
19.391744676900668
 30
0.0
 70
0
  0
VERTEX
  5
5C4
  8
TEXT
 10
6.916038015416704
 20
19.35738339615495
 30
0.0
 70
0
  0
VERTEX
  5
5C5
  8
TEXT
 10
6.933522123853987
 20
19.324018433073956
 30
0.0
 70
0
  0
VERTEX
  5
5C6
  8
TEXT
 10
6.9525831107716325
 20
19.291649787657683
 30
0.0
 70
0
  0
VERTEX
  5
5C7
  8
TEXT
 10
6.973220976169642
 20
19.260277459906135
 30
0.0
 70
0
  0
VERTEX
  5
5C8
  8
TEXT
 10
6.9954357200480155
 20
19.229901449819305
 30
0.0
 70
0
  0
VERTEX
  5
5C9
  8
TEXT
 10
7.0192273424067535
 20
19.200521757397198
 30
0.0
 70
0
  0
VERTEX
  5
5CA
  8
TEXT
 10
7.044595843245855
 20
19.172138382639815
 30
0.0
 70
0
  0
VERTEX
  5
5CB
  8
TEXT
 10
7.07154122256532
 20
19.144751325547155
 30
0.0
 70
0
  0
VERTEX
  5
5CC
  8
TEXT
 10
7.096746914026404
 20
19.121434328893976
 30
0.0
 70
0
  0
VERTEX
  5
5CD
  8
TEXT
 10
7.123059422081397
 20
19.099285824730522
 30
0.0
 70
0
  0
VERTEX
  5
5CE
  8
TEXT
 10
7.150478746730298
 20
19.078305813056794
 30
0.0
 70
0
  0
VERTEX
  5
5CF
  8
TEXT
 10
7.179004887973106
 20
19.058494293872794
 30
0.0
 70
0
  0
VERTEX
  5
5D0
  8
TEXT
 10
7.208637845809821
 20
19.039851267178523
 30
0.0
 70
0
  0
VERTEX
  5
5D1
  8
TEXT
 10
7.239377620240445
 20
19.022376732973978
 30
0.0
 70
0
  0
VERTEX
  5
5D2
  8
TEXT
 10
7.271224211264975
 20
19.006070691259158
 30
0.0
 70
0
  0
VERTEX
  5
5D3
  8
TEXT
 10
7.304177618883415
 20
18.990933142034066
 30
0.0
 70
0
  0
SEQEND
  5
552
  8
TEXT
  0
POLYLINE
  5
5D4
  8
TEXT
 66
1
 10
0.0
 20
0.0
 30
0.0
 70
1
  0
VERTEX
  5
5D6
  8
TEXT
 10
9.672463097511468
 20
17.4631147997185
 30
0.0
 70
0
  0
VERTEX
  5
5D7
  8
TEXT
 10
9.637396547307937
 20
17.483290531070203
 30
0.0
 70
0
  0
VERTEX
  5
5D8
  8
TEXT
 10
9.60357669158842
 20
17.50428191264797
 30
0.0
 70
0
  0
VERTEX
  5
5D9
  8
TEXT
 10
9.571003530352924
 20
17.526088944451796
 30
0.0
 70
0
  0
VERTEX
  5
5DA
  8
TEXT
 10
9.539677063601442
 20
17.548711626481687
 30
0.0
 70
0
  0
VERTEX
  5
5DB
  8
TEXT
 10
9.509597291333975
 20
17.572149958737644
 30
0.0
 70
0
  0
VERTEX
  5
5DC
  8
TEXT
 10
9.480764213550525
 20
17.596403941219666
 30
0.0
 70
0
  0
VERTEX
  5
5DD
  8
TEXT
 10
9.453177830251093
 20
17.62147357392775
 30
0.0
 70
0
  0
VERTEX
  5
5DE
  8
TEXT
 10
9.426838141435677
 20
17.6473588568619
 30
0.0
 70
0
  0
VERTEX
  5
5DF
  8
TEXT
 10
9.401745147104277
 20
17.67405979002211
 30
0.0
 70
0
  0
VERTEX
  5
5E0
  8
TEXT
 10
9.377898847256894
 20
17.701576373408386
 30
0.0
 70
0
  0
VERTEX
  5
5E1
  8
TEXT
 10
9.355299241893528
 20
17.729908607020725
 30
0.0
 70
0
  0
VERTEX
  5
5E2
  8
TEXT
 10
9.333946331014177
 20
17.75905649085913
 30
0.0
 70
0
  0
VERTEX
  5
5E3
  8
TEXT
 10
9.313840114618843
 20
17.789020024923598
 30
0.0
 70
0
  0
VERTEX
  5
5E4
  8
TEXT
 10
9.29355450979701
 20
17.822124419459847
 30
0.0
 70
0
  0
VERTEX
  5
5E5
  8
TEXT
 10
9.274910578497055
 20
17.85563299151734
 30
0.0
 70
0
  0
VERTEX
  5
5E6
  8
TEXT
 10
9.257908320718974
 20
17.88954574109608
 30
0.0
 70
0
  0
VERTEX
  5
5E7
  8
TEXT
 10
9.242547736462768
 20
17.923862668196065
 30
0.0
 70
0
  0
VERTEX
  5
5E8
  8
TEXT
 10
9.228828825728437
 20
17.958583772817295
 30
0.0
 70
0
  0
VERTEX
  5
5E9
  8
TEXT
 10
9.216751588515981
 20
17.993709054959773
 30
0.0
 70
0
  0
VERTEX
  5
5EA
  8
TEXT
 10
9.206316024825401
 20
18.029238514623497
 30
0.0
 70
0
  0
VERTEX
  5
5EB
  8
TEXT
 10
9.197522134656698
 20
18.06517215180847
 30
0.0
 70
0
  0
VERTEX
  5
5EC
  8
TEXT
 10
9.190369918009868
 20
18.101509966514683
 30
0.0
 70
0
  0
VERTEX
  5
5ED
  8
TEXT
 10
9.184859374884914
 20
18.138251958742146
 30
0.0
 70
0
  0
VERTEX
  5
5EE
  8
TEXT
 10
9.180990505281835
 20
18.175398128490855
 30
0.0
 70
0
  0
VERTEX
  5
5EF
  8
TEXT
 10
9.178763309200633
 20
18.212948475760808
 30
0.0
 70
0
  0
VERTEX
  5
5F0
  8
TEXT
 10
9.178248015892223
 20
18.250630869544377
 30
0.0
 70
0
  0
VERTEX
  5
5F1
  8
TEXT
 10
9.179514854607522
 20
18.28817317883393
 30
0.0
 70
0
  0
VERTEX
  5
5F2
  8
TEXT
 10
9.18256382534653
 20
18.32557540362947
 30
0.0
 70
0
  0
VERTEX
  5
5F3
  8
TEXT
 10
9.18739492810925
 20
18.362837543930993
 30
0.0
 70
0
  0
VERTEX
  5
5F4
  8
TEXT
 10
9.194008162895678
 20
18.3999595997385
 30
0.0
 70
0
  0
VERTEX
  5
5F5
  8
TEXT
 10
9.202403529705816
 20
18.436941571051992
 30
0.0
 70
0
  0
VERTEX
  5
5F6
  8
TEXT
 10
9.212581028539665
 20
18.47378345787147
 30
0.0
 70
0
  0
VERTEX
  5
5F7
  8
TEXT
 10
9.224540659397222
 20
18.51048526019693
 30
0.0
 70
0
  0
VERTEX
  5
5F8
  8
TEXT
 10
9.238282422278491
 20
18.547046978028376
 30
0.0
 70
0
  0
VERTEX
  5
5F9
  8
TEXT
 10
9.25380631718347
 20
18.583468611365806
 30
0.0
 70
0
  0
VERTEX
  5
5FA
  8
TEXT
 10
9.271112344112158
 20
18.61975016020922
 30
0.0
 70
0
  0
VERTEX
  5
5FB
  8
TEXT
 10
9.290200503064554
 20
18.65589162455862
 30
0.0
 70
0
  0
VERTEX
  5
5FC
  8
TEXT
 10
10.008703380841489
 20
19.95311014191589
 30
0.0
 70
0
  0
VERTEX
  5
5FD
  8
TEXT
 10
10.377308225450307
 20
19.748947436812433
 30
0.0
 70
0
  0
VERTEX
  5
5FE
  8
TEXT
 10
9.670043661715765
 20
18.47201909438776
 30
0.0
 70
0
  0
VERTEX
  5
5FF
  8
TEXT
 10
9.651565783365925
 20
18.435987910405732
 30
0.0
 70
0
  0
VERTEX
  5
600
  8
TEXT
 10
9.63594788949517
 20
18.39977954964941
 30
0.0
 70
0
  0
VERTEX
  5
601
  8
TEXT
 10
9.623189980103497
 20
18.363394012118793
 30
0.0
 70
0
  0
VERTEX
  5
602
  8
TEXT
 10
9.613292055190907
 20
18.326831297813886
 30
0.0
 70
0
  0
VERTEX
  5
603
  8
TEXT
 10
9.606254114757402
 20
18.29009140673469
 30
0.0
 70
0
  0
VERTEX
  5
604
  8
TEXT
 10
9.60207615880298
 20
18.253174338881195
 30
0.0
 70
0
  0
VERTEX
  5
605
  8
TEXT
 10
9.600758187327639
 20
18.216080094253414
 30
0.0
 70
0
  0
VERTEX
  5
606
  8
TEXT
 10
9.602212192455166
 20
18.1793173700613
 30
0.0
 70
0
  0
VERTEX
  5
607
  8
TEXT
 10
9.606350166309346
 20
18.143394863514832
 30
0.0
 70
0
  0
VERTEX
  5
608
  8
TEXT
 10
9.613172108890177
 20
18.108312574614
 30
0.0
 70
0
  0
VERTEX
  5
609
  8
TEXT
 10
9.62267802019766
 20
18.07407050335881
 30
0.0
 70
0
  0
VERTEX
  5
60A
  8
TEXT
 10
9.634867900231793
 20
18.040668649749257
 30
0.0
 70
0
  0
VERTEX
  5
60B
  8
TEXT
 10
9.649741748992579
 20
18.00810701378535
 30
0.0
 70
0
  0
VERTEX
  5
60C
  8
TEXT
 10
9.667299566480015
 20
17.976385595467075
 30
0.0
 70
0
  0
VERTEX
  5
60D
  8
TEXT
 10
9.687389105060893
 20
17.94591339325953
 30
0.0
 70
0
  0
VERTEX
  5
60E
  8
TEXT
 10
9.709858117101996
 20
17.9170994056278
 30
0.0
 70
0
  0
VERTEX
  5
60F
  8
TEXT
 10
9.73470660260333
 20
17.889943632571878
 30
0.0
 70
0
  0
VERTEX
  5
610
  8
TEXT
 10
9.761934561564889
 20
17.864446074091774
 30
0.0
 70
0
  0
VERTEX
  5
611
  8
TEXT
 10
9.791541993986678
 20
17.840606730187478
 30
0.0
 70
0
  0
VERTEX
  5
612
  8
TEXT
 10
9.823528899868693
 20
17.818425600858994
 30
0.0
 70
0
  0
VERTEX
  5
613
  8
TEXT
 10
9.857895279210938
 20
17.797902686106326
 30
0.0
 70
0
  0
VERTEX
  5
614
  8
TEXT
 10
9.894040708469486
 20
17.779370548283783
 30
0.0
 70
0
  0
VERTEX
  5
615
  8
TEXT
 10
9.930205325532837
 20
17.763803939119537
 30
0.0
 70
0
  0
VERTEX
  5
616
  8
TEXT
 10
9.96638913040099
 20
17.751202858613585
 30
0.0
 70
0
  0
VERTEX
  5
617
  8
TEXT
 10
10.00259212307395
 20
17.74156730676593
 30
0.0
 70
0
  0
VERTEX
  5
618
  8
TEXT
 10
10.038814303551712
 20
17.73489728357657
 30
0.0
 70
0
  0
VERTEX
  5
619
  8
TEXT
 10
10.075055671834278
 20
17.7311927890455
 30
0.0
 70
0
  0
VERTEX
  5
61A
  8
TEXT
 10
10.111316227921646
 20
17.73045382317273
 30
0.0
 70
0
  0
VERTEX
  5
61B
  8
TEXT
 10
10.147251317203782
 20
17.732546611510532
 30
0.0
 70
0
  0
VERTEX
  5
61C
  8
TEXT
 10
10.182516285070651
 20
17.737337379611184
 30
0.0
 70
0
  0
VERTEX
  5
61D
  8
TEXT
 10
10.217111131522254
 20
17.74482612747469
 30
0.0
 70
0
  0
VERTEX
  5
61E
  8
TEXT
 10
10.25103585655859
 20
17.755012855101047
 30
0.0
 70
0
  0
VERTEX
  5
61F
  8
TEXT
 10
10.284290460179657
 20
17.767897562490255
 30
0.0
 70
0
  0
VERTEX
  5
620
  8
TEXT
 10
10.316874942385457
 20
17.783480249642313
 30
0.0
 70
0
  0
VERTEX
  5
621
  8
TEXT
 10
10.348789303175991
 20
17.801760916557225
 30
0.0
 70
0
  0
VERTEX
  5
622
  8
TEXT
 10
10.37953492972364
 20
17.82255578326774
 30
0.0
 70
0
  0
VERTEX
  5
623
  8
TEXT
 10
10.408613209200785
 20
17.845681069806623
 30
0.0
 70
0
  0
VERTEX
  5
624
  8
TEXT
 10
10.436024141607428
 20
17.87113677617387
 30
0.0
 70
0
  0
VERTEX
  5
625
  8
TEXT
 10
10.461767726943568
 20
17.89892290236948
 30
0.0
 70
0
  0
VERTEX
  5
626
  8
TEXT
 10
10.485843965209206
 20
17.929039448393457
 30
0.0
 70
0
  0
VERTEX
  5
627
  8
TEXT
 10
10.50825285640434
 20
17.961486414245794
 30
0.0
 70
0
  0
VERTEX
  5
628
  8
TEXT
 10
10.52899440052897
 20
17.996263799926496
 30
0.0
 70
0
  0
VERTEX
  5
629
  8
TEXT
 10
11.236258964263513
 20
19.273192142351167
 30
0.0
 70
0
  0
VERTEX
  5
62A
  8
TEXT
 10
11.60486380887233
 20
19.06902943724771
 30
0.0
 70
0
  0
VERTEX
  5
62B
  8
TEXT
 10
10.886360931095396
 20
17.77181091989044
 30
0.0
 70
0
  0
VERTEX
  5
62C
  8
TEXT
 10
10.865849641817865
 20
17.73645769840096
 30
0.0
 70
0
  0
VERTEX
  5
62D
  8
TEXT
 10
10.844274223913777
 20
17.7025408781373
 30
0.0
 70
0
  0
VERTEX
  5
62E
  8
TEXT
 10
10.821634677383132
 20
17.670060459099457
 30
0.0
 70
0
  0
VERTEX
  5
62F
  8
TEXT
 10
10.79793100222593
 20
17.639016441287435
 30
0.0
 70
0
  0
VERTEX
  5
630
  8
TEXT
 10
10.77316319844217
 20
17.609408824701234
 30
0.0
 70
0
  0
VERTEX
  5
631
  8
TEXT
 10
10.747331266031853
 20
17.581237609340853
 30
0.0
 70
0
  0
VERTEX
  5
632
  8
TEXT
 10
10.720435204994981
 20
17.554502795206293
 30
0.0
 70
0
  0
VERTEX
  5
633
  8
TEXT
 10
10.692475015331551
 20
17.529204382297554
 30
0.0
 70
0
  0
VERTEX
  5
634
  8
TEXT
 10
10.663450697041563
 20
17.50534237061463
 30
0.0
 70
0
  0
VERTEX
  5
635
  8
TEXT
 10
10.63336225012502
 20
17.48291676015753
 30
0.0
 70
0
  0
VERTEX
  5
636
  8
TEXT
 10
10.602209674581918
 20
17.46192755092625
 30
0.0
 70
0
  0
VERTEX
  5
637
  8
TEXT
 10
10.56999297041226
 20
17.44237474292079
 30
0.0
 70
0
  0
VERTEX
  5
638
  8
TEXT
 10
10.536982426347214
 20
17.424341861183947
 30
0.0
 70
0
  0
VERTEX
  5
639
  8
TEXT
 10
10.503448331117948
 20
17.407912430758525
 30
0.0
 70
0
  0
VERTEX
  5
63A
  8
TEXT
 10
10.469390684724464
 20
17.39308645164452
 30
0.0
 70
0
  0
VERTEX
  5
63B
  8
TEXT
 10
10.434809487166762
 20
17.37986392384193
 30
0.0
 70
0
  0
VERTEX
  5
63C
  8
TEXT
 10
10.399704738444841
 20
17.368244847350763
 30
0.0
 70
0
  0
VERTEX
  5
63D
  8
TEXT
 10
10.364076438558701
 20
17.358229222171012
 30
0.0
 70
0
  0
VERTEX
  5
63E
  8
TEXT
 10
10.327924587508342
 20
17.34981704830268
 30
0.0
 70
0
  0
VERTEX
  5
63F
  8
TEXT
 10
10.291249185293765
 20
17.343008325745764
 30
0.0
 70
0
  0
VERTEX
  5
640
  8
TEXT
 10
10.254050231914968
 20
17.337803054500263
 30
0.0
 70
0
  0
VERTEX
  5
641
  8
TEXT
 10
10.216327727371953
 20
17.334201234566184
 30
0.0
 70
0
  0
VERTEX
  5
642
  8
TEXT
 10
10.178081671664719
 20
17.332202865943522
 30
0.0
 70
0
  0
VERTEX
  5
643
  8
TEXT
 10
10.139312064793266
 20
17.331807948632278
 30
0.0
 70
0
  0
VERTEX
  5
644
  8
TEXT
 10
10.103292135558979
 20
17.332931541843458
 30
0.0
 70
0
  0
VERTEX
  5
645
  8
TEXT
 10
10.06729028469346
 20
17.335551290687214
 30
0.0
 70
0
  0
VERTEX
  5
646
  8
TEXT
 10
10.031306512196707
 20
17.339667195163543
 30
0.0
 70
0
  0
VERTEX
  5
647
  8
TEXT
 10
9.995340818068726
 20
17.345279255272448
 30
0.0
 70
0
  0
VERTEX
  5
648
  8
TEXT
 10
9.959393202309512
 20
17.35238747101393
 30
0.0
 70
0
  0
VERTEX
  5
649
  8
TEXT
 10
9.923463664919066
 20
17.360991842387985
 30
0.0
 70
0
  0
VERTEX
  5
64A
  8
TEXT
 10
9.88755220589739
 20
17.37109236939462
 30
0.0
 70
0
  0
VERTEX
  5
64B
  8
TEXT
 10
9.851658825244481
 20
17.382689052033825
 30
0.0
 70
0
  0
VERTEX
  5
64C
  8
TEXT
 10
9.815783522960341
 20
17.39578189030561
 30
0.0
 70
0
  0
VERTEX
  5
64D
  8
TEXT
 10
9.77992629904497
 20
17.41037088420997
 30
0.0
 70
0
  0
VERTEX
  5
64E
  8
TEXT
 10
9.744087153498368
 20
17.426456033746906
 30
0.0
 70
0
  0
VERTEX
  5
64F
  8
TEXT
 10
9.708266086320533
 20
17.444037338916417
 30
0.0
 70
0
  0
SEQEND
  5
5D5
  8
TEXT
  0
POLYLINE
  5
650
  8
TEXT
 66
1
 10
0.0
 20
0.0
 30
0.0
 70
1
  0
VERTEX
  5
652
  8
TEXT
 10
11.058366255159095
 20
16.666036151704372
 30
0.0
 70
0
  0
VERTEX
  5
653
  8
TEXT
 10
12.352334825525055
 20
18.57235756712861
 30
0.0
 70
0
  0
VERTEX
  5
654
  8
TEXT
 10
12.700974144788885
 20
18.3357089527496
 30
0.0
 70
0
  0
VERTEX
  5
655
  8
TEXT
 10
11.407005574422923
 20
16.42938753732536
 30
0.0
 70
0
  0
SEQEND
  5
651
  8
TEXT
  0
POLYLINE
  5
656
  8
TEXT
 66
1
 10
0.0
 20
0.0
 30
0.0
 70
1
  0
VERTEX
  5
658
  8
TEXT
 10
11.993643989152845
 20
16.024718741695207
 30
0.0
 70
0
  0
VERTEX
  5
659
  8
TEXT
 10
13.446780366333977
 20
17.812681456438693
 30
0.0
 70
0
  0
VERTEX
  5
65A
  8
TEXT
 10
14.111566503225179
 20
17.272387796735103
 30
0.0
 70
0
  0
VERTEX
  5
65B
  8
TEXT
 10
14.143939048138048
 20
17.245171832336617
 30
0.0
 70
0
  0
VERTEX
  5
65C
  8
TEXT
 10
14.174730793275433
 20
17.21742918119888
 30
0.0
 70
0
  0
VERTEX
  5
65D
  8
TEXT
 10
14.203941738637337
 20
17.189159843321896
 30
0.0
 70
0
  0
VERTEX
  5
65E
  8
TEXT
 10
14.231571884223754
 20
17.16036381870566
 30
0.0
 70
0
  0
VERTEX
  5
65F
  8
TEXT
 10
14.257621230034689
 20
17.131041107350182
 30
0.0
 70
0
  0
VERTEX
  5
660
  8
TEXT
 10
14.282089776070139
 20
17.101191709255453
 30
0.0
 70
0
  0
VERTEX
  5
661
  8
TEXT
 10
14.304977522330105
 20
17.070815624421474
 30
0.0
 70
0
  0
VERTEX
  5
662
  8
TEXT
 10
14.326284468814588
 20
17.03991285284825
 30
0.0
 70
0
  0
VERTEX
  5
663
  8
TEXT
 10
14.34601061552359
 20
17.008483394535773
 30
0.0
 70
0
  0
VERTEX
  5
664
  8
TEXT
 10
14.364155962457104
 20
16.97652724948405
 30
0.0
 70
0
  0
VERTEX
  5
665
  8
TEXT
 10
14.380720509615136
 20
16.94404441769308
 30
0.0
 70
0
  0
VERTEX
  5
666
  8
TEXT
 10
14.39697245471775
 20
16.90792101977816
 30
0.0
 70
0
  0
VERTEX
  5
667
  8
TEXT
 10
14.411025166030957
 20
16.87159241138672
 30
0.0
 70
0
  0
VERTEX
  5
668
  8
TEXT
 10
14.422878643554752
 20
16.83505859251876
 30
0.0
 70
0
  0
VERTEX
  5
669
  8
TEXT
 10
14.432532887289138
 20
16.798319563174275
 30
0.0
 70
0
  0
VERTEX
  5
66A
  8
TEXT
 10
14.439987897234117
 20
16.761375323353267
 30
0.0
 70
0
  0
VERTEX
  5
66B
  8
TEXT
 10
14.445243673389687
 20
16.724225873055737
 30
0.0
 70
0
  0
VERTEX
  5
66C
  8
TEXT
 10
14.448300215755847
 20
16.686871212281684
 30
0.0
 70
0
  0
VERTEX
  5
66D
  8
TEXT
 10
14.449157524332596
 20
16.649311341031108
 30
0.0
 70
0
  0
VERTEX
  5
66E
  8
TEXT
 10
14.44781559911994
 20
16.61154625930401
 30
0.0
 70
0
  0
VERTEX
  5
66F
  8
TEXT
 10
14.444274440117871
 20
16.57357596710039
 30
0.0
 70
0
  0
VERTEX
  5
670
  8
TEXT
 10
14.439038321389006
 20
16.53904993009338
 30
0.0
 70
0
  0
VERTEX
  5
671
  8
TEXT
 10
14.431767739560177
 20
16.504695268966678
 30
0.0
 70
0
  0
VERTEX
  5
672
  8
TEXT
 10
14.422462694631385
 20
16.470511983720286
 30
0.0
 70
0
  0
VERTEX
  5
673
  8
TEXT
 10
14.41112318660263
 20
16.436500074354203
 30
0.0
 70
0
  0
VERTEX
  5
674
  8
TEXT
 10
14.39774921547391
 20
16.40265954086843
 30
0.0
 70
0
  0
VERTEX
  5
675
  8
TEXT
 10
14.382340781245226
 20
16.368990383262968
 30
0.0
 70
0
  0
VERTEX
  5
676
  8
TEXT
 10
14.36489788391658
 20
16.335492601537815
 30
0.0
 70
0
  0
VERTEX
  5
677
  8
TEXT
 10
14.345420523487968
 20
16.30216619569297
 30
0.0
 70
0
  0
VERTEX
  5
678
  8
TEXT
 10
14.323908699959395
 20
16.269011165728436
 30
0.0
 70
0
  0
VERTEX
  5
679
  8
TEXT
 10
14.300362413330857
 20
16.23602751164421
 30
0.0
 70
0
  0
VERTEX
  5
67A
  8
TEXT
 10
14.274781663602356
 20
16.203215233440293
 30
0.0
 70
0
  0
VERTEX
  5
67B
  8
TEXT
 10
14.247121210716918
 20
16.17066050252267
 30
0.0
 70
0
  0
VERTEX
  5
67C
  8
TEXT
 10
14.218754373619088
 20
16.14019490844472
 30
0.0
 70
0
  0
VERTEX
  5
67D
  8
TEXT
 10
14.18968115230887
 20
16.111818451206442
 30
0.0
 70
0
  0
VERTEX
  5
67E
  8
TEXT
 10
14.15990154678626
 20
16.08553113080784
 30
0.0
 70
0
  0
VERTEX
  5
67F
  8
TEXT
 10
14.12941555705126
 20
16.061332947248914
 30
0.0
 70
0
  0
VERTEX
  5
680
  8
TEXT
 10
14.09822318310387
 20
16.03922390052966
 30
0.0
 70
0
  0
VERTEX
  5
681
  8
TEXT
 10
14.066324424944089
 20
16.01920399065008
 30
0.0
 70
0
  0
VERTEX
  5
682
  8
TEXT
 10
14.033719282571917
 20
16.001273217610173
 30
0.0
 70
0
  0
VERTEX
  5
683
  8
TEXT
 10
14.000407755987355
 20
15.985431581409943
 30
0.0
 70
0
  0
VERTEX
  5
684
  8
TEXT
 10
13.966389845190402
 20
15.971679082049386
 30
0.0
 70
0
  0
VERTEX
  5
685
  8
TEXT
 10
13.93166555018106
 20
15.960015719528503
 30
0.0
 70
0
  0
VERTEX
  5
686
  8
TEXT
 10
13.896533648171019
 20
15.95036334545775
 30
0.0
 70
0
  0
VERTEX
  5
687
  8
TEXT
 10
13.861292916371974
 20
15.942643811447589
 30
0.0
 70
0
  0
VERTEX
  5
688
  8
TEXT
 10
13.825943354783927
 20
15.936857117498018
 30
0.0
 70
0
  0
VERTEX
  5
689
  8
TEXT
 10
13.790484963406874
 20
15.933003263609036
 30
0.0
 70
0
  0
VERTEX
  5
68A
  8
TEXT
 10
13.754917742240817
 20
15.931082249780644
 30
0.0
 70
0
  0
VERTEX
  5
68B
  8
TEXT
 10
13.719241691285756
 20
15.931094076012842
 30
0.0
 70
0
  0
VERTEX
  5
68C
  8
TEXT
 10
13.683456810541692
 20
15.93303874230563
 30
0.0
 70
0
  0
VERTEX
  5
68D
  8
TEXT
 10
13.647563100008622
 20
15.936916248659008
 30
0.0
 70
0
  0
VERTEX
  5
68E
  8
TEXT
 10
13.611560559686549
 20
15.942726595072976
 30
0.0
 70
0
  0
VERTEX
  5
68F
  8
TEXT
 10
13.575449189575473
 20
15.950469781547532
 30
0.0
 70
0
  0
VERTEX
  5
690
  8
TEXT
 10
13.53922898967539
 20
15.96014580808268
 30
0.0
 70
0
  0
VERTEX
  5
691
  8
TEXT
 10
13.366415362083414
 20
14.90902208700043
 30
0.0
 70
0
  0
VERTEX
  5
692
  8
TEXT
 10
12.996823069371338
 20
15.209401955572101
 30
0.0
 70
0
  0
VERTEX
  5
693
  8
TEXT
 10
13.163623399108673
 20
16.16976806112962
 30
0.0
 70
0
  0
VERTEX
  5
694
  8
TEXT
 10
12.856429805166167
 20
16.419434445396984
 30
0.0
 70
0
  0
VERTEX
  5
695
  8
TEXT
 10
12.320037182716757
 20
15.759448208411133
 30
0.0
 70
0
  0
SEQEND
  5
657
  8
TEXT
  0
POLYLINE
  5
696
  8
TEXT
 66
1
 10
0.0
 20
0.0
 30
0.0
 70
1
  0
VERTEX
  5
698
  8
TEXT
 10
13.09049204041682
 20
16.707428439718083
 30
0.0
 70
0
  0
VERTEX
  5
699
  8
TEXT
 10
13.433684883649462
 20
16.42850427604439
 30
0.0
 70
0
  0
VERTEX
  5
69A
  8
TEXT
 10
13.463403239192631
 20
16.40595633688209
 30
0.0
 70
0
  0
VERTEX
  5
69B
  8
TEXT
 10
13.493359540322803
 20
16.38642531219672
 30
0.0
 70
0
  0
VERTEX
  5
69C
  8
TEXT
 10
13.523553787039974
 20
16.369911201988277
 30
0.0
 70
0
  0
VERTEX
  5
69D
  8
TEXT
 10
13.553985979344148
 20
16.35641400625676
 30
0.0
 70
0
  0
VERTEX
  5
69E
  8
TEXT
 10
13.584656117235324
 20
16.34593372500217
 30
0.0
 70
0
  0
VERTEX
  5
69F
  8
TEXT
 10
13.615564200713502
 20
16.338470358224505
 30
0.0
 70
0
  0
VERTEX
  5
6A0
  8
TEXT
 10
13.652541930830692
 20
16.3333646926967
 30
0.0
 70
0
  0
VERTEX
  5
6A1
  8
TEXT
 10
13.689010186130234
 20
16.332339479007363
 30
0.0
 70
0
  0
VERTEX
  5
6A2
  8
TEXT
 10
13.724968966612131
 20
16.33539471715649
 30
0.0
 70
0
  0
VERTEX
  5
6A3
  8
TEXT
 10
13.760418272276379
 20
16.342530407144086
 30
0.0
 70
0
  0
VERTEX
  5
6A4
  8
TEXT
 10
13.79535810312298
 20
16.35374654897015
 30
0.0
 70
0
  0
VERTEX
  5
6A5
  8
TEXT
 10
13.829227392549823
 20
16.368941211876553
 30
0.0
 70
0
  0
VERTEX
  5
6A6
  8
TEXT
 10
13.86146507395479
 20
16.38801246510518
 30
0.0
 70
0
  0
VERTEX
  5
6A7
  8
TEXT
 10
13.892071147337882
 20
16.410960308656023
 30
0.0
 70
0
  0
VERTEX
  5
6A8
  8
TEXT
 10
13.9210456126991
 20
16.437784742529086
 30
0.0
 70
0
  0
VERTEX
  5
6A9
  8
TEXT
 10
13.948388470038445
 20
16.468485766724367
 30
0.0
 70
0
  0
VERTEX
  5
6AA
  8
TEXT
 10
13.973514563767788
 20
16.502343396256066
 30
0.0
 70
0
  0
VERTEX
  5
6AB
  8
TEXT
 10
13.994278323397333
 20
16.536717686176235
 30
0.0
 70
0
  0
VERTEX
  5
6AC
  8
TEXT
 10
14.01067974892708
 20
16.57160863648488
 30
0.0
 70
0
  0
VERTEX
  5
6AD
  8
TEXT
 10
14.022718840357028
 20
16.607016247181996
 30
0.0
 70
0
  0
VERTEX
  5
6AE
  8
TEXT
 10
14.030395597687178
 20
16.642940518267586
 30
0.0
 70
0
  0
VERTEX
  5
6AF
  8
TEXT
 10
14.033880983794225
 20
16.679003390509237
 30
0.0
 70
0
  0
VERTEX
  5
6B0
  8
TEXT
 10
14.033345961554865
 20
16.714826804674537
 30
0.0
 70
0
  0
VERTEX
  5
6B1
  8
TEXT
 10
14.028790530969099
 20
16.75041076076349
 30
0.0
 70
0
  0
VERTEX
  5
6B2
  8
TEXT
 10
14.020214692036925
 20
16.785755258776092
 30
0.0
 70
0
  0
VERTEX
  5
6B3
  8
TEXT
 10
14.007618444758343
 20
16.820860298712347
 30
0.0
 70
0
  0
VERTEX
  5
6B4
  8
TEXT
 10
13.993994123559093
 20
16.849589888681777
 30
0.0
 70
0
  0
VERTEX
  5
6B5
  8
TEXT
 10
13.97746524571431
 20
16.877469807093263
 30
0.0
 70
0
  0
VERTEX
  5
6B6
  8
TEXT
 10
13.958031811223996
 20
16.904500053946816
 30
0.0
 70
0
  0
VERTEX
  5
6B7
  8
TEXT
 10
13.935693820088154
 20
16.930680629242424
 30
0.0
 70
0
  0
VERTEX
  5
6B8
  8
TEXT
 10
13.910451272306782
 20
16.956011532980096
 30
0.0
 70
0
  0
VERTEX
  5
6B9
  8
TEXT
 10
13.882304167879878
 20
16.980492765159827
 30
0.0
 70
0
  0
VERTEX
  5
6BA
  8
TEXT
 10
13.539111324647237
 20
17.25941692883352
 30
0.0
 70
0
  0
SEQEND
  5
697
  8
TEXT
  0
POLYLINE
  5
6BB
  8
TEXT
 66
1
 10
0.0
 20
0.0
 30
0.0
 70
1
  0
VERTEX
  5
6BD
  8
TEXT
 10
13.76267123370556
 20
14.533684577625635
 30
0.0
 70
0
  0
VERTEX
  5
6BE
  8
TEXT
 10
15.41241951961403
 20
16.14202116961814
 30
0.0
 70
0
  0
VERTEX
  5
6BF
  8
TEXT
 10
16.01041849408641
 20
15.528624827072308
 30
0.0
 70
0
  0
VERTEX
  5
6C0
  8
TEXT
 10
16.03943424441742
 20
15.497855091698018
 30
0.0
 70
0
  0
VERTEX
  5
6C1
  8
TEXT
 10
16.066818978758146
 20
15.466744601733314
 30
0.0
 70
0
  0
VERTEX
  5
6C2
  8
TEXT
 10
16.09257269710858
 20
15.4352933571782
 30
0.0
 70
0
  0
VERTEX
  5
6C3
  8
TEXT
 10
16.11669539946872
 20
15.40350135803267
 30
0.0
 70
0
  0
VERTEX
  5
6C4
  8
TEXT
 10
16.13918708583857
 20
15.371368604296727
 30
0.0
 70
0
  0
VERTEX
  5
6C5
  8
TEXT
 10
16.160047756218134
 20
15.338895095970372
 30
0.0
 70
0
  0
VERTEX
  5
6C6
  8
TEXT
 10
16.179277410607405
 20
15.306080833053603
 30
0.0
 70
0
  0
VERTEX
  5
6C7
  8
TEXT
 10
16.196876049006388
 20
15.272925815546422
 30
0.0
 70
0
  0
VERTEX
  5
6C8
  8
TEXT
 10
16.21284367141508
 20
15.239430043448827
 30
0.0
 70
0
  0
VERTEX
  5
6C9
  8
TEXT
 10
16.22718027783348
 20
15.20559351676082
 30
0.0
 70
0
  0
VERTEX
  5
6CA
  8
TEXT
 10
16.23988586826159
 20
15.171416235482397
 30
0.0
 70
0
  0
VERTEX
  5
6CB
  8
TEXT
 10
16.251860847659415
 20
15.133658779729137
 30
0.0
 70
0
  0
VERTEX
  5
6CC
  8
TEXT
 10
16.26162760450037
 20
15.095951261331335
 30
0.0
 70
0
  0
VERTEX
  5
6CD
  8
TEXT
 10
16.26918613878445
 20
15.058293680288992
 30
0.0
 70
0
  0
VERTEX
  5
6CE
  8
TEXT
 10
16.274536450511658
 20
15.02068603660211
 30
0.0
 70
0
  0
VERTEX
  5
6CF
  8
TEXT
 10
16.277678539681993
 20
14.983128330270684
 30
0.0
 70
0
  0
VERTEX
  5
6D0
  8
TEXT
 10
16.27861240629545
 20
14.945620561294719
 30
0.0
 70
0
  0
VERTEX
  5
6D1
  8
TEXT
 10
16.27733805035204
 20
14.908162729674213
 30
0.0
 70
0
  0
VERTEX
  5
6D2
  8
TEXT
 10
16.273855471851753
 20
14.870754835409167
 30
0.0
 70
0
  0
VERTEX
  5
6D3
  8
TEXT
 10
16.268164670794597
 20
14.83339687849958
 30
0.0
 70
0
  0
VERTEX
  5
6D4
  8
TEXT
 10
16.260265647180567
 20
14.796088858945451
 30
0.0
 70
0
  0
VERTEX
  5
6D5
  8
TEXT
 10
16.25108043060276
 20
14.76239767364171
 30
0.0
 70
0
  0
VERTEX
  5
6D6
  8
TEXT
 10
16.239894117037462
 20
14.729111482960302
 30
0.0
 70
0
  0
VERTEX
  5
6D7
  8
TEXT
 10
16.22670670648467
 20
14.69623028690123
 30
0.0
 70
0
  0
VERTEX
  5
6D8
  8
TEXT
 10
16.21151819894439
 20
14.66375408546449
 30
0.0
 70
0
  0
VERTEX
  5
6D9
  8
TEXT
 10
16.194328594416618
 20
14.631682878650084
 30
0.0
 70
0
  0
VERTEX
  5
6DA
  8
TEXT
 10
16.175137892901358
 20
14.600016666458014
 30
0.0
 70
0
  0
VERTEX
  5
6DB
  8
TEXT
 10
16.153946094398602
 20
14.568755448888277
 30
0.0
 70
0
  0
VERTEX
  5
6DC
  8
TEXT
 10
16.13075319890836
 20
14.537899225940873
 30
0.0
 70
0
  0
VERTEX
  5
6DD
  8
TEXT
 10
16.105559206430623
 20
14.507447997615804
 30
0.0
 70
0
  0
VERTEX
  5
6DE
  8
TEXT
 10
16.078364116965396
 20
14.477401763913068
 30
0.0
 70
0
  0
VERTEX
  5
6DF
  8
TEXT
 10
16.049167930512677
 20
14.447760524832667
 30
0.0
 70
0
  0
VERTEX
  5
6E0
  8
TEXT
 10
16.017935652833817
 20
14.418615096547306
 30
0.0
 70
0
  0
VERTEX
  5
6E1
  8
TEXT
 10
15.986242782220645
 20
14.391626361457387
 30
0.0
 70
0
  0
VERTEX
  5
6E2
  8
TEXT
 10
15.954089318673159
 20
14.366794319562906
 30
0.0
 70
0
  0
VERTEX
  5
6E3
  8
TEXT
 10
15.921475262191361
 20
14.344118970863867
 30
0.0
 70
0
  0
VERTEX
  5
6E4
  8
TEXT
 10
15.888400612775248
 20
14.323600315360268
 30
0.0
 70
0
  0
VERTEX
  5
6E5
  8
TEXT
 10
15.854865370424823
 20
14.30523835305211
 30
0.0
 70
0
  0
VERTEX
  5
6E6
  8
TEXT
 10
15.820869535140085
 20
14.289033083939392
 30
0.0
 70
0
  0
VERTEX
  5
6E7
  8
TEXT
 10
15.786413106921033
 20
14.274984508022115
 30
0.0
 70
0
  0
VERTEX
  5
6E8
  8
TEXT
 10
15.751496085767668
 20
14.263092625300278
 30
0.0
 70
0
  0
VERTEX
  5
6E9
  8
TEXT
 10
15.716118471679989
 20
14.253357435773879
 30
0.0
 70
0
  0
VERTEX
  5
6EA
  8
TEXT
 10
15.680280264657998
 20
14.245778939442923
 30
0.0
 70
0
  0
VERTEX
  5
6EB
  8
TEXT
 10
15.644269228237569
 20
14.240245033049488
 30
0.0
 70
0
  0
VERTEX
  5
6EC
  8
TEXT
 10
15.608373125954577
 20
14.236643613335659
 30
0.0
 70
0
  0
VERTEX
  5
6ED
  8
TEXT
 10
15.57259195780902
 20
14.234974680301432
 30
0.0
 70
0
  0
VERTEX
  5
6EE
  8
TEXT
 10
15.536925723800902
 20
14.235238233946811
 30
0.0
 70
0
  0
VERTEX
  5
6EF
  8
TEXT
 10
15.501374423930221
 20
14.237434274271793
 30
0.0
 70
0
  0
VERTEX
  5
6F0
  8
TEXT
 10
15.465938058196976
 20
14.241562801276379
 30
0.0
 70
0
  0
VERTEX
  5
6F1
  8
TEXT
 10
15.430616626601168
 20
14.24762381496057
 30
0.0
 70
0
  0
VERTEX
  5
6F2
  8
TEXT
 10
15.395410129142798
 20
14.255617315324363
 30
0.0
 70
0
  0
VERTEX
  5
6F3
  8
TEXT
 10
15.360318565821865
 20
14.265543302367762
 30
0.0
 70
0
  0
VERTEX
  5
6F4
  8
TEXT
 10
15.325341936638369
 20
14.277401776090764
 30
0.0
 70
0
  0
VERTEX
  5
6F5
  8
TEXT
 10
15.290480241592308
 20
14.291192736493372
 30
0.0
 70
0
  0
VERTEX
  5
6F6
  8
TEXT
 10
14.997528321785714
 20
13.267032202404636
 30
0.0
 70
0
  0
VERTEX
  5
6F7
  8
TEXT
 10
14.665066798071825
 20
13.608053995733366
 30
0.0
 70
0
  0
VERTEX
  5
6F8
  8
TEXT
 10
14.941572762444958
 20
14.542757081408324
 30
0.0
 70
0
  0
VERTEX
  5
6F9
  8
TEXT
 10
14.665241106371077
 20
14.826203766772464
 30
0.0
 70
0
  0
VERTEX
  5
6FA
  8
TEXT
 10
14.056273618284058
 20
14.232522474426236
 30
0.0
 70
0
  0
SEQEND
  5
6BC
  8
TEXT
  0
POLYLINE
  5
6FB
  8
TEXT
 66
1
 10
0.0
 20
0.0
 30
0.0
 70
1
  0
VERTEX
  5
6FD
  8
TEXT
 10
14.930972373899959
 20
15.085264694341726
 30
0.0
 70
0
  0
VERTEX
  5
6FE
  8
TEXT
 10
15.239686645919996
 20
14.768601600536476
 30
0.0
 70
0
  0
VERTEX
  5
6FF
  8
TEXT
 10
15.26660459637005
 20
14.742774983254582
 30
0.0
 70
0
  0
VERTEX
  5
700
  8
TEXT
 10
15.29410703483097
 20
14.719917669734285
 30
0.0
 70
0
  0
VERTEX
  5
701
  8
TEXT
 10
15.32219396130276
 20
14.700029659975579
 30
0.0
 70
0
  0
VERTEX
  5
702
  8
TEXT
 10
15.35086537578542
 20
14.683110953978467
 30
0.0
 70
0
  0
VERTEX
  5
703
  8
TEXT
 10
15.380121278278946
 20
14.669161551742949
 30
0.0
 70
0
  0
VERTEX
  5
704
  8
TEXT
 10
15.409961668783343
 20
14.658181453269027
 30
0.0
 70
0
  0
VERTEX
  5
705
  8
TEXT
 10
15.44610322301039
 20
14.648842909316405
 30
0.0
 70
0
  0
VERTEX
  5
706
  8
TEXT
 10
15.482209562867936
 20
14.643616349282047
 30
0.0
 70
0
  0
VERTEX
  5
707
  8
TEXT
 10
15.518280688355983
 20
14.64250177316595
 30
0.0
 70
0
  0
VERTEX
  5
708
  8
TEXT
 10
15.554316599474532
 20
14.645499180968116
 30
0.0
 70
0
  0
VERTEX
  5
709
  8
TEXT
 10
15.590317296223581
 20
14.652608572688544
 30
0.0
 70
0
  0
VERTEX
  5
70A
  8
TEXT
 10
15.625713697863446
 20
14.663793441845932
 30
0.0
 70
0
  0
VERTEX
  5
70B
  8
TEXT
 10
15.659936723654436
 20
14.679017281958979
 30
0.0
 70
0
  0
VERTEX
  5
70C
  8
TEXT
 10
15.692986373596556
 20
14.698280093027682
 30
0.0
 70
0
  0
VERTEX
  5
70D
  8
TEXT
 10
15.724862647689804
 20
14.721581875052046
 30
0.0
 70
0
  0
VERTEX
  5
70E
  8
TEXT
 10
15.75556554593418
 20
14.748922628032066
 30
0.0
 70
0
  0
VERTEX
  5
70F
  8
TEXT
 10
15.784430740160861
 20
14.779654699648821
 30
0.0
 70
0
  0
VERTEX
  5
710
  8
TEXT
 10
15.8090223604175
 20
14.811403364732927
 30
0.0
 70
0
  0
VERTEX
  5
711
  8
TEXT
 10
15.829340406704098
 20
14.844168623284382
 30
0.0
 70
0
  0
VERTEX
  5
712
  8
TEXT
 10
15.845384879020653
 20
14.877950475303189
 30
0.0
 70
0
  0
VERTEX
  5
713
  8
TEXT
 10
15.857155777367167
 20
14.912748920789346
 30
0.0
 70
0
  0
VERTEX
  5
714
  8
TEXT
 10
15.864779297037442
 20
14.948168698011537
 30
0.0
 70
0
  0
VERTEX
  5
715
  8
TEXT
 10
15.868381633325285
 20
14.983814545238454
 30
0.0
 70
0
  0
VERTEX
  5
716
  8
TEXT
 10
15.867962786230695
 20
15.019686462470093
 30
0.0
 70
0
  0
VERTEX
  5
717
  8
TEXT
 10
15.863522755753673
 20
15.055784449706456
 30
0.0
 70
0
  0
VERTEX
  5
718
  8
TEXT
 10
15.855061541894218
 20
15.092108506947541
 30
0.0
 70
0
  0
VERTEX
  5
719
  8
TEXT
 10
15.84484343711707
 20
15.12221833595262
 30
0.0
 70
0
  0
VERTEX
  5
71A
  8
TEXT
 10
15.831642132036746
 20
15.151819335895448
 30
0.0
 70
0
  0
VERTEX
  5
71B
  8
TEXT
 10
15.815457626653245
 20
15.180911506776022
 30
0.0
 70
0
  0
VERTEX
  5
71C
  8
TEXT
 10
15.796289920966569
 20
15.209494848594344
 30
0.0
 70
0
  0
VERTEX
  5
71D
  8
TEXT
 10
15.774139014976715
 20
15.237569361350413
 30
0.0
 70
0
  0
VERTEX
  5
71E
  8
TEXT
 10
15.749004908683684
 20
15.26513504504423
 30
0.0
 70
0
  0
VERTEX
  5
71F
  8
TEXT
 10
15.440290636663645
 20
15.581798138849479
 30
0.0
 70
0
  0
SEQEND
  5
6FC
  8
TEXT
  0
POLYLINE
  5
720
  8
TEXT
 66
1
 10
0.0
 20
0.0
 30
0.0
 70
1
  0
VERTEX
  5
722
  8
TEXT
 10
15.343856923695391
 20
12.84735614855593
 30
0.0
 70
0
  0
VERTEX
  5
723
  8
TEXT
 10
17.16097153938672
 20
14.263869640705215
 30
0.0
 70
0
  0
VERTEX
  5
724
  8
TEXT
 10
18.10357095379344
 20
13.054695720263638
 30
0.0
 70
0
  0
VERTEX
  5
725
  8
TEXT
 10
17.810881351265976
 20
12.826532473206035
 30
0.0
 70
0
  0
VERTEX
  5
726
  8
TEXT
 10
17.127342290289242
 20
13.703381740777889
 30
0.0
 70
0
  0
VERTEX
  5
727
  8
TEXT
 10
16.660258466255833
 20
13.339271225681797
 30
0.0
 70
0
  0
VERTEX
  5
728
  8
TEXT
 10
17.305770319389634
 20
12.511203558531186
 30
0.0
 70
0
  0
VERTEX
  5
729
  8
TEXT
 10
17.013080716862174
 20
12.283040311473583
 30
0.0
 70
0
  0
VERTEX
  5
72A
  8
TEXT
 10
16.367568863728373
 20
13.111107978624194
 30
0.0
 70
0
  0
VERTEX
  5
72B
  8
TEXT
 10
15.895606879652838
 20
12.74319474274381
 30
0.0
 70
0
  0
VERTEX
  5
72C
  8
TEXT
 10
16.579145940629573
 20
11.866345475171954
 30
0.0
 70
0
  0
VERTEX
  5
72D
  8
TEXT
 10
16.286456338102113
 20
11.638182228114353
 30
0.0
 70
0
  0
SEQEND
  5
721
  8
TEXT
  0
POLYLINE
  5
72E
  8
TEXT
 66
1
 10
0.0
 20
0.0
 30
0.0
 70
1
  0
VERTEX
  5
730
  8
TEXT
 10
16.60857335318729
 20
11.159653331506128
 30
0.0
 70
0
  0
VERTEX
  5
731
  8
TEXT
 10
18.559773265216393
 20
12.384902246338385
 30
0.0
 70
0
  0
VERTEX
  5
732
  8
TEXT
 10
18.783854023130345
 20
12.028055282561251
 30
0.0
 70
0
  0
VERTEX
  5
733
  8
TEXT
 10
17.14694134525358
 20
11.000161897634861
 30
0.0
 70
0
  0
VERTEX
  5
734
  8
TEXT
 10
17.67116697156604
 20
10.165336431917712
 30
0.0
 70
0
  0
VERTEX
  5
735
  8
TEXT
 10
17.356879737413703
 20
9.967980902011846
 30
0.0
 70
0
  0
SEQEND
  5
72F
  8
TEXT
  0
POLYLINE
  5
736
  8
TEXT
 66
1
 10
0.0
 20
0.0
 30
0.0
 70
1
  0
VERTEX
  5
738
  8
TEXT
 10
-8.988095006005723
 20
-20.776204967277078
 30
0.0
 70
0
  0
VERTEX
  5
739
  8
TEXT
 10
-9.023500033431109
 20
-20.7602234732252
 30
0.0
 70
0
  0
VERTEX
  5
73A
  8
TEXT
 10
-9.05781322301204
 20
-20.743288824700635
 30
0.0
 70
0
  0
VERTEX
  5
73B
  8
TEXT
 10
-9.09103457474852
 20
-20.725401021703384
 30
0.0
 70
0
  0
VERTEX
  5
73C
  8
TEXT
 10
-9.123164088640547
 20
-20.70656006423345
 30
0.0
 70
0
  0
VERTEX
  5
73D
  8
TEXT
 10
-9.154201764688121
 20
-20.686765952290834
 30
0.0
 70
0
  0
VERTEX
  5
73E
  8
TEXT
 10
-9.184147602891242
 20
-20.66601868587553
 30
0.0
 70
0
  0
VERTEX
  5
73F
  8
TEXT
 10
-9.213001603249909
 20
-20.644318264987543
 30
0.0
 70
0
  0
VERTEX
  5
740
  8
TEXT
 10
-9.240763765764125
 20
-20.621664689626872
 30
0.0
 70
0
  0
VERTEX
  5
741
  8
TEXT
 10
-9.267434090433888
 20
-20.598057959793515
 30
0.0
 70
0
  0
VERTEX
  5
742
  8
TEXT
 10
-9.293012577259198
 20
-20.573498075487475
 30
0.0
 70
0
  0
VERTEX
  5
743
  8
TEXT
 10
-9.317499226240054
 20
-20.54798503670875
 30
0.0
 70
0
  0
VERTEX
  5
744
  8
TEXT
 10
-9.34306603566862
 20
-20.51903844286632
 30
0.0
 70
0
  0
VERTEX
  5
745
  8
TEXT
 10
-9.367096857825333
 20
-20.48937581657218
 30
0.0
 70
0
  0
VERTEX
  5
746
  8
TEXT
 10
-9.389591692710189
 20
-20.458997157826335
 30
0.0
 70
0
  0
VERTEX
  5
747
  8
TEXT
 10
-9.410550540323191
 20
-20.427902466628783
 30
0.0
 70
0
  0
VERTEX
  5
748
  8
TEXT
 10
-9.42997340066434
 20
-20.396091742979518
 30
0.0
 70
0
  0
VERTEX
  5
749
  8
TEXT
 10
-9.447860273733632
 20
-20.363564986878547
 30
0.0
 70
0
  0
VERTEX
  5
74A
  8
TEXT
 10
-9.46421115953107
 20
-20.330322198325867
 30
0.0
 70
0
  0
VERTEX
  5
74B
  8
TEXT
 10
-9.479026058056652
 20
-20.29636337732148
 30
0.0
 70
0
  0
VERTEX
  5
74C
  8
TEXT
 10
-9.49230496931038
 20
-20.261688523865384
 30
0.0
 70
0
  0
VERTEX
  5
74D
  8
TEXT
 10
-9.504047893292254
 20
-20.226297637957575
 30
0.0
 70
0
  0
VERTEX
  5
74E
  8
TEXT
 10
-9.514118075791288
 20
-20.19043881866052
 30
0.0
 70
0
  0
VERTEX
  5
74F
  8
TEXT
 10
-9.522378762596492
 20
-20.154360165036675
 30
0.0
 70
0
  0
VERTEX
  5
750
  8
TEXT
 10
-9.52882995370787
 20
-20.118061677086036
 30
0.0
 70
0
  0
VERTEX
  5
751
  8
TEXT
 10
-9.53347164912542
 20
-20.081543354808606
 30
0.0
 70
0
  0
VERTEX
  5
752
  8
TEXT
 10
-9.536303848849142
 20
-20.044805198204386
 30
0.0
 70
0
  0
VERTEX
  5
753
  8
TEXT
 10
-9.537326552879037
 20
-20.007847207273375
 30
0.0
 70
0
  0
VERTEX
  5
754
  8
TEXT
 10
-9.536539761215105
 20
-19.970669382015572
 30
0.0
 70
0
  0
VERTEX
  5
755
  8
TEXT
 10
-9.533943473857343
 20
-19.933271722430977
 30
0.0
 70
0
  0
VERTEX
  5
756
  8
TEXT
 10
-9.529537690805755
 20
-19.89565422851959
 30
0.0
 70
0
  0
VERTEX
  5
757
  8
TEXT
 10
-9.52332241206034
 20
-19.857816900281414
 30
0.0
 70
0
  0
VERTEX
  5
758
  8
TEXT
 10
-9.236469338826854
 20
-19.880666977012392
 30
0.0
 70
0
  0
VERTEX
  5
759
  8
TEXT
 10
-9.242150825965455
 20
-19.92112548543121
 30
0.0
 70
0
  0
VERTEX
  5
75A
  8
TEXT
 10
-9.245593897163483
 20
-19.960646023621955
 30
0.0
 70
0
  0
VERTEX
  5
75B
  8
TEXT
 10
-9.24679855242094
 20
-19.999228591584618
 30
0.0
 70
0
  0
VERTEX
  5
75C
  8
TEXT
 10
-9.245764791737825
 20
-20.036873189319202
 30
0.0
 70
0
  0
VERTEX
  5
75D
  8
TEXT
 10
-9.24249261511414
 20
-20.07357981682571
 30
0.0
 70
0
  0
VERTEX
  5
75E
  8
TEXT
 10
-9.236982022549883
 20
-20.109348474104138
 30
0.0
 70
0
  0
VERTEX
  5
75F
  8
TEXT
 10
-9.229233014045054
 20
-20.14417916115449
 30
0.0
 70
0
  0
VERTEX
  5
760
  8
TEXT
 10
-9.219245589599655
 20
-20.178071877976762
 30
0.0
 70
0
  0
VERTEX
  5
761
  8
TEXT
 10
-9.207019749213684
 20
-20.21102662457096
 30
0.0
 70
0
  0
VERTEX
  5
762
  8
TEXT
 10
-9.192555492887141
 20
-20.243043400937076
 30
0.0
 70
0
  0
VERTEX
  5
763
  8
TEXT
 10
-9.175852820620028
 20
-20.274122207075113
 30
0.0
 70
0
  0
VERTEX
  5
764
  8
TEXT
 10
-9.157124892371288
 20
-20.30408080629417
 30
0.0
 70
0
  0
VERTEX
  5
765
  8
TEXT
 10
-9.136584868099863
 20
-20.33273696190334
 30
0.0
 70
0
  0
VERTEX
  5
766
  8
TEXT
 10
-9.114232747805755
 20
-20.360090673902622
 30
0.0
 70
0
  0
VERTEX
  5
767
  8
TEXT
 10
-9.090068531488964
 20
-20.386141942292017
 30
0.0
 70
0
  0
VERTEX
  5
768
  8
TEXT
 10
-9.064092219149488
 20
-20.410890767071525
 30
0.0
 70
0
  0
VERTEX
  5
769
  8
TEXT
 10
-9.036303810787329
 20
-20.434337148241145
 30
0.0
 70
0
  0
VERTEX
  5
76A
  8
TEXT
 10
-9.006703306402487
 20
-20.456481085800878
 30
0.0
 70
0
  0
VERTEX
  5
76B
  8
TEXT
 10
-8.975290705994961
 20
-20.477322579750727
 30
0.0
 70
0
  0
VERTEX
  5
76C
  8
TEXT
 10
-8.942066009564751
 20
-20.496861630090685
 30
0.0
 70
0
  0
VERTEX
  5
76D
  8
TEXT
 10
-8.907029217111859
 20
-20.51509823682076
 30
0.0
 70
0
  0
VERTEX
  5
76E
  8
TEXT
 10
-8.870180328636284
 20
-20.532032399940945
 30
0.0
 70
0
  0
VERTEX
  5
76F
  8
TEXT
 10
-8.829741952596663
 20
-20.548323355454674
 30
0.0
 70
0
  0
VERTEX
  5
770
  8
TEXT
 10
-8.790232254876566
 20
-20.561915192641912
 30
0.0
 70
0
  0
VERTEX
  5
771
  8
TEXT
 10
-8.751651235475991
 20
-20.572807911502665
 30
0.0
 70
0
  0
VERTEX
  5
772
  8
TEXT
 10
-8.713998894394939
 20
-20.581001512036927
 30
0.0
 70
0
  0
VERTEX
  5
773
  8
TEXT
 10
-8.677275231633411
 20
-20.586495994244704
 30
0.0
 70
0
  0
VERTEX
  5
774
  8
TEXT
 10
-8.641480247191403
 20
-20.58929135812599
 30
0.0
 70
0
  0
VERTEX
  5
775
  8
TEXT
 10
-8.60661394106892
 20
-20.58938760368079
 30
0.0
 70
0
  0
VERTEX
  5
776
  8
TEXT
 10
-8.56738416709833
 20
-20.5864256923982
 30
0.0
 70
0
  0
VERTEX
  5
777
  8
TEXT
 10
-8.529966101432914
 20
-20.580464356970133
 30
0.0
 70
0
  0
VERTEX
  5
778
  8
TEXT
 10
-8.494359744072671
 20
-20.571503597396585
 30
0.0
 70
0
  0
VERTEX
  5
779
  8
TEXT
 10
-8.460565095017602
 20
-20.559543413677556
 30
0.0
 70
0
  0
VERTEX
  5
77A
  8
TEXT
 10
-8.428582154267705
 20
-20.544583805813048
 30
0.0
 70
0
  0
VERTEX
  5
77B
  8
TEXT
 10
-8.39841092182298
 20
-20.526624773803064
 30
0.0
 70
0
  0
VERTEX
  5
77C
  8
TEXT
 10
-8.370378695820527
 20
-20.505992122880407
 30
0.0
 70
0
  0
VERTEX
  5
77D
  8
TEXT
 10
-8.344812774397441
 20
-20.483011658277896
 30
0.0
 70
0
  0
VERTEX
  5
77E
  8
TEXT
 10
-8.321713157553724
 20
-20.457683379995526
 30
0.0
 70
0
  0
VERTEX
  5
77F
  8
TEXT
 10
-8.301079845289372
 20
-20.430007288033302
 30
0.0
 70
0
  0
VERTEX
  5
780
  8
TEXT
 10
-8.282912837604389
 20
-20.39998338239122
 30
0.0
 70
0
  0
VERTEX
  5
781
  8
TEXT
 10
-8.267212134498774
 20
-20.36761166306928
 30
0.0
 70
0
  0
VERTEX
  5
782
  8
TEXT
 10
-8.253603274213727
 20
-20.33102234182442
 30
0.0
 70
0
  0
VERTEX
  5
783
  8
TEXT
 10
-8.244564551489368
 20
-20.29496026092437
 30
0.0
 70
0
  0
VERTEX
  5
784
  8
TEXT
 10
-8.240095966325699
 20
-20.25942542036913
 30
0.0
 70
0
  0
VERTEX
  5
785
  8
TEXT
 10
-8.240197518722717
 20
-20.224417820158703
 30
0.0
 70
0
  0
VERTEX
  5
786
  8
TEXT
 10
-8.244869208680424
 20
-20.189937460293084
 30
0.0
 70
0
  0
VERTEX
  5
787
  8
TEXT
 10
-8.254111036198816
 20
-20.155984340772275
 30
0.0
 70
0
  0
VERTEX
  5
788
  8
TEXT
 10
-8.265597467473132
 20
-20.127212538438695
 30
0.0
 70
0
  0
VERTEX
  5
789
  8
TEXT
 10
-8.2802963676411
 20
-20.098650558892363
 30
0.0
 70
0
  0
VERTEX
  5
78A
  8
TEXT
 10
-8.298207736702716
 20
-20.070298402133275
 30
0.0
 70
0
  0
VERTEX
  5
78B
  8
TEXT
 10
-8.319331574657985
 20
-20.042156068161436
 30
0.0
 70
0
  0
VERTEX
  5
78C
  8
TEXT
 10
-8.343667881506907
 20
-20.014223556976845
 30
0.0
 70
0
  0
VERTEX
  5
78D
  8
TEXT
 10
-8.371216657249478
 20
-19.986500868579498
 30
0.0
 70
0
  0
VERTEX
  5
78E
  8
TEXT
 10
-8.4019779018857
 20
-19.9589880029694
 30
0.0
 70
0
  0
VERTEX
  5
78F
  8
TEXT
 10
-8.721492077347676
 20
-19.682500189392815
 30
0.0
 70
0
  0
VERTEX
  5
790
  8
TEXT
 10
-8.752822940764215
 20
-19.65393118100616
 30
0.0
 70
0
  0
VERTEX
  5
791
  8
TEXT
 10
-8.782011128484497
 20
-19.624903902561698
 30
0.0
 70
0
  0
VERTEX
  5
792
  8
TEXT
 10
-8.80905664050852
 20
-19.59541835405943
 30
0.0
 70
0
  0
VERTEX
  5
793
  8
TEXT
 10
-8.83395947683629
 20
-19.56547453549935
 30
0.0
 70
0
  0
VERTEX
  5
794
  8
TEXT
 10
-8.856719637467801
 20
-19.535072446881465
 30
0.0
 70
0
  0
VERTEX
  5
795
  8
TEXT
 10
-8.877337122403056
 20
-19.504212088205772
 30
0.0
 70
0
  0
VERTEX
  5
796
  8
TEXT
 10
-8.895811931642054
 20
-19.47289345947227
 30
0.0
 70
0
  0
VERTEX
  5
797
  8
TEXT
 10
-8.912144065184796
 20
-19.44111656068096
 30
0.0
 70
0
  0
VERTEX
  5
798
  8
TEXT
 10
-8.92633352303128
 20
-19.408881391831844
 30
0.0
 70
0
  0
VERTEX
  5
799
  8
TEXT
 10
-8.938380305181509
 20
-19.37618795292492
 30
0.0
 70
0
  0
VERTEX
  5
79A
  8
TEXT
 10
-8.94828441163548
 20
-19.343036243960185
 30
0.0
 70
0
  0
VERTEX
  5
79B
  8
TEXT
 10
-8.956707732276037
 20
-19.306282266499498
 30
0.0
 70
0
  0
VERTEX
  5
79C
  8
TEXT
 10
-8.962545603264848
 20
-19.269458190903432
 30
0.0
 70
0
  0
VERTEX
  5
79D
  8
TEXT
 10
-8.965798024601916
 20
-19.232564017171992
 30
0.0
 70
0
  0
VERTEX
  5
79E
  8
TEXT
 10
-8.96646499628724
 20
-19.195599745305177
 30
0.0
 70
0
  0
VERTEX
  5
79F
  8
TEXT
 10
-8.964546518320821
 20
-19.158565375302985
 30
0.0
 70
0
  0
VERTEX
  5
7A0
  8
TEXT
 10
-8.960042590702656
 20
-19.121460907165417
 30
0.0
 70
0
  0
VERTEX
  5
7A1
  8
TEXT
 10
-8.95295321343275
 20
-19.084286340892472
 30
0.0
 70
0
  0
VERTEX
  5
7A2
  8
TEXT
 10
-8.943278386511096
 20
-19.04704167648415
 30
0.0
 70
0
  0
VERTEX
  5
7A3
  8
TEXT
 10
-8.931018109937702
 20
-19.009726913940455
 30
0.0
 70
0
  0
VERTEX
  5
7A4
  8
TEXT
 10
-8.916172383712562
 20
-18.972342053261382
 30
0.0
 70
0
  0
VERTEX
  5
7A5
  8
TEXT
 10
-8.900356547547275
 20
-18.93817455346592
 30
0.0
 70
0
  0
VERTEX
  5
7A6
  8
TEXT
 10
-8.882985243282842
 20
-18.905409158607597
 30
0.0
 70
0
  0
VERTEX
  5
7A7
  8
TEXT
 10
-8.864058470919268
 20
-18.874045868686412
 30
0.0
 70
0
  0
VERTEX
  5
7A8
  8
TEXT
 10
-8.84357623045655
 20
-18.84408468370236
 30
0.0
 70
0
  0
VERTEX
  5
7A9
  8
TEXT
 10
-8.821538521894688
 20
-18.815525603655445
 30
0.0
 70
0
  0
VERTEX
  5
7AA
  8
TEXT
 10
-8.79794534523368
 20
-18.788368628545665
 30
0.0
 70
0
  0
VERTEX
  5
7AB
  8
TEXT
 10
-8.772796700473531
 20
-18.76261375837302
 30
0.0
 70
0
  0
VERTEX
  5
7AC
  8
TEXT
 10
-8.746092587614235
 20
-18.738260993137516
 30
0.0
 70
0
  0
VERTEX
  5
7AD
  8
TEXT
 10
-8.717833006655798
 20
-18.715310332839145
 30
0.0
 70
0
  0
VERTEX
  5
7AE
  8
TEXT
 10
-8.688017957598216
 20
-18.69376177747791
 30
0.0
 70
0
  0
VERTEX
  5
7AF
  8
TEXT
 10
-8.6569868321644
 20
-18.673788356478482
 30
0.0
 70
0
  0
VERTEX
  5
7B0
  8
TEXT
 10
-8.625079022077259
 20
-18.655563099265535
 30
0.0
 70
0
  0
VERTEX
  5
7B1
  8
TEXT
 10
-8.592294527336792
 20
-18.639086005839072
 30
0.0
 70
0
  0
VERTEX
  5
7B2
  8
TEXT
 10
-8.558633347943
 20
-18.624357076199086
 30
0.0
 70
0
  0
VERTEX
  5
7B3
  8
TEXT
 10
-8.524095483895882
 20
-18.611376310345584
 30
0.0
 70
0
  0
VERTEX
  5
7B4
  8
TEXT
 10
-8.488680935195442
 20
-18.60014370827856
 30
0.0
 70
0
  0
VERTEX
  5
7B5
  8
TEXT
 10
-8.452389701841673
 20
-18.590659269998017
 30
0.0
 70
0
  0
VERTEX
  5
7B6
  8
TEXT
 10
-8.41522178383458
 20
-18.582922995503957
 30
0.0
 70
0
  0
VERTEX
  5
7B7
  8
TEXT
 10
-8.377177181174163
 20
-18.576934884796376
 30
0.0
 70
0
  0
VERTEX
  5
7B8
  8
TEXT
 10
-8.33825589386042
 20
-18.572694937875276
 30
0.0
 70
0
  0
VERTEX
  5
7B9
  8
TEXT
 10
-8.302390566980183
 20
-18.57051175355153
 30
0.0
 70
0
  0
VERTEX
  5
7BA
  8
TEXT
 10
-8.266357549322025
 20
-18.57008195517639
 30
0.0
 70
0
  0
VERTEX
  5
7BB
  8
TEXT
 10
-8.230156840885948
 20
-18.571405542749872
 30
0.0
 70
0
  0
VERTEX
  5
7BC
  8
TEXT
 10
-8.193788441671952
 20
-18.574482516271964
 30
0.0
 70
0
  0
VERTEX
  5
7BD
  8
TEXT
 10
-8.157252351680034
 20
-18.57931287574267
 30
0.0
 70
0
  0
VERTEX
  5
7BE
  8
TEXT
 10
-8.120548570910199
 20
-18.58589662116199
 30
0.0
 70
0
  0
VERTEX
  5
7BF
  8
TEXT
 10
-8.083677099362442
 20
-18.59423375252992
 30
0.0
 70
0
  0
VERTEX
  5
7C0
  8
TEXT
 10
-8.046637937036765
 20
-18.604324269846465
 30
0.0
 70
0
  0
VERTEX
  5
7C1
  8
TEXT
 10
-8.009431083933169
 20
-18.616168173111625
 30
0.0
 70
0
  0
VERTEX
  5
7C2
  8
TEXT
 10
-7.9720565400516525
 20
-18.6297654623254
 30
0.0
 70
0
  0
VERTEX
  5
7C3
  8
TEXT
 10
-7.9345143053922165
 20
-18.645116137487783
 30
0.0
 70
0
  0
VERTEX
  5
7C4
  8
TEXT
 10
-7.897101348519325
 20
-18.662079514074527
 30
0.0
 70
0
  0
VERTEX
  5
7C5
  8
TEXT
 10
-7.861119718217916
 20
-18.680081436768685
 30
0.0
 70
0
  0
VERTEX
  5
7C6
  8
TEXT
 10
-7.826569414487987
 20
-18.69912190557026
 30
0.0
 70
0
  0
VERTEX
  5
7C7
  8
TEXT
 10
-7.793450437329539
 20
-18.719200920479246
 30
0.0
 70
0
  0
VERTEX
  5
7C8
  8
TEXT
 10
-7.7617627867425725
 20
-18.740318481495642
 30
0.0
 70
0
  0
VERTEX
  5
7C9
  8
TEXT
 10
-7.731506462727088
 20
-18.762474588619455
 30
0.0
 70
0
  0
VERTEX
  5
7CA
  8
TEXT
 10
-7.702681465283083
 20
-18.785669241850684
 30
0.0
 70
0
  0
VERTEX
  5
7CB
  8
TEXT
 10
-7.67528779441056
 20
-18.809902441189323
 30
0.0
 70
0
  0
VERTEX
  5
7CC
  8
TEXT
 10
-7.649325450109519
 20
-18.835174186635378
 30
0.0
 70
0
  0
VERTEX
  5
7CD
  8
TEXT
 10
-7.624794432379957
 20
-18.861484478188842
 30
0.0
 70
0
  0
VERTEX
  5
7CE
  8
TEXT
 10
-7.599216317179101
 20
-18.8915989954343
 30
0.0
 70
0
  0
VERTEX
  5
7CF
  8
TEXT
 10
-7.575404981451684
 20
-18.922321292488068
 30
0.0
 70
0
  0
VERTEX
  5
7D0
  8
TEXT
 10
-7.55336042519771
 20
-18.953651369350144
 30
0.0
 70
0
  0
VERTEX
  5
7D1
  8
TEXT
 10
-7.533082648417176
 20
-18.98558922602053
 30
0.0
 70
0
  0
VERTEX
  5
7D2
  8
TEXT
 10
-7.514571651110083
 20
-19.018134862499224
 30
0.0
 70
0
  0
VERTEX
  5
7D3
  8
TEXT
 10
-7.497827433276433
 20
-19.05128827878623
 30
0.0
 70
0
  0
VERTEX
  5
7D4
  8
TEXT
 10
-7.482849994916224
 20
-19.085049474881544
 30
0.0
 70
0
  0
VERTEX
  5
7D5
  8
TEXT
 10
-7.469639336029456
 20
-19.11941845078516
 30
0.0
 70
0
  0
VERTEX
  5
7D6
  8
TEXT
 10
-7.458195456616129
 20
-19.154395206497092
 30
0.0
 70
0
  0
VERTEX
  5
7D7
  8
TEXT
 10
-7.448579022681158
 20
-19.189699342961454
 30
0.0
 70
0
  0
VERTEX
  5
7D8
  8
TEXT
 10
-7.440850700229458
 20
-19.22505046112236
 30
0.0
 70
0
  0
VERTEX
  5
7D9
  8
TEXT
 10
-7.4350104892610265
 20
-19.260448560979818
 30
0.0
 70
0
  0
VERTEX
  5
7DA
  8
TEXT
 10
-7.431058389775868
 20
-19.295893642533823
 30
0.0
 70
0
  0
VERTEX
  5
7DB
  8
TEXT
 10
-7.428994401773978
 20
-19.331385705784374
 30
0.0
 70
0
  0
VERTEX
  5
7DC
  8
TEXT
 10
-7.42881852525536
 20
-19.366924750731478
 30
0.0
 70
0
  0
VERTEX
  5
7DD
  8
TEXT
 10
-7.430530760220011
 20
-19.402510777375127
 30
0.0
 70
0
  0
VERTEX
  5
7DE
  8
TEXT
 10
-7.434131106667933
 20
-19.43814378571533
 30
0.0
 70
0
  0
VERTEX
  5
7DF
  8
TEXT
 10
-7.439619564599125
 20
-19.473823775752077
 30
0.0
 70
0
  0
VERTEX
  5
7E0
  8
TEXT
 10
-7.722428622395597
 20
-19.455239397630894
 30
0.0
 70
0
  0
VERTEX
  5
7E1
  8
TEXT
 10
-7.717343387624911
 20
-19.414238543277914
 30
0.0
 70
0
  0
VERTEX
  5
7E2
  8
TEXT
 10
-7.715069151364517
 20
-19.374173388670947
 30
0.0
 70
0
  0
VERTEX
  5
7E3
  8
TEXT
 10
-7.715605913614411
 20
-19.335043933809995
 30
0.0
 70
0
  0
VERTEX
  5
7E4
  8
TEXT
 10
-7.718953674374595
 20
-19.296850178695053
 30
0.0
 70
0
  0
VERTEX
  5
7E5
  8
TEXT
 10
-7.725112433645069
 20
-19.259592123326122
 30
0.0
 70
0
  0
VERTEX
  5
7E6
  8
TEXT
 10
-7.734082191425833
 20
-19.223269767703204
 30
0.0
 70
0
  0
VERTEX
  5
7E7
  8
TEXT
 10
-7.745862947716887
 20
-19.187883111826295
 30
0.0
 70
0
  0
VERTEX
  5
7E8
  8
TEXT
 10
-7.760454702518231
 20
-19.153432155695402
 30
0.0
 70
0
  0
VERTEX
  5
7E9
  8
TEXT
 10
-7.777857455829865
 20
-19.11991689931052
 30
0.0
 70
0
  0
VERTEX
  5
7EA
  8
TEXT
 10
-7.795759897532968
 20
-19.090875839864058
 30
0.0
 70
0
  0
VERTEX
  5
7EB
  8
TEXT
 10
-7.815612368022075
 20
-19.063237993246048
 30
0.0
 70
0
  0
VERTEX
  5
7EC
  8
TEXT
 10
-7.837414867297187
 20
-19.037003359456488
 30
0.0
 70
0
  0
VERTEX
  5
7ED
  8
TEXT
 10
-7.861167395358303
 20
-19.01217193849538
 30
0.0
 70
0
  0
VERTEX
  5
7EE
  8
TEXT
 10
-7.886869952205421
 20
-18.988743730362724
 30
0.0
 70
0
  0
VERTEX
  5
7EF
  8
TEXT
 10
-7.914522537838545
 20
-18.966718735058517
 30
0.0
 70
0
  0
VERTEX
  5
7F0
  8
TEXT
 10
-7.944125152257673
 20
-18.946096952582764
 30
0.0
 70
0
  0
VERTEX
  5
7F1
  8
TEXT
 10
-7.975677795462805
 20
-18.926878382935463
 30
0.0
 70
0
  0
VERTEX
  5
7F2
  8
TEXT
 10
-8.009180467453941
 20
-18.909063026116613
 30
0.0
 70
0
  0
VERTEX
  5
7F3
  8
TEXT
 10
-8.044633168231082
 20
-18.892650882126212
 30
0.0
 70
0
  0
VERTEX
  5
7F4
  8
TEXT
 10
-8.080297465562325
 20
-18.87837600601161
 30
0.0
 70
0
  0
VERTEX
  5
7F5
  8
TEXT
 10
-8.115609361612584
 20
-18.86646594299279
 30
0.0
 70
0
  0
VERTEX
  5
7F6
  8
TEXT
 10
-8.150568856381863
 20
-18.856920693069757
 30
0.0
 70
0
  0
VERTEX
  5
7F7
  8
TEXT
 10
-8.185175949870155
 20
-18.849740256242505
 30
0.0
 70
0
  0
VERTEX
  5
7F8
  8
TEXT
 10
-8.219430642077466
 20
-18.84492463251104
 30
0.0
 70
0
  0
VERTEX
  5
7F9
  8
TEXT
 10
-8.253332933003792
 20
-18.84247382187536
 30
0.0
 70
0
  0
VERTEX
  5
7FA
  8
TEXT
 10
-8.286882822649135
 20
-18.84238782433546
 30
0.0
 70
0
  0
VERTEX
  5
7FB
  8
TEXT
 10
-8.32504379292427
 20
-18.84514526777102
 30
0.0
 70
0
  0
VERTEX
  5
7FC
  8
TEXT
 10
-8.36165476273836
 20
-18.85085931039237
 30
0.0
 70
0
  0
VERTEX
  5
7FD
  8
TEXT
 10
-8.3967157320914
 20
-18.859529952199512
 30
0.0
 70
0
  0
VERTEX
  5
7FE
  8
TEXT
 10
-8.430226700983393
 20
-18.87115719319245
 30
0.0
 70
0
  0
VERTEX
  5
7FF
  8
TEXT
 10
-8.46218766941434
 20
-18.88574103337118
 30
0.0
 70
0
  0
VERTEX
  5
800
  8
TEXT
 10
-8.492598637384239
 20
-18.9032814727357
 30
0.0
 70
0
  0
VERTEX
  5
801
  8
TEXT
 10
-8.521055473847223
 20
-18.923707649630117
 30
0.0
 70
0
  0
VERTEX
  5
802
  8
TEXT
 10
-8.547154047757427
 20
-18.94694870239854
 30
0.0
 70
0
  0
VERTEX
  5
803
  8
TEXT
 10
-8.570894359114849
 20
-18.97300463104097
 30
0.0
 70
0
  0
VERTEX
  5
804
  8
TEXT
 10
-8.59227640791949
 20
-19.001875435557395
 30
0.0
 70
0
  0
VERTEX
  5
805
  8
TEXT
 10
-8.61130019417135
 20
-19.03356111594783
 30
0.0
 70
0
  0
VERTEX
  5
806
  8
TEXT
 10
-8.627965717870428
 20
-19.068061672212263
 30
0.0
 70
0
  0
VERTEX
  5
807
  8
TEXT
 10
-8.640858310097789
 20
-19.102881923134333
 30
0.0
 70
0
  0
VERTEX
  5
808
  8
TEXT
 10
-8.649582143541254
 20
-19.137889055537226
 30
0.0
 70
0
  0
VERTEX
  5
809
  8
TEXT
 10
-8.654137218200823
 20
-19.173083069420947
 30
0.0
 70
0
  0
VERTEX
  5
80A
  8
TEXT
 10
-8.654523534076496
 20
-19.2084639647855
 30
0.0
 70
0
  0
VERTEX
  5
80B
  8
TEXT
 10
-8.650741091168273
 20
-19.244031741630877
 30
0.0
 70
0
  0
VERTEX
  5
80C
  8
TEXT
 10
-8.642789889476152
 20
-19.279786399957086
 30
0.0
 70
0
  0
VERTEX
  5
80D
  8
TEXT
 10
-8.632360526279466
 20
-19.310452369467765
 30
0.0
 70
0
  0
VERTEX
  5
80E
  8
TEXT
 10
-8.618276289976384
 20
-19.340996393885593
 30
0.0
 70
0
  0
VERTEX
  5
80F
  8
TEXT
 10
-8.600537180566905
 20
-19.37141847321058
 30
0.0
 70
0
  0
VERTEX
  5
810
  8
TEXT
 10
-8.579143198051028
 20
-19.40171860744271
 30
0.0
 70
0
  0
VERTEX
  5
811
  8
TEXT
 10
-8.554094342428755
 20
-19.431896796582
 30
0.0
 70
0
  0
VERTEX
  5
812
  8
TEXT
 10
-8.525390613700084
 20
-19.461953040628437
 30
0.0
 70
0
  0
VERTEX
  5
813
  8
TEXT
 10
-8.493032011865019
 20
-19.491887339582025
 30
0.0
 70
0
  0
VERTEX
  5
814
  8
TEXT
 10
-8.205077280178035
 20
-19.742156220397188
 30
0.0
 70
0
  0
VERTEX
  5
815
  8
TEXT
 10
-8.173273937643678
 20
-19.77082099032813
 30
0.0
 70
0
  0
VERTEX
  5
816
  8
TEXT
 10
-8.143438092365118
 20
-19.799676209575864
 30
0.0
 70
0
  0
VERTEX
  5
817
  8
TEXT
 10
-8.115569744342357
 20
-19.828721878140392
 30
0.0
 70
0
  0
VERTEX
  5
818
  8
TEXT
 10
-8.089668893575395
 20
-19.857957996021717
 30
0.0
 70
0
  0
VERTEX
  5
819
  8
TEXT
 10
-8.06573554006423
 20
-19.887384563219833
 30
0.0
 70
0
  0
VERTEX
  5
81A
  8
TEXT
 10
-8.043769683808861
 20
-19.917001579734745
 30
0.0
 70
0
  0
VERTEX
  5
81B
  8
TEXT
 10
-8.023771324809292
 20
-19.946809045566447
 30
0.0
 70
0
  0
VERTEX
  5
81C
  8
TEXT
 10
-8.005740463065521
 20
-19.976806960714946
 30
0.0
 70
0
  0
VERTEX
  5
81D
  8
TEXT
 10
-7.989677098577549
 20
-20.006995325180238
 30
0.0
 70
0
  0
VERTEX
  5
81E
  8
TEXT
 10
-7.975581231345374
 20
-20.037374138962324
 30
0.0
 70
0
  0
VERTEX
  5
81F
  8
TEXT
 10
-7.963452861368998
 20
-20.067943402061204
 30
0.0
 70
0
  0
VERTEX
  5
820
  8
TEXT
 10
-7.953291988648418
 20
-20.098703114476876
 30
0.0
 70
0
  0
VERTEX
  5
821
  8
TEXT
 10
-7.943643102784955
 20
-20.135762912436892
 30
0.0
 70
0
  0
VERTEX
  5
822
  8
TEXT
 10
-7.936721543016994
 20
-20.17289045733917
 30
0.0
 70
0
  0
VERTEX
  5
823
  8
TEXT
 10
-7.932527309344539
 20
-20.210085749183712
 30
0.0
 70
0
  0
VERTEX
  5
824
  8
TEXT
 10
-7.931060401767587
 20
-20.247348787970513
 30
0.0
 70
0
  0
VERTEX
  5
825
  8
TEXT
 10
-7.9323208202861375
 20
-20.284679573699577
 30
0.0
 70
0
  0
VERTEX
  5
826
  8
TEXT
 10
-7.936308564900193
 20
-20.322078106370906
 30
0.0
 70
0
  0
VERTEX
  5
827
  8
TEXT
 10
-7.943023635609752
 20
-20.359544385984496
 30
0.0
 70
0
  0
VERTEX
  5
828
  8
TEXT
 10
-7.952466032414815
 20
-20.39707841254035
 30
0.0
 70
0
  0
VERTEX
  5
829
  8
TEXT
 10
-7.964635755315381
 20
-20.434680186038467
 30
0.0
 70
0
  0
VERTEX
  5
82A
  8
TEXT
 10
-7.979532804311452
 20
-20.472349706478845
 30
0.0
 70
0
  0
VERTEX
  5
82B
  8
TEXT
 10
-7.9946557833970155
 20
-20.5048912029063
 30
0.0
 70
0
  0
VERTEX
  5
82C
  8
TEXT
 10
-8.011415648336008
 20
-20.53618039763759
 30
0.0
 70
0
  0
VERTEX
  5
82D
  8
TEXT
 10
-8.029812399128428
 20
-20.566217290672714
 30
0.0
 70
0
  0
VERTEX
  5
82E
  8
TEXT
 10
-8.049846035774273
 20
-20.595001882011676
 30
0.0
 70
0
  0
VERTEX
  5
82F
  8
TEXT
 10
-8.071516558273547
 20
-20.622534171654472
 30
0.0
 70
0
  0
VERTEX
  5
830
  8
TEXT
 10
-8.094823966626247
 20
-20.648814159601102
 30
0.0
 70
0
  0
VERTEX
  5
831
  8
TEXT
 10
-8.119768260832375
 20
-20.673841845851566
 30
0.0
 70
0
  0
VERTEX
  5
832
  8
TEXT
 10
-8.146349440891928
 20
-20.697617230405868
 30
0.0
 70
0
  0
VERTEX
  5
833
  8
TEXT
 10
-8.17456750680491
 20
-20.720140313264004
 30
0.0
 70
0
  0
VERTEX
  5
834
  8
TEXT
 10
-8.20442245857132
 20
-20.741411094425974
 30
0.0
 70
0
  0
VERTEX
  5
835
  8
TEXT
 10
-8.235583318292697
 20
-20.761168862539407
 30
0.0
 70
0
  0
VERTEX
  5
836
  8
TEXT
 10
-8.267719108070583
 20
-20.779152906251934
 30
0.0
 70
0
  0
VERTEX
  5
837
  8
TEXT
 10
-8.300829827904979
 20
-20.795363225563555
 30
0.0
 70
0
  0
VERTEX
  5
838
  8
TEXT
 10
-8.334915477795882
 20
-20.809799820474268
 30
0.0
 70
0
  0
VERTEX
  5
839
  8
TEXT
 10
-8.369976057743294
 20
-20.822462690984075
 30
0.0
 70
0
  0
VERTEX
  5
83A
  8
TEXT
 10
-8.406011567747214
 20
-20.833351837092977
 30
0.0
 70
0
  0
VERTEX
  5
83B
  8
TEXT
 10
-8.443022007807645
 20
-20.84246725880097
 30
0.0
 70
0
  0
VERTEX
  5
83C
  8
TEXT
 10
-8.481007377924584
 20
-20.849808956108056
 30
0.0
 70
0
  0
VERTEX
  5
83D
  8
TEXT
 10
-8.519967678098032
 20
-20.855376929014238
 30
0.0
 70
0
  0
VERTEX
  5
83E
  8
TEXT
 10
-8.559902908327988
 20
-20.85917117751951
 30
0.0
 70
0
  0
VERTEX
  5
83F
  8
TEXT
 10
-8.593754912328551
 20
-20.860815943375673
 30
0.0
 70
0
  0
VERTEX
  5
840
  8
TEXT
 10
-8.627939765566552
 20
-20.860904597102802
 30
0.0
 70
0
  0
VERTEX
  5
841
  8
TEXT
 10
-8.662457468041993
 20
-20.859437138700894
 30
0.0
 70
0
  0
VERTEX
  5
842
  8
TEXT
 10
-8.697308019754871
 20
-20.85641356816995
 30
0.0
 70
0
  0
VERTEX
  5
843
  8
TEXT
 10
-8.732491420705191
 20
-20.85183388550997
 30
0.0
 70
0
  0
VERTEX
  5
844
  8
TEXT
 10
-8.768007670892949
 20
-20.84569809072095
 30
0.0
 70
0
  0
VERTEX
  5
845
  8
TEXT
 10
-8.803856770318147
 20
-20.838006183802896
 30
0.0
 70
0
  0
VERTEX
  5
846
  8
TEXT
 10
-8.840038718980784
 20
-20.828758164755808
 30
0.0
 70
0
  0
VERTEX
  5
847
  8
TEXT
 10
-8.87655351688086
 20
-20.817954033579678
 30
0.0
 70
0
  0
VERTEX
  5
848
  8
TEXT
 10
-8.913401164018376
 20
-20.805593790274514
 30
0.0
 70
0
  0
VERTEX
  5
849
  8
TEXT
 10
-8.95058166039333
 20
-20.791677434840317
 30
0.0
 70
0
  0
SEQEND
  5
737
  8
TEXT
  0
POLYLINE
  5
84A
  8
TEXT
 66
1
 10
0.0
 20
0.0
 30
0.0
 70
1
  0
VERTEX
  5
84C
  8
TEXT
 10
-7.039503840792768
 20
-21.5146804449644
 30
0.0
 70
0
  0
VERTEX
  5
84D
  8
TEXT
 10
-7.078184971858566
 20
-21.50113115994698
 30
0.0
 70
0
  0
VERTEX
  5
84E
  8
TEXT
 10
-7.115523232005406
 20
-21.486181797469154
 30
0.0
 70
0
  0
VERTEX
  5
84F
  8
TEXT
 10
-7.151518621233289
 20
-21.46983235753093
 30
0.0
 70
0
  0
VERTEX
  5
850
  8
TEXT
 10
-7.186171139542213
 20
-21.4520828401323
 30
0.0
 70
0
  0
VERTEX
  5
851
  8
TEXT
 10
-7.219480786932181
 20
-21.43293324527327
 30
0.0
 70
0
  0
VERTEX
  5
852
  8
TEXT
 10
-7.2514475634031905
 20
-21.412383572953832
 30
0.0
 70
0
  0
VERTEX
  5
853
  8
TEXT
 10
-7.282071468955243
 20
-21.390433823173996
 30
0.0
 70
0
  0
VERTEX
  5
854
  8
TEXT
 10
-7.311352503588337
 20
-21.367083995933754
 30
0.0
 70
0
  0
VERTEX
  5
855
  8
TEXT
 10
-7.339290667302474
 20
-21.342334091233113
 30
0.0
 70
0
  0
VERTEX
  5
856
  8
TEXT
 10
-7.365885960097653
 20
-21.31618410907207
 30
0.0
 70
0
  0
VERTEX
  5
857
  8
TEXT
 10
-7.3911383819738745
 20
-21.28863404945062
 30
0.0
 70
0
  0
VERTEX
  5
858
  8
TEXT
 10
-7.414910014490649
 20
-21.259970505803565
 30
0.0
 70
0
  0
VERTEX
  5
859
  8
TEXT
 10
-7.437062939207484
 20
-21.230480071565697
 30
0.0
 70
0
  0
VERTEX
  5
85A
  8
TEXT
 10
-7.457597156124381
 20
-21.200162746737018
 30
0.0
 70
0
  0
VERTEX
  5
85B
  8
TEXT
 10
-7.47651266524134
 20
-21.169018531317523
 30
0.0
 70
0
  0
VERTEX
  5
85C
  8
TEXT
 10
-7.4938094665583606
 20
-21.13704742530722
 30
0.0
 70
0
  0
VERTEX
  5
85D
  8
TEXT
 10
-7.509487560075444
 20
-21.1042494287061
 30
0.0
 70
0
  0
VERTEX
  5
85E
  8
TEXT
 10
-7.523546945792588
 20
-21.070624541514167
 30
0.0
 70
0
  0
VERTEX
  5
85F
  8
TEXT
 10
-7.535987623709794
 20
-21.036172763731425
 30
0.0
 70
0
  0
VERTEX
  5
860
  8
TEXT
 10
-7.546809593827062
 20
-21.000894095357868
 30
0.0
 70
0
  0
VERTEX
  5
861
  8
TEXT
 10
-7.556012856144391
 20
-20.9647885363935
 30
0.0
 70
0
  0
VERTEX
  5
862
  8
TEXT
 10
-7.5635974106617825
 20
-20.927856086838315
 30
0.0
 70
0
  0
VERTEX
  5
863
  8
TEXT
 10
-7.569046820995059
 20
-20.893510040602784
 30
0.0
 70
0
  0
VERTEX
  5
864
  8
TEXT
 10
-7.572973850862947
 20
-20.85893937578894
 30
0.0
 70
0
  0
VERTEX
  5
865
  8
TEXT
 10
-7.5753785002654475
 20
-20.82414409239678
 30
0.0
 70
0
  0
VERTEX
  5
866
  8
TEXT
 10
-7.57626076920256
 20
-20.789124190426307
 30
0.0
 70
0
  0
VERTEX
  5
867
  8
TEXT
 10
-7.575620657674285
 20
-20.753879669877517
 30
0.0
 70
0
  0
VERTEX
  5
868
  8
TEXT
 10
-7.573458165680622
 20
-20.71841053075041
 30
0.0
 70
0
  0
VERTEX
  5
869
  8
TEXT
 10
-7.569773293221569
 20
-20.682716773044994
 30
0.0
 70
0
  0
VERTEX
  5
86A
  8
TEXT
 10
-7.56456604029713
 20
-20.646798396761262
 30
0.0
 70
0
  0
VERTEX
  5
86B
  8
TEXT
 10
-7.5578364069073025
 20
-20.610655401899212
 30
0.0
 70
0
  0
VERTEX
  5
86C
  8
TEXT
 10
-7.549584393052087
 20
-20.57428778845885
 30
0.0
 70
0
  0
VERTEX
  5
86D
  8
TEXT
 10
-7.539809998731483
 20
-20.537695556440173
 30
0.0
 70
0
  0
VERTEX
  5
86E
  8
TEXT
 10
-7.528513223945493
 20
-20.50087870584318
 30
0.0
 70
0
  0
VERTEX
  5
86F
  8
TEXT
 10
-7.515870224107882
 20
-20.46435843251884
 30
0.0
 70
0
  0
VERTEX
  5
870
  8
TEXT
 10
-7.50208909626161
 20
-20.428753757907216
 30
0.0
 70
0
  0
VERTEX
  5
871
  8
TEXT
 10
-7.487169840406676
 20
-20.39406468200831
 30
0.0
 70
0
  0
VERTEX
  5
872
  8
TEXT
 10
-7.471112456543081
 20
-20.360291204822122
 30
0.0
 70
0
  0
VERTEX
  5
873
  8
TEXT
 10
-7.453916944670825
 20
-20.32743332634865
 30
0.0
 70
0
  0
VERTEX
  5
874
  8
TEXT
 10
-7.4355833047899065
 20
-20.295491046587898
 30
0.0
 70
0
  0
VERTEX
  5
875
  8
TEXT
 10
-7.416111536900326
 20
-20.26446436553986
 30
0.0
 70
0
  0
VERTEX
  5
876
  8
TEXT
 10
-7.395501641002085
 20
-20.234353283204545
 30
0.0
 70
0
  0
VERTEX
  5
877
  8
TEXT
 10
-7.373753617095182
 20
-20.205157799581944
 30
0.0
 70
0
  0
VERTEX
  5
878
  8
TEXT
 10
-7.3508674651796175
 20
-20.176877914672062
 30
0.0
 70
0
  0
VERTEX
  5
879
  8
TEXT
 10
-7.324342304263318
 20
-20.146662214707046
 30
0.0
 70
0
  0
VERTEX
  5
87A
  8
TEXT
 10
-7.296889523558632
 20
-20.1178419715976
 30
0.0
 70
0
  0
VERTEX
  5
87B
  8
TEXT
 10
-7.26850912306556
 20
-20.09041718534373
 30
0.0
 70
0
  0
VERTEX
  5
87C
  8
TEXT
 10
-7.239201102784102
 20
-20.06438785594543
 30
0.0
 70
0
  0
VERTEX
  5
87D
  8
TEXT
 10
-7.208965462714256
 20
-20.0397539834027
 30
0.0
 70
0
  0
VERTEX
  5
87E
  8
TEXT
 10
-7.177802202856024
 20
-20.016515567715548
 30
0.0
 70
0
  0
VERTEX
  5
87F
  8
TEXT
 10
-7.145711323209406
 20
-19.994672608883963
 30
0.0
 70
0
  0
VERTEX
  5
880
  8
TEXT
 10
-7.112692823774401
 20
-19.974225106907955
 30
0.0
 70
0
  0
VERTEX
  5
881
  8
TEXT
 10
-7.078746704551009
 20
-19.955173061787516
 30
0.0
 70
0
  0
VERTEX
  5
882
  8
TEXT
 10
-7.044078614907266
 20
-19.937639774384813
 30
0.0
 70
0
  0
VERTEX
  5
883
  8
TEXT
 10
-7.008894204211205
 20
-19.921748545562
 30
0.0
 70
0
  0
VERTEX
  5
884
  8
TEXT
 10
-6.973193472462826
 20
-19.907499375319084
 30
0.0
 70
0
  0
VERTEX
  5
885
  8
TEXT
 10
-6.9369764196621295
 20
-19.89489226365606
 30
0.0
 70
0
  0
VERTEX
  5
886
  8
TEXT
 10
-6.900243045809115
 20
-19.883927210572928
 30
0.0
 70
0
  0
VERTEX
  5
887
  8
TEXT
 10
-6.862993350903784
 20
-19.87460421606969
 30
0.0
 70
0
  0
VERTEX
  5
888
  8
TEXT
 10
-6.825227334946135
 20
-19.86692328014635
 30
0.0
 70
0
  0
VERTEX
  5
889
  8
TEXT
 10
-6.786944997936168
 20
-19.8608844028029
 30
0.0
 70
0
  0
VERTEX
  5
88A
  8
TEXT
 10
-6.748146339873884
 20
-19.856487584039343
 30
0.0
 70
0
  0
VERTEX
  5
88B
  8
TEXT
 10
-6.712984562457739
 20
-19.854007628986988
 30
0.0
 70
0
  0
VERTEX
  5
88C
  8
TEXT
 10
-6.677801503668503
 20
-19.853004184882426
 30
0.0
 70
0
  0
VERTEX
  5
88D
  8
TEXT
 10
-6.642597163506176
 20
-19.853477251725657
 30
0.0
 70
0
  0
VERTEX
  5
88E
  8
TEXT
 10
-6.607371541970758
 20
-19.85542682951668
 30
0.0
 70
0
  0
VERTEX
  5
88F
  8
TEXT
 10
-6.572124639062248
 20
-19.858852918255494
 30
0.0
 70
0
  0
VERTEX
  5
890
  8
TEXT
 10
-6.536856454780648
 20
-19.8637555179421
 30
0.0
 70
0
  0
VERTEX
  5
891
  8
TEXT
 10
-6.501566989125956
 20
-19.870134628576498
 30
0.0
 70
0
  0
VERTEX
  5
892
  8
TEXT
 10
-6.466256242098172
 20
-19.877990250158685
 30
0.0
 70
0
  0
VERTEX
  5
893
  8
TEXT
 10
-6.430924213697298
 20
-19.887322382688666
 30
0.0
 70
0
  0
VERTEX
  5
894
  8
TEXT
 10
-6.395570903923333
 20
-19.89813102616644
 30
0.0
 70
0
  0
VERTEX
  5
895
  8
TEXT
 10
-6.35628012186549
 20
-19.91189887304979
 30
0.0
 70
0
  0
VERTEX
  5
896
  8
TEXT
 10
-6.318380194783162
 20
-19.927090131838188
 30
0.0
 70
0
  0
VERTEX
  5
897
  8
TEXT
 10
-6.281871122676347
 20
-19.943704802531627
 30
0.0
 70
0
  0
VERTEX
  5
898
  8
TEXT
 10
-6.246752905545046
 20
-19.961742885130114
 30
0.0
 70
0
  0
VERTEX
  5
899
  8
TEXT
 10
-6.213025543389258
 20
-19.98120437963365
 30
0.0
 70
0
  0
VERTEX
  5
89A
  8
TEXT
 10
-6.1806890362089835
 20
-20.002089286042224
 30
0.0
 70
0
  0
VERTEX
  5
89B
  8
TEXT
 10
-6.149743384004223
 20
-20.024397604355848
 30
0.0
 70
0
  0
VERTEX
  5
89C
  8
TEXT
 10
-6.120188586774976
 20
-20.04812933457452
 30
0.0
 70
0
  0
VERTEX
  5
89D
  8
TEXT
 10
-6.092121505913965
 20
-20.073037185547054
 30
0.0
 70
0
  0
VERTEX
  5
89E
  8
TEXT
 10
-6.06563900281391
 20
-20.09887386612228
 30
0.0
 70
0
  0
VERTEX
  5
89F
  8
TEXT
 10
-6.040741077474814
 20
-20.1256393763002
 30
0.0
 70
0
  0
VERTEX
  5
8A0
  8
TEXT
 10
-6.017427729896674
 20
-20.153333716080805
 30
0.0
 70
0
  0
VERTEX
  5
8A1
  8
TEXT
 10
-5.995698960079494
 20
-20.181956885464103
 30
0.0
 70
0
  0
VERTEX
  5
8A2
  8
TEXT
 10
-5.97555476802327
 20
-20.211508884450094
 30
0.0
 70
0
  0
VERTEX
  5
8A3
  8
TEXT
 10
-5.956995153728004
 20
-20.241989713038773
 30
0.0
 70
0
  0
VERTEX
  5
8A4
  8
TEXT
 10
-5.940020117193694
 20
-20.27339937123014
 30
0.0
 70
0
  0
VERTEX
  5
8A5
  8
TEXT
 10
-5.924835192749972
 20
-20.305493142824496
 30
0.0
 70
0
  0
VERTEX
  5
8A6
  8
TEXT
 10
-5.9116459147264635
 20
-20.338026311622123
 30
0.0
 70
0
  0
VERTEX
  5
8A7
  8
TEXT
 10
-5.900452283123171
 20
-20.370998877623023
 30
0.0
 70
0
  0
VERTEX
  5
8A8
  8
TEXT
 10
-5.891254297940091
 20
-20.404410840827197
 30
0.0
 70
0
  0
VERTEX
  5
8A9
  8
TEXT
 10
-5.884051959177228
 20
-20.438262201234647
 30
0.0
 70
0
  0
VERTEX
  5
8AA
  8
TEXT
 10
-5.878845266834578
 20
-20.472552958845373
 30
0.0
 70
0
  0
VERTEX
  5
8AB
  8
TEXT
 10
-5.8756342209121435
 20
-20.50728311365937
 30
0.0
 70
0
  0
VERTEX
  5
8AC
  8
TEXT
 10
-5.874418821409923
 20
-20.54245266567664
 30
0.0
 70
0
  0
VERTEX
  5
8AD
  8
TEXT
 10
-6.160047968677055
 20
-20.571788990904235
 30
0.0
 70
0
  0
VERTEX
  5
8AE
  8
TEXT
 10
-6.163026631101305
 20
-20.532499094621812
 30
0.0
 70
0
  0
VERTEX
  5
8AF
  8
TEXT
 10
-6.169240720249953
 20
-20.494389682162105
 30
0.0
 70
0
  0
VERTEX
  5
8B0
  8
TEXT
 10
-6.178690236123
 20
-20.457460753525105
 30
0.0
 70
0
  0
VERTEX
  5
8B1
  8
TEXT
 10
-6.1913751787204445
 20
-20.42171230871082
 30
0.0
 70
0
  0
VERTEX
  5
8B2
  8
TEXT
 10
-6.2072955480422864
 20
-20.38714434771925
 30
0.0
 70
0
  0
VERTEX
  5
8B3
  8
TEXT
 10
-6.226451344088527
 20
-20.353756870550388
 30
0.0
 70
0
  0
VERTEX
  5
8B4
  8
TEXT
 10
-6.248842566859166
 20
-20.32154987720424
 30
0.0
 70
0
  0
VERTEX
  5
8B5
  8
TEXT
 10
-6.270853112397667
 20
-20.29485814253944
 30
0.0
 70
0
  0
VERTEX
  5
8B6
  8
TEXT
 10
-6.294869110780704
 20
-20.270112253555926
 30
0.0
 70
0
  0
VERTEX
  5
8B7
  8
TEXT
 10
-6.320890562008279
 20
-20.247312210253693
 30
0.0
 70
0
  0
VERTEX
  5
8B8
  8
TEXT
 10
-6.34891746608039
 20
-20.226458012632744
 30
0.0
 70
0
  0
VERTEX
  5
8B9
  8
TEXT
 10
-6.378949822997039
 20
-20.20754966069308
 30
0.0
 70
0
  0
VERTEX
  5
8BA
  8
TEXT
 10
-6.410987632758225
 20
-20.1905871544347
 30
0.0
 70
0
  0
VERTEX
  5
8BB
  8
TEXT
 10
-6.445030895363947
 20
-20.1755704938576
 30
0.0
 70
0
  0
VERTEX
  5
8BC
  8
TEXT
 10
-6.481079610814206
 20
-20.162499678961787
 30
0.0
 70
0
  0
VERTEX
  5
8BD
  8
TEXT
 10
-6.517165166669123
 20
-20.151894939031788
 30
0.0
 70
0
  0
VERTEX
  5
8BE
  8
TEXT
 10
-6.553030898298112
 20
-20.14371752484134
 30
0.0
 70
0
  0
VERTEX
  5
8BF
  8
TEXT
 10
-6.588676805701172
 20
-20.137967436390433
 30
0.0
 70
0
  0
VERTEX
  5
8C0
  8
TEXT
 10
-6.624102888878304
 20
-20.134644673679077
 30
0.0
 70
0
  0
VERTEX
  5
8C1
  8
TEXT
 10
-6.659309147829508
 20
-20.133749236707267
 30
0.0
 70
0
  0
VERTEX
  5
8C2
  8
TEXT
 10
-6.694295582554783
 20
-20.135281125475004
 30
0.0
 70
0
  0
VERTEX
  5
8C3
  8
TEXT
 10
-6.729062193054131
 20
-20.139240339982287
 30
0.0
 70
0
  0
VERTEX
  5
8C4
  8
TEXT
 10
-6.763608979327549
 20
-20.145626880229116
 30
0.0
 70
0
  0
VERTEX
  5
8C5
  8
TEXT
 10
-6.79793594137504
 20
-20.154440746215492
 30
0.0
 70
0
  0
VERTEX
  5
8C6
  8
TEXT
 10
-6.831691027472777
 20
-20.165355849422397
 30
0.0
 70
0
  0
VERTEX
  5
8C7
  8
TEXT
 10
-6.864522185896937
 20
-20.178046101330818
 30
0.0
 70
0
  0
VERTEX
  5
8C8
  8
TEXT
 10
-6.896429416647519
 20
-20.19251150194075
 30
0.0
 70
0
  0
VERTEX
  5
8C9
  8
TEXT
 10
-6.927412719724524
 20
-20.208752051252194
 30
0.0
 70
0
  0
VERTEX
  5
8CA
  8
TEXT
 10
-6.957472095127951
 20
-20.22676774926515
 30
0.0
 70
0
  0
VERTEX
  5
8CB
  8
TEXT
 10
-6.9866075428578
 20
-20.246558595979618
 30
0.0
 70
0
  0
VERTEX
  5
8CC
  8
TEXT
 10
-7.014819062914072
 20
-20.2681245913956
 30
0.0
 70
0
  0
VERTEX
  5
8CD
  8
TEXT
 10
-7.042106655296767
 20
-20.291465735513096
 30
0.0
 70
0
  0
VERTEX
  5
8CE
  8
TEXT
 10
-7.068470320005884
 20
-20.316582028332103
 30
0.0
 70
0
  0
VERTEX
  5
8CF
  8
TEXT
 10
-7.093586657871478
 20
-20.34314303762129
 30
0.0
 70
0
  0
VERTEX
  5
8D0
  8
TEXT
 10
-7.117132269723606
 20
-20.370818331149323
 30
0.0
 70
0
  0
VERTEX
  5
8D1
  8
TEXT
 10
-7.139107155562266
 20
-20.3996079089162
 30
0.0
 70
0
  0
VERTEX
  5
8D2
  8
TEXT
 10
-7.159511315387459
 20
-20.429511770921923
 30
0.0
 70
0
  0
VERTEX
  5
8D3
  8
TEXT
 10
-7.1783447491991845
 20
-20.460529917166493
 30
0.0
 70
0
  0
VERTEX
  5
8D4
  8
TEXT
 10
-7.195607456997443
 20
-20.49266234764991
 30
0.0
 70
0
  0
VERTEX
  5
8D5
  8
TEXT
 10
-7.211299438782235
 20
-20.525909062372172
 30
0.0
 70
0
  0
VERTEX
  5
8D6
  8
TEXT
 10
-7.225420694553559
 20
-20.56027006133328
 30
0.0
 70
0
  0
VERTEX
  5
8D7
  8
TEXT
 10
-7.2379712243114165
 20
-20.595745344533235
 30
0.0
 70
0
  0
VERTEX
  5
8D8
  8
TEXT
 10
-7.248968352187685
 20
-20.632572641272823
 30
0.0
 70
0
  0
VERTEX
  5
8D9
  8
TEXT
 10
-7.257763951706149
 20
-20.668951647746525
 30
0.0
 70
0
  0
VERTEX
  5
8DA
  8
TEXT
 10
-7.2643580228668085
 20
-20.704882363954344
 30
0.0
 70
0
  0
VERTEX
  5
8DB
  8
TEXT
 10
-7.268750565669663
 20
-20.74036478989628
 30
0.0
 70
0
  0
VERTEX
  5
8DC
  8
TEXT
 10
-7.270941580114712
 20
-20.775398925572333
 30
0.0
 70
0
  0
VERTEX
  5
8DD
  8
TEXT
 10
-7.270931066201957
 20
-20.809984770982503
 30
0.0
 70
0
  0
VERTEX
  5
8DE
  8
TEXT
 10
-7.268719023931396
 20
-20.844122326126787
 30
0.0
 70
0
  0
VERTEX
  5
8DF
  8
TEXT
 10
-7.264305453303032
 20
-20.87781159100519
 30
0.0
 70
0
  0
VERTEX
  5
8E0
  8
TEXT
 10
-7.256724986880904
 20
-20.915364683824023
 30
0.0
 70
0
  0
VERTEX
  5
8E1
  8
TEXT
 10
-7.246587781459705
 20
-20.95153226000519
 30
0.0
 70
0
  0
VERTEX
  5
8E2
  8
TEXT
 10
-7.2338938370394334
 20
-20.98631431954869
 30
0.0
 70
0
  0
VERTEX
  5
8E3
  8
TEXT
 10
-7.218643153620089
 20
-21.019710862454517
 30
0.0
 70
0
  0
VERTEX
  5
8E4
  8
TEXT
 10
-7.200835731201674
 20
-21.051721888722675
 30
0.0
 70
0
  0
VERTEX
  5
8E5
  8
TEXT
 10
-7.180471569784186
 20
-21.082347398353168
 30
0.0
 70
0
  0
VERTEX
  5
8E6
  8
TEXT
 10
-7.157550669367626
 20
-21.11158739134599
 30
0.0
 70
0
  0
VERTEX
  5
8E7
  8
TEXT
 10
-7.1323398040160875
 20
-21.138990229381246
 30
0.0
 70
0
  0
VERTEX
  5
8E8
  8
TEXT
 10
-7.105105747793663
 20
-21.164104274139053
 30
0.0
 70
0
  0
VERTEX
  5
8E9
  8
TEXT
 10
-7.0758485007003555
 20
-21.1869295256194
 30
0.0
 70
0
  0
VERTEX
  5
8EA
  8
TEXT
 10
-7.044568062736161
 20
-21.207465983822296
 30
0.0
 70
0
  0
VERTEX
  5
8EB
  8
TEXT
 10
-7.011264433901083
 20
-21.22571364874774
 30
0.0
 70
0
  0
VERTEX
  5
8EC
  8
TEXT
 10
-6.975937614195119
 20
-21.241672520395724
 30
0.0
 70
0
  0
VERTEX
  5
8ED
  8
TEXT
 10
-6.93858760361827
 20
-21.255342598766255
 30
0.0
 70
0
  0
VERTEX
  5
8EE
  8
TEXT
 10
-6.900365688354223
 20
-21.266458909375388
 30
0.0
 70
0
  0
VERTEX
  5
8EF
  8
TEXT
 10
-6.862370748021076
 20
-21.274773589326237
 30
0.0
 70
0
  0
VERTEX
  5
8F0
  8
TEXT
 10
-6.824602782618827
 20
-21.28028663861881
 30
0.0
 70
0
  0
VERTEX
  5
8F1
  8
TEXT
 10
-6.787061792147478
 20
-21.282998057253106
 30
0.0
 70
0
  0
VERTEX
  5
8F2
  8
TEXT
 10
-6.749747776607027
 20
-21.28290784522912
 30
0.0
 70
0
  0
VERTEX
  5
8F3
  8
TEXT
 10
-6.712660735997476
 20
-21.280016002546855
 30
0.0
 70
0
  0
VERTEX
  5
8F4
  8
TEXT
 10
-6.675800670318823
 20
-21.27432252920631
 30
0.0
 70
0
  0
VERTEX
  5
8F5
  8
TEXT
 10
-6.63916757957107
 20
-21.265827425207487
 30
0.0
 70
0
  0
VERTEX
  5
8F6
  8
TEXT
 10
-6.603251365068054
 20
-21.254865489272962
 30
0.0
 70
0
  0
VERTEX
  5
8F7
  8
TEXT
 10
-6.568541928123616
 20
-21.241771520125315
 30
0.0
 70
0
  0
VERTEX
  5
8F8
  8
TEXT
 10
-6.535039268737754
 20
-21.226545517764542
 30
0.0
 70
0
  0
VERTEX
  5
8F9
  8
TEXT
 10
-6.50274338691047
 20
-21.20918748219065
 30
0.0
 70
0
  0
VERTEX
  5
8FA
  8
TEXT
 10
-6.471654282641762
 20
-21.189697413403636
 30
0.0
 70
0
  0
VERTEX
  5
8FB
  8
TEXT
 10
-6.441771955931632
 20
-21.1680753114035
 30
0.0
 70
0
  0
VERTEX
  5
8FC
  8
TEXT
 10
-6.4130964067800775
 20
-21.14432117619024
 30
0.0
 70
0
  0
VERTEX
  5
8FD
  8
TEXT
 10
-6.385627635187101
 20
-21.118435007763857
 30
0.0
 70
0
  0
VERTEX
  5
8FE
  8
TEXT
 10
-6.189819836716786
 20
-21.32688989036268
 30
0.0
 70
0
  0
VERTEX
  5
8FF
  8
TEXT
 10
-6.215498378990571
 20
-21.35211101287025
 30
0.0
 70
0
  0
VERTEX
  5
900
  8
TEXT
 10
-6.242329410774143
 20
-21.37596631023394
 30
0.0
 70
0
  0
VERTEX
  5
901
  8
TEXT
 10
-6.270312932067505
 20
-21.39845578245376
 30
0.0
 70
0
  0
VERTEX
  5
902
  8
TEXT
 10
-6.299448942870654
 20
-21.419579429529698
 30
0.0
 70
0
  0
VERTEX
  5
903
  8
TEXT
 10
-6.329737443183592
 20
-21.43933725146176
 30
0.0
 70
0
  0
VERTEX
  5
904
  8
TEXT
 10
-6.361178433006318
 20
-21.45772924824995
 30
0.0
 70
0
  0
VERTEX
  5
905
  8
TEXT
 10
-6.393771912338831
 20
-21.47475541989426
 30
0.0
 70
0
  0
VERTEX
  5
906
  8
TEXT
 10
-6.427517881181132
 20
-21.490415766394694
 30
0.0
 70
0
  0
VERTEX
  5
907
  8
TEXT
 10
-6.462159690482869
 20
-21.504584766517972
 30
0.0
 70
0
  0
VERTEX
  5
908
  8
TEXT
 10
-6.4974406911936855
 20
-21.517136899030817
 30
0.0
 70
0
  0
VERTEX
  5
909
  8
TEXT
 10
-6.533360883313583
 20
-21.528072163933224
 30
0.0
 70
0
  0
VERTEX
  5
90A
  8
TEXT
 10
-6.56992026684256
 20
-21.537390561225198
 30
0.0
 70
0
  0
VERTEX
  5
90B
  8
TEXT
 10
-6.607118841780619
 20
-21.545092090906735
 30
0.0
 70
0
  0
VERTEX
  5
90C
  8
TEXT
 10
-6.6449566081277585
 20
-21.551176752977838
 30
0.0
 70
0
  0
VERTEX
  5
90D
  8
TEXT
 10
-6.683433565883978
 20
-21.555644547438508
 30
0.0
 70
0
  0
VERTEX
  5
90E
  8
TEXT
 10
-6.722549715049278
 20
-21.55849547428874
 30
0.0
 70
0
  0
VERTEX
  5
90F
  8
TEXT
 10
-6.757621836004998
 20
-21.559568369665982
 30
0.0
 70
0
  0
VERTEX
  5
910
  8
TEXT
 10
-6.79273020799244
 20
-21.559155957051015
 30
0.0
 70
0
  0
VERTEX
  5
911
  8
TEXT
 10
-6.827874831011605
 20
-21.55725823644384
 30
0.0
 70
0
  0
VERTEX
  5
912
  8
TEXT
 10
-6.863055705062492
 20
-21.553875207844456
 30
0.0
 70
0
  0
VERTEX
  5
913
  8
TEXT
 10
-6.898272830145102
 20
-21.549006871252864
 30
0.0
 70
0
  0
VERTEX
  5
914
  8
TEXT
 10
-6.933526206259435
 20
-21.54265322666906
 30
0.0
 70
0
  0
VERTEX
  5
915
  8
TEXT
 10
-6.96881583340549
 20
-21.53481427409305
 30
0.0
 70
0
  0
VERTEX
  5
916
  8
TEXT
 10
-7.004141711583268
 20
-21.52549001352483
 30
0.0
 70
0
  0
SEQEND
  5
84B
  8
TEXT
  0
POLYLINE
  5
917
  8
TEXT
 66
1
 10
0.0
 20
0.0
 30
0.0
 70
1
  0
VERTEX
  5
919
  8
TEXT
 10
-5.88917971445748
 20
-21.820788944760313
 30
0.0
 70
0
  0
VERTEX
  5
91A
  8
TEXT
 10
-5.249733617726622
 20
-20.2687162618673
 30
0.0
 70
0
  0
VERTEX
  5
91B
  8
TEXT
 10
-4.966453080901797
 20
-20.341642273509233
 30
0.0
 70
0
  0
VERTEX
  5
91C
  8
TEXT
 10
-5.605899177632655
 20
-21.893714956402246
 30
0.0
 70
0
  0
SEQEND
  5
918
  8
TEXT
  0
POLYLINE
  5
91D
  8
TEXT
 66
1
 10
0.0
 20
0.0
 30
0.0
 70
1
  0
VERTEX
  5
91F
  8
TEXT
 10
-5.146532703920487
 20
-20.019529741627366
 30
0.0
 70
0
  0
VERTEX
  5
920
  8
TEXT
 10
-5.004841408356988
 20
-19.67345707432513
 30
0.0
 70
0
  0
VERTEX
  5
921
  8
TEXT
 10
-4.721560871532163
 20
-19.74638308596706
 30
0.0
 70
0
  0
VERTEX
  5
922
  8
TEXT
 10
-4.863252167095662
 20
-20.0924557532693
 30
0.0
 70
0
  0
SEQEND
  5
91E
  8
TEXT
  0
POLYLINE
  5
923
  8
TEXT
 66
1
 10
0.0
 20
0.0
 30
0.0
 70
1
  0
VERTEX
  5
925
  8
TEXT
 10
-4.475984111605943
 20
-22.190933085668277
 30
0.0
 70
0
  0
VERTEX
  5
926
  8
TEXT
 10
-4.51556320207389
 20
-22.18220785158887
 30
0.0
 70
0
  0
VERTEX
  5
927
  8
TEXT
 10
-4.553465436826256
 20
-22.171632454698983
 30
0.0
 70
0
  0
VERTEX
  5
928
  8
TEXT
 10
-4.58969081586304
 20
-22.159206894998615
 30
0.0
 70
0
  0
VERTEX
  5
929
  8
TEXT
 10
-4.624239339184243
 20
-22.144931172487762
 30
0.0
 70
0
  0
VERTEX
  5
92A
  8
TEXT
 10
-4.657111006789863
 20
-22.128805287166433
 30
0.0
 70
0
  0
VERTEX
  5
92B
  8
TEXT
 10
-4.688305818679901
 20
-22.11082923903462
 30
0.0
 70
0
  0
VERTEX
  5
92C
  8
TEXT
 10
-4.7178237748543586
 20
-22.091003028092324
 30
0.0
 70
0
  0
VERTEX
  5
92D
  8
TEXT
 10
-4.745664875313233
 20
-22.06932665433955
 30
0.0
 70
0
  0
VERTEX
  5
92E
  8
TEXT
 10
-4.771829120056526
 20
-22.045800117776295
 30
0.0
 70
0
  0
VERTEX
  5
92F
  8
TEXT
 10
-4.796109367319657
 20
-22.02065748190627
 30
0.0
 70
0
  0
VERTEX
  5
930
  8
TEXT
 10
-4.818298475338046
 20
-21.994132810233193
 30
0.0
 70
0
  0
VERTEX
  5
931
  8
TEXT
 10
-4.838396444111693
 20
-21.96622610275706
 30
0.0
 70
0
  0
VERTEX
  5
932
  8
TEXT
 10
-4.856403273640598
 20
-21.936937359477874
 30
0.0
 70
0
  0
VERTEX
  5
933
  8
TEXT
 10
-4.872318963924761
 20
-21.906266580395634
 30
0.0
 70
0
  0
VERTEX
  5
934
  8
TEXT
 10
-4.886143514964182
 20
-21.87421376551034
 30
0.0
 70
0
  0
VERTEX
  5
935
  8
TEXT
 10
-4.897876926758861
 20
-21.840778914821993
 30
0.0
 70
0
  0
VERTEX
  5
936
  8
TEXT
 10
-4.907519199308798
 20
-21.805962028330594
 30
0.0
 70
0
  0
VERTEX
  5
937
  8
TEXT
 10
-4.915070332613993
 20
-21.769763106036137
 30
0.0
 70
0
  0
VERTEX
  5
938
  8
TEXT
 10
-4.919956113413221
 20
-21.736183251625768
 30
0.0
 70
0
  0
VERTEX
  5
939
  8
TEXT
 10
-4.922903441181821
 20
-21.70184558074742
 30
0.0
 70
0
  0
VERTEX
  5
93A
  8
TEXT
 10
-4.923912315919793
 20
-21.666750093401102
 30
0.0
 70
0
  0
VERTEX
  5
93B
  8
TEXT
 10
-4.922982737627137
 20
-21.63089678958681
 30
0.0
 70
0
  0
VERTEX
  5
93C
  8
TEXT
 10
-4.9201147063038535
 20
-21.59428566930454
 30
0.0
 70
0
  0
VERTEX
  5
93D
  8
TEXT
 10
-4.915308221949942
 20
-21.5569167325543
 30
0.0
 70
0
  0
VERTEX
  5
93E
  8
TEXT
 10
-4.908563284565403
 20
-21.51878997933608
 30
0.0
 70
0
  0
VERTEX
  5
93F
  8
TEXT
 10
-4.899879894150236
 20
-21.479905409649888
 30
0.0
 70
0
  0
VERTEX
  5
940
  8
TEXT
 10
-4.889258050704441
 20
-21.440263023495724
 30
0.0
 70
0
  0
VERTEX
  5
941
  8
TEXT
 10
-4.876697754228019
 20
-21.399862820873583
 30
0.0
 70
0
  0
VERTEX
  5
942
  8
TEXT
 10
-4.547713606021986
 20
-20.444627652284
 30
0.0
 70
0
  0
VERTEX
  5
943
  8
TEXT
 10
-4.262770101825527
 20
-20.499618728636875
 30
0.0
 70
0
  0
VERTEX
  5
944
  8
TEXT
 10
-4.5971256097082405
 20
-21.466394141273614
 30
0.0
 70
0
  0
VERTEX
  5
945
  8
TEXT
 10
-4.608383995218375
 20
-21.505270864290505
 30
0.0
 70
0
  0
VERTEX
  5
946
  8
TEXT
 10
-4.616454466819013
 20
-21.543016034858244
 30
0.0
 70
0
  0
VERTEX
  5
947
  8
TEXT
 10
-4.621337024510154
 20
-21.57962965297683
 30
0.0
 70
0
  0
VERTEX
  5
948
  8
TEXT
 10
-4.6230316682918
 20
-21.615111718646265
 30
0.0
 70
0
  0
VERTEX
  5
949
  8
TEXT
 10
-4.621538398163947
 20
-21.649462231866547
 30
0.0
 70
0
  0
VERTEX
  5
94A
  8
TEXT
 10
-4.616857214126599
 20
-21.682681192637677
 30
0.0
 70
0
  0
VERTEX
  5
94B
  8
TEXT
 10
-4.607313602983098
 20
-21.720555711013667
 30
0.0
 70
0
  0
VERTEX
  5
94C
  8
TEXT
 10
-4.593743107933626
 20
-21.7558116232299
 30
0.0
 70
0
  0
VERTEX
  5
94D
  8
TEXT
 10
-4.576145728978187
 20
-21.788448929286375
 30
0.0
 70
0
  0
VERTEX
  5
94E
  8
TEXT
 10
-4.5545214661167766
 20
-21.818467629183097
 30
0.0
 70
0
  0
VERTEX
  5
94F
  8
TEXT
 10
-4.528870319349397
 20
-21.845867722920065
 30
0.0
 70
0
  0
VERTEX
  5
950
  8
TEXT
 10
-4.504537927209443
 20
-21.86641570009205
 30
0.0
 70
0
  0
VERTEX
  5
951
  8
TEXT
 10
-4.477648398656852
 20
-21.884574980512845
 30
0.0
 70
0
  0
VERTEX
  5
952
  8
TEXT
 10
-4.448201733691626
 20
-21.90034556418245
 30
0.0
 70
0
  0
VERTEX
  5
953
  8
TEXT
 10
-4.4161979323137635
 20
-21.913727451100875
 30
0.0
 70
0
  0
VERTEX
  5
954
  8
TEXT
 10
-4.381636994523265
 20
-21.924720641268113
 30
0.0
 70
0
  0
VERTEX
  5
955
  8
TEXT
 10
-4.344518920320131
 20
-21.933325134684164
 30
0.0
 70
0
  0
VERTEX
  5
956
  8
TEXT
 10
-4.305416881528541
 20
-21.939342975959352
 30
0.0
 70
0
  0
VERTEX
  5
957
  8
TEXT
 10
-4.26692492588896
 20
-21.942186202070292
 30
0.0
 70
0
  0
VERTEX
  5
958
  8
TEXT
 10
-4.229043053401388
 20
-21.94185481301698
 30
0.0
 70
0
  0
VERTEX
  5
959
  8
TEXT
 10
-4.191771264065825
 20
-21.938348808799425
 30
0.0
 70
0
  0
VERTEX
  5
95A
  8
TEXT
 10
-4.155109557882272
 20
-21.93166818941762
 30
0.0
 70
0
  0
VERTEX
  5
95B
  8
TEXT
 10
-4.119057934850729
 20
-21.921812954871566
 30
0.0
 70
0
  0
VERTEX
  5
95C
  8
TEXT
 10
-4.083917755414944
 20
-21.908986963696588
 30
0.0
 70
0
  0
VERTEX
  5
95D
  8
TEXT
 10
-4.049990380018668
 20
-21.893394074428002
 30
0.0
 70
0
  0
VERTEX
  5
95E
  8
TEXT
 10
-4.017275808661901
 20
-21.875034287065816
 30
0.0
 70
0
  0
VERTEX
  5
95F
  8
TEXT
 10
-3.9857740413446408
 20
-21.853907601610025
 30
0.0
 70
0
  0
VERTEX
  5
960
  8
TEXT
 10
-3.955485078066889
 20
-21.83001401806063
 30
0.0
 70
0
  0
VERTEX
  5
961
  8
TEXT
 10
-3.926408918828646
 20
-21.80335353641763
 30
0.0
 70
0
  0
VERTEX
  5
962
  8
TEXT
 10
-3.902852818449209
 20
-21.778382494812046
 30
0.0
 70
0
  0
VERTEX
  5
963
  8
TEXT
 10
-3.8809898153997366
 20
-21.751544679749227
 30
0.0
 70
0
  0
VERTEX
  5
964
  8
TEXT
 10
-3.86081990968023
 20
-21.72284009122918
 30
0.0
 70
0
  0
VERTEX
  5
965
  8
TEXT
 10
-3.842343101290687
 20
-21.6922687292519
 30
0.0
 70
0
  0
VERTEX
  5
966
  8
TEXT
 10
-3.8255593902311094
 20
-21.659830593817386
 30
0.0
 70
0
  0
VERTEX
  5
967
  8
TEXT
 10
-3.8104687765014966
 20
-21.625525684925645
 30
0.0
 70
0
  0
VERTEX
  5
968
  8
TEXT
 10
-3.797071260101848
 20
-21.58935400257667
 30
0.0
 70
0
  0
VERTEX
  5
969
  8
TEXT
 10
-3.4746284944736208
 20
-20.65172170578311
 30
0.0
 70
0
  0
VERTEX
  5
96A
  8
TEXT
 10
-3.1927163041515927
 20
-20.70612777068542
 30
0.0
 70
0
  0
VERTEX
  5
96B
  8
TEXT
 10
-3.7353860165870336
 20
-22.296130090211225
 30
0.0
 70
0
  0
VERTEX
  5
96C
  8
TEXT
 10
-4.011235579160201
 20
-22.242894048210044
 30
0.0
 70
0
  0
VERTEX
  5
96D
  8
TEXT
 10
-3.950714358229886
 20
-22.059632679599858
 30
0.0
 70
0
  0
VERTEX
  5
96E
  8
TEXT
 10
-3.9792623821308157
 20
-22.08355655843955
 30
0.0
 70
0
  0
VERTEX
  5
96F
  8
TEXT
 10
-4.009136962297752
 20
-22.10530296132789
 30
0.0
 70
0
  0
VERTEX
  5
970
  8
TEXT
 10
-4.040338098730695
 20
-22.124871888264874
 30
0.0
 70
0
  0
VERTEX
  5
971
  8
TEXT
 10
-4.072865791429645
 20
-22.14226333925051
 30
0.0
 70
0
  0
VERTEX
  5
972
  8
TEXT
 10
-4.106720040394601
 20
-22.157477314284787
 30
0.0
 70
0
  0
VERTEX
  5
973
  8
TEXT
 10
-4.141900845625563
 20
-22.170513813367712
 30
0.0
 70
0
  0
VERTEX
  5
974
  8
TEXT
 10
-4.17728795977612
 20
-22.18150169306193
 30
0.0
 70
0
  0
VERTEX
  5
975
  8
TEXT
 10
-4.213108386110713
 20
-22.190309804840943
 30
0.0
 70
0
  0
VERTEX
  5
976
  8
TEXT
 10
-4.249362124629346
 20
-22.19693814870475
 30
0.0
 70
0
  0
VERTEX
  5
977
  8
TEXT
 10
-4.286049175332016
 20
-22.20138672465335
 30
0.0
 70
0
  0
VERTEX
  5
978
  8
TEXT
 10
-4.323169538218725
 20
-22.203655532686746
 30
0.0
 70
0
  0
VERTEX
  5
979
  8
TEXT
 10
-4.3607232132894715
 20
-22.203744572804936
 30
0.0
 70
0
  0
VERTEX
  5
97A
  8
TEXT
 10
-4.398710200544257
 20
-22.20165384500792
 30
0.0
 70
0
  0
VERTEX
  5
97B
  8
TEXT
 10
-4.4371304999830805
 20
-22.197383349295702
 30
0.0
 70
0
  0
SEQEND
  5
924
  8
TEXT
  0
POLYLINE
  5
97C
  8
TEXT
 66
1
 10
0.0
 20
0.0
 30
0.0
 70
1
  0
VERTEX
  5
97E
  8
TEXT
 10
-3.1767642716350237
 20
-22.379849342776044
 30
0.0
 70
0
  0
VERTEX
  5
97F
  8
TEXT
 10
-2.74178037893171
 20
-20.756634630418656
 30
0.0
 70
0
  0
VERTEX
  5
980
  8
TEXT
 10
-2.459855895949568
 20
-20.791128614504114
 30
0.0
 70
0
  0
VERTEX
  5
981
  8
TEXT
 10
-2.5106814107336737
 20
-20.977746789375022
 30
0.0
 70
0
  0
VERTEX
  5
982
  8
TEXT
 10
-2.4838585583816744
 20
-20.951999423842842
 30
0.0
 70
0
  0
VERTEX
  5
983
  8
TEXT
 10
-2.455583219906006
 20
-20.92850328635211
 30
0.0
 70
0
  0
VERTEX
  5
984
  8
TEXT
 10
-2.425855395306669
 20
-20.907258376902828
 30
0.0
 70
0
  0
VERTEX
  5
985
  8
TEXT
 10
-2.394675084583663
 20
-20.888264695494993
 30
0.0
 70
0
  0
VERTEX
  5
986
  8
TEXT
 10
-2.3620422877369878
 20
-20.871522242128613
 30
0.0
 70
0
  0
VERTEX
  5
987
  8
TEXT
 10
-2.3279570047666436
 20
-20.857031016803678
 30
0.0
 70
0
  0
VERTEX
  5
988
  8
TEXT
 10
-2.293177247620932
 20
-20.845249052418236
 30
0.0
 70
0
  0
VERTEX
  5
989
  8
TEXT
 10
-2.2573145845268945
 20
-20.835737894555486
 30
0.0
 70
0
  0
VERTEX
  5
98A
  8
TEXT
 10
-2.220369015484532
 20
-20.828497543215427
 30
0.0
 70
0
  0
VERTEX
  5
98B
  8
TEXT
 10
-2.1823405404938443
 20
-20.823527998398056
 30
0.0
 70
0
  0
VERTEX
  5
98C
  8
TEXT
 10
-2.1432291595548314
 20
-20.82082926010338
 30
0.0
 70
0
  0
VERTEX
  5
98D
  8
TEXT
 10
-2.1030348726674926
 20
-20.820401328331396
 30
0.0
 70
0
  0
VERTEX
  5
98E
  8
TEXT
 10
-2.0617576798318282
 20
-20.822244203082104
 30
0.0
 70
0
  0
VERTEX
  5
98F
  8
TEXT
 10
-2.0193975810478393
 20
-20.826357884355502
 30
0.0
 70
0
  0
VERTEX
  5
990
  8
TEXT
 10
-1.9182724947607666
 20
-20.83873072647311
 30
0.0
 70
0
  0
VERTEX
  5
991
  8
TEXT
 10
-1.991103895611725
 20
-21.10352347331352
 30
0.0
 70
0
  0
VERTEX
  5
992
  8
TEXT
 10
-2.13513053365695
 20
-21.085901546661166
 30
0.0
 70
0
  0
VERTEX
  5
993
  8
TEXT
 10
-2.173434198346311
 20
-21.082616563793575
 30
0.0
 70
0
  0
VERTEX
  5
994
  8
TEXT
 10
-2.2107138130424997
 20
-21.08225995863462
 30
0.0
 70
0
  0
VERTEX
  5
995
  8
TEXT
 10
-2.246969377745516
 20
-21.084831731184305
 30
0.0
 70
0
  0
VERTEX
  5
996
  8
TEXT
 10
-2.282200892455361
 20
-21.09033188144263
 30
0.0
 70
0
  0
VERTEX
  5
997
  8
TEXT
 10
-2.3164083571720337
 20
-21.09876040940959
 30
0.0
 70
0
  0
VERTEX
  5
998
  8
TEXT
 10
-2.349591771895534
 20
-21.11011731508519
 30
0.0
 70
0
  0
VERTEX
  5
999
  8
TEXT
 10
-2.381751136625862
 20
-21.124402598469427
 30
0.0
 70
0
  0
VERTEX
  5
99A
  8
TEXT
 10
-2.4128864513630184
 20
-21.141616259562305
 30
0.0
 70
0
  0
VERTEX
  5
99B
  8
TEXT
 10
-2.4429977161070027
 20
-21.161758298363818
 30
0.0
 70
0
  0
VERTEX
  5
99C
  8
TEXT
 10
-2.4689158519770107
 20
-21.18242738968703
 30
0.0
 70
0
  0
VERTEX
  5
99D
  8
TEXT
 10
-2.4933916280417185
 20
-21.205543453876164
 30
0.0
 70
0
  0
VERTEX
  5
99E
  8
TEXT
 10
-2.5164250443011267
 20
-21.23110649093122
 30
0.0
 70
0
  0
VERTEX
  5
99F
  8
TEXT
 10
-2.538016100755234
 20
-21.259116500852198
 30
0.0
 70
0
  0
VERTEX
  5
9A0
  8
TEXT
 10
-2.5581647974040416
 20
-21.289573483639096
 30
0.0
 70
0
  0
VERTEX
  5
9A1
  8
TEXT
 10
-2.5768711342475488
 20
-21.32247743929192
 30
0.0
 70
0
  0
VERTEX
  5
9A2
  8
TEXT
 10
-2.594135111285756
 20
-21.35782836781066
 30
0.0
 70
0
  0
VERTEX
  5
9A3
  8
TEXT
 10
-2.609956728518663
 20
-21.395626269195326
 30
0.0
 70
0
  0
VERTEX
  5
9A4
  8
TEXT
 10
-2.62433598594627
 20
-21.435871143445915
 30
0.0
 70
0
  0
VERTEX
  5
9A5
  8
TEXT
 10
-2.6372728835685764
 20
-21.478562990562423
 30
0.0
 70
0
  0
VERTEX
  5
9A6
  8
TEXT
 10
-2.8856465989904208
 20
-22.415468130690375
 30
0.0
 70
0
  0
SEQEND
  5
97D
  8
TEXT
  0
POLYLINE
  5
9A7
  8
TEXT
 66
1
 10
0.0
 20
0.0
 30
0.0
 70
1
  0
VERTEX
  5
9A9
  8
TEXT
 10
-1.3853641770738159
 20
-22.59541349647836
 30
0.0
 70
0
  0
VERTEX
  5
9AA
  8
TEXT
 10
-1.4257666096464887
 20
-22.592207634001415
 30
0.0
 70
0
  0
VERTEX
  5
9AB
  8
TEXT
 10
-1.4647622236952458
 20
-22.58693881026528
 30
0.0
 70
0
  0
VERTEX
  5
9AC
  8
TEXT
 10
-1.5023510192200873
 20
-22.579607025269947
 30
0.0
 70
0
  0
VERTEX
  5
9AD
  8
TEXT
 10
-1.5385329962210132
 20
-22.570212279015422
 30
0.0
 70
0
  0
VERTEX
  5
9AE
  8
TEXT
 10
-1.5733081546980237
 20
-22.558754571501705
 30
0.0
 70
0
  0
VERTEX
  5
9AF
  8
TEXT
 10
-1.6066764946511185
 20
-22.54523390272879
 30
0.0
 70
0
  0
VERTEX
  5
9B0
  8
TEXT
 10
-1.6386380160802978
 20
-22.52965027269668
 30
0.0
 70
0
  0
VERTEX
  5
9B1
  8
TEXT
 10
-1.6691927189855615
 20
-22.512003681405382
 30
0.0
 70
0
  0
VERTEX
  5
9B2
  8
TEXT
 10
-1.6983406033669097
 20
-22.492294128854887
 30
0.0
 70
0
  0
VERTEX
  5
9B3
  8
TEXT
 10
-1.7258443395366676
 20
-22.47072500642592
 30
0.0
 70
0
  0
VERTEX
  5
9B4
  8
TEXT
 10
-1.7514665978071613
 20
-22.447499705499204
 30
0.0
 70
0
  0
VERTEX
  5
9B5
  8
TEXT
 10
-1.7752073781783908
 20
-22.422618226074743
 30
0.0
 70
0
  0
VERTEX
  5
9B6
  8
TEXT
 10
-1.7970666806503557
 20
-22.396080568152534
 30
0.0
 70
0
  0
VERTEX
  5
9B7
  8
TEXT
 10
-1.817044505223056
 20
-22.367886731732575
 30
0.0
 70
0
  0
VERTEX
  5
9B8
  8
TEXT
 10
-1.835140851896492
 20
-22.33803671681487
 30
0.0
 70
0
  0
VERTEX
  5
9B9
  8
TEXT
 10
-1.8513557206706637
 20
-22.306530523399417
 30
0.0
 70
0
  0
VERTEX
  5
9BA
  8
TEXT
 10
-1.8656891115455712
 20
-22.273368151486213
 30
0.0
 70
0
  0
VERTEX
  5
9BB
  8
TEXT
 10
-1.8781410245212138
 20
-22.238549601075263
 30
0.0
 70
0
  0
VERTEX
  5
9BC
  8
TEXT
 10
-1.887593089620469
 20
-22.205959173928644
 30
0.0
 70
0
  0
VERTEX
  5
9BD
  8
TEXT
 10
-1.8952291716714154
 20
-22.17235184387646
 30
0.0
 70
0
  0
VERTEX
  5
9BE
  8
TEXT
 10
-1.901049270674053
 20
-22.137727610918716
 30
0.0
 70
0
  0
VERTEX
  5
9BF
  8
TEXT
 10
-1.9050533866283814
 20
-22.102086475055412
 30
0.0
 70
0
  0
VERTEX
  5
9C0
  8
TEXT
 10
-1.9072415195344017
 20
-22.065428436286545
 30
0.0
 70
0
  0
VERTEX
  5
9C1
  8
TEXT
 10
-1.9076136693921126
 20
-22.02775349461212
 30
0.0
 70
0
  0
VERTEX
  5
9C2
  8
TEXT
 10
-1.906169836201515
 20
-21.989061650032134
 30
0.0
 70
0
  0
VERTEX
  5
9C3
  8
TEXT
 10
-1.9029100199626086
 20
-21.949352902546586
 30
0.0
 70
0
  0
VERTEX
  5
9C4
  8
TEXT
 10
-1.8978342206753933
 20
-21.908627252155476
 30
0.0
 70
0
  0
VERTEX
  5
9C5
  8
TEXT
 10
-1.8909424383398692
 20
-21.866884698858804
 30
0.0
 70
0
  0
VERTEX
  5
9C6
  8
TEXT
 10
-1.6962898051198807
 20
-20.875514359650627
 30
0.0
 70
0
  0
VERTEX
  5
9C7
  8
TEXT
 10
-1.4064936201857352
 20
-20.890843751674417
 30
0.0
 70
0
  0
VERTEX
  5
9C8
  8
TEXT
 10
-1.6048815060975252
 20
-21.894382764794432
 30
0.0
 70
0
  0
VERTEX
  5
9C9
  8
TEXT
 10
-1.6106929866540707
 20
-21.93443744655035
 30
0.0
 70
0
  0
VERTEX
  5
9CA
  8
TEXT
 10
-1.613502204170357
 20
-21.97293340361068
 30
0.0
 70
0
  0
VERTEX
  5
9CB
  8
TEXT
 10
-1.6133091586463846
 20
-22.009870635975417
 30
0.0
 70
0
  0
VERTEX
  5
9CC
  8
TEXT
 10
-1.6101138500821526
 20
-22.04524914364457
 30
0.0
 70
0
  0
VERTEX
  5
9CD
  8
TEXT
 10
-1.6039162784776617
 20
-22.07906892661813
 30
0.0
 70
0
  0
VERTEX
  5
9CE
  8
TEXT
 10
-1.5947164438329118
 20
-22.111329984896102
 30
0.0
 70
0
  0
VERTEX
  5
9CF
  8
TEXT
 10
-1.5800607766131844
 20
-22.1475345574556
 30
0.0
 70
0
  0
VERTEX
  5
9D0
  8
TEXT
 10
-1.561776093749713
 20
-22.180592204901668
 30
0.0
 70
0
  0
VERTEX
  5
9D1
  8
TEXT
 10
-1.5398623952424977
 20
-22.210502927234312
 30
0.0
 70
0
  0
VERTEX
  5
9D2
  8
TEXT
 10
-1.5143196810915382
 20
-22.237266724453526
 30
0.0
 70
0
  0
VERTEX
  5
9D3
  8
TEXT
 10
-1.4851479512968346
 20
-22.26088359655931
 30
0.0
 70
0
  0
VERTEX
  5
9D4
  8
TEXT
 10
-1.4582236961944868
 20
-22.27789445074999
 30
0.0
 70
0
  0
VERTEX
  5
9D5
  8
TEXT
 10
-1.4290946602484025
 20
-22.292187997406906
 30
0.0
 70
0
  0
VERTEX
  5
9D6
  8
TEXT
 10
-1.3977608434585815
 20
-22.303764236530057
 30
0.0
 70
0
  0
VERTEX
  5
9D7
  8
TEXT
 10
-1.364222245825024
 20
-22.312623168119444
 30
0.0
 70
0
  0
VERTEX
  5
9D8
  8
TEXT
 10
-1.3284788673477297
 20
-22.318764792175067
 30
0.0
 70
0
  0
VERTEX
  5
9D9
  8
TEXT
 10
-1.2905307080266992
 20
-22.32218910869693
 30
0.0
 70
0
  0
VERTEX
  5
9DA
  8
TEXT
 10
-1.2509726980931717
 20
-22.322778770779262
 30
0.0
 70
0
  0
VERTEX
  5
9DB
  8
TEXT
 10
-1.2124550598701183
 20
-22.32030771242394
 30
0.0
 70
0
  0
VERTEX
  5
9DC
  8
TEXT
 10
-1.1749777933575396
 20
-22.314775933630965
 30
0.0
 70
0
  0
VERTEX
  5
9DD
  8
TEXT
 10
-1.1385408985554353
 20
-22.30618343440033
 30
0.0
 70
0
  0
VERTEX
  5
9DE
  8
TEXT
 10
-1.1031443754638053
 20
-22.294530214732042
 30
0.0
 70
0
  0
VERTEX
  5
9DF
  8
TEXT
 10
-1.0687882240826496
 20
-22.279816274626096
 30
0.0
 70
0
  0
VERTEX
  5
9E0
  8
TEXT
 10
-1.0357429458099807
 20
-22.262284935707413
 30
0.0
 70
0
  0
VERTEX
  5
9E1
  8
TEXT
 10
-1.004279042043811
 20
-22.242179519600917
 30
0.0
 70
0
  0
VERTEX
  5
9E2
  8
TEXT
 10
-0.9743965127841405
 20
-22.219500026306605
 30
0.0
 70
0
  0
VERTEX
  5
9E3
  8
TEXT
 10
-0.946095358030969
 20
-22.19424645582448
 30
0.0
 70
0
  0
VERTEX
  5
9E4
  8
TEXT
 10
-0.9193755777842965
 20
-22.16641880815454
 30
0.0
 70
0
  0
VERTEX
  5
9E5
  8
TEXT
 10
-0.8942371720441231
 20
-22.13601708329678
 30
0.0
 70
0
  0
VERTEX
  5
9E6
  8
TEXT
 10
-0.8743344351071465
 20
-22.108047030626622
 30
0.0
 70
0
  0
VERTEX
  5
9E7
  8
TEXT
 10
-0.8563651702738003
 20
-22.078460467104705
 30
0.0
 70
0
  0
VERTEX
  5
9E8
  8
TEXT
 10
-0.8403293775440849
 20
-22.047257392731037
 30
0.0
 70
0
  0
VERTEX
  5
9E9
  8
TEXT
 10
-0.8262270569179991
 20
-22.01443780750561
 30
0.0
 70
0
  0
VERTEX
  5
9EA
  8
TEXT
 10
-0.8140582083955443
 20
-21.980001711428432
 30
0.0
 70
0
  0
VERTEX
  5
9EB
  8
TEXT
 10
-0.8038228319767198
 20
-21.943949104499502
 30
0.0
 70
0
  0
VERTEX
  5
9EC
  8
TEXT
 10
-0.7955209276615254
 20
-21.906279986718815
 30
0.0
 70
0
  0
VERTEX
  5
9ED
  8
TEXT
 10
-0.6049297044104399
 20
-20.933244197697668
 30
0.0
 70
0
  0
VERTEX
  5
9EE
  8
TEXT
 10
-0.31821645761389183
 20
-20.94841051108291
 30
0.0
 70
0
  0
VERTEX
  5
9EF
  8
TEXT
 10
-0.6373362041126599
 20
-22.597883269356526
 30
0.0
 70
0
  0
VERTEX
  5
9F0
  8
TEXT
 10
-0.9178835746340133
 20
-22.583043113248387
 30
0.0
 70
0
  0
VERTEX
  5
9F1
  8
TEXT
 10
-0.883109193943075
 20
-22.393205577825764
 30
0.0
 70
0
  0
VERTEX
  5
9F2
  8
TEXT
 10
-0.9081003759123343
 20
-22.420824094642633
 30
0.0
 70
0
  0
VERTEX
  5
9F3
  8
TEXT
 10
-0.9347046421233662
 20
-22.44646799446511
 30
0.0
 70
0
  0
VERTEX
  5
9F4
  8
TEXT
 10
-0.9629219925761716
 20
-22.470137277293194
 30
0.0
 70
0
  0
VERTEX
  5
9F5
  8
TEXT
 10
-0.9927524272707495
 20
-22.491831943126883
 30
0.0
 70
0
  0
VERTEX
  5
9F6
  8
TEXT
 10
-1.0241959462071004
 20
-22.51155199196618
 30
0.0
 70
0
  0
VERTEX
  5
9F7
  8
TEXT
 10
-1.057252549385224
 20
-22.529297423811084
 30
0.0
 70
0
  0
VERTEX
  5
9F8
  8
TEXT
 10
-1.0907949083854191
 20
-22.545041994328603
 30
0.0
 70
0
  0
VERTEX
  5
9F9
  8
TEXT
 10
-1.1250658895158037
 20
-22.55868697979083
 30
0.0
 70
0
  0
VERTEX
  5
9FA
  8
TEXT
 10
-1.160065492776378
 20
-22.570232380197773
 30
0.0
 70
0
  0
VERTEX
  5
9FB
  8
TEXT
 10
-1.195793718167143
 20
-22.579678195549427
 30
0.0
 70
0
  0
VERTEX
  5
9FC
  8
TEXT
 10
-1.2322505656880975
 20
-22.58702442584579
 30
0.0
 70
0
  0
VERTEX
  5
9FD
  8
TEXT
 10
-1.2694360353392422
 20
-22.592271071086866
 30
0.0
 70
0
  0
VERTEX
  5
9FE
  8
TEXT
 10
-1.3073501271205767
 20
-22.595418131272652
 30
0.0
 70
0
  0
VERTEX
  5
9FF
  8
TEXT
 10
-1.3459928410321012
 20
-22.59646560640315
 30
0.0
 70
0
  0
SEQEND
  5
9A8
  8
TEXT
  0
POLYLINE
  5
A00
  8
TEXT
 66
1
 10
0.0
 20
0.0
 30
0.0
 70
1
  0
VERTEX
  5
A02
  8
TEXT
 10
0.5520232245332315
 20
-22.630395280017506
 30
0.0
 70
0
  0
VERTEX
  5
A03
  8
TEXT
 10
0.5115118592926052
 20
-22.6305985471916
 30
0.0
 70
0
  0
VERTEX
  5
A04
  8
TEXT
 10
0.4717599202490525
 20
-22.628995800224004
 30
0.0
 70
0
  0
VERTEX
  5
A05
  8
TEXT
 10
0.43276740740257325
 20
-22.62558703911472
 30
0.0
 70
0
  0
VERTEX
  5
A06
  8
TEXT
 10
0.3945343207531675
 20
-22.620372263863747
 30
0.0
 70
0
  0
VERTEX
  5
A07
  8
TEXT
 10
0.3570606603008352
 20
-22.613351474471088
 30
0.0
 70
0
  0
VERTEX
  5
A08
  8
TEXT
 10
0.32034642604557634
 20
-22.604524670936737
 30
0.0
 70
0
  0
VERTEX
  5
A09
  8
TEXT
 10
0.28439161798739104
 20
-22.5938918532607
 30
0.0
 70
0
  0
VERTEX
  5
A0A
  8
TEXT
 10
0.24919623612627928
 20
-22.581453021442975
 30
0.0
 70
0
  0
VERTEX
  5
A0B
  8
TEXT
 10
0.21502924445908
 20
-22.567339634613134
 30
0.0
 70
0
  0
VERTEX
  5
A0C
  8
TEXT
 10
0.18215960698263262
 20
-22.55168315190075
 30
0.0
 70
0
  0
VERTEX
  5
A0D
  8
TEXT
 10
0.15058732369693695
 20
-22.534483573305824
 30
0.0
 70
0
  0
VERTEX
  5
A0E
  8
TEXT
 10
0.12031239460199306
 20
-22.515740898828355
 30
0.0
 70
0
  0
VERTEX
  5
A0F
  8
TEXT
 10
0.09133481969780088
 20
-22.495455128468347
 30
0.0
 70
0
  0
VERTEX
  5
A10
  8
TEXT
 10
0.06365459898436054
 20
-22.473626262225793
 30
0.0
 70
0
  0
VERTEX
  5
A11
  8
TEXT
 10
0.037271732461671925
 20
-22.4502543001007
 30
0.0
 70
0
  0
VERTEX
  5
A12
  8
TEXT
 10
0.012186220129735026
 20
-22.425339242093063
 30
0.0
 70
0
  0
VERTEX
  5
A13
  8
TEXT
 10
-0.011384776135981545
 20
-22.39910442861832
 30
0.0
 70
0
  0
VERTEX
  5
A14
  8
TEXT
 10
-0.0332240944600094
 20
-22.371773200091905
 30
0.0
 70
0
  0
VERTEX
  5
A15
  8
TEXT
 10
-0.05333173484234832
 20
-22.343345556513817
 30
0.0
 70
0
  0
VERTEX
  5
A16
  8
TEXT
 10
-0.07170769728299864
 20
-22.31382149788406
 30
0.0
 70
0
  0
VERTEX
  5
A17
  8
TEXT
 10
-0.08835198178196024
 20
-22.283201024202633
 30
0.0
 70
0
  0
VERTEX
  5
A18
  8
TEXT
 10
-0.10326458833923302
 20
-22.251484135469536
 30
0.0
 70
0
  0
VERTEX
  5
A19
  8
TEXT
 10
-0.11644551695481697
 20
-22.218670831684765
 30
0.0
 70
0
  0
VERTEX
  5
A1A
  8
TEXT
 10
-0.1278947676287122
 20
-22.184761112848324
 30
0.0
 70
0
  0
VERTEX
  5
A1B
  8
TEXT
 10
0.10714814033525066
 20
-22.082662505650273
 30
0.0
 70
0
  0
VERTEX
  5
A1C
  8
TEXT
 10
0.12280810015599442
 20
-22.117924080362144
 30
0.0
 70
0
  0
VERTEX
  5
A1D
  8
TEXT
 10
0.14041572802748448
 20
-22.151154470412376
 30
0.0
 70
0
  0
VERTEX
  5
A1E
  8
TEXT
 10
0.1599710239497208
 20
-22.182353675800968
 30
0.0
 70
0
  0
VERTEX
  5
A1F
  8
TEXT
 10
0.18147398792270347
 20
-22.211521696527917
 30
0.0
 70
0
  0
VERTEX
  5
A20
  8
TEXT
 10
0.2049246199464324
 20
-22.23865853259323
 30
0.0
 70
0
  0
VERTEX
  5
A21
  8
TEXT
 10
0.23032292002090754
 20
-22.2637641839969
 30
0.0
 70
0
  0
VERTEX
  5
A22
  8
TEXT
 10
0.2576688881461291
 20
-22.286838650738932
 30
0.0
 70
0
  0
VERTEX
  5
A23
  8
TEXT
 10
0.2869625243220969
 20
-22.307881932819328
 30
0.0
 70
0
  0
VERTEX
  5
A24
  8
TEXT
 10
0.3177854736567414
 20
-22.326591685098784
 30
0.0
 70
0
  0
VERTEX
  5
A25
  8
TEXT
 10
0.3497193812579931
 20
-22.34266556243801
 30
0.0
 70
0
  0
VERTEX
  5
A26
  8
TEXT
 10
0.38276424712585205
 20
-22.356103564837003
 30
0.0
 70
0
  0
VERTEX
  5
A27
  8
TEXT
 10
0.41692007126031816
 20
-22.36690569229577
 30
0.0
 70
0
  0
VERTEX
  5
A28
  8
TEXT
 10
0.45218685366139155
 20
-22.3750719448143
 30
0.0
 70
0
  0
VERTEX
  5
A29
  8
TEXT
 10
0.48856459432907196
 20
-22.380602322392605
 30
0.0
 70
0
  0
VERTEX
  5
A2A
  8
TEXT
 10
0.5260532932633597
 20
-22.383496825030676
 30
0.0
 70
0
  0
VERTEX
  5
A2B
  8
TEXT
 10
0.5646529504642546
 20
-22.38375545272852
 30
0.0
 70
0
  0
VERTEX
  5
A2C
  8
TEXT
 10
0.605354191236853
 20
-22.38116527501892
 30
0.0
 70
0
  0
VERTEX
  5
A2D
  8
TEXT
 10
0.6436918231563624
 20
-22.375660964063044
 30
0.0
 70
0
  0
VERTEX
  5
A2E
  8
TEXT
 10
0.6796658462227829
 20
-22.367242519860888
 30
0.0
 70
0
  0
VERTEX
  5
A2F
  8
TEXT
 10
0.7132762604361146
 20
-22.355909942412456
 30
0.0
 70
0
  0
VERTEX
  5
A30
  8
TEXT
 10
0.7445230657963576
 20
-22.341663231717742
 30
0.0
 70
0
  0
VERTEX
  5
A31
  8
TEXT
 10
0.7734062623035116
 20
-22.32450238777675
 30
0.0
 70
0
  0
VERTEX
  5
A32
  8
TEXT
 10
0.799925849957577
 20
-22.30442741058948
 30
0.0
 70
0
  0
VERTEX
  5
A33
  8
TEXT
 10
0.826941448493856
 20
-22.2783782609873
 30
0.0
 70
0
  0
VERTEX
  5
A34
  8
TEXT
 10
0.8488667499051443
 20
-22.250472247738376
 30
0.0
 70
0
  0
VERTEX
  5
A35
  8
TEXT
 10
0.8657017541914416
 20
-22.220709370842712
 30
0.0
 70
0
  0
VERTEX
  5
A36
  8
TEXT
 10
0.877446461352748
 20
-22.18908963030031
 30
0.0
 70
0
  0
VERTEX
  5
A37
  8
TEXT
 10
0.8841008713890639
 20
-22.155613026111162
 30
0.0
 70
0
  0
VERTEX
  5
A38
  8
TEXT
 10
0.8856649843003889
 20
-22.120279558275275
 30
0.0
 70
0
  0
VERTEX
  5
A39
  8
TEXT
 10
0.8810471577758747
 20
-22.08247534820059
 30
0.0
 70
0
  0
VERTEX
  5
A3A
  8
TEXT
 10
0.8693436073953228
 20
-22.0485302853149
 30
0.0
 70
0
  0
VERTEX
  5
A3B
  8
TEXT
 10
0.8505543331587329
 20
-22.018444369618212
 30
0.0
 70
0
  0
VERTEX
  5
A3C
  8
TEXT
 10
0.8246793350661052
 20
-21.99221760111053
 30
0.0
 70
0
  0
VERTEX
  5
A3D
  8
TEXT
 10
0.799239600470464
 20
-21.97369614128096
 30
0.0
 70
0
  0
VERTEX
  5
A3E
  8
TEXT
 10
0.7699889727165742
 20
-21.957007273653367
 30
0.0
 70
0
  0
VERTEX
  5
A3F
  8
TEXT
 10
0.7369274518044364
 20
-21.942150998227742
 30
0.0
 70
0
  0
VERTEX
  5
A40
  8
TEXT
 10
0.7000550377340504
 20
-21.929127315004088
 30
0.0
 70
0
  0
VERTEX
  5
A41
  8
TEXT
 10
0.6593717305054161
 20
-21.917936223982405
 30
0.0
 70
0
  0
VERTEX
  5
A42
  8
TEXT
 10
0.41371061422287114
 20
-21.85586597283551
 30
0.0
 70
0
  0
VERTEX
  5
A43
  8
TEXT
 10
0.3723173316121397
 20
-21.844575129866772
 30
0.0
 70
0
  0
VERTEX
  5
A44
  8
TEXT
 10
0.3331222378268203
 20
-21.831737819935892
 30
0.0
 70
0
  0
VERTEX
  5
A45
  8
TEXT
 10
0.2961253328669128
 20
-21.817354043042876
 30
0.0
 70
0
  0
VERTEX
  5
A46
  8
TEXT
 10
0.26132661673241697
 20
-21.801423799187717
 30
0.0
 70
0
  0
VERTEX
  5
A47
  8
TEXT
 10
0.228726089423333
 20
-21.783947088370414
 30
0.0
 70
0
  0
VERTEX
  5
A48
  8
TEXT
 10
0.19832375093966093
 20
-21.764923910590976
 30
0.0
 70
0
  0
VERTEX
  5
A49
  8
TEXT
 10
0.17011960128140086
 20
-21.744354265849395
 30
0.0
 70
0
  0
VERTEX
  5
A4A
  8
TEXT
 10
0.14411364044855257
 20
-21.72223815414567
 30
0.0
 70
0
  0
VERTEX
  5
A4B
  8
TEXT
 10
0.12030586844111613
 20
-21.69857557547981
 30
0.0
 70
0
  0
VERTEX
  5
A4C
  8
TEXT
 10
0.09628942932182794
 20
-21.670368288988016
 30
0.0
 70
0
  0
VERTEX
  5
A4D
  8
TEXT
 10
0.07533463655210704
 20
-21.640727006843235
 30
0.0
 70
0
  0
VERTEX
  5
A4E
  8
TEXT
 10
0.05744149013195321
 20
-21.609651729045467
 30
0.0
 70
0
  0
VERTEX
  5
A4F
  8
TEXT
 10
0.042609990061366565
 20
-21.57714245559471
 30
0.0
 70
0
  0
VERTEX
  5
A50
  8
TEXT
 10
0.030840136340347213
 20
-21.543199186490966
 30
0.0
 70
0
  0
VERTEX
  5
A51
  8
TEXT
 10
0.022131928968895154
 20
-21.507821921734234
 30
0.0
 70
0
  0
VERTEX
  5
A52
  8
TEXT
 10
0.016485367947010054
 20
-21.471010661324513
 30
0.0
 70
0
  0
VERTEX
  5
A53
  8
TEXT
 10
0.01390045327469247
 20
-21.432765405261804
 30
0.0
 70
0
  0
VERTEX
  5
A54
  8
TEXT
 10
0.014199866905228675
 20
-21.396342192356776
 30
0.0
 70
0
  0
VERTEX
  5
A55
  8
TEXT
 10
0.017091488747619787
 20
-21.36075364763019
 30
0.0
 70
0
  0
VERTEX
  5
A56
  8
TEXT
 10
0.02257531880186603
 20
-21.325999771082042
 30
0.0
 70
0
  0
VERTEX
  5
A57
  8
TEXT
 10
0.030651357067967178
 20
-21.292080562712332
 30
0.0
 70
0
  0
VERTEX
  5
A58
  8
TEXT
 10
0.041319603545923234
 20
-21.258996022521064
 30
0.0
 70
0
  0
VERTEX
  5
A59
  8
TEXT
 10
0.05458005823573431
 20
-21.226746150508234
 30
0.0
 70
0
  0
VERTEX
  5
A5A
  8
TEXT
 10
0.07043272113740007
 20
-21.19533094667384
 30
0.0
 70
0
  0
VERTEX
  5
A5B
  8
TEXT
 10
0.08887759225092096
 20
-21.16475041101789
 30
0.0
 70
0
  0
VERTEX
  5
A5C
  8
TEXT
 10
0.10954911539339862
 20
-21.135316032767992
 30
0.0
 70
0
  0
VERTEX
  5
A5D
  8
TEXT
 10
0.13208173438193493
 20
-21.107339301151764
 30
0.0
 70
0
  0
VERTEX
  5
A5E
  8
TEXT
 10
0.15647544921652978
 20
-21.080820216169208
 30
0.0
 70
0
  0
VERTEX
  5
A5F
  8
TEXT
 10
0.18273025989718317
 20
-21.055758777820323
 30
0.0
 70
0
  0
VERTEX
  5
A60
  8
TEXT
 10
0.2108461664238952
 20
-21.03215498610511
 30
0.0
 70
0
  0
VERTEX
  5
A61
  8
TEXT
 10
0.24082316879666577
 20
-21.010008841023563
 30
0.0
 70
0
  0
VERTEX
  5
A62
  8
TEXT
 10
0.27266126701549487
 20
-20.989320342575688
 30
0.0
 70
0
  0
VERTEX
  5
A63
  8
TEXT
 10
0.30636046108038273
 20
-20.97008949076148
 30
0.0
 70
0
  0
VERTEX
  5
A64
  8
TEXT
 10
0.33754690634377593
 20
-20.95449971587518
 30
0.0
 70
0
  0
VERTEX
  5
A65
  8
TEXT
 10
0.3695422563776587
 20
-20.940622886322707
 30
0.0
 70
0
  0
VERTEX
  5
A66
  8
TEXT
 10
0.4023465111820309
 20
-20.928459002104066
 30
0.0
 70
0
  0
VERTEX
  5
A67
  8
TEXT
 10
0.4359596707568928
 20
-20.918008063219254
 30
0.0
 70
0
  0
VERTEX
  5
A68
  8
TEXT
 10
0.4703817351022442
 20
-20.909270069668274
 30
0.0
 70
0
  0
VERTEX
  5
A69
  8
TEXT
 10
0.505612704218085
 20
-20.90224502145112
 30
0.0
 70
0
  0
VERTEX
  5
A6A
  8
TEXT
 10
0.5416525781044154
 20
-20.8969329185678
 30
0.0
 70
0
  0
VERTEX
  5
A6B
  8
TEXT
 10
0.5785013567612354
 20
-20.893333761018308
 30
0.0
 70
0
  0
VERTEX
  5
A6C
  8
TEXT
 10
0.6161590401885447
 20
-20.891447548802645
 30
0.0
 70
0
  0
VERTEX
  5
A6D
  8
TEXT
 10
0.657047301013941
 20
-20.891298492706
 30
0.0
 70
0
  0
VERTEX
  5
A6E
  8
TEXT
 10
0.6969479798190968
 20
-20.893090438668242
 30
0.0
 70
0
  0
VERTEX
  5
A6F
  8
TEXT
 10
0.7358610766040121
 20
-20.896823386689377
 30
0.0
 70
0
  0
VERTEX
  5
A70
  8
TEXT
 10
0.7737865913686868
 20
-20.902497336769407
 30
0.0
 70
0
  0
VERTEX
  5
A71
  8
TEXT
 10
0.810724524113121
 20
-20.910112288908326
 30
0.0
 70
0
  0
VERTEX
  5
A72
  8
TEXT
 10
0.8466748748373146
 20
-20.919668243106138
 30
0.0
 70
0
  0
VERTEX
  5
A73
  8
TEXT
 10
0.8816376435412677
 20
-20.93116519936284
 30
0.0
 70
0
  0
VERTEX
  5
A74
  8
TEXT
 10
0.9156128302249804
 20
-20.944603157678436
 30
0.0
 70
0
  0
VERTEX
  5
A75
  8
TEXT
 10
0.9486004348884527
 20
-20.959982118052924
 30
0.0
 70
0
  0
VERTEX
  5
A76
  8
TEXT
 10
0.9806004575316839
 20
-20.9773020804863
 30
0.0
 70
0
  0
VERTEX
  5
A77
  8
TEXT
 10
1.011612898154675
 20
-20.996563044978572
 30
0.0
 70
0
  0
VERTEX
  5
A78
  8
TEXT
 10
1.0412153633834489
 20
-21.017482915509515
 30
0.0
 70
0
  0
VERTEX
  5
A79
  8
TEXT
 10
1.0689854598440287
 20
-21.039779596058903
 30
0.0
 70
0
  0
VERTEX
  5
A7A
  8
TEXT
 10
1.094923187536414
 20
-21.063453086626744
 30
0.0
 70
0
  0
VERTEX
  5
A7B
  8
TEXT
 10
1.1190285464606062
 20
-21.08850338721303
 30
0.0
 70
0
  0
VERTEX
  5
A7C
  8
TEXT
 10
1.141301536616604
 20
-21.114930497817767
 30
0.0
 70
0
  0
VERTEX
  5
A7D
  8
TEXT
 10
1.161742158004408
 20
-21.142734418440952
 30
0.0
 70
0
  0
VERTEX
  5
A7E
  8
TEXT
 10
1.1803504106240181
 20
-21.171915149082587
 30
0.0
 70
0
  0
VERTEX
  5
A7F
  8
TEXT
 10
1.197126294475434
 20
-21.20247268974267
 30
0.0
 70
0
  0
VERTEX
  5
A80
  8
TEXT
 10
1.2120698095586562
 20
-21.2344070404212
 30
0.0
 70
0
  0
VERTEX
  5
A81
  8
TEXT
 10
1.2251809558736841
 20
-21.267718201118182
 30
0.0
 70
0
  0
VERTEX
  5
A82
  8
TEXT
 10
1.2364597334205183
 20
-21.30240617183361
 30
0.0
 70
0
  0
VERTEX
  5
A83
  8
TEXT
 10
0.9975591765566345
 20
-21.404609144526468
 30
0.0
 70
0
  0
VERTEX
  5
A84
  8
TEXT
 10
0.9832682897886335
 20
-21.368526126013176
 30
0.0
 70
0
  0
VERTEX
  5
A85
  8
TEXT
 10
0.9666833082397582
 20
-21.33501054015012
 30
0.0
 70
0
  0
VERTEX
  5
A86
  8
TEXT
 10
0.9478042319100091
 20
-21.304062386937304
 30
0.0
 70
0
  0
VERTEX
  5
A87
  8
TEXT
 10
0.9266310607993863
 20
-21.275681666374723
 30
0.0
 70
0
  0
VERTEX
  5
A88
  8
TEXT
 10
0.9031637949078897
 20
-21.24986837846238
 30
0.0
 70
0
  0
VERTEX
  5
A89
  8
TEXT
 10
0.877402434235519
 20
-21.226622523200277
 30
0.0
 70
0
  0
VERTEX
  5
A8A
  8
TEXT
 10
0.8493469787822747
 20
-21.20594410058841
 30
0.0
 70
0
  0
VERTEX
  5
A8B
  8
TEXT
 10
0.819427668981771
 20
-21.18801055519184
 30
0.0
 70
0
  0
VERTEX
  5
A8C
  8
TEXT
 10
0.7880747452676216
 20
-21.172999331575628
 30
0.0
 70
0
  0
VERTEX
  5
A8D
  8
TEXT
 10
0.7552882076398275
 20
-21.160910429739765
 30
0.0
 70
0
  0
VERTEX
  5
A8E
  8
TEXT
 10
0.7210680560983884
 20
-21.15174384968426
 30
0.0
 70
0
  0
VERTEX
  5
A8F
  8
TEXT
 10
0.6854142906433043
 20
-21.14549959140911
 30
0.0
 70
0
  0
VERTEX
  5
A90
  8
TEXT
 10
0.648326911274575
 20
-21.14217765491431
 30
0.0
 70
0
  0
VERTEX
  5
A91
  8
TEXT
 10
0.6098059179922006
 20
-21.141778040199867
 30
0.0
 70
0
  0
VERTEX
  5
A92
  8
TEXT
 10
0.5716367217682705
 20
-21.144189416330022
 30
0.0
 70
0
  0
VERTEX
  5
A93
  8
TEXT
 10
0.5356047335748731
 20
-21.149300452369022
 30
0.0
 70
0
  0
VERTEX
  5
A94
  8
TEXT
 10
0.5017099534120089
 20
-21.15711114831687
 30
0.0
 70
0
  0
VERTEX
  5
A95
  8
TEXT
 10
0.4699523812796777
 20
-21.167621504173553
 30
0.0
 70
0
  0
VERTEX
  5
A96
  8
TEXT
 10
0.4403320171778796
 20
-21.180831519939083
 30
0.0
 70
0
  0
VERTEX
  5
A97
  8
TEXT
 10
0.41284886110661434
 20
-21.19674119561346
 30
0.0
 70
0
  0
VERTEX
  5
A98
  8
TEXT
 10
0.38750291306588225
 20
-21.215350531196677
 30
0.0
 70
0
  0
VERTEX
  5
A99
  8
TEXT
 10
0.36161907610969457
 20
-21.239631849337147
 30
0.0
 70
0
  0
VERTEX
  5
A9A
  8
TEXT
 10
0.3406147013005512
 20
-21.265904417504068
 30
0.0
 70
0
  0
VERTEX
  5
A9B
  8
TEXT
 10
0.3244897886384519
 20
-21.29416823569744
 30
0.0
 70
0
  0
VERTEX
  5
A9C
  8
TEXT
 10
0.3132443381233969
 20
-21.32442330391726
 30
0.0
 70
0
  0
VERTEX
  5
A9D
  8
TEXT
 10
0.3068783497553862
 20
-21.356669622163533
 30
0.0
 70
0
  0
VERTEX
  5
A9E
  8
TEXT
 10
0.30539182353441974
 20
-21.390907190436252
 30
0.0
 70
0
  0
VERTEX
  5
A9F
  8
TEXT
 10
0.30962258060025666
 20
-21.42867361644917
 30
0.0
 70
0
  0
VERTEX
  5
AA0
  8
TEXT
 10
0.32016492260477714
 20
-21.46250532714955
 30
0.0
 70
0
  0
VERTEX
  5
AA1
  8
TEXT
 10
0.3370188495479811
 20
-21.492402322537398
 30
0.0
 70
0
  0
VERTEX
  5
AA2
  8
TEXT
 10
0.3601843614298685
 20
-21.518364602612703
 30
0.0
 70
0
  0
VERTEX
  5
AA3
  8
TEXT
 10
0.38314852133789307
 20
-21.53670596682935
 30
0.0
 70
0
  0
VERTEX
  5
AA4
  8
TEXT
 10
0.4099269140999993
 20
-21.553338183608822
 30
0.0
 70
0
  0
VERTEX
  5
AA5
  8
TEXT
 10
0.4405195397161877
 20
-21.56826125295112
 30
0.0
 70
0
  0
VERTEX
  5
AA6
  8
TEXT
 10
0.4749263981864581
 20
-21.581475174856248
 30
0.0
 70
0
  0
VERTEX
  5
AA7
  8
TEXT
 10
0.5131474895108105
 20
-21.592979949324203
 30
0.0
 70
0
  0
VERTEX
  5
AA8
  8
TEXT
 10
0.7791814765573608
 20
-21.666080446597874
 30
0.0
 70
0
  0
VERTEX
  5
AA9
  8
TEXT
 10
0.8199632466130642
 20
-21.6781980561392
 30
0.0
 70
0
  0
VERTEX
  5
AAA
  8
TEXT
 10
0.858649026566692
 20
-21.691764047434166
 30
0.0
 70
0
  0
VERTEX
  5
AAB
  8
TEXT
 10
0.8952388164182439
 20
-21.706778420482774
 30
0.0
 70
0
  0
VERTEX
  5
AAC
  8
TEXT
 10
0.9297326161677193
 20
-21.723241175285022
 30
0.0
 70
0
  0
VERTEX
  5
AAD
  8
TEXT
 10
0.9621304258151195
 20
-21.741152311840914
 30
0.0
 70
0
  0
VERTEX
  5
AAE
  8
TEXT
 10
0.9924322453604437
 20
-21.76051183015045
 30
0.0
 70
0
  0
VERTEX
  5
AAF
  8
TEXT
 10
1.020638074803692
 20
-21.78131973021362
 30
0.0
 70
0
  0
VERTEX
  5
AB0
  8
TEXT
 10
1.0467479141448643
 20
-21.80357601203044
 30
0.0
 70
0
  0
VERTEX
  5
AB1
  8
TEXT
 10
1.0707617633839608
 20
-21.827280675600896
 30
0.0
 70
0
  0
VERTEX
  5
AB2
  8
TEXT
 10
1.0950497695836958
 20
-21.855492679046648
 30
0.0
 70
0
  0
VERTEX
  5
AB3
  8
TEXT
 10
1.1162406162597693
 20
-21.885163766877525
 30
0.0
 70
0
  0
VERTEX
  5
AB4
  8
TEXT
 10
1.134334303412182
 20
-21.91629393909353
 30
0.0
 70
0
  0
VERTEX
  5
AB5
  8
TEXT
 10
1.1493308310409327
 20
-21.948883195694663
 30
0.0
 70
0
  0
VERTEX
  5
AB6
  8
TEXT
 10
1.161230199146022
 20
-21.98293153668092
 30
0.0
 70
0
  0
VERTEX
  5
AB7
  8
TEXT
 10
1.17003240772745
 20
-22.0184389620523
 30
0.0
 70
0
  0
VERTEX
  5
AB8
  8
TEXT
 10
1.1757374567852168
 20
-22.05540547180881
 30
0.0
 70
0
  0
VERTEX
  5
AB9
  8
TEXT
 10
1.1783453463193219
 20
-22.093831065950447
 30
0.0
 70
0
  0
VERTEX
  5
ABA
  8
TEXT
 10
1.1780175764811722
 20
-22.129875030755144
 30
0.0
 70
0
  0
VERTEX
  5
ABB
  8
TEXT
 10
1.1750617591149024
 20
-22.165097360960726
 30
0.0
 70
0
  0
VERTEX
  5
ABC
  8
TEXT
 10
1.169477894220512
 20
-22.199498056567197
 30
0.0
 70
0
  0
VERTEX
  5
ABD
  8
TEXT
 10
1.1612659817980011
 20
-22.233077117574556
 30
0.0
 70
0
  0
VERTEX
  5
ABE
  8
TEXT
 10
1.1504260218473696
 20
-22.265834543982802
 30
0.0
 70
0
  0
VERTEX
  5
ABF
  8
TEXT
 10
1.1369580143686178
 20
-22.29777033579193
 30
0.0
 70
0
  0
VERTEX
  5
AC0
  8
TEXT
 10
1.1208619593617457
 20
-22.32888449300195
 30
0.0
 70
0
  0
VERTEX
  5
AC1
  8
TEXT
 10
1.1021378568267532
 20
-22.359177015612858
 30
0.0
 70
0
  0
VERTEX
  5
AC2
  8
TEXT
 10
1.0811090699116952
 20
-22.388337555894633
 30
0.0
 70
0
  0
VERTEX
  5
AC3
  8
TEXT
 10
1.0580989617646277
 20
-22.416055766117264
 30
0.0
 70
0
  0
VERTEX
  5
AC4
  8
TEXT
 10
1.0331075323855503
 20
-22.44233164628075
 30
0.0
 70
0
  0
VERTEX
  5
AC5
  8
TEXT
 10
1.0061347817744628
 20
-22.46716519638509
 30
0.0
 70
0
  0
VERTEX
  5
AC6
  8
TEXT
 10
0.9771807099313659
 20
-22.49055641643028
 30
0.0
 70
0
  0
VERTEX
  5
AC7
  8
TEXT
 10
0.9462453168562588
 20
-22.51250530641633
 30
0.0
 70
0
  0
VERTEX
  5
AC8
  8
TEXT
 10
0.9133286025491418
 20
-22.533011866343234
 30
0.0
 70
0
  0
VERTEX
  5
AC9
  8
TEXT
 10
0.8784305670100152
 20
-22.552076096210993
 30
0.0
 70
0
  0
VERTEX
  5
ACA
  8
TEXT
 10
0.846044346066741
 20
-22.567536285512848
 30
0.0
 70
0
  0
VERTEX
  5
ACB
  8
TEXT
 10
0.8126878097349303
 20
-22.581306960372753
 30
0.0
 70
0
  0
VERTEX
  5
ACC
  8
TEXT
 10
0.778360958014583
 20
-22.593388120790713
 30
0.0
 70
0
  0
VERTEX
  5
ACD
  8
TEXT
 10
0.7430637909056991
 20
-22.603779766766717
 30
0.0
 70
0
  0
VERTEX
  5
ACE
  8
TEXT
 10
0.7067963084082787
 20
-22.612481898300775
 30
0.0
 70
0
  0
VERTEX
  5
ACF
  8
TEXT
 10
0.6695585105223218
 20
-22.619494515392883
 30
0.0
 70
0
  0
VERTEX
  5
AD0
  8
TEXT
 10
0.6313503972478283
 20
-22.624817618043043
 30
0.0
 70
0
  0
VERTEX
  5
AD1
  8
TEXT
 10
0.5921719685847981
 20
-22.62845120625125
 30
0.0
 70
0
  0
SEQEND
  5
A01
  8
TEXT
  0
POLYLINE
  5
AD2
  8
TEXT
 66
1
 10
0.0
 20
0.0
 30
0.0
 70
1
  0
VERTEX
  5
AD4
  8
TEXT
 10
2.276977702160238
 20
-22.498888924962827
 30
0.0
 70
0
  0
VERTEX
  5
AD5
  8
TEXT
 10
2.284138995132498
 20
-20.818417055157276
 30
0.0
 70
0
  0
VERTEX
  5
AD6
  8
TEXT
 10
2.562491432869933
 20
-20.78037789447533
 30
0.0
 70
0
  0
VERTEX
  5
AD7
  8
TEXT
 10
2.5639376796873092
 20
-20.973368712334413
 30
0.0
 70
0
  0
VERTEX
  5
AD8
  8
TEXT
 10
2.583433345608476
 20
-20.94248787450497
 30
0.0
 70
0
  0
VERTEX
  5
AD9
  8
TEXT
 10
2.6048605841695656
 20
-20.913074150699064
 30
0.0
 70
0
  0
VERTEX
  5
ADA
  8
TEXT
 10
2.628219395370578
 20
-20.885127540916695
 30
0.0
 70
0
  0
VERTEX
  5
ADB
  8
TEXT
 10
2.653509779211514
 20
-20.858648045157864
 30
0.0
 70
0
  0
VERTEX
  5
ADC
  8
TEXT
 10
2.6807317356923726
 20
-20.833635663422573
 30
0.0
 70
0
  0
VERTEX
  5
ADD
  8
TEXT
 10
2.7098852648131544
 20
-20.810090395710816
 30
0.0
 70
0
  0
VERTEX
  5
ADE
  8
TEXT
 10
2.740396055433175
 20
-20.78760987100069
 30
0.0
 70
0
  0
VERTEX
  5
ADF
  8
TEXT
 10
2.7718755798583055
 20
-20.767151192935657
 30
0.0
 70
0
  0
VERTEX
  5
AE0
  8
TEXT
 10
2.804323838088546
 20
-20.748714361515727
 30
0.0
 70
0
  0
VERTEX
  5
AE1
  8
TEXT
 10
2.8377408301238956
 20
-20.732299376740894
 30
0.0
 70
0
  0
VERTEX
  5
AE2
  8
TEXT
 10
2.8721265559643547
 20
-20.71790623861116
 30
0.0
 70
0
  0
VERTEX
  5
AE3
  8
TEXT
 10
2.9074810156099233
 20
-20.705534947126523
 30
0.0
 70
0
  0
VERTEX
  5
AE4
  8
TEXT
 10
2.943804209060602
 20
-20.695185502286986
 30
0.0
 70
0
  0
VERTEX
  5
AE5
  8
TEXT
 10
2.98109613631639
 20
-20.686857904092545
 30
0.0
 70
0
  0
VERTEX
  5
AE6
  8
TEXT
 10
3.019356797377288
 20
-20.680552152543207
 30
0.0
 70
0
  0
VERTEX
  5
AE7
  8
TEXT
 10
3.05900158727994
 20
-20.676211480474738
 30
0.0
 70
0
  0
VERTEX
  5
AE8
  8
TEXT
 10
3.097726951730224
 20
-20.67415068761603
 30
0.0
 70
0
  0
VERTEX
  5
AE9
  8
TEXT
 10
3.1355328907281397
 20
-20.674369773967076
 30
0.0
 70
0
  0
VERTEX
  5
AEA
  8
TEXT
 10
3.172419404273686
 20
-20.67686873952788
 30
0.0
 70
0
  0
VERTEX
  5
AEB
  8
TEXT
 10
3.208386492366864
 20
-20.681647584298442
 30
0.0
 70
0
  0
VERTEX
  5
AEC
  8
TEXT
 10
3.2434341550076735
 20
-20.68870630827876
 30
0.0
 70
0
  0
VERTEX
  5
AED
  8
TEXT
 10
3.2775623921961143
 20
-20.698044911468834
 30
0.0
 70
0
  0
VERTEX
  5
AEE
  8
TEXT
 10
3.3107712039321866
 20
-20.709663393868667
 30
0.0
 70
0
  0
VERTEX
  5
AEF
  8
TEXT
 10
3.3430605902158907
 20
-20.723561755478258
 30
0.0
 70
0
  0
VERTEX
  5
AF0
  8
TEXT
 10
3.374146385459055
 20
-20.739490316642385
 30
0.0
 70
0
  0
VERTEX
  5
AF1
  8
TEXT
 10
3.4037444240735084
 20
-20.75719939770584
 30
0.0
 70
0
  0
VERTEX
  5
AF2
  8
TEXT
 10
3.431854706059252
 20
-20.77668899866862
 30
0.0
 70
0
  0
VERTEX
  5
AF3
  8
TEXT
 10
3.4584772314162846
 20
-20.797959119530724
 30
0.0
 70
0
  0
VERTEX
  5
AF4
  8
TEXT
 10
3.483612000144607
 20
-20.821009760292153
 30
0.0
 70
0
  0
VERTEX
  5
AF5
  8
TEXT
 10
3.507259012244219
 20
-20.845840920952906
 30
0.0
 70
0
  0
VERTEX
  5
AF6
  8
TEXT
 10
3.5294182677151205
 20
-20.872452601512986
 30
0.0
 70
0
  0
VERTEX
  5
AF7
  8
TEXT
 10
3.5500897665573117
 20
-20.900844801972386
 30
0.0
 70
0
  0
VERTEX
  5
AF8
  8
TEXT
 10
3.569273508770792
 20
-20.931017522331114
 30
0.0
 70
0
  0
VERTEX
  5
AF9
  8
TEXT
 10
3.586669027500463
 20
-20.962742544852173
 30
0.0
 70
0
  0
VERTEX
  5
AFA
  8
TEXT
 10
3.6019758558912254
 20
-20.995791651798566
 30
0.0
 70
0
  0
VERTEX
  5
AFB
  8
TEXT
 10
3.615193993943079
 20
-21.030164843170294
 30
0.0
 70
0
  0
VERTEX
  5
AFC
  8
TEXT
 10
3.626323441656024
 20
-21.065862118967356
 30
0.0
 70
0
  0
VERTEX
  5
AFD
  8
TEXT
 10
3.63536419903006
 20
-21.102883479189753
 30
0.0
 70
0
  0
VERTEX
  5
AFE
  8
TEXT
 10
3.6423162660651873
 20
-21.141228923837488
 30
0.0
 70
0
  0
VERTEX
  5
AFF
  8
TEXT
 10
3.6471796427614063
 20
-21.180898452910558
 30
0.0
 70
0
  0
VERTEX
  5
B00
  8
TEXT
 10
3.6499543291187164
 20
-21.22189206640896
 30
0.0
 70
0
  0
VERTEX
  5
B01
  8
TEXT
 10
3.650640325137118
 20
-21.264209764332698
 30
0.0
 70
0
  0
VERTEX
  5
B02
  8
TEXT
 10
3.6473281648676092
 20
-22.31161921083632
 30
0.0
 70
0
  0
VERTEX
  5
B03
  8
TEXT
 10
3.3597992731388304
 20
-22.35091240978251
 30
0.0
 70
0
  0
VERTEX
  5
B04
  8
TEXT
 10
3.3633967174491977
 20
-21.32839152001055
 30
0.0
 70
0
  0
VERTEX
  5
B05
  8
TEXT
 10
3.361862236237481
 20
-21.287324593307993
 30
0.0
 70
0
  0
VERTEX
  5
B06
  8
TEXT
 10
3.3577157855190567
 20
-21.248538035361193
 30
0.0
 70
0
  0
VERTEX
  5
B07
  8
TEXT
 10
3.3509573652939233
 20
-21.212031846170152
 30
0.0
 70
0
  0
VERTEX
  5
B08
  8
TEXT
 10
3.341586975562082
 20
-21.177806025734874
 30
0.0
 70
0
  0
VERTEX
  5
B09
  8
TEXT
 10
3.329604616323532
 20
-21.14586057405535
 30
0.0
 70
0
  0
VERTEX
  5
B0A
  8
TEXT
 10
3.3150102875782737
 20
-21.116195491131588
 30
0.0
 70
0
  0
VERTEX
  5
B0B
  8
TEXT
 10
3.2978039893263067
 20
-21.088810776963584
 30
0.0
 70
0
  0
VERTEX
  5
B0C
  8
TEXT
 10
3.2779857215676316
 20
-21.06370643155134
 30
0.0
 70
0
  0
VERTEX
  5
B0D
  8
TEXT
 10
3.255555484302248
 20
-21.040882454894852
 30
0.0
 70
0
  0
VERTEX
  5
B0E
  8
TEXT
 10
3.2278447218943853
 20
-21.018378591386416
 30
0.0
 70
0
  0
VERTEX
  5
B0F
  8
TEXT
 10
3.198118934212957
 20
-20.99965553348796
 30
0.0
 70
0
  0
VERTEX
  5
B10
  8
TEXT
 10
3.1663781212579627
 20
-20.984713281199493
 30
0.0
 70
0
  0
VERTEX
  5
B11
  8
TEXT
 10
3.1326222830294026
 20
-20.97355183452101
 30
0.0
 70
0
  0
VERTEX
  5
B12
  8
TEXT
 10
3.096851419527277
 20
-20.966171193452514
 30
0.0
 70
0
  0
VERTEX
  5
B13
  8
TEXT
 10
3.0590655307515857
 20
-20.962571357994005
 30
0.0
 70
0
  0
VERTEX
  5
B14
  8
TEXT
 10
3.019264616702329
 20
-20.96275232814548
 30
0.0
 70
0
  0
VERTEX
  5
B15
  8
TEXT
 10
2.9774486773795066
 20
-20.966714103906938
 30
0.0
 70
0
  0
VERTEX
  5
B16
  8
TEXT
 10
2.938439530644497
 20
-20.973559720608748
 30
0.0
 70
0
  0
VERTEX
  5
B17
  8
TEXT
 10
2.9009413583644488
 20
-20.98322823909076
 30
0.0
 70
0
  0
VERTEX
  5
B18
  8
TEXT
 10
2.8649541605393622
 20
-20.99571965935297
 30
0.0
 70
0
  0
VERTEX
  5
B19
  8
TEXT
 10
2.830477937169238
 20
-21.01103398139539
 30
0.0
 70
0
  0
VERTEX
  5
B1A
  8
TEXT
 10
2.7975126882540753
 20
-21.02917120521801
 30
0.0
 70
0
  0
VERTEX
  5
B1B
  8
TEXT
 10
2.7660584137938744
 20
-21.050131330820832
 30
0.0
 70
0
  0
VERTEX
  5
B1C
  8
TEXT
 10
2.7364626316420457
 20
-21.073607205109756
 30
0.0
 70
0
  0
VERTEX
  5
B1D
  8
TEXT
 10
2.709072859652
 20
-21.099291674990678
 30
0.0
 70
0
  0
VERTEX
  5
B1E
  8
TEXT
 10
2.6838890978237364
 20
-21.127184740463594
 30
0.0
 70
0
  0
VERTEX
  5
B1F
  8
TEXT
 10
2.6609113461572558
 20
-21.15728640152851
 30
0.0
 70
0
  0
VERTEX
  5
B20
  8
TEXT
 10
2.640139604652558
 20
-21.18959665818542
 30
0.0
 70
0
  0
VERTEX
  5
B21
  8
TEXT
 10
2.6215738733096425
 20
-21.22411551043433
 30
0.0
 70
0
  0
VERTEX
  5
B22
  8
TEXT
 10
2.6076133531261756
 20
-21.255275039677343
 30
0.0
 70
0
  0
VERTEX
  5
B23
  8
TEXT
 10
2.595667894739244
 20
-21.28768537018654
 30
0.0
 70
0
  0
VERTEX
  5
B24
  8
TEXT
 10
2.5857374981488483
 20
-21.321346501961926
 30
0.0
 70
0
  0
VERTEX
  5
B25
  8
TEXT
 10
2.577822163354988
 20
-21.356258435003497
 30
0.0
 70
0
  0
VERTEX
  5
B26
  8
TEXT
 10
2.5719218903576637
 20
-21.392421169311255
 30
0.0
 70
0
  0
VERTEX
  5
B27
  8
TEXT
 10
2.5680366791568745
 20
-21.429834704885195
 30
0.0
 70
0
  0
VERTEX
  5
B28
  8
TEXT
 10
2.5661665297526213
 20
-21.468499041725323
 30
0.0
 70
0
  0
VERTEX
  5
B29
  8
TEXT
 10
2.5645065938890164
 20
-22.45959572601664
 30
0.0
 70
0
  0
SEQEND
  5
AD3
  8
TEXT
  0
POLYLINE
  5
B2A
  8
TEXT
 66
1
 10
0.0
 20
0.0
 30
0.0
 70
1
  0
VERTEX
  5
B2C
  8
TEXT
 10
4.1668266935714655
 20
-22.214113153279193
 30
0.0
 70
0
  0
VERTEX
  5
B2D
  8
TEXT
 10
4.069143229421442
 20
-20.538321142187513
 30
0.0
 70
0
  0
VERTEX
  5
B2E
  8
TEXT
 10
4.355998420948796
 20
-20.481048419085102
 30
0.0
 70
0
  0
VERTEX
  5
B2F
  8
TEXT
 10
4.45368188509882
 20
-22.156840430176782
 30
0.0
 70
0
  0
SEQEND
  5
B2B
  8
TEXT
  0
POLYLINE
  5
B30
  8
TEXT
 66
1
 10
0.0
 20
0.0
 30
0.0
 70
1
  0
VERTEX
  5
B32
  8
TEXT
 10
4.053944132301142
 20
-20.269038135062228
 30
0.0
 70
0
  0
VERTEX
  5
B33
  8
TEXT
 10
4.031362431909713
 20
-19.895765070001836
 30
0.0
 70
0
  0
VERTEX
  5
B34
  8
TEXT
 10
4.318217623437067
 20
-19.838492346899425
 30
0.0
 70
0
  0
VERTEX
  5
B35
  8
TEXT
 10
4.340799323828496
 20
-20.21176541195982
 30
0.0
 70
0
  0
SEQEND
  5
B31
  8
TEXT
  0
POLYLINE
  5
B36
  8
TEXT
 66
1
 10
0.0
 20
0.0
 30
0.0
 70
1
  0
VERTEX
  5
B38
  8
TEXT
 10
5.887796202999689
 20
-22.523104221338603
 30
0.0
 70
0
  0
VERTEX
  5
B39
  8
TEXT
 10
5.848351169847403
 20
-22.533026855487375
 30
0.0
 70
0
  0
VERTEX
  5
B3A
  8
TEXT
 10
5.8094951401352075
 20
-22.541329666507615
 30
0.0
 70
0
  0
VERTEX
  5
B3B
  8
TEXT
 10
5.771228113863104
 20
-22.548012654399322
 30
0.0
 70
0
  0
VERTEX
  5
B3C
  8
TEXT
 10
5.73355009103109
 20
-22.553075819162498
 30
0.0
 70
0
  0
VERTEX
  5
B3D
  8
TEXT
 10
5.696461071639168
 20
-22.55651916079714
 30
0.0
 70
0
  0
VERTEX
  5
B3E
  8
TEXT
 10
5.6599610556873365
 20
-22.55834267930325
 30
0.0
 70
0
  0
VERTEX
  5
B3F
  8
TEXT
 10
5.624050043175595
 20
-22.558546374680827
 30
0.0
 70
0
  0
VERTEX
  5
B40
  8
TEXT
 10
5.588728034103946
 20
-22.557130246929873
 30
0.0
 70
0
  0
VERTEX
  5
B41
  8
TEXT
 10
5.553995028472387
 20
-22.554094296050383
 30
0.0
 70
0
  0
VERTEX
  5
B42
  8
TEXT
 10
5.5158440319064
 20
-22.548908200224037
 30
0.0
 70
0
  0
VERTEX
  5
B43
  8
TEXT
 10
5.478877676009345
 20
-22.54200310324345
 30
0.0
 70
0
  0
VERTEX
  5
B44
  8
TEXT
 10
5.443095960781222
 20
-22.53337900510861
 30
0.0
 70
0
  0
VERTEX
  5
B45
  8
TEXT
 10
5.408498886222031
 20
-22.52303590581953
 30
0.0
 70
0
  0
VERTEX
  5
B46
  8
TEXT
 10
5.375086452331772
 20
-22.510973805376203
 30
0.0
 70
0
  0
VERTEX
  5
B47
  8
TEXT
 10
5.342858659110443
 20
-22.497192703778634
 30
0.0
 70
0
  0
VERTEX
  5
B48
  8
TEXT
 10
5.311815506558048
 20
-22.48169260102682
 30
0.0
 70
0
  0
VERTEX
  5
B49
  8
TEXT
 10
5.281956994674584
 20
-22.46447349712076
 30
0.0
 70
0
  0
VERTEX
  5
B4A
  8
TEXT
 10
5.249479136288277
 20
-22.44293048330787
 30
0.0
 70
0
  0
VERTEX
  5
B4B
  8
TEXT
 10
5.218939713241349
 20
-22.419623966402188
 30
0.0
 70
0
  0
VERTEX
  5
B4C
  8
TEXT
 10
5.1903387255338025
 20
-22.394553946403718
 30
0.0
 70
0
  0
VERTEX
  5
B4D
  8
TEXT
 10
5.163676173165636
 20
-22.367720423312456
 30
0.0
 70
0
  0
VERTEX
  5
B4E
  8
TEXT
 10
5.13895205613685
 20
-22.3391233971284
 30
0.0
 70
0
  0
VERTEX
  5
B4F
  8
TEXT
 10
5.116166374447444
 20
-22.308762867851556
 30
0.0
 70
0
  0
VERTEX
  5
B50
  8
TEXT
 10
5.095319128097419
 20
-22.276638835481922
 30
0.0
 70
0
  0
VERTEX
  5
B51
  8
TEXT
 10
5.331841948543511
 20
-22.110429150082265
 30
0.0
 70
0
  0
VERTEX
  5
B52
  8
TEXT
 10
5.350068138736529
 20
-22.137681122272323
 30
0.0
 70
0
  0
VERTEX
  5
B53
  8
TEXT
 10
5.37115669527018
 20
-22.162724276059347
 30
0.0
 70
0
  0
VERTEX
  5
B54
  8
TEXT
 10
5.395107618144463
 20
-22.185558611443337
 30
0.0
 70
0
  0
VERTEX
  5
B55
  8
TEXT
 10
5.421920907359379
 20
-22.206184128424294
 30
0.0
 70
0
  0
VERTEX
  5
B56
  8
TEXT
 10
5.4515965629149274
 20
-22.224600827002213
 30
0.0
 70
0
  0
VERTEX
  5
B57
  8
TEXT
 10
5.484134584811109
 20
-22.240808707177102
 30
0.0
 70
0
  0
VERTEX
  5
B58
  8
TEXT
 10
5.519534973047923
 20
-22.254807768948954
 30
0.0
 70
0
  0
VERTEX
  5
B59
  8
TEXT
 10
5.548945198555472
 20
-22.263643764115773
 30
0.0
 70
0
  0
VERTEX
  5
B5A
  8
TEXT
 10
5.5798823195559155
 20
-22.27009340117349
 30
0.0
 70
0
  0
VERTEX
  5
B5B
  8
TEXT
 10
5.612346336049254
 20
-22.274156680122097
 30
0.0
 70
0
  0
VERTEX
  5
B5C
  8
TEXT
 10
5.646337248035486
 20
-22.2758336009616
 30
0.0
 70
0
  0
VERTEX
  5
B5D
  8
TEXT
 10
5.681855055514614
 20
-22.275124163692002
 30
0.0
 70
0
  0
VERTEX
  5
B5E
  8
TEXT
 10
5.718899758486637
 20
-22.272028368313293
 30
0.0
 70
0
  0
VERTEX
  5
B5F
  8
TEXT
 10
5.757471356951553
 20
-22.266546214825482
 30
0.0
 70
0
  0
VERTEX
  5
B60
  8
TEXT
 10
5.7975698509093645
 20
-22.258677703228564
 30
0.0
 70
0
  0
VERTEX
  5
B61
  8
TEXT
 10
5.839195240360071
 20
-22.24842283352254
 30
0.0
 70
0
  0
VERTEX
  5
B62
  8
TEXT
 10
5.87529802839485
 20
-22.23759564271368
 30
0.0
 70
0
  0
VERTEX
  5
B63
  8
TEXT
 10
5.910372106805891
 20
-22.2248926188154
 30
0.0
 70
0
  0
VERTEX
  5
B64
  8
TEXT
 10
5.944417475593194
 20
-22.210313761827713
 30
0.0
 70
0
  0
VERTEX
  5
B65
  8
TEXT
 10
5.977434134756758
 20
-22.193859071750612
 30
0.0
 70
0
  0
VERTEX
  5
B66
  8
TEXT
 10
6.009422084296585
 20
-22.1755285485841
 30
0.0
 70
0
  0
VERTEX
  5
B67
  8
TEXT
 10
6.040381324212673
 20
-22.155322192328175
 30
0.0
 70
0
  0
VERTEX
  5
B68
  8
TEXT
 10
6.0703118545050225
 20
-22.133240002982838
 30
0.0
 70
0
  0
VERTEX
  5
B69
  8
TEXT
 10
6.098743495990065
 20
-22.10947422529387
 30
0.0
 70
0
  0
VERTEX
  5
B6A
  8
TEXT
 10
6.1252060694842285
 20
-22.08421710400705
 30
0.0
 70
0
  0
VERTEX
  5
B6B
  8
TEXT
 10
6.149699574987515
 20
-22.05746863912238
 30
0.0
 70
0
  0
VERTEX
  5
B6C
  8
TEXT
 10
6.172224012499924
 20
-22.029228830639855
 30
0.0
 70
0
  0
VERTEX
  5
B6D
  8
TEXT
 10
6.192779382021454
 20
-21.999497678559486
 30
0.0
 70
0
  0
VERTEX
  5
B6E
  8
TEXT
 10
6.211365683552107
 20
-21.96827518288126
 30
0.0
 70
0
  0
VERTEX
  5
B6F
  8
TEXT
 10
6.227982917091882
 20
-21.935561343605187
 30
0.0
 70
0
  0
VERTEX
  5
B70
  8
TEXT
 10
6.242075436589697
 20
-21.901473594114904
 30
0.0
 70
0
  0
VERTEX
  5
B71
  8
TEXT
 10
6.253087595994467
 20
-21.866129367794063
 30
0.0
 70
0
  0
VERTEX
  5
B72
  8
TEXT
 10
6.261019395306193
 20
-21.82952866464266
 30
0.0
 70
0
  0
VERTEX
  5
B73
  8
TEXT
 10
6.265870834524877
 20
-21.791671484660693
 30
0.0
 70
0
  0
VERTEX
  5
B74
  8
TEXT
 10
6.267641913650516
 20
-21.752557827848165
 30
0.0
 70
0
  0
VERTEX
  5
B75
  8
TEXT
 10
6.266332632683112
 20
-21.712187694205074
 30
0.0
 70
0
  0
VERTEX
  5
B76
  8
TEXT
 10
6.261942991622665
 20
-21.670561083731425
 30
0.0
 70
0
  0
VERTEX
  5
B77
  8
TEXT
 10
6.238055899167376
 20
-21.475547313103355
 30
0.0
 70
0
  0
VERTEX
  5
B78
  8
TEXT
 10
6.217970591234568
 20
-21.508217541880217
 30
0.0
 70
0
  0
VERTEX
  5
B79
  8
TEXT
 10
6.1960038931264085
 20
-21.539605081838108
 30
0.0
 70
0
  0
VERTEX
  5
B7A
  8
TEXT
 10
6.172155804842896
 20
-21.569709932977034
 30
0.0
 70
0
  0
VERTEX
  5
B7B
  8
TEXT
 10
6.1464263263840335
 20
-21.59853209529699
 30
0.0
 70
0
  0
VERTEX
  5
B7C
  8
TEXT
 10
6.118815457749818
 20
-21.626071568797975
 30
0.0
 70
0
  0
VERTEX
  5
B7D
  8
TEXT
 10
6.09004438535926
 20
-21.650854438108855
 30
0.0
 70
0
  0
VERTEX
  5
B7E
  8
TEXT
 10
6.060286062327977
 20
-21.674113136322223
 30
0.0
 70
0
  0
VERTEX
  5
B7F
  8
TEXT
 10
6.02954048865597
 20
-21.69584766343808
 30
0.0
 70
0
  0
VERTEX
  5
B80
  8
TEXT
 10
5.997807664343238
 20
-21.716058019456426
 30
0.0
 70
0
  0
VERTEX
  5
B81
  8
TEXT
 10
5.965087589389783
 20
-21.73474420437726
 30
0.0
 70
0
  0
VERTEX
  5
B82
  8
TEXT
 10
5.931380263795603
 20
-21.75190621820058
 30
0.0
 70
0
  0
VERTEX
  5
B83
  8
TEXT
 10
5.8966856875607
 20
-21.76754406092639
 30
0.0
 70
0
  0
VERTEX
  5
B84
  8
TEXT
 10
5.861003860685072
 20
-21.781657732554688
 30
0.0
 70
0
  0
VERTEX
  5
B85
  8
TEXT
 10
5.8243347831687196
 20
-21.794247233085475
 30
0.0
 70
0
  0
VERTEX
  5
B86
  8
TEXT
 10
5.786678455011644
 20
-21.80531256251875
 30
0.0
 70
0
  0
VERTEX
  5
B87
  8
TEXT
 10
5.749902784738129
 20
-21.814412150594695
 30
0.0
 70
0
  0
VERTEX
  5
B88
  8
TEXT
 10
5.713274547680818
 20
-21.82180692095472
 30
0.0
 70
0
  0
VERTEX
  5
B89
  8
TEXT
 10
5.676793743839712
 20
-21.82749687359882
 30
0.0
 70
0
  0
VERTEX
  5
B8A
  8
TEXT
 10
5.640460373214808
 20
-21.831482008526997
 30
0.0
 70
0
  0
VERTEX
  5
B8B
  8
TEXT
 10
5.604274435806109
 20
-21.83376232573925
 30
0.0
 70
0
  0
VERTEX
  5
B8C
  8
TEXT
 10
5.568235931613613
 20
-21.83433782523558
 30
0.0
 70
0
  0
VERTEX
  5
B8D
  8
TEXT
 10
5.532344860637322
 20
-21.833208507015986
 30
0.0
 70
0
  0
VERTEX
  5
B8E
  8
TEXT
 10
5.496601222877233
 20
-21.830374371080467
 30
0.0
 70
0
  0
VERTEX
  5
B8F
  8
TEXT
 10
5.461005018333349
 20
-21.825835417429026
 30
0.0
 70
0
  0
VERTEX
  5
B90
  8
TEXT
 10
5.4255562470056695
 20
-21.81959164606166
 30
0.0
 70
0
  0
VERTEX
  5
B91
  8
TEXT
 10
5.3902549088941925
 20
-21.811643056978372
 30
0.0
 70
0
  0
VERTEX
  5
B92
  8
TEXT
 10
5.355452143916093
 20
-21.80206660275473
 30
0.0
 70
0
  0
VERTEX
  5
B93
  8
TEXT
 10
5.321499091988542
 20
-21.790939235966317
 30
0.0
 70
0
  0
VERTEX
  5
B94
  8
TEXT
 10
5.2883957531115415
 20
-21.778260956613117
 30
0.0
 70
0
  0
VERTEX
  5
B95
  8
TEXT
 10
5.256142127285091
 20
-21.764031764695144
 30
0.0
 70
0
  0
VERTEX
  5
B96
  8
TEXT
 10
5.2247382145091885
 20
-21.74825166021239
 30
0.0
 70
0
  0
VERTEX
  5
B97
  8
TEXT
 10
5.194184014783836
 20
-21.730920643164858
 30
0.0
 70
0
  0
VERTEX
  5
B98
  8
TEXT
 10
5.164479528109034
 20
-21.71203871355255
 30
0.0
 70
0
  0
VERTEX
  5
B99
  8
TEXT
 10
5.135624754484781
 20
-21.69160587137546
 30
0.0
 70
0
  0
VERTEX
  5
B9A
  8
TEXT
 10
5.107619693911078
 20
-21.669622116633594
 30
0.0
 70
0
  0
VERTEX
  5
B9B
  8
TEXT
 10
5.080464346387924
 20
-21.64608744932695
 30
0.0
 70
0
  0
VERTEX
  5
B9C
  8
TEXT
 10
5.054158711915319
 20
-21.621001869455526
 30
0.0
 70
0
  0
VERTEX
  5
B9D
  8
TEXT
 10
5.028962055042394
 20
-21.594493571155468
 30
0.0
 70
0
  0
VERTEX
  5
B9E
  8
TEXT
 10
5.005133640318277
 20
-21.566690748562923
 30
0.0
 70
0
  0
VERTEX
  5
B9F
  8
TEXT
 10
4.982673467742971
 20
-21.537593401677896
 30
0.0
 70
0
  0
VERTEX
  5
BA0
  8
TEXT
 10
4.961581537316473
 20
-21.507201530500375
 30
0.0
 70
0
  0
VERTEX
  5
BA1
  8
TEXT
 10
4.941857849038783
 20
-21.47551513503037
 30
0.0
 70
0
  0
VERTEX
  5
BA2
  8
TEXT
 10
4.923502402909903
 20
-21.44253421526788
 30
0.0
 70
0
  0
VERTEX
  5
BA3
  8
TEXT
 10
4.9065151989298315
 20
-21.4082587712129
 30
0.0
 70
0
  0
VERTEX
  5
BA4
  8
TEXT
 10
4.89089623709857
 20
-21.372688802865433
 30
0.0
 70
0
  0
VERTEX
  5
BA5
  8
TEXT
 10
4.876645517416116
 20
-21.335824310225483
 30
0.0
 70
0
  0
VERTEX
  5
BA6
  8
TEXT
 10
4.863763039882472
 20
-21.29766529329304
 30
0.0
 70
0
  0
VERTEX
  5
BA7
  8
TEXT
 10
4.852248804497637
 20
-21.258211752068114
 30
0.0
 70
0
  0
VERTEX
  5
BA8
  8
TEXT
 10
4.842363503530121
 20
-21.218539497799085
 30
0.0
 70
0
  0
VERTEX
  5
BA9
  8
TEXT
 10
4.834172692053657
 20
-21.179001804736668
 30
0.0
 70
0
  0
VERTEX
  5
BAA
  8
TEXT
 10
4.827676370068241
 20
-21.139598672880858
 30
0.0
 70
0
  0
VERTEX
  5
BAB
  8
TEXT
 10
4.822874537573875
 20
-21.100330102231656
 30
0.0
 70
0
  0
VERTEX
  5
BAC
  8
TEXT
 10
4.819767194570558
 20
-21.061196092789064
 30
0.0
 70
0
  0
VERTEX
  5
BAD
  8
TEXT
 10
4.818354341058291
 20
-21.02219664455308
 30
0.0
 70
0
  0
VERTEX
  5
BAE
  8
TEXT
 10
4.818635977037074
 20
-20.983331757523704
 30
0.0
 70
0
  0
VERTEX
  5
BAF
  8
TEXT
 10
4.820612102506906
 20
-20.94460143170094
 30
0.0
 70
0
  0
VERTEX
  5
BB0
  8
TEXT
 10
4.824282717467787
 20
-20.90600566708478
 30
0.0
 70
0
  0
VERTEX
  5
BB1
  8
TEXT
 10
4.829578661644001
 20
-20.86780002026711
 30
0.0
 70
0
  0
VERTEX
  5
BB2
  8
TEXT
 10
4.836430774759829
 20
-20.83024004783981
 30
0.0
 70
0
  0
VERTEX
  5
BB3
  8
TEXT
 10
4.844839056815272
 20
-20.79332574980287
 30
0.0
 70
0
  0
VERTEX
  5
BB4
  8
TEXT
 10
4.854803507810329
 20
-20.7570571261563
 30
0.0
 70
0
  0
VERTEX
  5
BB5
  8
TEXT
 10
4.866324127745001
 20
-20.7214341769001
 30
0.0
 70
0
  0
VERTEX
  5
BB6
  8
TEXT
 10
4.879400916619287
 20
-20.686456902034266
 30
0.0
 70
0
  0
VERTEX
  5
BB7
  8
TEXT
 10
4.8940338744331875
 20
-20.6521253015588
 30
0.0
 70
0
  0
VERTEX
  5
BB8
  8
TEXT
 10
4.9102230011867025
 20
-20.6184393754737
 30
0.0
 70
0
  0
VERTEX
  5
BB9
  8
TEXT
 10
4.927968296879833
 20
-20.585399123778966
 30
0.0
 70
0
  0
VERTEX
  5
BBA
  8
TEXT
 10
4.947115594811445
 20
-20.553164621783104
 30
0.0
 70
0
  0
VERTEX
  5
BBB
  8
TEXT
 10
4.967510728280407
 20
-20.52189594479461
 30
0.0
 70
0
  0
VERTEX
  5
BBC
  8
TEXT
 10
4.989153697286721
 20
-20.49159309281349
 30
0.0
 70
0
  0
VERTEX
  5
BBD
  8
TEXT
 10
5.012044501830385
 20
-20.46225606583974
 30
0.0
 70
0
  0
VERTEX
  5
BBE
  8
TEXT
 10
5.036183141911399
 20
-20.433884863873363
 30
0.0
 70
0
  0
VERTEX
  5
BBF
  8
TEXT
 10
5.061569617529764
 20
-20.406479486914353
 30
0.0
 70
0
  0
VERTEX
  5
BC0
  8
TEXT
 10
5.08820392868548
 20
-20.380039934962717
 30
0.0
 70
0
  0
VERTEX
  5
BC1
  8
TEXT
 10
5.116086075378545
 20
-20.354566208018454
 30
0.0
 70
0
  0
VERTEX
  5
BC2
  8
TEXT
 10
5.1452160576089625
 20
-20.33005830608156
 30
0.0
 70
0
  0
VERTEX
  5
BC3
  8
TEXT
 10
5.1755247151010115
 20
-20.306771785743916
 30
0.0
 70
0
  0
VERTEX
  5
BC4
  8
TEXT
 10
5.206942887578977
 20
-20.284962203597402
 30
0.0
 70
0
  0
VERTEX
  5
BC5
  8
TEXT
 10
5.239470575042858
 20
-20.26462955964202
 30
0.0
 70
0
  0
VERTEX
  5
BC6
  8
TEXT
 10
5.273107777492654
 20
-20.24577385387777
 30
0.0
 70
0
  0
VERTEX
  5
BC7
  8
TEXT
 10
5.307854494928366
 20
-20.228395086304644
 30
0.0
 70
0
  0
VERTEX
  5
BC8
  8
TEXT
 10
5.343710727349992
 20
-20.21249325692265
 30
0.0
 70
0
  0
VERTEX
  5
BC9
  8
TEXT
 10
5.380676474757536
 20
-20.198068365731785
 30
0.0
 70
0
  0
VERTEX
  5
BCA
  8
TEXT
 10
5.418751737150994
 20
-20.18512041273205
 30
0.0
 70
0
  0
VERTEX
  5
BCB
  8
TEXT
 10
5.457936514530367
 20
-20.173649397923445
 30
0.0
 70
0
  0
VERTEX
  5
BCC
  8
TEXT
 10
5.497661110179005
 20
-20.163848265504587
 30
0.0
 70
0
  0
VERTEX
  5
BCD
  8
TEXT
 10
5.536958432031533
 20
-20.156017285131217
 30
0.0
 70
0
  0
VERTEX
  5
BCE
  8
TEXT
 10
5.57582848008795
 20
-20.150156456803337
 30
0.0
 70
0
  0
VERTEX
  5
BCF
  8
TEXT
 10
5.614271254348258
 20
-20.146265780520945
 30
0.0
 70
0
  0
VERTEX
  5
BD0
  8
TEXT
 10
5.6522867548124545
 20
-20.144345256284044
 30
0.0
 70
0
  0
VERTEX
  5
BD1
  8
TEXT
 10
5.689874981480542
 20
-20.144394884092634
 30
0.0
 70
0
  0
VERTEX
  5
BD2
  8
TEXT
 10
5.727035934352518
 20
-20.146414663946715
 30
0.0
 70
0
  0
VERTEX
  5
BD3
  8
TEXT
 10
5.7637696134283845
 20
-20.150404595846283
 30
0.0
 70
0
  0
VERTEX
  5
BD4
  8
TEXT
 10
5.800076018708141
 20
-20.15636467979134
 30
0.0
 70
0
  0
VERTEX
  5
BD5
  8
TEXT
 10
5.835955150191786
 20
-20.164294915781888
 30
0.0
 70
0
  0
VERTEX
  5
BD6
  8
TEXT
 10
5.872503565302268
 20
-20.17511034254627
 30
0.0
 70
0
  0
VERTEX
  5
BD7
  8
TEXT
 10
5.908007049046103
 20
-20.187607038858868
 30
0.0
 70
0
  0
VERTEX
  5
BD8
  8
TEXT
 10
5.942465601423292
 20
-20.201785004719692
 30
0.0
 70
0
  0
VERTEX
  5
BD9
  8
TEXT
 10
5.975879222433834
 20
-20.217644240128738
 30
0.0
 70
0
  0
VERTEX
  5
BDA
  8
TEXT
 10
6.008247912077731
 20
-20.235184745086006
 30
0.0
 70
0
  0
VERTEX
  5
BDB
  8
TEXT
 10
6.03957167035498
 20
-20.254406519591495
 30
0.0
 70
0
  0
VERTEX
  5
BDC
  8
TEXT
 10
6.069850497265584
 20
-20.27530956364521
 30
0.0
 70
0
  0
VERTEX
  5
BDD
  8
TEXT
 10
6.099084392809541
 20
-20.297893877247144
 30
0.0
 70
0
  0
VERTEX
  5
BDE
  8
TEXT
 10
6.0636888287570745
 20
-20.04842679361295
 30
0.0
 70
0
  0
VERTEX
  5
BDF
  8
TEXT
 10
6.340872084491586
 20
-19.9735672872645
 30
0.0
 70
0
  0
VERTEX
  5
BE0
  8
TEXT
 10
6.54750200037346
 20
-21.60303309087229
 30
0.0
 70
0
  0
VERTEX
  5
BE1
  8
TEXT
 10
6.5518375545893255
 20
-21.641544680243335
 30
0.0
 70
0
  0
VERTEX
  5
BE2
  8
TEXT
 10
6.554401767045591
 20
-21.679662516967145
 30
0.0
 70
0
  0
VERTEX
  5
BE3
  8
TEXT
 10
6.5551946377422565
 20
-21.717386601043728
 30
0.0
 70
0
  0
VERTEX
  5
BE4
  8
TEXT
 10
6.554216166679324
 20
-21.754716932473077
 30
0.0
 70
0
  0
VERTEX
  5
BE5
  8
TEXT
 10
6.5514663538567905
 20
-21.7916535112552
 30
0.0
 70
0
  0
VERTEX
  5
BE6
  8
TEXT
 10
6.546945199274658
 20
-21.828196337390086
 30
0.0
 70
0
  0
VERTEX
  5
BE7
  8
TEXT
 10
6.540652702932926
 20
-21.864345410877746
 30
0.0
 70
0
  0
VERTEX
  5
BE8
  8
TEXT
 10
6.532588864831594
 20
-21.900100731718172
 30
0.0
 70
0
  0
VERTEX
  5
BE9
  8
TEXT
 10
6.522753684970663
 20
-21.935462299911368
 30
0.0
 70
0
  0
VERTEX
  5
BEA
  8
TEXT
 10
6.511147163350133
 20
-21.970430115457336
 30
0.0
 70
0
  0
VERTEX
  5
BEB
  8
TEXT
 10
6.4977692999700025
 20
-22.00500417835607
 30
0.0
 70
0
  0
VERTEX
  5
BEC
  8
TEXT
 10
6.482856795345381
 20
-22.03893556235563
 30
0.0
 70
0
  0
VERTEX
  5
BED
  8
TEXT
 10
6.466646349991375
 20
-22.071975341204066
 30
0.0
 70
0
  0
VERTEX
  5
BEE
  8
TEXT
 10
6.449137963907986
 20
-22.10412351490138
 30
0.0
 70
0
  0
VERTEX
  5
BEF
  8
TEXT
 10
6.430331637095213
 20
-22.135380083447572
 30
0.0
 70
0
  0
VERTEX
  5
BF0
  8
TEXT
 10
6.410227369553055
 20
-22.16574504684264
 30
0.0
 70
0
  0
VERTEX
  5
BF1
  8
TEXT
 10
6.388825161281513
 20
-22.195218405086585
 30
0.0
 70
0
  0
VERTEX
  5
BF2
  8
TEXT
 10
6.3661250122805875
 20
-22.223800158179408
 30
0.0
 70
0
  0
VERTEX
  5
BF3
  8
TEXT
 10
6.342126922550278
 20
-22.25149030612111
 30
0.0
 70
0
  0
VERTEX
  5
BF4
  8
TEXT
 10
6.316830892090585
 20
-22.278288848911686
 30
0.0
 70
0
  0
VERTEX
  5
BF5
  8
TEXT
 10
6.290236920901508
 20
-22.30419578655114
 30
0.0
 70
0
  0
VERTEX
  5
BF6
  8
TEXT
 10
6.262345008983047
 20
-22.32921111903947
 30
0.0
 70
0
  0
VERTEX
  5
BF7
  8
TEXT
 10
6.23330330768445
 20
-22.35314947765686
 30
0.0
 70
0
  0
VERTEX
  5
BF8
  8
TEXT
 10
6.203259968354965
 20
-22.375825493683482
 30
0.0
 70
0
  0
VERTEX
  5
BF9
  8
TEXT
 10
6.172214990994594
 20
-22.397239167119338
 30
0.0
 70
0
  0
VERTEX
  5
BFA
  8
TEXT
 10
6.140168375603336
 20
-22.417390497964426
 30
0.0
 70
0
  0
VERTEX
  5
BFB
  8
TEXT
 10
6.1071201221811915
 20
-22.436279486218748
 30
0.0
 70
0
  0
VERTEX
  5
BFC
  8
TEXT
 10
6.073070230728159
 20
-22.453906131882306
 30
0.0
 70
0
  0
VERTEX
  5
BFD
  8
TEXT
 10
6.038018701244239
 20
-22.470270434955097
 30
0.0
 70
0
  0
VERTEX
  5
BFE
  8
TEXT
 10
6.001965533729432
 20
-22.48537239543712
 30
0.0
 70
0
  0
VERTEX
  5
BFF
  8
TEXT
 10
5.964910728183738
 20
-22.499212013328382
 30
0.0
 70
0
  0
VERTEX
  5
C00
  8
TEXT
 10
5.926854284607157
 20
-22.511789288628876
 30
0.0
 70
0
  0
SEQEND
  5
B37
  8
TEXT
  0
POLYLINE
  5
C01
  8
TEXT
 66
1
 10
0.0
 20
0.0
 30
0.0
 70
1
  0
VERTEX
  5
C03
  8
TEXT
 10
5.744038422602875
 20
-21.529021292845734
 30
0.0
 70
0
  0
VERTEX
  5
C04
  8
TEXT
 10
5.782701018370053
 20
-21.51723050244391
 30
0.0
 70
0
  0
VERTEX
  5
C05
  8
TEXT
 10
5.8197064801128295
 20
-21.5031890658431
 30
0.0
 70
0
  0
VERTEX
  5
C06
  8
TEXT
 10
5.855054807831204
 20
-21.48689698304331
 30
0.0
 70
0
  0
VERTEX
  5
C07
  8
TEXT
 10
5.888746001525176
 20
-21.468354254044538
 30
0.0
 70
0
  0
VERTEX
  5
C08
  8
TEXT
 10
5.920780061194746
 20
-21.44756087884678
 30
0.0
 70
0
  0
VERTEX
  5
C09
  8
TEXT
 10
5.951156986839914
 20
-21.42451685745004
 30
0.0
 70
0
  0
VERTEX
  5
C0A
  8
TEXT
 10
5.97987677846068
 20
-21.39922218985432
 30
0.0
 70
0
  0
VERTEX
  5
C0B
  8
TEXT
 10
6.006939436057044
 20
-21.371676876059613
 30
0.0
 70
0
  0
VERTEX
  5
C0C
  8
TEXT
 10
6.032168028160795
 20
-21.34242836555326
 30
0.0
 70
0
  0
VERTEX
  5
C0D
  8
TEXT
 10
6.055385623303723
 20
-21.31202410782259
 30
0.0
 70
0
  0
VERTEX
  5
C0E
  8
TEXT
 10
6.076592221485827
 20
-21.280464102867608
 30
0.0
 70
0
  0
VERTEX
  5
C0F
  8
TEXT
 10
6.095787822707108
 20
-21.247748350688305
 30
0.0
 70
0
  0
VERTEX
  5
C10
  8
TEXT
 10
6.112972426967566
 20
-21.213876851284688
 30
0.0
 70
0
  0
VERTEX
  5
C11
  8
TEXT
 10
6.1281460342672
 20
-21.178849604656758
 30
0.0
 70
0
  0
VERTEX
  5
C12
  8
TEXT
 10
6.141308644606011
 20
-21.14266661080451
 30
0.0
 70
0
  0
VERTEX
  5
C13
  8
TEXT
 10
6.152460257983998
 20
-21.105327869727947
 30
0.0
 70
0
  0
VERTEX
  5
C14
  8
TEXT
 10
6.161330803398095
 20
-21.06740598531842
 30
0.0
 70
0
  0
VERTEX
  5
C15
  8
TEXT
 10
6.167650209845233
 20
-21.02947356146727
 30
0.0
 70
0
  0
VERTEX
  5
C16
  8
TEXT
 10
6.171418477325412
 20
-20.991530598174503
 30
0.0
 70
0
  0
VERTEX
  5
C17
  8
TEXT
 10
6.172635605838632
 20
-20.95357709544012
 30
0.0
 70
0
  0
VERTEX
  5
C18
  8
TEXT
 10
6.171301595384893
 20
-20.915613053264117
 30
0.0
 70
0
  0
VERTEX
  5
C19
  8
TEXT
 10
6.1674164459641965
 20
-20.877638471646495
 30
0.0
 70
0
  0
VERTEX
  5
C1A
  8
TEXT
 10
6.160980157576541
 20
-20.839653350587255
 30
0.0
 70
0
  0
VERTEX
  5
C1B
  8
TEXT
 10
6.1519927302219255
 20
-20.801657690086397
 30
0.0
 70
0
  0
VERTEX
  5
C1C
  8
TEXT
 10
6.140123067070365
 20
-20.762540693988775
 30
0.0
 70
0
  0
VERTEX
  5
C1D
  8
TEXT
 10
6.126132491123378
 20
-20.72523648308161
 30
0.0
 70
0
  0
VERTEX
  5
C1E
  8
TEXT
 10
6.110021002380964
 20
-20.689745057364892
 30
0.0
 70
0
  0
VERTEX
  5
C1F
  8
TEXT
 10
6.091788600843123
 20
-20.65606641683863
 30
0.0
 70
0
  0
VERTEX
  5
C20
  8
TEXT
 10
6.071435286509856
 20
-20.624200561502818
 30
0.0
 70
0
  0
VERTEX
  5
C21
  8
TEXT
 10
6.048961059381162
 20
-20.59414749135746
 30
0.0
 70
0
  0
VERTEX
  5
C22
  8
TEXT
 10
6.02436591945704
 20
-20.565907206402557
 30
0.0
 70
0
  0
VERTEX
  5
C23
  8
TEXT
 10
5.998030360799829
 20
-20.539801151313046
 30
0.0
 70
0
  0
VERTEX
  5
C24
  8
TEXT
 10
5.970334877471866
 20
-20.516150770763872
 30
0.0
 70
0
  0
VERTEX
  5
C25
  8
TEXT
 10
5.94127946947315
 20
-20.49495606475503
 30
0.0
 70
0
  0
VERTEX
  5
C26
  8
TEXT
 10
5.910864136803681
 20
-20.476217033286524
 30
0.0
 70
0
  0
VERTEX
  5
C27
  8
TEXT
 10
5.879088879463461
 20
-20.459933676358354
 30
0.0
 70
0
  0
VERTEX
  5
C28
  8
TEXT
 10
5.845953697452487
 20
-20.44610599397052
 30
0.0
 70
0
  0
VERTEX
  5
C29
  8
TEXT
 10
5.81145859077076
 20
-20.434733986123018
 30
0.0
 70
0
  0
VERTEX
  5
C2A
  8
TEXT
 10
5.775876387386709
 20
-20.426102912720943
 30
0.0
 70
0
  0
VERTEX
  5
C2B
  8
TEXT
 10
5.739479915268757
 20
-20.42049803366938
 30
0.0
 70
0
  0
VERTEX
  5
C2C
  8
TEXT
 10
5.702269174416906
 20
-20.417919348968333
 30
0.0
 70
0
  0
VERTEX
  5
C2D
  8
TEXT
 10
5.664244164831156
 20
-20.4183668586178
 30
0.0
 70
0
  0
VERTEX
  5
C2E
  8
TEXT
 10
5.625404886511506
 20
-20.421840562617785
 30
0.0
 70
0
  0
VERTEX
  5
C2F
  8
TEXT
 10
5.585751339457957
 20
-20.428340460968283
 30
0.0
 70
0
  0
VERTEX
  5
C30
  8
TEXT
 10
5.545283523670508
 20
-20.437866553669295
 30
0.0
 70
0
  0
VERTEX
  5
C31
  8
TEXT
 10
5.508680705351892
 20
-20.449051088814358
 30
0.0
 70
0
  0
VERTEX
  5
C32
  8
TEXT
 10
5.473383878281662
 20
-20.4624811710376
 30
0.0
 70
0
  0
VERTEX
  5
C33
  8
TEXT
 10
5.4393930424598205
 20
-20.47815680033902
 30
0.0
 70
0
  0
VERTEX
  5
C34
  8
TEXT
 10
5.406708197886366
 20
-20.496077976718617
 30
0.0
 70
0
  0
VERTEX
  5
C35
  8
TEXT
 10
5.375329344561299
 20
-20.516244700176394
 30
0.0
 70
0
  0
VERTEX
  5
C36
  8
TEXT
 10
5.34525648248462
 20
-20.53865697071235
 30
0.0
 70
0
  0
VERTEX
  5
C37
  8
TEXT
 10
5.316489611656328
 20
-20.56331478832648
 30
0.0
 70
0
  0
VERTEX
  5
C38
  8
TEXT
 10
5.2890287320764235
 20
-20.590218153018792
 30
0.0
 70
0
  0
VERTEX
  5
C39
  8
TEXT
 10
5.263255920085843
 20
-20.618839161145058
 30
0.0
 70
0
  0
VERTEX
  5
C3A
  8
TEXT
 10
5.239553252025521
 20
-20.648649909061064
 30
0.0
 70
0
  0
VERTEX
  5
C3B
  8
TEXT
 10
5.21792072789546
 20
-20.679650396766803
 30
0.0
 70
0
  0
VERTEX
  5
C3C
  8
TEXT
 10
5.198358347695657
 20
-20.711840624262283
 30
0.0
 70
0
  0
VERTEX
  5
C3D
  8
TEXT
 10
5.180866111426114
 20
-20.745220591547497
 30
0.0
 70
0
  0
VERTEX
  5
C3E
  8
TEXT
 10
5.16544401908683
 20
-20.779790298622448
 30
0.0
 70
0
  0
VERTEX
  5
C3F
  8
TEXT
 10
5.152092070677805
 20
-20.815549745487136
 30
0.0
 70
0
  0
VERTEX
  5
C40
  8
TEXT
 10
5.14081026619904
 20
-20.852498932141557
 30
0.0
 70
0
  0
VERTEX
  5
C41
  8
TEXT
 10
5.132764573372713
 20
-20.886077967842986
 30
0.0
 70
0
  0
VERTEX
  5
C42
  8
TEXT
 10
5.126843908251308
 20
-20.92007008552631
 30
0.0
 70
0
  0
VERTEX
  5
C43
  8
TEXT
 10
5.123048270834824
 20
-20.95447528519152
 30
0.0
 70
0
  0
VERTEX
  5
C44
  8
TEXT
 10
5.121377661123261
 20
-20.989293566838622
 30
0.0
 70
0
  0
VERTEX
  5
C45
  8
TEXT
 10
5.1218320791166185
 20
-21.024524930467617
 30
0.0
 70
0
  0
VERTEX
  5
C46
  8
TEXT
 10
5.1244115248148985
 20
-21.060169376078505
 30
0.0
 70
0
  0
VERTEX
  5
C47
  8
TEXT
 10
5.129115998218099
 20
-21.096226903671287
 30
0.0
 70
0
  0
VERTEX
  5
C48
  8
TEXT
 10
5.135945499326221
 20
-21.132697513245958
 30
0.0
 70
0
  0
VERTEX
  5
C49
  8
TEXT
 10
5.144900028139264
 20
-21.169581204802522
 30
0.0
 70
0
  0
VERTEX
  5
C4A
  8
TEXT
 10
5.156578334760686
 20
-21.20786883866499
 30
0.0
 70
0
  0
VERTEX
  5
C4B
  8
TEXT
 10
5.1704548073621055
 20
-21.2443880857898
 30
0.0
 70
0
  0
VERTEX
  5
C4C
  8
TEXT
 10
5.1865294459435205
 20
-21.279138946176953
 30
0.0
 70
0
  0
VERTEX
  5
C4D
  8
TEXT
 10
5.204802250504932
 20
-21.31212141982645
 30
0.0
 70
0
  0
VERTEX
  5
C4E
  8
TEXT
 10
5.22527322104634
 20
-21.343335506738285
 30
0.0
 70
0
  0
VERTEX
  5
C4F
  8
TEXT
 10
5.247942357567744
 20
-21.372781206912464
 30
0.0
 70
0
  0
VERTEX
  5
C50
  8
TEXT
 10
5.272809660069145
 20
-21.400458520348987
 30
0.0
 70
0
  0
VERTEX
  5
C51
  8
TEXT
 10
5.299433808669522
 20
-21.426062429738796
 30
0.0
 70
0
  0
VERTEX
  5
C52
  8
TEXT
 10
5.3273734834878566
 20
-21.44928791777284
 30
0.0
 70
0
  0
VERTEX
  5
C53
  8
TEXT
 10
5.35662868452415
 20
-21.470134984451118
 30
0.0
 70
0
  0
VERTEX
  5
C54
  8
TEXT
 10
5.3871994117784
 20
-21.48860362977363
 30
0.0
 70
0
  0
VERTEX
  5
C55
  8
TEXT
 10
5.419085665250608
 20
-21.504693853740378
 30
0.0
 70
0
  0
VERTEX
  5
C56
  8
TEXT
 10
5.452287444940774
 20
-21.51840565635136
 30
0.0
 70
0
  0
VERTEX
  5
C57
  8
TEXT
 10
5.486804750848898
 20
-21.529739037606575
 30
0.0
 70
0
  0
VERTEX
  5
C58
  8
TEXT
 10
5.522204476776904
 20
-21.538419393106313
 30
0.0
 70
0
  0
VERTEX
  5
C59
  8
TEXT
 10
5.558053516526716
 20
-21.54417211845086
 30
0.0
 70
0
  0
VERTEX
  5
C5A
  8
TEXT
 10
5.594351870098334
 20
-21.546997213640214
 30
0.0
 70
0
  0
VERTEX
  5
C5B
  8
TEXT
 10
5.631099537491759
 20
-21.54689467867438
 30
0.0
 70
0
  0
VERTEX
  5
C5C
  8
TEXT
 10
5.668296518706992
 20
-21.543864513553356
 30
0.0
 70
0
  0
VERTEX
  5
C5D
  8
TEXT
 10
5.705942813744031
 20
-21.53790671827714
 30
0.0
 70
0
  0
SEQEND
  5
C02
  8
TEXT
  0
POLYLINE
  5
C5E
  8
TEXT
 66
1
 10
0.0
 20
0.0
 30
0.0
 70
1
  0
VERTEX
  5
C60
  8
TEXT
 10
7.886099587450681
 20
-21.218987135237633
 30
0.0
 70
0
  0
VERTEX
  5
C61
  8
TEXT
 10
7.846771848241524
 20
-21.23269611582073
 30
0.0
 70
0
  0
VERTEX
  5
C62
  8
TEXT
 10
7.807699875411886
 20
-21.244458708153754
 30
0.0
 70
0
  0
VERTEX
  5
C63
  8
TEXT
 10
7.7688836689617675
 20
-21.254274912236706
 30
0.0
 70
0
  0
VERTEX
  5
C64
  8
TEXT
 10
7.73032322889117
 20
-21.26214472806959
 30
0.0
 70
0
  0
VERTEX
  5
C65
  8
TEXT
 10
7.692018555200093
 20
-21.268068155652397
 30
0.0
 70
0
  0
VERTEX
  5
C66
  8
TEXT
 10
7.653969647888536
 20
-21.272045194985132
 30
0.0
 70
0
  0
VERTEX
  5
C67
  8
TEXT
 10
7.6161765069564975
 20
-21.274075846067795
 30
0.0
 70
0
  0
VERTEX
  5
C68
  8
TEXT
 10
7.57863913240398
 20
-21.274160108900386
 30
0.0
 70
0
  0
VERTEX
  5
C69
  8
TEXT
 10
7.541357524230983
 20
-21.272297983482904
 30
0.0
 70
0
  0
VERTEX
  5
C6A
  8
TEXT
 10
7.504331682437505
 20
-21.268489469815353
 30
0.0
 70
0
  0
VERTEX
  5
C6B
  8
TEXT
 10
7.467561607023548
 20
-21.262734567897727
 30
0.0
 70
0
  0
VERTEX
  5
C6C
  8
TEXT
 10
7.431278364674329
 20
-21.255178695096568
 30
0.0
 70
0
  0
VERTEX
  5
C6D
  8
TEXT
 10
7.3957130220750695
 20
-21.24596726877841
 30
0.0
 70
0
  0
VERTEX
  5
C6E
  8
TEXT
 10
7.36086557922577
 20
-21.23510028894326
 30
0.0
 70
0
  0
VERTEX
  5
C6F
  8
TEXT
 10
7.326736036126428
 20
-21.22257775559111
 30
0.0
 70
0
  0
VERTEX
  5
C70
  8
TEXT
 10
7.293324392777046
 20
-21.20839966872197
 30
0.0
 70
0
  0
VERTEX
  5
C71
  8
TEXT
 10
7.260630649177622
 20
-21.19256602833583
 30
0.0
 70
0
  0
VERTEX
  5
C72
  8
TEXT
 10
7.228654805328157
 20
-21.175076834432694
 30
0.0
 70
0
  0
VERTEX
  5
C73
  8
TEXT
 10
7.197396861228651
 20
-21.155932087012562
 30
0.0
 70
0
  0
VERTEX
  5
C74
  8
TEXT
 10
7.166856816879104
 20
-21.135131786075437
 30
0.0
 70
0
  0
VERTEX
  5
C75
  8
TEXT
 10
7.137034672279516
 20
-21.112675931621315
 30
0.0
 70
0
  0
VERTEX
  5
C76
  8
TEXT
 10
7.107930427429887
 20
-21.088564523650195
 30
0.0
 70
0
  0
VERTEX
  5
C77
  8
TEXT
 10
7.082110229735443
 20
-21.065129063901583
 30
0.0
 70
0
  0
VERTEX
  5
C78
  8
TEXT
 10
7.057349344105638
 20
-21.04054452332672
 30
0.0
 70
0
  0
VERTEX
  5
C79
  8
TEXT
 10
7.03364777054047
 20
-21.014810901925596
 30
0.0
 70
0
  0
VERTEX
  5
C7A
  8
TEXT
 10
7.01100550903994
 20
-20.98792819969822
 30
0.0
 70
0
  0
VERTEX
  5
C7B
  8
TEXT
 10
6.989422559604047
 20
-20.959896416644586
 30
0.0
 70
0
  0
VERTEX
  5
C7C
  8
TEXT
 10
6.968898922232792
 20
-20.9307155527647
 30
0.0
 70
0
  0
VERTEX
  5
C7D
  8
TEXT
 10
6.949434596926174
 20
-20.900385608058556
 30
0.0
 70
0
  0
VERTEX
  5
C7E
  8
TEXT
 10
6.931029583684195
 20
-20.868906582526154
 30
0.0
 70
0
  0
VERTEX
  5
C7F
  8
TEXT
 10
6.913683882506852
 20
-20.8362784761675
 30
0.0
 70
0
  0
VERTEX
  5
C80
  8
TEXT
 10
6.897397493394148
 20
-20.80250128898259
 30
0.0
 70
0
  0
VERTEX
  5
C81
  8
TEXT
 10
6.8821704163460815
 20
-20.76757502097142
 30
0.0
 70
0
  0
VERTEX
  5
C82
  8
TEXT
 10
6.868002651362653
 20
-20.731499672134
 30
0.0
 70
0
  0
VERTEX
  5
C83
  8
TEXT
 10
6.855535517077342
 20
-20.696181858796304
 30
0.0
 70
0
  0
VERTEX
  5
C84
  8
TEXT
 10
6.844405418832496
 20
-20.660827679129014
 30
0.0
 70
0
  0
VERTEX
  5
C85
  8
TEXT
 10
6.834612356628114
 20
-20.625437133132124
 30
0.0
 70
0
  0
VERTEX
  5
C86
  8
TEXT
 10
6.826156330464196
 20
-20.59001022080564
 30
0.0
 70
0
  0
VERTEX
  5
C87
  8
TEXT
 10
6.819037340340742
 20
-20.554546942149564
 30
0.0
 70
0
  0
VERTEX
  5
C88
  8
TEXT
 10
6.813255386257753
 20
-20.51904729716389
 30
0.0
 70
0
  0
VERTEX
  5
C89
  8
TEXT
 10
6.808810468215228
 20
-20.483511285848618
 30
0.0
 70
0
  0
VERTEX
  5
C8A
  8
TEXT
 10
6.805702586213167
 20
-20.447938908203753
 30
0.0
 70
0
  0
VERTEX
  5
C8B
  8
TEXT
 10
6.803931740251571
 20
-20.412330164229292
 30
0.0
 70
0
  0
VERTEX
  5
C8C
  8
TEXT
 10
6.803497930330439
 20
-20.376685053925236
 30
0.0
 70
0
  0
VERTEX
  5
C8D
  8
TEXT
 10
6.804561207666595
 20
-20.3372485608993
 30
0.0
 70
0
  0
VERTEX
  5
C8E
  8
TEXT
 10
6.807229466121511
 20
-20.298190845085625
 30
0.0
 70
0
  0
VERTEX
  5
C8F
  8
TEXT
 10
6.811502705695185
 20
-20.2595119064842
 30
0.0
 70
0
  0
VERTEX
  5
C90
  8
TEXT
 10
6.817380926387619
 20
-20.22121174509503
 30
0.0
 70
0
  0
VERTEX
  5
C91
  8
TEXT
 10
6.8248641281988105
 20
-20.183290360918114
 30
0.0
 70
0
  0
VERTEX
  5
C92
  8
TEXT
 10
6.833952311128761
 20
-20.145747753953454
 30
0.0
 70
0
  0
VERTEX
  5
C93
  8
TEXT
 10
6.844645475177471
 20
-20.10858392420105
 30
0.0
 70
0
  0
VERTEX
  5
C94
  8
TEXT
 10
6.856943620344939
 20
-20.071798871660896
 30
0.0
 70
0
  0
VERTEX
  5
C95
  8
TEXT
 10
6.870846746631166
 20
-20.035392596333
 30
0.0
 70
0
  0
VERTEX
  5
C96
  8
TEXT
 10
6.88622692847346
 20
-19.999677040648
 30
0.0
 70
0
  0
VERTEX
  5
C97
  8
TEXT
 10
6.9029562403091305
 20
-19.964964147036525
 30
0.0
 70
0
  0
VERTEX
  5
C98
  8
TEXT
 10
6.9210346821381785
 20
-19.931253915498587
 30
0.0
 70
0
  0
VERTEX
  5
C99
  8
TEXT
 10
6.940462253960602
 20
-19.89854634603418
 30
0.0
 70
0
  0
VERTEX
  5
C9A
  8
TEXT
 10
6.961238955776403
 20
-19.866841438643302
 30
0.0
 70
0
  0
VERTEX
  5
C9B
  8
TEXT
 10
6.98336478758558
 20
-19.83613919332596
 30
0.0
 70
0
  0
VERTEX
  5
C9C
  8
TEXT
 10
7.006839749388133
 20
-19.806439610082148
 30
0.0
 70
0
  0
VERTEX
  5
C9D
  8
TEXT
 10
7.031663841184063
 20
-19.777742688911868
 30
0.0
 70
0
  0
VERTEX
  5
C9E
  8
TEXT
 10
7.057837062973369
 20
-19.75004842981512
 30
0.0
 70
0
  0
VERTEX
  5
C9F
  8
TEXT
 10
7.08255690218404
 20
-19.726141693708556
 30
0.0
 70
0
  0
VERTEX
  5
CA0
  8
TEXT
 10
7.10839040360126
 20
-19.70336875589684
 30
0.0
 70
0
  0
VERTEX
  5
CA1
  8
TEXT
 10
7.135337567225031
 20
-19.681729616379965
 30
0.0
 70
0
  0
VERTEX
  5
CA2
  8
TEXT
 10
7.163398393055353
 20
-19.661224275157934
 30
0.0
 70
0
  0
VERTEX
  5
CA3
  8
TEXT
 10
7.192572881092223
 20
-19.64185273223075
 30
0.0
 70
0
  0
VERTEX
  5
CA4
  8
TEXT
 10
7.222861031335645
 20
-19.62361498759841
 30
0.0
 70
0
  0
VERTEX
  5
CA5
  8
TEXT
 10
7.254262843785617
 20
-19.606511041260912
 30
0.0
 70
0
  0
VERTEX
  5
CA6
  8
TEXT
 10
7.28677831844214
 20
-19.590540893218257
 30
0.0
 70
0
  0
VERTEX
  5
CA7
  8
TEXT
 10
7.3204074553052125
 20
-19.57570454347045
 30
0.0
 70
0
  0
VERTEX
  5
CA8
  8
TEXT
 10
7.355150254374836
 20
-19.562001992017485
 30
0.0
 70
0
  0
VERTEX
  5
CA9
  8
TEXT
 10
7.394884506057195
 20
-19.548141740543457
 30
0.0
 70
0
  0
VERTEX
  5
CAA
  8
TEXT
 10
7.434123866375797
 20
-19.536316860196518
 30
0.0
 70
0
  0
VERTEX
  5
CAB
  8
TEXT
 10
7.472868335330644
 20
-19.52652735097667
 30
0.0
 70
0
  0
VERTEX
  5
CAC
  8
TEXT
 10
7.511117912921735
 20
-19.518773212883914
 30
0.0
 70
0
  0
VERTEX
  5
CAD
  8
TEXT
 10
7.54887259914907
 20
-19.51305444591825
 30
0.0
 70
0
  0
VERTEX
  5
CAE
  8
TEXT
 10
7.586132394012649
 20
-19.50937105007968
 30
0.0
 70
0
  0
VERTEX
  5
CAF
  8
TEXT
 10
7.6228972975124725
 20
-19.507723025368197
 30
0.0
 70
0
  0
VERTEX
  5
CB0
  8
TEXT
 10
7.65916730964854
 20
-19.508110371783808
 30
0.0
 70
0
  0
VERTEX
  5
CB1
  8
TEXT
 10
7.694942430420852
 20
-19.510533089326508
 30
0.0
 70
0
  0
VERTEX
  5
CB2
  8
TEXT
 10
7.7302226598294075
 20
-19.514991177996297
 30
0.0
 70
0
  0
VERTEX
  5
CB3
  8
TEXT
 10
7.765007997874207
 20
-19.521484637793183
 30
0.0
 70
0
  0
VERTEX
  5
CB4
  8
TEXT
 10
7.802497048422554
 20
-19.530609220416032
 30
0.0
 70
0
  0
VERTEX
  5
CB5
  8
TEXT
 10
7.8389808368691645
 20
-19.541458448491642
 30
0.0
 70
0
  0
VERTEX
  5
CB6
  8
TEXT
 10
7.874459363214039
 20
-19.554032322020014
 30
0.0
 70
0
  0
VERTEX
  5
CB7
  8
TEXT
 10
7.908932627457178
 20
-19.56833084100114
 30
0.0
 70
0
  0
VERTEX
  5
CB8
  8
TEXT
 10
7.9424006295985805
 20
-19.584354005435028
 30
0.0
 70
0
  0
VERTEX
  5
CB9
  8
TEXT
 10
7.974863369638248
 20
-19.602101815321674
 30
0.0
 70
0
  0
VERTEX
  5
CBA
  8
TEXT
 10
8.00632084757618
 20
-19.62157427066108
 30
0.0
 70
0
  0
VERTEX
  5
CBB
  8
TEXT
 10
8.036773063412376
 20
-19.642771371453243
 30
0.0
 70
0
  0
VERTEX
  5
CBC
  8
TEXT
 10
8.066220017146836
 20
-19.665693117698165
 30
0.0
 70
0
  0
VERTEX
  5
CBD
  8
TEXT
 10
8.09466170877956
 20
-19.690339509395848
 30
0.0
 70
0
  0
VERTEX
  5
CBE
  8
TEXT
 10
8.121892899731959
 20
-19.716424571976628
 30
0.0
 70
0
  0
VERTEX
  5
CBF
  8
TEXT
 10
8.147708351425443
 20
-19.743662330870848
 30
0.0
 70
0
  0
VERTEX
  5
CC0
  8
TEXT
 10
8.172108063860009
 20
-19.772052786078508
 30
0.0
 70
0
  0
VERTEX
  5
CC1
  8
TEXT
 10
8.19509203703566
 20
-19.801595937599604
 30
0.0
 70
0
  0
VERTEX
  5
CC2
  8
TEXT
 10
8.216660270952397
 20
-19.83229178543414
 30
0.0
 70
0
  0
VERTEX
  5
CC3
  8
TEXT
 10
8.23681276561022
 20
-19.864140329582117
 30
0.0
 70
0
  0
VERTEX
  5
CC4
  8
TEXT
 10
8.255549521009124
 20
-19.89714157004353
 30
0.0
 70
0
  0
VERTEX
  5
CC5
  8
TEXT
 10
8.272870537149114
 20
-19.931295506818383
 30
0.0
 70
0
  0
VERTEX
  5
CC6
  8
TEXT
 10
8.288775814030187
 20
-19.966602139906676
 30
0.0
 70
0
  0
VERTEX
  5
CC7
  8
TEXT
 10
8.303265351652346
 20
-20.003061469308406
 30
0.0
 70
0
  0
VERTEX
  5
CC8
  8
TEXT
 10
8.314742664487117
 20
-20.036855353597097
 30
0.0
 70
0
  0
VERTEX
  5
CC9
  8
TEXT
 10
8.32476956592102
 20
-20.072652994120073
 30
0.0
 70
0
  0
VERTEX
  5
CCA
  8
TEXT
 10
8.333346055954054
 20
-20.11045439087734
 30
0.0
 70
0
  0
VERTEX
  5
CCB
  8
TEXT
 10
8.340479545078704
 20
-20.147328724212247
 30
0.0
 70
0
  0
VERTEX
  5
CCC
  8
TEXT
 10
8.346177443787447
 20
-20.180345174468147
 30
0.0
 70
0
  0
VERTEX
  5
CCD
  8
TEXT
 10
8.350439752080284
 20
-20.209503741645044
 30
0.0
 70
0
  0
VERTEX
  5
CCE
  8
TEXT
 10
7.155460468358401
 20
-20.65417787297203
 30
0.0
 70
0
  0
VERTEX
  5
CCF
  8
TEXT
 10
7.1586905467941895
 20
-20.66285810989979
 30
0.0
 70
0
  0
VERTEX
  5
CD0
  8
TEXT
 10
7.161920625229978
 20
-20.671538346827553
 30
0.0
 70
0
  0
VERTEX
  5
CD1
  8
TEXT
 10
7.176132587849318
 20
-20.706756574826404
 30
0.0
 70
0
  0
VERTEX
  5
CD2
  8
TEXT
 10
7.19185115540909
 20
-20.740075951091605
 30
0.0
 70
0
  0
VERTEX
  5
CD3
  8
TEXT
 10
7.209076327909295
 20
-20.771496475623152
 30
0.0
 70
0
  0
VERTEX
  5
CD4
  8
TEXT
 10
7.227808105349935
 20
-20.801018148421054
 30
0.0
 70
0
  0
VERTEX
  5
CD5
  8
TEXT
 10
7.248046487731007
 20
-20.828640969485303
 30
0.0
 70
0
  0
VERTEX
  5
CD6
  8
TEXT
 10
7.269791475052513
 20
-20.854364938815905
 30
0.0
 70
0
  0
VERTEX
  5
CD7
  8
TEXT
 10
7.2930430673144535
 20
-20.878190056412855
 30
0.0
 70
0
  0
VERTEX
  5
CD8
  8
TEXT
 10
7.317801264516826
 20
-20.90011632227616
 30
0.0
 70
0
  0
VERTEX
  5
CD9
  8
TEXT
 10
7.347428944842142
 20
-20.922737878982645
 30
0.0
 70
0
  0
VERTEX
  5
CDA
  8
TEXT
 10
7.377999986566454
 20
-20.94265548625301
 30
0.0
 70
0
  0
VERTEX
  5
CDB
  8
TEXT
 10
7.409514389689763
 20
-20.959869144087254
 30
0.0
 70
0
  0
VERTEX
  5
CDC
  8
TEXT
 10
7.441972154212067
 20
-20.974378852485383
 30
0.0
 70
0
  0
VERTEX
  5
CDD
  8
TEXT
 10
7.475373280133368
 20
-20.98618461144739
 30
0.0
 70
0
  0
VERTEX
  5
CDE
  8
TEXT
 10
7.509717767453666
 20
-20.995286420973276
 30
0.0
 70
0
  0
VERTEX
  5
CDF
  8
TEXT
 10
7.5450056161729595
 20
-21.001684281063046
 30
0.0
 70
0
  0
VERTEX
  5
CE0
  8
TEXT
 10
7.5808090596456585
 20
-21.005402919852592
 30
0.0
 70
0
  0
VERTEX
  5
CE1
  8
TEXT
 10
7.616700331226169
 20
-21.00646706547782
 30
0.0
 70
0
  0
VERTEX
  5
CE2
  8
TEXT
 10
7.652679430914492
 20
-21.004876717938725
 30
0.0
 70
0
  0
VERTEX
  5
CE3
  8
TEXT
 10
7.688746358710627
 20
-21.000631877235307
 30
0.0
 70
0
  0
VERTEX
  5
CE4
  8
TEXT
 10
7.724901114614574
 20
-20.993732543367564
 30
0.0
 70
0
  0
VERTEX
  5
CE5
  8
TEXT
 10
7.761143698626334
 20
-20.984178716335503
 30
0.0
 70
0
  0
VERTEX
  5
CE6
  8
TEXT
 10
7.797474110745906
 20
-20.971970396139117
 30
0.0
 70
0
  0
VERTEX
  5
CE7
  8
TEXT
 10
7.836128786912248
 20
-20.956273787548504
 30
0.0
 70
0
  0
VERTEX
  5
CE8
  8
TEXT
 10
7.872523976906788
 20
-20.938793014104732
 30
0.0
 70
0
  0
VERTEX
  5
CE9
  8
TEXT
 10
7.9066596807295255
 20
-20.919528075807804
 30
0.0
 70
0
  0
VERTEX
  5
CEA
  8
TEXT
 10
7.938535898380462
 20
-20.898478972657717
 30
0.0
 70
0
  0
VERTEX
  5
CEB
  8
TEXT
 10
7.968152629859598
 20
-20.87564570465447
 30
0.0
 70
0
  0
VERTEX
  5
CEC
  8
TEXT
 10
7.995509875166932
 20
-20.851028271798064
 30
0.0
 70
0
  0
VERTEX
  5
CED
  8
TEXT
 10
8.020607634302465
 20
-20.824626674088503
 30
0.0
 70
0
  0
VERTEX
  5
CEE
  8
TEXT
 10
8.043445907266197
 20
-20.79644091152578
 30
0.0
 70
0
  0
VERTEX
  5
CEF
  8
TEXT
 10
8.064271783527696
 20
-20.7669966755927
 30
0.0
 70
0
  0
VERTEX
  5
CF0
  8
TEXT
 10
8.08333235255653
 20
-20.73681965777206
 30
0.0
 70
0
  0
VERTEX
  5
CF1
  8
TEXT
 10
8.100627614352701
 20
-20.70590985806386
 30
0.0
 70
0
  0
VERTEX
  5
CF2
  8
TEXT
 10
8.116157568916211
 20
-20.674267276468093
 30
0.0
 70
0
  0
VERTEX
  5
CF3
  8
TEXT
 10
8.129922216247055
 20
-20.641891912984768
 30
0.0
 70
0
  0
VERTEX
  5
CF4
  8
TEXT
 10
8.141921556345237
 20
-20.608783767613886
 30
0.0
 70
0
  0
VERTEX
  5
CF5
  8
TEXT
 10
8.152155589210754
 20
-20.57494284035544
 30
0.0
 70
0
  0
VERTEX
  5
CF6
  8
TEXT
 10
8.160624314843608
 20
-20.54036913120943
 30
0.0
 70
0
  0
VERTEX
  5
CF7
  8
TEXT
 10
8.428638160757211
 20
-20.57898710167951
 30
0.0
 70
0
  0
VERTEX
  5
CF8
  8
TEXT
 10
8.423225632228487
 20
-20.61538726023354
 30
0.0
 70
0
  0
VERTEX
  5
CF9
  8
TEXT
 10
8.415637875119124
 20
-20.651722925113315
 30
0.0
 70
0
  0
VERTEX
  5
CFA
  8
TEXT
 10
8.405874889429123
 20
-20.687994096318835
 30
0.0
 70
0
  0
VERTEX
  5
CFB
  8
TEXT
 10
8.393936675158487
 20
-20.7242007738501
 30
0.0
 70
0
  0
VERTEX
  5
CFC
  8
TEXT
 10
8.379823232307213
 20
-20.76034295770711
 30
0.0
 70
0
  0
VERTEX
  5
CFD
  8
TEXT
 10
8.363534560875303
 20
-20.79642064788986
 30
0.0
 70
0
  0
VERTEX
  5
CFE
  8
TEXT
 10
8.345070660862756
 20
-20.832433844398356
 30
0.0
 70
0
  0
VERTEX
  5
CFF
  8
TEXT
 10
8.32720186781234
 20
-20.863531330887724
 30
0.0
 70
0
  0
VERTEX
  5
D00
  8
TEXT
 10
8.307810638691107
 20
-20.893857128430927
 30
0.0
 70
0
  0
VERTEX
  5
D01
  8
TEXT
 10
8.286896973499058
 20
-20.923411237027974
 30
0.0
 70
0
  0
VERTEX
  5
D02
  8
TEXT
 10
8.26446087223619
 20
-20.95219365667886
 30
0.0
 70
0
  0
VERTEX
  5
D03
  8
TEXT
 10
8.240502334902509
 20
-20.98020438738358
 30
0.0
 70
0
  0
VERTEX
  5
D04
  8
TEXT
 10
8.215021361498009
 20
-21.007443429142143
 30
0.0
 70
0
  0
VERTEX
  5
D05
  8
TEXT
 10
8.188017952022692
 20
-21.033910781954546
 30
0.0
 70
0
  0
VERTEX
  5
D06
  8
TEXT
 10
8.15949210647656
 20
-21.059606445820787
 30
0.0
 70
0
  0
VERTEX
  5
D07
  8
TEXT
 10
8.13297649427601
 20
-21.08157199064275
 30
0.0
 70
0
  0
VERTEX
  5
D08
  8
TEXT
 10
8.10549554848599
 20
-21.102473390631914
 30
0.0
 70
0
  0
VERTEX
  5
D09
  8
TEXT
 10
8.0770492691065
 20
-21.122310645788275
 30
0.0
 70
0
  0
VERTEX
  5
D0A
  8
TEXT
 10
8.047637656137539
 20
-21.14108375611184
 30
0.0
 70
0
  0
VERTEX
  5
D0B
  8
TEXT
 10
8.017260709579109
 20
-21.158792721602598
 30
0.0
 70
0
  0
VERTEX
  5
D0C
  8
TEXT
 10
7.985918429431207
 20
-21.17543754226056
 30
0.0
 70
0
  0
VERTEX
  5
D0D
  8
TEXT
 10
7.953610815693835
 20
-21.19101821808572
 30
0.0
 70
0
  0
VERTEX
  5
D0E
  8
TEXT
 10
7.920337868366993
 20
-21.205534749078076
 30
0.0
 70
0
  0
SEQEND
  5
C5F
  8
TEXT
  0
POLYLINE
  5
D0F
  8
TEXT
 66
1
 10
0.0
 20
0.0
 30
0.0
 70
1
  0
VERTEX
  5
D11
  8
TEXT
 10
7.09825916649656
 20
-20.411937960112414
 30
0.0
 70
0
  0
VERTEX
  5
D12
  8
TEXT
 10
8.006790631602302
 20
-20.073856417166475
 30
0.0
 70
0
  0
VERTEX
  5
D13
  8
TEXT
 10
7.994968480648015
 20
-20.03925387372509
 30
0.0
 70
0
  0
VERTEX
  5
D14
  8
TEXT
 10
7.980713195576661
 20
-20.006610847322122
 30
0.0
 70
0
  0
VERTEX
  5
D15
  8
TEXT
 10
7.964024776388242
 20
-19.975927337957565
 30
0.0
 70
0
  0
VERTEX
  5
D16
  8
TEXT
 10
7.944903223082756
 20
-19.947203345631422
 30
0.0
 70
0
  0
VERTEX
  5
D17
  8
TEXT
 10
7.923348535660204
 20
-19.92043887034369
 30
0.0
 70
0
  0
VERTEX
  5
D18
  8
TEXT
 10
7.897517085174914
 20
-19.89257278839134
 30
0.0
 70
0
  0
VERTEX
  5
D19
  8
TEXT
 10
7.870048785106429
 20
-19.867534263963122
 30
0.0
 70
0
  0
VERTEX
  5
D1A
  8
TEXT
 10
7.840943635454752
 20
-19.84532329705904
 30
0.0
 70
0
  0
VERTEX
  5
D1B
  8
TEXT
 10
7.810201636219881
 20
-19.82593988767909
 30
0.0
 70
0
  0
VERTEX
  5
D1C
  8
TEXT
 10
7.777822787401817
 20
-19.809384035823275
 30
0.0
 70
0
  0
VERTEX
  5
D1D
  8
TEXT
 10
7.743807089000559
 20
-19.795655741491593
 30
0.0
 70
0
  0
VERTEX
  5
D1E
  8
TEXT
 10
7.708154541016108
 20
-19.784755004684044
 30
0.0
 70
0
  0
VERTEX
  5
D1F
  8
TEXT
 10
7.676066886928816
 20
-19.77778025402131
 30
0.0
 70
0
  0
VERTEX
  5
D20
  8
TEXT
 10
7.643628127025023
 20
-19.773458178612692
 30
0.0
 70
0
  0
VERTEX
  5
D21
  8
TEXT
 10
7.610838261304729
 20
-19.771788778458195
 30
0.0
 70
0
  0
VERTEX
  5
D22
  8
TEXT
 10
7.577697289767935
 20
-19.772772053557816
 30
0.0
 70
0
  0
VERTEX
  5
D23
  8
TEXT
 10
7.54420521241464
 20
-19.776408003911556
 30
0.0
 70
0
  0
VERTEX
  5
D24
  8
TEXT
 10
7.5103620292448445
 20
-19.782696629519418
 30
0.0
 70
0
  0
VERTEX
  5
D25
  8
TEXT
 10
7.476167740258548
 20
-19.791637930381395
 30
0.0
 70
0
  0
VERTEX
  5
D26
  8
TEXT
 10
7.441622345455751
 20
-19.803231906497494
 30
0.0
 70
0
  0
VERTEX
  5
D27
  8
TEXT
 10
7.4035249463783535
 20
-19.81860835301573
 30
0.0
 70
0
  0
VERTEX
  5
D28
  8
TEXT
 10
7.367676371752601
 20
-19.835547354113682
 30
0.0
 70
0
  0
VERTEX
  5
D29
  8
TEXT
 10
7.334076621578494
 20
-19.85404890979135
 30
0.0
 70
0
  0
VERTEX
  5
D2A
  8
TEXT
 10
7.302725695856032
 20
-19.874113020048732
 30
0.0
 70
0
  0
VERTEX
  5
D2B
  8
TEXT
 10
7.2736235945852155
 20
-19.89573968488583
 30
0.0
 70
0
  0
VERTEX
  5
D2C
  8
TEXT
 10
7.246770317766044
 20
-19.918928904302636
 30
0.0
 70
0
  0
VERTEX
  5
D2D
  8
TEXT
 10
7.222165865398519
 20
-19.943680678299163
 30
0.0
 70
0
  0
VERTEX
  5
D2E
  8
TEXT
 10
7.199810237482637
 20
-19.9699950068754
 30
0.0
 70
0
  0
VERTEX
  5
D2F
  8
TEXT
 10
7.1797034340184025
 20
-19.997871890031355
 30
0.0
 70
0
  0
VERTEX
  5
D30
  8
TEXT
 10
7.1617656999827055
 20
-20.0270970009293
 30
0.0
 70
0
  0
VERTEX
  5
D31
  8
TEXT
 10
7.145917280352443
 20
-20.057456012731514
 30
0.0
 70
0
  0
VERTEX
  5
D32
  8
TEXT
 10
7.132158175127614
 20
-20.088948925437997
 30
0.0
 70
0
  0
VERTEX
  5
D33
  8
TEXT
 10
7.120488384308219
 20
-20.12157573904875
 30
0.0
 70
0
  0
VERTEX
  5
D34
  8
TEXT
 10
7.110907907894257
 20
-20.155336453563773
 30
0.0
 70
0
  0
VERTEX
  5
D35
  8
TEXT
 10
7.103416745885728
 20
-20.190231068983064
 30
0.0
 70
0
  0
VERTEX
  5
D36
  8
TEXT
 10
7.098014898282632
 20
-20.226259585306625
 30
0.0
 70
0
  0
VERTEX
  5
D37
  8
TEXT
 10
7.09470236508497
 20
-20.263422002534455
 30
0.0
 70
0
  0
VERTEX
  5
D38
  8
TEXT
 10
7.093479146292742
 20
-20.301718320666556
 30
0.0
 70
0
  0
VERTEX
  5
D39
  8
TEXT
 10
7.092665014682543
 20
-20.33789003466346
 30
0.0
 70
0
  0
VERTEX
  5
D3A
  8
TEXT
 10
7.094258354750482
 20
-20.374629914478746
 30
0.0
 70
0
  0
SEQEND
  5
D10
  8
TEXT
  0
POLYLINE
  5
D3B
  8
TEXT
 66
1
 10
0.0
 20
0.0
 30
0.0
 70
1
  0
VERTEX
  5
D3D
  8
TEXT
 10
8.974423279523558
 20
-20.746306048133864
 30
0.0
 70
0
  0
VERTEX
  5
D3E
  8
TEXT
 10
8.497986914645985
 20
-19.134770947818932
 30
0.0
 70
0
  0
VERTEX
  5
D3F
  8
TEXT
 10
8.756449064081156
 20
-19.017006070405557
 30
0.0
 70
0
  0
VERTEX
  5
D40
  8
TEXT
 10
8.810528010328033
 20
-19.20270756129361
 30
0.0
 70
0
  0
VERTEX
  5
D41
  8
TEXT
 10
8.81996328512705
 20
-19.166744137796787
 30
0.0
 70
0
  0
VERTEX
  5
D42
  8
TEXT
 10
8.831812690374926
 20
-19.131942487862215
 30
0.0
 70
0
  0
VERTEX
  5
D43
  8
TEXT
 10
8.846076226071663
 20
-19.098302611489892
 30
0.0
 70
0
  0
VERTEX
  5
D44
  8
TEXT
 10
8.86275389221726
 20
-19.06582450867982
 30
0.0
 70
0
  0
VERTEX
  5
D45
  8
TEXT
 10
8.881845688811715
 20
-19.034508179432002
 30
0.0
 70
0
  0
VERTEX
  5
D46
  8
TEXT
 10
8.903351615855033
 20
-19.004353623746436
 30
0.0
 70
0
  0
VERTEX
  5
D47
  8
TEXT
 10
8.926864289932158
 20
-18.976147235292093
 30
0.0
 70
0
  0
VERTEX
  5
D48
  8
TEXT
 10
8.952486100352758
 20
-18.949312266336314
 30
0.0
 70
0
  0
VERTEX
  5
D49
  8
TEXT
 10
8.98021704711683
 20
-18.923848716879107
 30
0.0
 70
0
  0
VERTEX
  5
D4A
  8
TEXT
 10
9.010057130224375
 20
-18.899756586920468
 30
0.0
 70
0
  0
VERTEX
  5
D4B
  8
TEXT
 10
9.042006349675397
 20
-18.8770358764604
 30
0.0
 70
0
  0
VERTEX
  5
D4C
  8
TEXT
 10
9.07606470546989
 20
-18.855686585498898
 30
0.0
 70
0
  0
VERTEX
  5
D4D
  8
TEXT
 10
9.112232197607858
 20
-18.835708714035967
 30
0.0
 70
0
  0
VERTEX
  5
D4E
  8
TEXT
 10
9.150508826089299
 20
-18.817102262071604
 30
0.0
 70
0
  0
VERTEX
  5
D4F
  8
TEXT
 10
9.243218075343218
 20
-18.774860512564633
 30
0.0
 70
0
  0
VERTEX
  5
D50
  8
TEXT
 10
9.319340915231479
 20
-19.038725866441467
 30
0.0
 70
0
  0
VERTEX
  5
D51
  8
TEXT
 10
9.187300469324379
 20
-19.098888358163517
 30
0.0
 70
0
  0
VERTEX
  5
D52
  8
TEXT
 10
9.152916219645762
 20
-19.11608385801417
 30
0.0
 70
0
  0
VERTEX
  5
D53
  8
TEXT
 10
9.120934207410896
 20
-19.135242347843608
 30
0.0
 70
0
  0
VERTEX
  5
D54
  8
TEXT
 10
9.091354432619783
 20
-19.156363827651823
 30
0.0
 70
0
  0
VERTEX
  5
D55
  8
TEXT
 10
9.064176895272421
 20
-19.179448297438825
 30
0.0
 70
0
  0
VERTEX
  5
D56
  8
TEXT
 10
9.039401595368812
 20
-19.204495757204608
 30
0.0
 70
0
  0
VERTEX
  5
D57
  8
TEXT
 10
9.017028532908956
 20
-19.23150620694917
 30
0.0
 70
0
  0
VERTEX
  5
D58
  8
TEXT
 10
8.997057707892852
 20
-19.26047964667252
 30
0.0
 70
0
  0
VERTEX
  5
D59
  8
TEXT
 10
8.9794891203205
 20
-19.29141607637465
 30
0.0
 70
0
  0
VERTEX
  5
D5A
  8
TEXT
 10
8.9643227701919
 20
-19.32431549605556
 30
0.0
 70
0
  0
VERTEX
  5
D5B
  8
TEXT
 10
8.95300790520952
 20
-19.355475324898702
 30
0.0
 70
0
  0
VERTEX
  5
D5C
  8
TEXT
 10
8.944200726794481
 20
-19.387969165021588
 30
0.0
 70
0
  0
VERTEX
  5
D5D
  8
TEXT
 10
8.937901234946786
 20
-19.421797016424215
 30
0.0
 70
0
  0
VERTEX
  5
D5E
  8
TEXT
 10
8.934109429666432
 20
-19.45695887910658
 30
0.0
 70
0
  0
VERTEX
  5
D5F
  8
TEXT
 10
8.932825310953419
 20
-19.493454753068686
 30
0.0
 70
0
  0
VERTEX
  5
D60
  8
TEXT
 10
8.934048878807749
 20
-19.531284638310535
 30
0.0
 70
0
  0
VERTEX
  5
D61
  8
TEXT
 10
8.93778013322942
 20
-19.570448534832124
 30
0.0
 70
0
  0
VERTEX
  5
D62
  8
TEXT
 10
8.944019074218435
 20
-19.610946442633455
 30
0.0
 70
0
  0
VERTEX
  5
D63
  8
TEXT
 10
8.95276570177479
 20
-19.652778361714528
 30
0.0
 70
0
  0
VERTEX
  5
D64
  8
TEXT
 10
8.964020015898488
 20
-19.695944292075342
 30
0.0
 70
0
  0
VERTEX
  5
D65
  8
TEXT
 10
9.241313542527266
 20
-20.6247010116744
 30
0.0
 70
0
  0
SEQEND
  5
D3C
  8
TEXT
  0
POLYLINE
  5
D66
  8
LOGO
 66
1
 10
0.0
 20
0.0
 30
0.0
 70
1
  0
VERTEX
  5
D68
  8
LOGO
 10
-19.844357596482656
 20
2.3558133854421106
 30
0.0
 70
0
  0
VERTEX
  5
D69
  8
LOGO
 10
-19.93580850024426
 20
2.3456521739130434
 30
0.0
 70
0
  0
VERTEX
  5
D6A
  8
LOGO
 10
-20.02725940400586
 20
2.3304103566194434
 30
0.0
 70
0
  0
VERTEX
  5
D6B
  8
LOGO
 10
-20.1180752320469
 20
2.310723009281876
 30
0.0
 70
0
  0
VERTEX
  5
D6C
  8
LOGO
 10
-20.208891060087932
 20
2.286590131900342
 30
0.0
 70
0
  0
VERTEX
  5
D6D
  8
LOGO
 10
-20.2990718124084
 20
2.2573766487542746
 30
0.0
 70
0
  0
VERTEX
  5
D6E
  8
LOGO
 10
-20.389887640449437
 20
2.223717635564241
 30
0.0
 70
0
  0
VERTEX
  5
D6F
  8
LOGO
 10
-20.481338544211038
 20
2.184342940889106
 30
0.0
 70
0
  0
VERTEX
  5
D70
  8
LOGO
 10
-20.574059599413776
 20
2.140522716170005
 30
0.0
 70
0
  0
VERTEX
  5
D71
  8
LOGO
 10
-20.64201270151441
 20
2.104958475818271
 30
0.0
 70
0
  0
VERTEX
  5
D72
  8
LOGO
 10
-20.708060576453345
 20
2.0674890083048365
 30
0.0
 70
0
  0
VERTEX
  5
D73
  8
LOGO
 10
-20.771568148510013
 20
2.028114313629702
 30
0.0
 70
0
  0
VERTEX
  5
D74
  8
LOGO
 10
-20.83380556912555
 20
1.9868343917928677
 30
0.0
 70
0
  0
VERTEX
  5
D75
  8
LOGO
 10
-20.894137762579383
 20
1.9430141670737666
 30
0.0
 70
0
  0
VERTEX
  5
D76
  8
LOGO
 10
-20.953199804592085
 20
1.8966536394723992
 30
0.0
 70
0
  0
VERTEX
  5
D77
  8
LOGO
 10
-21.01162677088422
 20
1.847752808988764
 30
0.0
 70
0
  0
VERTEX
  5
D78
  8
LOGO
 10
-21.068783585735222
 20
1.7956765999022968
 30
0.0
 70
0
  0
VERTEX
  5
D79
  8
LOGO
 10
-21.12085979482169
 20
1.7448705422569621
 30
0.0
 70
0
  0
VERTEX
  5
D7A
  8
LOGO
 10
-21.169760625305322
 20
1.6934294088910606
 30
0.0
 70
0
  0
VERTEX
  5
D7B
  8
LOGO
 10
-21.215486077186124
 20
1.6407181240840254
 30
0.0
 70
0
  0
VERTEX
  5
D7C
  8
LOGO
 10
-21.25867122618466
 20
1.586101612115291
 30
0.0
 70
0
  0
VERTEX
  5
D7D
  8
LOGO
 10
-21.29868099658036
 20
1.5302149487054229
 30
0.0
 70
0
  0
VERTEX
  5
D7E
  8
LOGO
 10
-21.336150464093794
 20
1.4717879824132885
 30
0.0
 70
0
  0
VERTEX
  5
D7F
  8
LOGO
 10
-21.37171470444553
 20
1.4108207132388866
 30
0.0
 70
0
  0
VERTEX
  5
D80
  8
LOGO
 10
-21.405373717635563
 20
1.3466780654616515
 30
0.0
 70
0
  0
VERTEX
  5
D81
  8
LOGO
 10
-21.418710307767462
 20
1.3187347337567177
 30
0.0
 70
0
  0
VERTEX
  5
D82
  8
LOGO
 10
-21.43204689789936
 20
1.2869809477283836
 30
0.0
 70
0
  0
VERTEX
  5
D83
  8
LOGO
 10
-21.444748412310698
 20
1.2526868588177829
 30
0.0
 70
0
  0
VERTEX
  5
D84
  8
LOGO
 10
-21.456814851001464
 20
1.2171226184660484
 30
0.0
 70
0
  0
VERTEX
  5
D85
  8
LOGO
 10
-21.467611138251097
 20
1.181558378114314
 30
0.0
 70
0
  0
VERTEX
  5
D86
  8
LOGO
 10
-21.477772349780164
 20
1.1466292134831464
 30
0.0
 70
0
  0
VERTEX
  5
D87
  8
LOGO
 10
-21.485393258426964
 20
1.1142403517342454
 30
0.0
 70
0
  0
VERTEX
  5
D88
  8
LOGO
 10
-21.491108939912067
 20
1.0843917928676117
 30
0.0
 70
0
  0
VERTEX
  5
D89
  8
LOGO
 10
-21.496824621397167
 20
1.0412066438690768
 30
0.0
 70
0
  0
VERTEX
  5
D8A
  8
LOGO
 10
-21.5
 20
0.9986565705911097
 30
0.0
 70
0
  0
VERTEX
  5
D8B
  8
LOGO
 10
-21.5
 20
0.9567415730337083
 30
0.0
 70
0
  0
VERTEX
  5
D8C
  8
LOGO
 10
-21.497459697117733
 20
0.9160967269174408
 30
0.0
 70
0
  0
VERTEX
  5
D8D
  8
LOGO
 10
-21.493014167073767
 20
0.8779921836834398
 30
0.0
 70
0
  0
VERTEX
  5
D8E
  8
LOGO
 10
-21.485393258426964
 20
0.8411577918905718
 30
0.0
 70
0
  0
VERTEX
  5
D8F
  8
LOGO
 10
-21.475232046897897
 20
0.807498778700538
 30
0.0
 70
0
  0
VERTEX
  5
D90
  8
LOGO
 10
-21.462530532486564
 20
0.7763800683927705
 30
0.0
 70
0
  0
VERTEX
  5
D91
  8
LOGO
 10
-21.453004396678065
 20
0.7573277967757701
 30
0.0
 70
0
  0
VERTEX
  5
D92
  8
LOGO
 10
-21.441573033707865
 20
0.7376404494382027
 30
0.0
 70
0
  0
VERTEX
  5
D93
  8
LOGO
 10
-21.429506595017095
 20
0.7173180263800686
 30
0.0
 70
0
  0
VERTEX
  5
D94
  8
LOGO
 10
-21.416170004885196
 20
0.6982657547630682
 30
0.0
 70
0
  0
VERTEX
  5
D95
  8
LOGO
 10
-21.403468490473863
 20
0.6798485588666344
 30
0.0
 70
0
  0
VERTEX
  5
D96
  8
LOGO
 10
-21.390131900341963
 20
0.6633365901319006
 30
0.0
 70
0
  0
VERTEX
  5
D97
  8
LOGO
 10
-21.378065461651197
 20
0.6500000000000001
 30
0.0
 70
0
  0
VERTEX
  5
D98
  8
LOGO
 10
-21.36726917440156
 20
0.6392037127503669
 30
0.0
 70
0
  0
VERTEX
  5
D99
  8
LOGO
 10
-21.353297508549094
 20
0.628407425500733
 30
0.0
 70
0
  0
VERTEX
  5
D9A
  8
LOGO
 10
-21.337420615534928
 20
0.6176111382510999
 30
0.0
 70
0
  0
VERTEX
  5
D9B
  8
LOGO
 10
-21.32027357107963
 20
0.6068148510014659
 30
0.0
 70
0
  0
VERTEX
  5
D9C
  8
LOGO
 10
-21.301856375183192
 20
0.5966536394723989
 30
0.0
 70
0
  0
VERTEX
  5
D9D
  8
LOGO
 10
-21.284074255007326
 20
0.5877625793844654
 30
0.0
 70
0
  0
VERTEX
  5
D9E
  8
LOGO
 10
-21.265657059110893
 20
0.5795065950170989
 30
0.0
 70
0
  0
VERTEX
  5
D9F
  8
LOGO
 10
-21.248510014655594
 20
0.5731558378114321
 30
0.0
 70
0
  0
VERTEX
  5
DA0
  8
LOGO
 10
-21.231998045920857
 20
0.5680752320468981
 30
0.0
 70
0
  0
VERTEX
  5
DA1
  8
LOGO
 10
-21.21040547142159
 20
0.562994626282365
 30
0.0
 70
0
  0
VERTEX
  5
DA2
  8
LOGO
 10
-21.186907669760625
 20
0.5598192476795315
 30
0.0
 70
0
  0
VERTEX
  5
DA3
  8
LOGO
 10
-21.161504640937956
 20
0.5579140205178311
 30
0.0
 70
0
  0
VERTEX
  5
DA4
  8
LOGO
 10
-21.135466536394723
 20
0.5572789447972649
 30
0.0
 70
0
  0
VERTEX
  5
DA5
  8
LOGO
 10
-21.10879335613092
 20
0.5585490962383979
 30
0.0
 70
0
  0
VERTEX
  5
DA6
  8
LOGO
 10
-21.081485100146555
 20
0.5610893991206645
 30
0.0
 70
0
  0
VERTEX
  5
DA7
  8
LOGO
 10
-21.054811919882752
 20
0.5655349291646316
 30
0.0
 70
0
  0
VERTEX
  5
DA8
  8
LOGO
 10
-21.02877381533952
 20
0.5706155349291647
 30
0.0
 70
0
  0
VERTEX
  5
DA9
  8
LOGO
 10
-21.003370786516854
 20
0.5776013678553984
 30
0.0
 70
0
  0
VERTEX
  5
DAA
  8
LOGO
 10
-20.975427454811918
 20
0.5864924279433318
 30
0.0
 70
0
  0
VERTEX
  5
DAB
  8
LOGO
 10
-20.945578895945285
 20
0.5966536394723989
 30
0.0
 70
0
  0
VERTEX
  5
DAC
  8
LOGO
 10
-20.915095261358083
 20
0.6087200781631658
 30
0.0
 70
0
  0
VERTEX
  5
DAD
  8
LOGO
 10
-20.883976551050317
 20
0.6214215925744994
 30
0.0
 70
0
  0
VERTEX
  5
DAE
  8
LOGO
 10
-20.852857840742548
 20
0.6347581827063998
 30
0.0
 70
0
  0
VERTEX
  5
DAF
  8
LOGO
 10
-20.823009281875915
 20
0.6487298485588672
 30
0.0
 70
0
  0
VERTEX
  5
DB0
  8
LOGO
 10
-20.795701025891546
 20
0.6627015144113338
 30
0.0
 70
0
  0
VERTEX
  5
DB1
  8
LOGO
 10
-20.70742550073278
 20
0.7128724963361023
 30
0.0
 70
0
  0
VERTEX
  5
DB2
  8
LOGO
 10
-20.610258915486074
 20
0.7744748412310701
 30
0.0
 70
0
  0
VERTEX
  5
DB3
  8
LOGO
 10
-20.506741573033707
 20
0.8443331704934052
 30
0.0
 70
0
  0
VERTEX
  5
DB4
  8
LOGO
 10
-20.39877870053737
 20
0.9224474841231077
 30
0.0
 70
0
  0
VERTEX
  5
DB5
  8
LOGO
 10
-20.2895456765999
 20
1.0050073277967764
 30
0.0
 70
0
  0
VERTEX
  5
DB6
  8
LOGO
 10
-20.18221787982413
 20
1.0913776257938448
 30
0.0
 70
0
  0
VERTEX
  5
DB7
  8
LOGO
 10
-20.078700537371763
 20
1.1790180752320474
 30
0.0
 70
0
  0
VERTEX
  5
DB8
  8
LOGO
 10
-19.982169027845625
 20
1.2653883732291165
 30
0.0
 70
0
  0
VERTEX
  5
DB9
  8
LOGO
 10
-19.88373229115779
 20
1.360014655593552
 30
0.0
 70
0
  0
VERTEX
  5
DBA
  8
LOGO
 10
-19.792916463116754
 20
1.4546409379579879
 30
0.0
 70
0
  0
VERTEX
  5
DBB
  8
LOGO
 10
-19.708451392281386
 20
1.5492672203224234
 30
0.0
 70
0
  0
VERTEX
  5
DBC
  8
LOGO
 10
-19.632242305813385
 20
1.642623351245726
 30
0.0
 70
0
  0
VERTEX
  5
DBD
  8
LOGO
 10
-19.56428920371275
 20
1.734074255007328
 30
0.0
 70
0
  0
VERTEX
  5
DBE
  8
LOGO
 10
-19.50522716170005
 20
1.8229848558866637
 30
0.0
 70
0
  0
VERTEX
  5
DBF
  8
LOGO
 10
-19.456326331216413
 20
1.908085002442599
 30
0.0
 70
0
  0
VERTEX
  5
DC0
  8
LOGO
 10
-19.417586712261844
 20
1.988739618954568
 30
0.0
 70
0
  0
VERTEX
  5
DC1
  8
LOGO
 10
-19.404250122129945
 20
2.0243038593063027
 30
0.0
 70
0
  0
VERTEX
  5
DC2
  8
LOGO
 10
-19.39345383488031
 20
2.0585979482169035
 30
0.0
 70
0
  0
VERTEX
  5
DC3
  8
LOGO
 10
-19.385832926233512
 20
2.0916218856863704
 30
0.0
 70
0
  0
VERTEX
  5
DC4
  8
LOGO
 10
-19.382022471910112
 20
2.1233756717147045
 30
0.0
 70
0
  0
VERTEX
  5
DC5
  8
LOGO
 10
-19.38075232046898
 20
2.1532242305813387
 30
0.0
 70
0
  0
VERTEX
  5
DC6
  8
LOGO
 10
-19.383292623351245
 20
2.180532486565706
 30
0.0
 70
0
  0
VERTEX
  5
DC7
  8
LOGO
 10
-19.38837322911578
 20
2.2053004396678073
 30
0.0
 70
0
  0
VERTEX
  5
DC8
  8
LOGO
 10
-19.39726428920371
 20
2.226893014167074
 30
0.0
 70
0
  0
VERTEX
  5
DC9
  8
LOGO
 10
-19.413141182217878
 20
2.2516609672691748
 30
0.0
 70
0
  0
VERTEX
  5
DCA
  8
LOGO
 10
-19.43536883243771
 20
2.2738886174890087
 30
0.0
 70
0
  0
VERTEX
  5
DCB
  8
LOGO
 10
-19.46267708842208
 20
2.2942110405471428
 30
0.0
 70
0
  0
VERTEX
  5
DCC
  8
LOGO
 10
-19.495065950170982
 20
2.3119931607230098
 30
0.0
 70
0
  0
VERTEX
  5
DCD
  8
LOGO
 10
-19.532535417684414
 20
2.32723497801661
 30
0.0
 70
0
  0
VERTEX
  5
DCE
  8
LOGO
 10
-19.574450415241817
 20
2.3399364924279435
 30
0.0
 70
0
  0
VERTEX
  5
DCF
  8
LOGO
 10
-19.620810942843185
 20
2.3494626282364437
 30
0.0
 70
0
  0
VERTEX
  5
DD0
  8
LOGO
 10
-19.67098192476795
 20
2.3564484611626773
 30
0.0
 70
0
  0
VERTEX
  5
DD1
  8
LOGO
 10
-19.695749877870053
 20
2.358353688324377
 30
0.0
 70
0
  0
VERTEX
  5
DD2
  8
LOGO
 10
-19.716707376648753
 20
2.3602589154860776
 30
0.0
 70
0
  0
VERTEX
  5
DD3
  8
LOGO
 10
-19.735759648265752
 20
2.3615290669272104
 30
0.0
 70
0
  0
VERTEX
  5
DD4
  8
LOGO
 10
-19.75354176844162
 20
2.3615290669272104
 30
0.0
 70
0
  0
VERTEX
  5
DD5
  8
LOGO
 10
-19.77259404005862
 20
2.3615290669272104
 30
0.0
 70
0
  0
VERTEX
  5
DD6
  8
LOGO
 10
-19.792916463116754
 20
2.3602589154860776
 30
0.0
 70
0
  0
VERTEX
  5
DD7
  8
LOGO
 10
-19.816414264777723
 20
2.358353688324377
 30
0.0
 70
0
  0
SEQEND
  5
D67
  8
LOGO
  0
POLYLINE
  5
DD8
  8
LOGO
 66
1
 10
0.0
 20
0.0
 30
0.0
 70
1
  0
VERTEX
  5
DDA
  8
LOGO
 10
-17.58221787982413
 20
2.224987787005374
 30
0.0
 70
0
  0
VERTEX
  5
DDB
  8
LOGO
 10
-17.609526135808498
 20
2.222447484123107
 30
0.0
 70
0
  0
VERTEX
  5
DDC
  8
LOGO
 10
-17.643185148998533
 20
2.218637029799707
 30
0.0
 70
0
  0
VERTEX
  5
DDD
  8
LOGO
 10
-17.681289692232536
 20
2.212921348314607
 30
0.0
 70
0
  0
VERTEX
  5
DDE
  8
LOGO
 10
-17.7219345383488
 20
2.20657059110894
 30
0.0
 70
0
  0
VERTEX
  5
DDF
  8
LOGO
 10
-17.763214460185637
 20
2.2002198339032732
 30
0.0
 70
0
  0
VERTEX
  5
DE0
  8
LOGO
 10
-17.803859306301902
 20
2.1932340009770397
 30
0.0
 70
0
  0
VERTEX
  5
DE1
  8
LOGO
 10
-17.84069369809477
 20
2.18561309233024
 30
0.0
 70
0
  0
VERTEX
  5
DE2
  8
LOGO
 10
-17.872447484123107
 20
2.179262335124573
 30
0.0
 70
0
  0
VERTEX
  5
DE3
  8
LOGO
 10
-17.969614069369808
 20
2.1551294577430387
 30
0.0
 70
0
  0
VERTEX
  5
DE4
  8
LOGO
 10
-18.06360527601368
 20
2.1290913531998052
 30
0.0
 70
0
  0
VERTEX
  5
DE5
  8
LOGO
 10
-18.155691255495846
 20
2.0992427943331706
 30
0.0
 70
0
  0
VERTEX
  5
DE6
  8
LOGO
 10
-18.248412310698583
 20
2.065583781143137
 30
0.0
 70
0
  0
VERTEX
  5
DE7
  8
LOGO
 10
-18.34240351734245
 20
2.027479237909136
 30
0.0
 70
0
  0
VERTEX
  5
DE8
  8
LOGO
 10
-18.438935026868588
 20
1.984929164631168
 30
0.0
 70
0
  0
VERTEX
  5
DE9
  8
LOGO
 10
-18.53991206643869
 20
1.936028334147533
 30
0.0
 70
0
  0
VERTEX
  5
DEA
  8
LOGO
 10
-18.645969711773326
 20
1.8820468978993652
 30
0.0
 70
0
  0
VERTEX
  5
DEB
  8
LOGO
 10
-18.68915486077186
 20
1.859184171958965
 30
0.0
 70
0
  0
VERTEX
  5
DEC
  8
LOGO
 10
-18.72916463116756
 20
1.836956521739131
 30
0.0
 70
0
  0
VERTEX
  5
DED
  8
LOGO
 10
-18.767269174401562
 20
1.8159990229604301
 30
0.0
 70
0
  0
VERTEX
  5
DEE
  8
LOGO
 10
-18.805373717635565
 20
1.7937713727405962
 30
0.0
 70
0
  0
VERTEX
  5
DEF
  8
LOGO
 10
-18.84411333659013
 20
1.7702735710796296
 30
0.0
 70
0
  0
VERTEX
  5
DF0
  8
LOGO
 10
-18.8847581827064
 20
1.7455056179775281
 30
0.0
 70
0
  0
VERTEX
  5
DF1
  8
LOGO
 10
-18.928578407425498
 20
1.718197361993161
 30
0.0
 70
0
  0
VERTEX
  5
DF2
  8
LOGO
 10
-18.976209086468
 20
1.6870786516853937
 30
0.0
 70
0
  0
VERTEX
  5
DF3
  8
LOGO
 10
-19.090522716170003
 20
1.6108695652173919
 30
0.0
 70
0
  0
VERTEX
  5
DF4
  8
LOGO
 10
-19.211187103077673
 20
1.5257694186614565
 30
0.0
 70
0
  0
VERTEX
  5
DF5
  8
LOGO
 10
-19.337567171470443
 20
1.431778212017587
 30
0.0
 70
0
  0
VERTEX
  5
DF6
  8
LOGO
 10
-19.47029799706888
 20
1.3288959452857847
 30
0.0
 70
0
  0
VERTEX
  5
DF7
  8
LOGO
 10
-19.61001465559355
 20
1.2164875427454815
 30
0.0
 70
0
  0
VERTEX
  5
DF8
  8
LOGO
 10
-19.75608207132389
 20
1.095188080117245
 30
0.0
 70
0
  0
VERTEX
  5
DF9
  8
LOGO
 10
-19.909135319980457
 20
0.963727405959942
 30
0.0
 70
0
  0
VERTEX
  5
DFA
  8
LOGO
 10
-20.069174401563263
 20
0.8227405959941382
 30
0.0
 70
0
  0
VERTEX
  5
DFB
  8
LOGO
 10
-20.263507572056668
 20
0.6461895456766006
 30
0.0
 70
0
  0
VERTEX
  5
DFC
  8
LOGO
 10
-20.43751831949194
 20
0.47979970688812934
 30
0.0
 70
0
  0
VERTEX
  5
DFD
  8
LOGO
 10
-20.59374694675134
 20
0.32103077674645863
 30
0.0
 70
0
  0
VERTEX
  5
DFE
  8
LOGO
 10
-20.734098680996578
 20
0.16797752808988792
 30
0.0
 70
0
  0
VERTEX
  5
DFF
  8
LOGO
 10
-20.859208597948214
 20
0.018734733756717435
 30
0.0
 70
0
  0
VERTEX
  5
E00
  8
LOGO
 10
-20.97288715192965
 20
-0.1292379091353194
 30
0.0
 70
0
  0
VERTEX
  5
E01
  8
LOGO
 10
-21.07513434294089
 20
-0.27784562774792304
 30
0.0
 70
0
  0
VERTEX
  5
E02
  8
LOGO
 10
-21.169760625305322
 20
-0.428993649242794
 30
0.0
 70
0
  0
VERTEX
  5
E03
  8
LOGO
 10
-21.190718124084025
 20
-0.4664631167562282
 30
0.0
 70
0
  0
VERTEX
  5
E04
  8
LOGO
 10
-21.212945774303858
 20
-0.5077430385930626
 30
0.0
 70
0
  0
VERTEX
  5
E05
  8
LOGO
 10
-21.234538348803124
 20
-0.5515632633121635
 30
0.0
 70
0
  0
VERTEX
  5
E06
  8
LOGO
 10
-21.256130923302393
 20
-0.5966536394723981
 30
0.0
 70
0
  0
VERTEX
  5
E07
  8
LOGO
 10
-21.277088422081093
 20
-0.641108939912066
 30
0.0
 70
0
  0
VERTEX
  5
E08
  8
LOGO
 10
-21.295505617977526
 20
-0.6849291646311669
 30
0.0
 70
0
  0
VERTEX
  5
E09
  8
LOGO
 10
-21.312017586712262
 20
-0.7249389350268681
 30
0.0
 70
0
  0
VERTEX
  5
E0A
  8
LOGO
 10
-21.325989252564728
 20
-0.7617733268197358
 30
0.0
 70
0
  0
VERTEX
  5
E0B
  8
LOGO
 10
-21.34440644846116
 20
-0.8189301416707372
 30
0.0
 70
0
  0
VERTEX
  5
E0C
  8
LOGO
 10
-21.360283341475327
 20
-0.8760869565217387
 30
0.0
 70
0
  0
VERTEX
  5
E0D
  8
LOGO
 10
-21.37361993160723
 20
-0.9326086956521733
 30
0.0
 70
0
  0
VERTEX
  5
E0E
  8
LOGO
 10
-21.383781143136297
 20
-0.9891304347826082
 30
0.0
 70
0
  0
VERTEX
  5
E0F
  8
LOGO
 10
-21.391402051783096
 20
-1.0456521739130429
 30
0.0
 70
0
  0
VERTEX
  5
E10
  8
LOGO
 10
-21.395847581827063
 20
-1.1015388373229111
 30
0.0
 70
0
  0
VERTEX
  5
E11
  8
LOGO
 10
-21.397752808988763
 20
-1.1574255007327794
 30
0.0
 70
0
  0
VERTEX
  5
E12
  8
LOGO
 10
-21.397117733268196
 20
-1.2126770884220806
 30
0.0
 70
0
  0
VERTEX
  5
E13
  8
LOGO
 10
-21.393942354665363
 20
-1.2666585246702486
 30
0.0
 70
0
  0
VERTEX
  5
E14
  8
LOGO
 10
-21.38886174890083
 20
-1.3180996580361501
 30
0.0
 70
0
  0
VERTEX
  5
E15
  8
LOGO
 10
-21.38124084025403
 20
-1.3682706399609181
 30
0.0
 70
0
  0
VERTEX
  5
E16
  8
LOGO
 10
-21.371079628724964
 20
-1.4165363947239862
 30
0.0
 70
0
  0
VERTEX
  5
E17
  8
LOGO
 10
-21.359013190034194
 20
-1.4635319980459203
 30
0.0
 70
0
  0
VERTEX
  5
E18
  8
LOGO
 10
-21.343771372740594
 20
-1.5092574499267215
 30
0.0
 70
0
  0
VERTEX
  5
E19
  8
LOGO
 10
-21.326624328285295
 20
-1.5537127503663892
 30
0.0
 70
0
  0
VERTEX
  5
E1A
  8
LOGO
 10
-21.306936980947725
 20
-1.5981680508060572
 30
0.0
 70
0
  0
VERTEX
  5
E1B
  8
LOGO
 10
-21.299951148021492
 20
-1.6134098680996576
 30
0.0
 70
0
  0
VERTEX
  5
E1C
  8
LOGO
 10
-21.291695163654126
 20
-1.6292867611138246
 30
0.0
 70
0
  0
VERTEX
  5
E1D
  8
LOGO
 10
-21.282804103566193
 20
-1.6457987298485584
 30
0.0
 70
0
  0
VERTEX
  5
E1E
  8
LOGO
 10
-21.274548119198826
 20
-1.6616756228627254
 30
0.0
 70
0
  0
VERTEX
  5
E1F
  8
LOGO
 10
-21.265657059110893
 20
-1.6775525158768925
 30
0.0
 70
0
  0
VERTEX
  5
E20
  8
LOGO
 10
-21.257401074743527
 20
-1.6921592574499262
 30
0.0
 70
0
  0
VERTEX
  5
E21
  8
LOGO
 10
-21.249780166096727
 20
-1.7048607718612598
 30
0.0
 70
0
  0
VERTEX
  5
E22
  8
LOGO
 10
-21.24342940889106
 20
-1.7156570591108935
 30
0.0
 70
0
  0
VERTEX
  5
E23
  8
LOGO
 10
-21.217391304347824
 20
-1.7537616023448943
 30
0.0
 70
0
  0
VERTEX
  5
E24
  8
LOGO
 10
-21.188812896922325
 20
-1.7918661455788956
 30
0.0
 70
0
  0
VERTEX
  5
E25
  8
LOGO
 10
-21.157694186614556
 20
-1.8299706888128964
 30
0.0
 70
0
  0
VERTEX
  5
E26
  8
LOGO
 10
-21.12467024914509
 20
-1.8680752320468974
 30
0.0
 70
0
  0
VERTEX
  5
E27
  8
LOGO
 10
-21.090376160234488
 20
-1.904274548119198
 30
0.0
 70
0
  0
VERTEX
  5
E28
  8
LOGO
 10
-21.05544699560332
 20
-1.9385686370297992
 30
0.0
 70
0
  0
VERTEX
  5
E29
  8
LOGO
 10
-21.020517830972153
 20
-1.9709574987787
 30
0.0
 70
0
  0
VERTEX
  5
E2A
  8
LOGO
 10
-20.98622374206155
 20
-2.0001709819247675
 30
0.0
 70
0
  0
VERTEX
  5
E2B
  8
LOGO
 10
-20.962725940400585
 20
-2.017318026380068
 30
0.0
 70
0
  0
VERTEX
  5
E2C
  8
LOGO
 10
-20.936052760136786
 20
-2.0370053737176352
 30
0.0
 70
0
  0
VERTEX
  5
E2D
  8
LOGO
 10
-20.906839276990716
 20
-2.0566927210552017
 30
0.0
 70
0
  0
VERTEX
  5
E2E
  8
LOGO
 10
-20.87572056668295
 20
-2.077015144113336
 30
0.0
 70
0
  0
VERTEX
  5
E2F
  8
LOGO
 10
-20.845236932095748
 20
-2.096702491450903
 30
0.0
 70
0
  0
VERTEX
  5
E30
  8
LOGO
 10
-20.81475329750855
 20
-2.11448461162677
 30
0.0
 70
0
  0
VERTEX
  5
E31
  8
LOGO
 10
-20.786809965803613
 20
-2.1309965803615043
 30
0.0
 70
0
  0
VERTEX
  5
E32
  8
LOGO
 10
-20.76267708842208
 20
-2.143698094772838
 30
0.0
 70
0
  0
VERTEX
  5
E33
  8
LOGO
 10
-20.68456277479238
 20
-2.1798974108451388
 30
0.0
 70
0
  0
VERTEX
  5
E34
  8
LOGO
 10
-20.60136785539814
 20
-2.212921348314606
 30
0.0
 70
0
  0
VERTEX
  5
E35
  8
LOGO
 10
-20.51372740595994
 20
-2.2427699071812404
 30
0.0
 70
0
  0
VERTEX
  5
E36
  8
LOGO
 10
-20.42164142647777
 20
-2.268808011724474
 30
0.0
 70
0
  0
VERTEX
  5
E37
  8
LOGO
 10
-20.32447484123107
 20
-2.291670737664875
 30
0.0
 70
0
  0
VERTEX
  5
E38
  8
LOGO
 10
-20.2228627259404
 20
-2.310723009281875
 30
0.0
 70
0
  0
VERTEX
  5
E39
  8
LOGO
 10
-20.116170004885195
 20
-2.3272349780166093
 30
0.0
 70
0
  0
VERTEX
  5
E3A
  8
LOGO
 10
-20.005031753786028
 20
-2.339301416707376
 30
0.0
 70
0
  0
VERTEX
  5
E3B
  8
LOGO
 10
-19.932633121641427
 20
-2.345652173913043
 30
0.0
 70
0
  0
VERTEX
  5
E3C
  8
LOGO
 10
-19.85705911089399
 20
-2.350732779677576
 30
0.0
 70
0
  0
VERTEX
  5
E3D
  8
LOGO
 10
-19.773864191499754
 20
-2.3545432340009764
 30
0.0
 70
0
  0
VERTEX
  5
E3E
  8
LOGO
 10
-19.679872984855884
 20
-2.3577186126038097
 30
0.0
 70
0
  0
VERTEX
  5
E3F
  8
LOGO
 10
-19.571275036638983
 20
-2.35962383976551
 30
0.0
 70
0
  0
VERTEX
  5
E40
  8
LOGO
 10
-19.444894968246214
 20
-2.3608939912066433
 30
0.0
 70
0
  0
VERTEX
  5
E41
  8
LOGO
 10
-19.296287249633608
 20
-2.3615290669272095
 30
0.0
 70
0
  0
VERTEX
  5
E42
  8
LOGO
 10
-19.12227650219834
 20
-2.3615290669272095
 30
0.0
 70
0
  0
VERTEX
  5
E43
  8
LOGO
 10
-18.80156326331216
 20
-2.3602589154860762
 30
0.0
 70
0
  0
VERTEX
  5
E44
  8
LOGO
 10
-18.53610161211529
 20
-2.357083536883243
 30
0.0
 70
0
  0
VERTEX
  5
E45
  8
LOGO
 10
-18.317000488519785
 20
-2.3526380068392765
 30
0.0
 70
0
  0
VERTEX
  5
E46
  8
LOGO
 10
-18.134733756717146
 20
-2.345652173913043
 30
0.0
 70
0
  0
VERTEX
  5
E47
  8
LOGO
 10
-17.981680508060574
 20
-2.335490962383976
 30
0.0
 70
0
  0
VERTEX
  5
E48
  8
LOGO
 10
-17.847679531021004
 20
-2.3227894479726423
 30
0.0
 70
0
  0
VERTEX
  5
E49
  8
LOGO
 10
-17.7238397655105
 20
-2.3062774792379086
 30
0.0
 70
0
  0
VERTEX
  5
E4A
  8
LOGO
 10
-17.601905227161698
 20
-2.285319980459208
 30
0.0
 70
0
  0
VERTEX
  5
E4B
  8
LOGO
 10
-17.539032730825596
 20
-2.272618466047874
 30
0.0
 70
0
  0
VERTEX
  5
E4C
  8
LOGO
 10
-17.479335613092328
 20
-2.259281875915974
 30
0.0
 70
0
  0
VERTEX
  5
E4D
  8
LOGO
 10
-17.42344894968246
 20
-2.2446751343429403
 30
0.0
 70
0
  0
VERTEX
  5
E4E
  8
LOGO
 10
-17.37200781631656
 20
-2.22943331704934
 30
0.0
 70
0
  0
VERTEX
  5
E4F
  8
LOGO
 10
-17.325012212994626
 20
-2.213556424035173
 30
0.0
 70
0
  0
VERTEX
  5
E50
  8
LOGO
 10
-17.28373229115779
 20
-2.197044455300439
 30
0.0
 70
0
  0
VERTEX
  5
E51
  8
LOGO
 10
-17.248168050806058
 20
-2.181167562286272
 30
0.0
 70
0
  0
VERTEX
  5
E52
  8
LOGO
 10
-17.21895456765999
 20
-2.1646555935515384
 30
0.0
 70
0
  0
VERTEX
  5
E53
  8
LOGO
 10
-17.197361993160722
 20
-2.149413776257938
 30
0.0
 70
0
  0
VERTEX
  5
E54
  8
LOGO
 10
-17.178944797264286
 20
-2.133536883243771
 30
0.0
 70
0
  0
VERTEX
  5
E55
  8
LOGO
 10
-17.162432828529553
 20
-2.1163898387884705
 30
0.0
 70
0
  0
VERTEX
  5
E56
  8
LOGO
 10
-17.149096238397654
 20
-2.098607718612603
 30
0.0
 70
0
  0
VERTEX
  5
E57
  8
LOGO
 10
-17.138935026868587
 20
-2.0801905227161694
 30
0.0
 70
0
  0
VERTEX
  5
E58
  8
LOGO
 10
-17.131314118221788
 20
-2.061138251099169
 30
0.0
 70
0
  0
VERTEX
  5
E59
  8
LOGO
 10
-17.12686858817782
 20
-2.042085979482169
 30
0.0
 70
0
  0
VERTEX
  5
E5A
  8
LOGO
 10
-17.12496336101612
 20
-2.021763556424035
 30
0.0
 70
0
  0
VERTEX
  5
E5B
  8
LOGO
 10
-17.126233512457254
 20
-2.0096971177332676
 30
0.0
 70
0
  0
VERTEX
  5
E5C
  8
LOGO
 10
-17.130043966780654
 20
-1.9957254518808007
 30
0.0
 70
0
  0
VERTEX
  5
E5D
  8
LOGO
 10
-17.13639472398632
 20
-1.9804836345872
 30
0.0
 70
0
  0
VERTEX
  5
E5E
  8
LOGO
 10
-17.144650708353687
 20
-1.964606741573033
 30
0.0
 70
0
  0
VERTEX
  5
E5F
  8
LOGO
 10
-17.154811919882754
 20
-1.948729848558866
 30
0.0
 70
0
  0
VERTEX
  5
E60
  8
LOGO
 10
-17.16687835857352
 20
-1.932852955544699
 30
0.0
 70
0
  0
VERTEX
  5
E61
  8
LOGO
 10
-17.180214948705423
 20
-1.9176111382510987
 30
0.0
 70
0
  0
VERTEX
  5
E62
  8
LOGO
 10
-17.194821690278456
 20
-1.9030043966780648
 30
0.0
 70
0
  0
VERTEX
  5
E63
  8
LOGO
 10
-17.21704934049829
 20
-1.8839521250610645
 30
0.0
 70
0
  0
VERTEX
  5
E64
  8
LOGO
 10
-17.251978505129458
 20
-1.8553737176355636
 30
0.0
 70
0
  0
VERTEX
  5
E65
  8
LOGO
 10
-17.29897410845139
 20
-1.8191744015632627
 30
0.0
 70
0
  0
VERTEX
  5
E66
  8
LOGO
 10
-17.357401074743525
 20
-1.7747191011235948
 30
0.0
 70
0
  0
VERTEX
  5
E67
  8
LOGO
 10
-17.42535417684416
 20
-1.7239130434782601
 30
0.0
 70
0
  0
VERTEX
  5
E68
  8
LOGO
 10
-17.50219833903273
 20
-1.6667562286272588
 30
0.0
 70
0
  0
VERTEX
  5
E69
  8
LOGO
 10
-17.587298485588665
 20
-1.6038837322911572
 30
0.0
 70
0
  0
VERTEX
  5
E6A
  8
LOGO
 10
-17.6800195407914
 20
-1.536565705911089
 30
0.0
 70
0
  0
VERTEX
  5
E6B
  8
LOGO
 10
-17.88133854421104
 20
-1.3904982901807519
 30
0.0
 70
0
  0
VERTEX
  5
E6C
  8
LOGO
 10
-18.040742550073276
 20
-1.2730092818759156
 30
0.0
 70
0
  0
VERTEX
  5
E6D
  8
LOGO
 10
-18.165852467024912
 20
-1.1802882266731796
 30
0.0
 70
0
  0
VERTEX
  5
E6E
  8
LOGO
 10
-18.26238397655105
 20
-1.1059843673668777
 30
0.0
 70
0
  0
VERTEX
  5
E6F
  8
LOGO
 10
-18.337957987298484
 20
-1.0456521739130429
 30
0.0
 70
0
  0
VERTEX
  5
E70
  8
LOGO
 10
-18.39829018075232
 20
-0.9935759648265751
 30
0.0
 70
0
  0
VERTEX
  5
E71
  8
LOGO
 10
-18.44973131411822
 20
-0.9446751343429405
 30
0.0
 70
0
  0
VERTEX
  5
E72
  8
LOGO
 10
-18.49990229604299
 20
-0.8945041524181724
 30
0.0
 70
0
  0
VERTEX
  5
E73
  8
LOGO
 10
-18.52657547630679
 20
-0.8665608207132385
 30
0.0
 70
0
  0
VERTEX
  5
E74
  8
LOGO
 10
-18.550073277967755
 20
-0.839252564728871
 30
0.0
 70
0
  0
VERTEX
  5
E75
  8
LOGO
 10
-18.571030776746458
 20
-0.8132144601856373
 30
0.0
 70
0
  0
VERTEX
  5
E76
  8
LOGO
 10
-18.590083048363457
 20
-0.7878114313629699
 30
0.0
 70
0
  0
VERTEX
  5
E77
  8
LOGO
 10
-18.60659501709819
 20
-0.7624084025403026
 30
0.0
 70
0
  0
VERTEX
  5
E78
  8
LOGO
 10
-18.621201758671226
 20
-0.7376404494382017
 30
0.0
 70
0
  0
VERTEX
  5
E79
  8
LOGO
 10
-18.63390327308256
 20
-0.7122374206155344
 30
0.0
 70
0
  0
VERTEX
  5
E7A
  8
LOGO
 10
-18.644699560332192
 20
-0.6861993160723007
 30
0.0
 70
0
  0
VERTEX
  5
E7B
  8
LOGO
 10
-18.650415241817292
 20
-0.6722276502198332
 30
0.0
 70
0
  0
VERTEX
  5
E7C
  8
LOGO
 10
-18.65486077186126
 20
-0.6588910600879332
 30
0.0
 70
0
  0
VERTEX
  5
E7D
  8
LOGO
 10
-18.65867122618466
 20
-0.6474596971177328
 30
0.0
 70
0
  0
VERTEX
  5
E7E
  8
LOGO
 10
-18.661211529066925
 20
-0.6360283341475325
 30
0.0
 70
0
  0
VERTEX
  5
E7F
  8
LOGO
 10
-18.66248168050806
 20
-0.6239618954567656
 30
0.0
 70
0
  0
VERTEX
  5
E80
  8
LOGO
 10
-18.66375183194919
 20
-0.6106253053248651
 30
0.0
 70
0
  0
VERTEX
  5
E81
  8
LOGO
 10
-18.66438690766976
 20
-0.5953834880312648
 30
0.0
 70
0
  0
VERTEX
  5
E82
  8
LOGO
 10
-18.66438690766976
 20
-0.5776013678553976
 30
0.0
 70
0
  0
VERTEX
  5
E83
  8
LOGO
 10
-18.66438690766976
 20
-0.5598192476795305
 30
0.0
 70
0
  0
VERTEX
  5
E84
  8
LOGO
 10
-18.66438690766976
 20
-0.5445774303859302
 30
0.0
 70
0
  0
VERTEX
  5
E85
  8
LOGO
 10
-18.663116756228625
 20
-0.5312408402540297
 30
0.0
 70
0
  0
VERTEX
  5
E86
  8
LOGO
 10
-18.661846604787492
 20
-0.5191744015632629
 30
0.0
 70
0
  0
VERTEX
  5
E87
  8
LOGO
 10
-18.659306301905225
 20
-0.5077430385930626
 30
0.0
 70
0
  0
VERTEX
  5
E88
  8
LOGO
 10
-18.656130923302392
 20
-0.49567659990229573
 30
0.0
 70
0
  0
VERTEX
  5
E89
  8
LOGO
 10
-18.651685393258425
 20
-0.4823400097703952
 30
0.0
 70
0
  0
VERTEX
  5
E8A
  8
LOGO
 10
-18.646604787493892
 20
-0.46773326819736183
 30
0.0
 70
0
  0
VERTEX
  5
E8B
  8
LOGO
 10
-18.642159257449926
 20
-0.4569369809477279
 30
0.0
 70
0
  0
VERTEX
  5
E8C
  8
LOGO
 10
-18.637078651685393
 20
-0.44423546653639423
 30
0.0
 70
0
  0
VERTEX
  5
E8D
  8
LOGO
 10
-18.631362970200293
 20
-0.43153395212506057
 30
0.0
 70
0
  0
VERTEX
  5
E8E
  8
LOGO
 10
-18.62437713727406
 20
-0.41819736199316015
 30
0.0
 70
0
  0
VERTEX
  5
E8F
  8
LOGO
 10
-18.617391304347823
 20
-0.4048607718612596
 30
0.0
 70
0
  0
VERTEX
  5
E90
  8
LOGO
 10
-18.61040547142159
 20
-0.39215925744992597
 30
0.0
 70
0
  0
VERTEX
  5
E91
  8
LOGO
 10
-18.603419638495357
 20
-0.3800928187591592
 30
0.0
 70
0
  0
VERTEX
  5
E92
  8
LOGO
 10
-18.596433805569124
 20
-0.36929653150952596
 30
0.0
 70
0
  0
VERTEX
  5
E93
  8
LOGO
 10
-18.567220322423058
 20
-0.3280166096726916
 30
0.0
 70
0
  0
VERTEX
  5
E94
  8
LOGO
 10
-18.531021006350755
 20
-0.28610161211529034
 30
0.0
 70
0
  0
VERTEX
  5
E95
  8
LOGO
 10
-18.48847093307279
 20
-0.24228138739618937
 30
0.0
 70
0
  0
VERTEX
  5
E96
  8
LOGO
 10
-18.44020517830972
 20
-0.1984611626770877
 30
0.0
 70
0
  0
VERTEX
  5
E97
  8
LOGO
 10
-18.385588666340986
 20
-0.1533707865168538
 30
0.0
 70
0
  0
VERTEX
  5
E98
  8
LOGO
 10
-18.326526624328284
 20
-0.10828041035661916
 30
0.0
 70
0
  0
VERTEX
  5
E99
  8
LOGO
 10
-18.261748900830483
 20
-0.0625549584758177
 30
0.0
 70
0
  0
VERTEX
  5
E9A
  8
LOGO
 10
-18.19189057156815
 20
-0.01746458231558306
 30
0.0
 70
0
  0
VERTEX
  5
E9B
  8
LOGO
 10
-18.137274059599413
 20
0.01555935515388402
 30
0.0
 70
0
  0
VERTEX
  5
E9C
  8
LOGO
 10
-18.079482169027845
 20
0.049853444064484755
 30
0.0
 70
0
  0
VERTEX
  5
E9D
  8
LOGO
 10
-18.016609672691743
 20
0.08605276013678598
 30
0.0
 70
0
  0
VERTEX
  5
E9E
  8
LOGO
 10
-17.94675134342941
 20
0.12479237909135378
 30
0.0
 70
0
  0
VERTEX
  5
E9F
  8
LOGO
 10
-17.86800195407914
 20
0.16734245236932108
 30
0.0
 70
0
  0
VERTEX
  5
EA0
  8
LOGO
 10
-17.77972642892037
 20
0.21370297997068938
 30
0.0
 70
0
  0
VERTEX
  5
EA1
  8
LOGO
 10
-17.6800195407914
 20
0.2657791890571569
 30
0.0
 70
0
  0
VERTEX
  5
EA2
  8
LOGO
 10
-17.566340986809966
 20
0.32420615534929204
 30
0.0
 70
0
  0
VERTEX
  5
EA3
  8
LOGO
 10
-17.410747435271126
 20
0.40422569614069426
 30
0.0
 70
0
  0
VERTEX
  5
EA4
  8
LOGO
 10
-17.279286761113823
 20
0.4715437225207628
 30
0.0
 70
0
  0
VERTEX
  5
EA5
  8
LOGO
 10
-17.170053737176353
 20
0.5274303859306306
 30
0.0
 70
0
  0
VERTEX
  5
EA6
  8
LOGO
 10
-17.08114313629702
 20
0.5731558378114321
 30
0.0
 70
0
  0
VERTEX
  5
EA7
  8
LOGO
 10
-17.01001465559355
 20
0.6106253053248661
 30
0.0
 70
0
  0
VERTEX
  5
EA8
  8
LOGO
 10
-16.95476306790425
 20
0.6392037127503669
 30
0.0
 70
0
  0
VERTEX
  5
EA9
  8
LOGO
 10
-16.913483146067414
 20
0.6614313629702008
 30
0.0
 70
0
  0
VERTEX
  5
EAA
  8
LOGO
 10
-16.88363458720078
 20
0.6779433317049348
 30
0.0
 70
0
  0
VERTEX
  5
EAB
  8
LOGO
 10
-16.801709819247677
 20
0.7249389350268691
 30
0.0
 70
0
  0
VERTEX
  5
EAC
  8
LOGO
 10
-16.731216414264775
 20
0.7668539325842704
 30
0.0
 70
0
  0
VERTEX
  5
EAD
  8
LOGO
 10
-16.669614069369807
 20
0.8055935515388375
 30
0.0
 70
0
  0
VERTEX
  5
EAE
  8
LOGO
 10
-16.61626770884221
 20
0.8411577918905718
 30
0.0
 70
0
  0
VERTEX
  5
EAF
  8
LOGO
 10
-16.569272105520273
 20
0.8754518808011725
 30
0.0
 70
0
  0
VERTEX
  5
EB0
  8
LOGO
 10
-16.526722032242304
 20
0.909745969711774
 30
0.0
 70
0
  0
VERTEX
  5
EB1
  8
LOGO
 10
-16.486712261846602
 20
0.9446751343429416
 30
0.0
 70
0
  0
VERTEX
  5
EB2
  8
LOGO
 10
-16.447972642892037
 20
0.9815095261358089
 30
0.0
 70
0
  0
VERTEX
  5
EB3
  8
LOGO
 10
-16.425109916951634
 20
1.0043722520762097
 30
0.0
 70
0
  0
VERTEX
  5
EB4
  8
LOGO
 10
-16.4066927210552
 20
1.02342452369321
 30
0.0
 70
0
  0
VERTEX
  5
EB5
  8
LOGO
 10
-16.3914509037616
 20
1.039936492427944
 30
0.0
 70
0
  0
VERTEX
  5
EB6
  8
LOGO
 10
-16.379384465070835
 20
1.0545432340009775
 30
0.0
 70
0
  0
VERTEX
  5
EB7
  8
LOGO
 10
-16.36922325354177
 20
1.0685148998534446
 30
0.0
 70
0
  0
VERTEX
  5
EB8
  8
LOGO
 10
-16.359697117733266
 20
1.0824865657059113
 30
0.0
 70
0
  0
VERTEX
  5
EB9
  8
LOGO
 10
-16.3514411333659
 20
1.0983634587200783
 30
0.0
 70
0
  0
VERTEX
  5
EBA
  8
LOGO
 10
-16.3419149975574
 20
1.116145578895946
 30
0.0
 70
0
  0
VERTEX
  5
EBB
  8
LOGO
 10
-16.3361993160723
 20
1.1282120175867127
 30
0.0
 70
0
  0
VERTEX
  5
EBC
  8
LOGO
 10
-16.3304836345872
 20
1.1415486077186132
 30
0.0
 70
0
  0
VERTEX
  5
EBD
  8
LOGO
 10
-16.3247679531021
 20
1.154885197850513
 30
0.0
 70
0
  0
VERTEX
  5
EBE
  8
LOGO
 10
-16.319687347337567
 20
1.1682217879824135
 30
0.0
 70
0
  0
VERTEX
  5
EBF
  8
LOGO
 10
-16.314606741573034
 20
1.180923302393747
 30
0.0
 70
0
  0
VERTEX
  5
EC0
  8
LOGO
 10
-16.31079628724963
 20
1.1923546653639479
 30
0.0
 70
0
  0
VERTEX
  5
EC1
  8
LOGO
 10
-16.307620908646797
 20
1.2025158768930142
 30
0.0
 70
0
  0
VERTEX
  5
EC2
  8
LOGO
 10
-16.305715681485097
 20
1.2114069369809484
 30
0.0
 70
0
  0
VERTEX
  5
EC3
  8
LOGO
 10
-16.30127015144113
 20
1.2406204201270152
 30
0.0
 70
0
  0
VERTEX
  5
EC4
  8
LOGO
 10
-16.299999999999997
 20
1.2755495847581828
 30
0.0
 70
0
  0
VERTEX
  5
EC5
  8
LOGO
 10
-16.30127015144113
 20
1.3136541279921838
 30
0.0
 70
0
  0
VERTEX
  5
EC6
  8
LOGO
 10
-16.304445530043964
 20
1.3542989741084521
 30
0.0
 70
0
  0
VERTEX
  5
EC7
  8
LOGO
 10
-16.310161211529067
 20
1.3955788959452864
 30
0.0
 70
0
  0
VERTEX
  5
EC8
  8
LOGO
 10
-16.317782120175867
 20
1.4362237420615538
 30
0.0
 70
0
  0
VERTEX
  5
EC9
  8
LOGO
 10
-16.327308255984367
 20
1.474328285295555
 30
0.0
 70
0
  0
VERTEX
  5
ECA
  8
LOGO
 10
-16.338739618954566
 20
1.5086223742061557
 30
0.0
 70
0
  0
VERTEX
  5
ECB
  8
LOGO
 10
-16.346995603321933
 20
1.5283097215437231
 30
0.0
 70
0
  0
VERTEX
  5
ECC
  8
LOGO
 10
-16.357791890571566
 20
1.5524425989252566
 30
0.0
 70
0
  0
VERTEX
  5
ECD
  8
LOGO
 10
-16.37112848070347
 20
1.578480703468491
 30
0.0
 70
0
  0
VERTEX
  5
ECE
  8
LOGO
 10
-16.385100146555935
 20
1.6064240351734247
 30
0.0
 70
0
  0
VERTEX
  5
ECF
  8
LOGO
 10
-16.400341963849534
 20
1.6343673668783587
 30
0.0
 70
0
  0
VERTEX
  5
ED0
  8
LOGO
 10
-16.415583781143134
 20
1.6604054714215926
 30
0.0
 70
0
  0
VERTEX
  5
ED1
  8
LOGO
 10
-16.4295554469956
 20
1.6845383488031271
 30
0.0
 70
0
  0
VERTEX
  5
ED2
  8
LOGO
 10
-16.442256961406937
 20
1.7035906204201274
 30
0.0
 70
0
  0
VERTEX
  5
ED3
  8
LOGO
 10
-16.476551050317536
 20
1.7512212994626288
 30
0.0
 70
0
  0
VERTEX
  5
ED4
  8
LOGO
 10
-16.511480214948705
 20
1.7963116756228628
 30
0.0
 70
0
  0
VERTEX
  5
ED5
  8
LOGO
 10
-16.547044455300437
 20
1.838226673180264
 30
0.0
 70
0
  0
VERTEX
  5
ED6
  8
LOGO
 10
-16.583878847093306
 20
1.8788715192965315
 30
0.0
 70
0
  0
VERTEX
  5
ED7
  8
LOGO
 10
-16.62198339032731
 20
1.9169760625305323
 30
0.0
 70
0
  0
VERTEX
  5
ED8
  8
LOGO
 10
-16.661993160723007
 20
1.9531753786028339
 30
0.0
 70
0
  0
VERTEX
  5
ED9
  8
LOGO
 10
-16.703273082559843
 20
1.9881045432340012
 30
0.0
 70
0
  0
VERTEX
  5
EDA
  8
LOGO
 10
-16.747093307278945
 20
2.0217635564240353
 30
0.0
 70
0
  0
VERTEX
  5
EDB
  8
LOGO
 10
-16.760429897410845
 20
2.0312896922325354
 30
0.0
 70
0
  0
VERTEX
  5
EDC
  8
LOGO
 10
-16.775671714704444
 20
2.041450903761602
 30
0.0
 70
0
  0
VERTEX
  5
EDD
  8
LOGO
 10
-16.792818759159744
 20
2.0522471910112365
 30
0.0
 70
0
  0
VERTEX
  5
EDE
  8
LOGO
 10
-16.810600879335613
 20
2.0636785539814366
 30
0.0
 70
0
  0
VERTEX
  5
EDF
  8
LOGO
 10
-16.829653150952613
 20
2.075109916951637
 30
0.0
 70
0
  0
VERTEX
  5
EE0
  8
LOGO
 10
-16.848070346849045
 20
2.08590620420127
 30
0.0
 70
0
  0
VERTEX
  5
EE1
  8
LOGO
 10
-16.866487542745478
 20
2.0954323400097707
 30
0.0
 70
0
  0
VERTEX
  5
EE2
  8
LOGO
 10
-16.88363458720078
 20
2.104958475818271
 30
0.0
 70
0
  0
VERTEX
  5
EE3
  8
LOGO
 10
-16.94904738641915
 20
2.1354421104054717
 30
0.0
 70
0
  0
VERTEX
  5
EE4
  8
LOGO
 10
-17.01382510991695
 20
2.162115290669272
 30
0.0
 70
0
  0
VERTEX
  5
EE5
  8
LOGO
 10
-17.079872984855886
 20
2.1837078651685395
 30
0.0
 70
0
  0
VERTEX
  5
EE6
  8
LOGO
 10
-17.147191011235954
 20
2.20085490962384
 30
0.0
 70
0
  0
VERTEX
  5
EE7
  8
LOGO
 10
-17.216414264777722
 20
2.2135564240351737
 30
0.0
 70
0
  0
VERTEX
  5
EE8
  8
LOGO
 10
-17.288812896922323
 20
2.222447484123107
 30
0.0
 70
0
  0
VERTEX
  5
EE9
  8
LOGO
 10
-17.36438690766976
 20
2.2275280898876413
 30
0.0
 70
0
  0
VERTEX
  5
EEA
  8
LOGO
 10
-17.444406448461162
 20
2.2281631656082075
 30
0.0
 70
0
  0
VERTEX
  5
EEB
  8
LOGO
 10
-17.466634098680995
 20
2.2281631656082075
 30
0.0
 70
0
  0
VERTEX
  5
EEC
  8
LOGO
 10
-17.488861748900828
 20
2.2275280898876413
 30
0.0
 70
0
  0
VERTEX
  5
EED
  8
LOGO
 10
-17.510454323400097
 20
2.2275280898876413
 30
0.0
 70
0
  0
VERTEX
  5
EEE
  8
LOGO
 10
-17.530141670737663
 20
2.226893014167074
 30
0.0
 70
0
  0
VERTEX
  5
EEF
  8
LOGO
 10
-17.547288715192963
 20
2.2262579384465075
 30
0.0
 70
0
  0
VERTEX
  5
EF0
  8
LOGO
 10
-17.562530532486566
 20
2.2262579384465075
 30
0.0
 70
0
  0
VERTEX
  5
EF1
  8
LOGO
 10
-17.573961895456765
 20
2.225622862725941
 30
0.0
 70
0
  0
SEQEND
  5
DD9
  8
LOGO
  0
POLYLINE
  5
EF2
  8
LOGO
 66
1
 10
0.0
 20
0.0
 30
0.0
 70
1
  0
VERTEX
  5
EF4
  8
LOGO
 10
-17.396140693698094
 20
1.762652662432829
 30
0.0
 70
0
  0
VERTEX
  5
EF5
  8
LOGO
 10
-17.38153395212506
 20
1.7582071323888617
 30
0.0
 70
0
  0
VERTEX
  5
EF6
  8
LOGO
 10
-17.366927210552028
 20
1.7531265266243286
 30
0.0
 70
0
  0
VERTEX
  5
EF7
  8
LOGO
 10
-17.353590620420125
 20
1.7467757694186619
 30
0.0
 70
0
  0
VERTEX
  5
EF8
  8
LOGO
 10
-17.340254030288225
 20
1.739789936492428
 30
0.0
 70
0
  0
VERTEX
  5
EF9
  8
LOGO
 10
-17.32818759159746
 20
1.7321690278456283
 30
0.0
 70
0
  0
VERTEX
  5
EFA
  8
LOGO
 10
-17.316121152906693
 20
1.723913043478261
 30
0.0
 70
0
  0
VERTEX
  5
EFB
  8
LOGO
 10
-17.305324865657056
 20
1.7143869076697609
 30
0.0
 70
0
  0
VERTEX
  5
EFC
  8
LOGO
 10
-17.29516365412799
 20
1.7048607718612605
 30
0.0
 70
0
  0
VERTEX
  5
EFD
  8
LOGO
 10
-17.29135319980459
 20
1.7004152418172942
 30
0.0
 70
0
  0
VERTEX
  5
EFE
  8
LOGO
 10
-17.286907669760623
 20
1.6946995603321935
 30
0.0
 70
0
  0
VERTEX
  5
EFF
  8
LOGO
 10
-17.282462139716657
 20
1.6877137274059604
 30
0.0
 70
0
  0
VERTEX
  5
F00
  8
LOGO
 10
-17.27801660967269
 20
1.6807278944797268
 30
0.0
 70
0
  0
VERTEX
  5
F01
  8
LOGO
 10
-17.273571079628724
 20
1.6724719101123595
 30
0.0
 70
0
  0
VERTEX
  5
F02
  8
LOGO
 10
-17.26849047386419
 20
1.6648510014655598
 30
0.0
 70
0
  0
VERTEX
  5
F03
  8
LOGO
 10
-17.26468001954079
 20
1.6565950170981925
 30
0.0
 70
0
  0
VERTEX
  5
F04
  8
LOGO
 10
-17.26086956521739
 20
1.648339032730826
 30
0.0
 70
0
  0
VERTEX
  5
F05
  8
LOGO
 10
-17.255788959452858
 20
1.6369076697606257
 30
0.0
 70
0
  0
VERTEX
  5
F06
  8
LOGO
 10
-17.251978505129458
 20
1.626746458231559
 30
0.0
 70
0
  0
VERTEX
  5
F07
  8
LOGO
 10
-17.248803126526624
 20
1.6172203224230586
 30
0.0
 70
0
  0
VERTEX
  5
F08
  8
LOGO
 10
-17.246262823644358
 20
1.6076941866145584
 30
0.0
 70
0
  0
VERTEX
  5
F09
  8
LOGO
 10
-17.244992672203225
 20
1.5975329750854914
 30
0.0
 70
0
  0
VERTEX
  5
F0A
  8
LOGO
 10
-17.24372252076209
 20
1.586101612115291
 30
0.0
 70
0
  0
VERTEX
  5
F0B
  8
LOGO
 10
-17.24372252076209
 20
1.5734000977039577
 30
0.0
 70
0
  0
VERTEX
  5
F0C
  8
LOGO
 10
-17.24372252076209
 20
1.5581582804103566
 30
0.0
 70
0
  0
VERTEX
  5
F0D
  8
LOGO
 10
-17.24372252076209
 20
1.5422813873961896
 30
0.0
 70
0
  0
VERTEX
  5
F0E
  8
LOGO
 10
-17.244357596482654
 20
1.5289447972642898
 30
0.0
 70
0
  0
VERTEX
  5
F0F
  8
LOGO
 10
-17.24562774792379
 20
1.518148510014656
 30
0.0
 70
0
  0
VERTEX
  5
F10
  8
LOGO
 10
-17.246897899364924
 20
1.507352222765022
 30
0.0
 70
0
  0
VERTEX
  5
F11
  8
LOGO
 10
-17.250073277967758
 20
1.4978260869565219
 30
0.0
 70
0
  0
VERTEX
  5
F12
  8
LOGO
 10
-17.25324865657059
 20
1.4876648754274555
 30
0.0
 70
0
  0
VERTEX
  5
F13
  8
LOGO
 10
-17.258329262335124
 20
1.4768685881778216
 30
0.0
 70
0
  0
VERTEX
  5
F14
  8
LOGO
 10
-17.264044943820224
 20
1.4648021494870547
 30
0.0
 70
0
  0
VERTEX
  5
F15
  8
LOGO
 10
-17.27230092818759
 20
1.4489252564728876
 30
0.0
 70
0
  0
VERTEX
  5
F16
  8
LOGO
 10
-17.28182706399609
 20
1.4343185148998536
 30
0.0
 70
0
  0
VERTEX
  5
F17
  8
LOGO
 10
-17.292623351245723
 20
1.420346849047387
 30
0.0
 70
0
  0
VERTEX
  5
F18
  8
LOGO
 10
-17.30468978993649
 20
1.4070102589154865
 30
0.0
 70
0
  0
VERTEX
  5
F19
  8
LOGO
 10
-17.317391304347826
 20
1.3949438202247195
 30
0.0
 70
0
  0
VERTEX
  5
F1A
  8
LOGO
 10
-17.33199804592086
 20
1.383512457254519
 30
0.0
 70
0
  0
VERTEX
  5
F1B
  8
LOGO
 10
-17.34660478749389
 20
1.3733512457254526
 30
0.0
 70
0
  0
VERTEX
  5
F1C
  8
LOGO
 10
-17.363116756228624
 20
1.3638251099169525
 30
0.0
 70
0
  0
VERTEX
  5
F1D
  8
LOGO
 10
-17.370737664875428
 20
1.360014655593552
 30
0.0
 70
0
  0
VERTEX
  5
F1E
  8
LOGO
 10
-17.378358573522227
 20
1.3568392769907187
 30
0.0
 70
0
  0
VERTEX
  5
F1F
  8
LOGO
 10
-17.386614557889594
 20
1.3542989741084521
 30
0.0
 70
0
  0
VERTEX
  5
F20
  8
LOGO
 10
-17.39487054225696
 20
1.3523937469467515
 30
0.0
 70
0
  0
VERTEX
  5
F21
  8
LOGO
 10
-17.405666829506593
 20
1.3511235955056187
 30
0.0
 70
0
  0
VERTEX
  5
F22
  8
LOGO
 10
-17.417098192476793
 20
1.350488519785052
 30
0.0
 70
0
  0
VERTEX
  5
F23
  8
LOGO
 10
-17.431704934049826
 20
1.349853444064485
 30
0.0
 70
0
  0
VERTEX
  5
F24
  8
LOGO
 10
-17.44885197850513
 20
1.349853444064485
 30
0.0
 70
0
  0
VERTEX
  5
F25
  8
LOGO
 10
-17.46599902296043
 20
1.349853444064485
 30
0.0
 70
0
  0
VERTEX
  5
F26
  8
LOGO
 10
-17.48060576453346
 20
1.350488519785052
 30
0.0
 70
0
  0
VERTEX
  5
F27
  8
LOGO
 10
-17.49267220322423
 20
1.3511235955056187
 30
0.0
 70
0
  0
VERTEX
  5
F28
  8
LOGO
 10
-17.503468490473864
 20
1.3523937469467515
 30
0.0
 70
0
  0
VERTEX
  5
F29
  8
LOGO
 10
-17.512359550561797
 20
1.3542989741084521
 30
0.0
 70
0
  0
VERTEX
  5
F2A
  8
LOGO
 10
-17.520615534929163
 20
1.3568392769907187
 30
0.0
 70
0
  0
VERTEX
  5
F2B
  8
LOGO
 10
-17.528236443575963
 20
1.3606497313141188
 30
0.0
 70
0
  0
VERTEX
  5
F2C
  8
LOGO
 10
-17.53649242794333
 20
1.3644601856375185
 30
0.0
 70
0
  0
VERTEX
  5
F2D
  8
LOGO
 10
-17.552369320957496
 20
1.3739863214460188
 30
0.0
 70
0
  0
VERTEX
  5
F2E
  8
LOGO
 10
-17.5676111382511
 20
1.3841475329750856
 30
0.0
 70
0
  0
VERTEX
  5
F2F
  8
LOGO
 10
-17.58221787982413
 20
1.3962139716658526
 30
0.0
 70
0
  0
VERTEX
  5
F30
  8
LOGO
 10
-17.59555446995603
 20
1.4089154860771864
 30
0.0
 70
0
  0
VERTEX
  5
F31
  8
LOGO
 10
-17.608255984367364
 20
1.4228871519296535
 30
0.0
 70
0
  0
VERTEX
  5
F32
  8
LOGO
 10
-17.619687347337567
 20
1.4368588177821209
 30
0.0
 70
0
  0
VERTEX
  5
F33
  8
LOGO
 10
-17.629213483146067
 20
1.4514655593551542
 30
0.0
 70
0
  0
VERTEX
  5
F34
  8
LOGO
 10
-17.637469467513434
 20
1.4667073766487544
 30
0.0
 70
0
  0
VERTEX
  5
F35
  8
LOGO
 10
-17.642550073277967
 20
1.4775036638983885
 30
0.0
 70
0
  0
VERTEX
  5
F36
  8
LOGO
 10
-17.646995603321933
 20
1.4870297997068884
 30
0.0
 70
0
  0
VERTEX
  5
F37
  8
LOGO
 10
-17.650170981924767
 20
1.4965559355153888
 30
0.0
 70
0
  0
VERTEX
  5
F38
  8
LOGO
 10
-17.652076209086466
 20
1.506717147044456
 30
0.0
 70
0
  0
VERTEX
  5
F39
  8
LOGO
 10
-17.653981436248166
 20
1.5168783585735224
 30
0.0
 70
0
  0
VERTEX
  5
F3A
  8
LOGO
 10
-17.654616511968733
 20
1.529579872984856
 30
0.0
 70
0
  0
VERTEX
  5
F3B
  8
LOGO
 10
-17.6552515876893
 20
1.5448216902784568
 30
0.0
 70
0
  0
VERTEX
  5
F3C
  8
LOGO
 10
-17.6552515876893
 20
1.5626038104543238
 30
0.0
 70
0
  0
VERTEX
  5
F3D
  8
LOGO
 10
-17.6552515876893
 20
1.5797508549096244
 30
0.0
 70
0
  0
VERTEX
  5
F3E
  8
LOGO
 10
-17.654616511968733
 20
1.594357596482658
 30
0.0
 70
0
  0
VERTEX
  5
F3F
  8
LOGO
 10
-17.653981436248166
 20
1.6064240351734247
 30
0.0
 70
0
  0
VERTEX
  5
F40
  8
LOGO
 10
-17.652711284807033
 20
1.6165852467024917
 30
0.0
 70
0
  0
VERTEX
  5
F41
  8
LOGO
 10
-17.650806057645333
 20
1.6254763067904254
 30
0.0
 70
0
  0
VERTEX
  5
F42
  8
LOGO
 10
-17.648265754763067
 20
1.6337322911577925
 30
0.0
 70
0
  0
VERTEX
  5
F43
  8
LOGO
 10
-17.645090376160233
 20
1.641988275525159
 30
0.0
 70
0
  0
VERTEX
  5
F44
  8
LOGO
 10
-17.640644846116267
 20
1.6502442598925258
 30
0.0
 70
0
  0
VERTEX
  5
F45
  8
LOGO
 10
-17.633023937469467
 20
1.6635808500244262
 30
0.0
 70
0
  0
VERTEX
  5
F46
  8
LOGO
 10
-17.624132877381534
 20
1.67628236443576
 30
0.0
 70
0
  0
VERTEX
  5
F47
  8
LOGO
 10
-17.613971665852464
 20
1.6896189545676603
 30
0.0
 70
0
  0
VERTEX
  5
F48
  8
LOGO
 10
-17.603810454323398
 20
1.7016853932584273
 30
0.0
 70
0
  0
VERTEX
  5
F49
  8
LOGO
 10
-17.592379091353198
 20
1.7137518319491938
 30
0.0
 70
0
  0
VERTEX
  5
F4A
  8
LOGO
 10
-17.580947728383
 20
1.7245481191988281
 30
0.0
 70
0
  0
VERTEX
  5
F4B
  8
LOGO
 10
-17.570151441133365
 20
1.7334391792867614
 30
0.0
 70
0
  0
VERTEX
  5
F4C
  8
LOGO
 10
-17.558720078163162
 20
1.7410600879335616
 30
0.0
 70
0
  0
VERTEX
  5
F4D
  8
LOGO
 10
-17.548558866634096
 20
1.7467757694186619
 30
0.0
 70
0
  0
VERTEX
  5
F4E
  8
LOGO
 10
-17.535857352222763
 20
1.752491450903762
 30
0.0
 70
0
  0
VERTEX
  5
F4F
  8
LOGO
 10
-17.52315583781143
 20
1.7575720566682957
 30
0.0
 70
0
  0
VERTEX
  5
F50
  8
LOGO
 10
-17.509184171958964
 20
1.7620175867122618
 30
0.0
 70
0
  0
VERTEX
  5
F51
  8
LOGO
 10
-17.49457743038593
 20
1.7658280410356624
 30
0.0
 70
0
  0
VERTEX
  5
F52
  8
LOGO
 10
-17.48060576453346
 20
1.7690034196384956
 30
0.0
 70
0
  0
VERTEX
  5
F53
  8
LOGO
 10
-17.46726917440156
 20
1.7709086468001956
 30
0.0
 70
0
  0
VERTEX
  5
F54
  8
LOGO
 10
-17.455202735710795
 20
1.7715437225207622
 30
0.0
 70
0
  0
VERTEX
  5
F55
  8
LOGO
 10
-17.449487054225695
 20
1.7715437225207622
 30
0.0
 70
0
  0
VERTEX
  5
F56
  8
LOGO
 10
-17.44313629702003
 20
1.7709086468001956
 30
0.0
 70
0
  0
VERTEX
  5
F57
  8
LOGO
 10
-17.436150464093796
 20
1.7702735710796296
 30
0.0
 70
0
  0
VERTEX
  5
F58
  8
LOGO
 10
-17.428529555446993
 20
1.7690034196384956
 30
0.0
 70
0
  0
VERTEX
  5
F59
  8
LOGO
 10
-17.420273571079626
 20
1.767733268197362
 30
0.0
 70
0
  0
VERTEX
  5
F5A
  8
LOGO
 10
-17.41201758671226
 20
1.766463116756229
 30
0.0
 70
0
  0
VERTEX
  5
F5B
  8
LOGO
 10
-17.403761602344893
 20
1.7645578895945284
 30
0.0
 70
0
  0
SEQEND
  5
EF3
  8
LOGO
  0
POLYLINE
  5
F5C
  8
LOGO
 66
1
 10
0.0
 20
0.0
 30
0.0
 70
1
  0
VERTEX
  5
F5E
  8
LOGO
 10
17.95564240351734
 20
2.3558133854421106
 30
0.0
 70
0
  0
VERTEX
  5
F5F
  8
LOGO
 10
17.864191499755737
 20
2.3456521739130434
 30
0.0
 70
0
  0
VERTEX
  5
F60
  8
LOGO
 10
17.772740595994136
 20
2.3304103566194434
 30
0.0
 70
0
  0
VERTEX
  5
F61
  8
LOGO
 10
17.6819247679531
 20
2.310723009281876
 30
0.0
 70
0
  0
VERTEX
  5
F62
  8
LOGO
 10
17.591108939912065
 20
2.286590131900342
 30
0.0
 70
0
  0
VERTEX
  5
F63
  8
LOGO
 10
17.500928187591597
 20
2.2573766487542746
 30
0.0
 70
0
  0
VERTEX
  5
F64
  8
LOGO
 10
17.41011235955056
 20
2.223717635564241
 30
0.0
 70
0
  0
VERTEX
  5
F65
  8
LOGO
 10
17.31866145578896
 20
2.184342940889106
 30
0.0
 70
0
  0
VERTEX
  5
F66
  8
LOGO
 10
17.22594040058622
 20
2.140522716170005
 30
0.0
 70
0
  0
VERTEX
  5
F67
  8
LOGO
 10
17.157987298485587
 20
2.104958475818271
 30
0.0
 70
0
  0
VERTEX
  5
F68
  8
LOGO
 10
17.091939423546652
 20
2.0674890083048365
 30
0.0
 70
0
  0
VERTEX
  5
F69
  8
LOGO
 10
17.028431851489984
 20
2.028114313629702
 30
0.0
 70
0
  0
VERTEX
  5
F6A
  8
LOGO
 10
16.96619443087445
 20
1.9868343917928677
 30
0.0
 70
0
  0
VERTEX
  5
F6B
  8
LOGO
 10
16.905862237420614
 20
1.9430141670737666
 30
0.0
 70
0
  0
VERTEX
  5
F6C
  8
LOGO
 10
16.846800195407912
 20
1.8966536394723992
 30
0.0
 70
0
  0
VERTEX
  5
F6D
  8
LOGO
 10
16.788373229115777
 20
1.847752808988764
 30
0.0
 70
0
  0
VERTEX
  5
F6E
  8
LOGO
 10
16.731216414264775
 20
1.7956765999022968
 30
0.0
 70
0
  0
VERTEX
  5
F6F
  8
LOGO
 10
16.679140205178307
 20
1.7448705422569621
 30
0.0
 70
0
  0
VERTEX
  5
F70
  8
LOGO
 10
16.630239374694675
 20
1.6934294088910606
 30
0.0
 70
0
  0
VERTEX
  5
F71
  8
LOGO
 10
16.584513922813873
 20
1.6407181240840254
 30
0.0
 70
0
  0
VERTEX
  5
F72
  8
LOGO
 10
16.541328773815337
 20
1.586101612115291
 30
0.0
 70
0
  0
VERTEX
  5
F73
  8
LOGO
 10
16.50131900341964
 20
1.5302149487054229
 30
0.0
 70
0
  0
VERTEX
  5
F74
  8
LOGO
 10
16.463849535906203
 20
1.4717879824132885
 30
0.0
 70
0
  0
VERTEX
  5
F75
  8
LOGO
 10
16.428285295554467
 20
1.4108207132388866
 30
0.0
 70
0
  0
VERTEX
  5
F76
  8
LOGO
 10
16.394626282364435
 20
1.3466780654616515
 30
0.0
 70
0
  0
VERTEX
  5
F77
  8
LOGO
 10
16.381289692232535
 20
1.3187347337567177
 30
0.0
 70
0
  0
VERTEX
  5
F78
  8
LOGO
 10
16.367953102100635
 20
1.2869809477283836
 30
0.0
 70
0
  0
VERTEX
  5
F79
  8
LOGO
 10
16.3552515876893
 20
1.2526868588177829
 30
0.0
 70
0
  0
VERTEX
  5
F7A
  8
LOGO
 10
16.343185148998533
 20
1.2171226184660484
 30
0.0
 70
0
  0
VERTEX
  5
F7B
  8
LOGO
 10
16.3323888617489
 20
1.181558378114314
 30
0.0
 70
0
  0
VERTEX
  5
F7C
  8
LOGO
 10
16.322227650219833
 20
1.1466292134831464
 30
0.0
 70
0
  0
VERTEX
  5
F7D
  8
LOGO
 10
16.314606741573034
 20
1.1142403517342454
 30
0.0
 70
0
  0
VERTEX
  5
F7E
  8
LOGO
 10
16.30889106008793
 20
1.0843917928676117
 30
0.0
 70
0
  0
VERTEX
  5
F7F
  8
LOGO
 10
16.30317537860283
 20
1.0412066438690768
 30
0.0
 70
0
  0
VERTEX
  5
F80
  8
LOGO
 10
16.299999999999997
 20
0.9986565705911097
 30
0.0
 70
0
  0
VERTEX
  5
F81
  8
LOGO
 10
16.299999999999997
 20
0.9567415730337083
 30
0.0
 70
0
  0
VERTEX
  5
F82
  8
LOGO
 10
16.302540302882264
 20
0.9160967269174408
 30
0.0
 70
0
  0
VERTEX
  5
F83
  8
LOGO
 10
16.30698583292623
 20
0.8779921836834398
 30
0.0
 70
0
  0
VERTEX
  5
F84
  8
LOGO
 10
16.314606741573034
 20
0.8411577918905718
 30
0.0
 70
0
  0
VERTEX
  5
F85
  8
LOGO
 10
16.3247679531021
 20
0.807498778700538
 30
0.0
 70
0
  0
VERTEX
  5
F86
  8
LOGO
 10
16.337469467513433
 20
0.7763800683927705
 30
0.0
 70
0
  0
VERTEX
  5
F87
  8
LOGO
 10
16.346995603321933
 20
0.7573277967757701
 30
0.0
 70
0
  0
VERTEX
  5
F88
  8
LOGO
 10
16.358426966292132
 20
0.7376404494382027
 30
0.0
 70
0
  0
VERTEX
  5
F89
  8
LOGO
 10
16.370493404982902
 20
0.7173180263800686
 30
0.0
 70
0
  0
VERTEX
  5
F8A
  8
LOGO
 10
16.3838299951148
 20
0.6982657547630682
 30
0.0
 70
0
  0
VERTEX
  5
F8B
  8
LOGO
 10
16.396531509526135
 20
0.6798485588666344
 30
0.0
 70
0
  0
VERTEX
  5
F8C
  8
LOGO
 10
16.409868099658034
 20
0.6633365901319006
 30
0.0
 70
0
  0
VERTEX
  5
F8D
  8
LOGO
 10
16.4219345383488
 20
0.6500000000000001
 30
0.0
 70
0
  0
VERTEX
  5
F8E
  8
LOGO
 10
16.432730825598437
 20
0.6392037127503669
 30
0.0
 70
0
  0
VERTEX
  5
F8F
  8
LOGO
 10
16.446702491450903
 20
0.628407425500733
 30
0.0
 70
0
  0
VERTEX
  5
F90
  8
LOGO
 10
16.46257938446507
 20
0.6176111382510999
 30
0.0
 70
0
  0
VERTEX
  5
F91
  8
LOGO
 10
16.47972642892037
 20
0.6068148510014659
 30
0.0
 70
0
  0
VERTEX
  5
F92
  8
LOGO
 10
16.498143624816805
 20
0.5966536394723989
 30
0.0
 70
0
  0
VERTEX
  5
F93
  8
LOGO
 10
16.51592574499267
 20
0.5877625793844654
 30
0.0
 70
0
  0
VERTEX
  5
F94
  8
LOGO
 10
16.534342940889104
 20
0.5795065950170989
 30
0.0
 70
0
  0
VERTEX
  5
F95
  8
LOGO
 10
16.551489985344404
 20
0.5731558378114321
 30
0.0
 70
0
  0
VERTEX
  5
F96
  8
LOGO
 10
16.56800195407914
 20
0.5680752320468981
 30
0.0
 70
0
  0
VERTEX
  5
F97
  8
LOGO
 10
16.589594528578406
 20
0.562994626282365
 30
0.0
 70
0
  0
VERTEX
  5
F98
  8
LOGO
 10
16.613092330239372
 20
0.5598192476795315
 30
0.0
 70
0
  0
VERTEX
  5
F99
  8
LOGO
 10
16.63849535906204
 20
0.5579140205178311
 30
0.0
 70
0
  0
VERTEX
  5
F9A
  8
LOGO
 10
16.664533463605274
 20
0.5572789447972649
 30
0.0
 70
0
  0
VERTEX
  5
F9B
  8
LOGO
 10
16.691206643869076
 20
0.5585490962383979
 30
0.0
 70
0
  0
VERTEX
  5
F9C
  8
LOGO
 10
16.718514899853442
 20
0.5610893991206645
 30
0.0
 70
0
  0
VERTEX
  5
F9D
  8
LOGO
 10
16.745188080117245
 20
0.5655349291646316
 30
0.0
 70
0
  0
VERTEX
  5
F9E
  8
LOGO
 10
16.771226184660478
 20
0.5706155349291647
 30
0.0
 70
0
  0
VERTEX
  5
F9F
  8
LOGO
 10
16.796629213483143
 20
0.5776013678553984
 30
0.0
 70
0
  0
VERTEX
  5
FA0
  8
LOGO
 10
16.82457254518808
 20
0.5864924279433318
 30
0.0
 70
0
  0
VERTEX
  5
FA1
  8
LOGO
 10
16.854421104054712
 20
0.5966536394723989
 30
0.0
 70
0
  0
VERTEX
  5
FA2
  8
LOGO
 10
16.884904738641914
 20
0.6087200781631658
 30
0.0
 70
0
  0
VERTEX
  5
FA3
  8
LOGO
 10
16.91602344894968
 20
0.6214215925744994
 30
0.0
 70
0
  0
VERTEX
  5
FA4
  8
LOGO
 10
16.94714215925745
 20
0.6347581827063998
 30
0.0
 70
0
  0
VERTEX
  5
FA5
  8
LOGO
 10
16.976990718124082
 20
0.6487298485588672
 30
0.0
 70
0
  0
VERTEX
  5
FA6
  8
LOGO
 10
17.00429897410845
 20
0.6627015144113338
 30
0.0
 70
0
  0
VERTEX
  5
FA7
  8
LOGO
 10
17.09257449926722
 20
0.7128724963361023
 30
0.0
 70
0
  0
VERTEX
  5
FA8
  8
LOGO
 10
17.189741084513923
 20
0.7744748412310701
 30
0.0
 70
0
  0
VERTEX
  5
FA9
  8
LOGO
 10
17.29325842696629
 20
0.8443331704934052
 30
0.0
 70
0
  0
VERTEX
  5
FAA
  8
LOGO
 10
17.401221299462627
 20
0.9224474841231077
 30
0.0
 70
0
  0
VERTEX
  5
FAB
  8
LOGO
 10
17.510454323400097
 20
1.0050073277967764
 30
0.0
 70
0
  0
VERTEX
  5
FAC
  8
LOGO
 10
17.617782120175868
 20
1.0913776257938448
 30
0.0
 70
0
  0
VERTEX
  5
FAD
  8
LOGO
 10
17.721299462628235
 20
1.1790180752320474
 30
0.0
 70
0
  0
VERTEX
  5
FAE
  8
LOGO
 10
17.817830972154372
 20
1.2653883732291165
 30
0.0
 70
0
  0
VERTEX
  5
FAF
  8
LOGO
 10
17.916267708842206
 20
1.360014655593552
 30
0.0
 70
0
  0
VERTEX
  5
FB0
  8
LOGO
 10
18.007083536883243
 20
1.4546409379579879
 30
0.0
 70
0
  0
VERTEX
  5
FB1
  8
LOGO
 10
18.09154860771861
 20
1.5492672203224234
 30
0.0
 70
0
  0
VERTEX
  5
FB2
  8
LOGO
 10
18.167757694186612
 20
1.642623351245726
 30
0.0
 70
0
  0
VERTEX
  5
FB3
  8
LOGO
 10
18.235710796287247
 20
1.734074255007328
 30
0.0
 70
0
  0
VERTEX
  5
FB4
  8
LOGO
 10
18.29477283829995
 20
1.8229848558866637
 30
0.0
 70
0
  0
VERTEX
  5
FB5
  8
LOGO
 10
18.343673668783584
 20
1.908085002442599
 30
0.0
 70
0
  0
VERTEX
  5
FB6
  8
LOGO
 10
18.382413287738153
 20
1.988739618954568
 30
0.0
 70
0
  0
VERTEX
  5
FB7
  8
LOGO
 10
18.395749877870053
 20
2.0243038593063027
 30
0.0
 70
0
  0
VERTEX
  5
FB8
  8
LOGO
 10
18.406546165119686
 20
2.0585979482169035
 30
0.0
 70
0
  0
VERTEX
  5
FB9
  8
LOGO
 10
18.414167073766485
 20
2.0916218856863704
 30
0.0
 70
0
  0
VERTEX
  5
FBA
  8
LOGO
 10
18.417977528089885
 20
2.1233756717147045
 30
0.0
 70
0
  0
VERTEX
  5
FBB
  8
LOGO
 10
18.41924767953102
 20
2.1532242305813387
 30
0.0
 70
0
  0
VERTEX
  5
FBC
  8
LOGO
 10
18.416707376648752
 20
2.180532486565706
 30
0.0
 70
0
  0
VERTEX
  5
FBD
  8
LOGO
 10
18.41162677088422
 20
2.2053004396678073
 30
0.0
 70
0
  0
VERTEX
  5
FBE
  8
LOGO
 10
18.402735710796286
 20
2.226893014167074
 30
0.0
 70
0
  0
VERTEX
  5
FBF
  8
LOGO
 10
18.38685881778212
 20
2.2516609672691748
 30
0.0
 70
0
  0
VERTEX
  5
FC0
  8
LOGO
 10
18.364631167562287
 20
2.2738886174890087
 30
0.0
 70
0
  0
VERTEX
  5
FC1
  8
LOGO
 10
18.337322911577917
 20
2.2942110405471428
 30
0.0
 70
0
  0
VERTEX
  5
FC2
  8
LOGO
 10
18.304934049829015
 20
2.3119931607230098
 30
0.0
 70
0
  0
VERTEX
  5
FC3
  8
LOGO
 10
18.267464582315583
 20
2.32723497801661
 30
0.0
 70
0
  0
VERTEX
  5
FC4
  8
LOGO
 10
18.22554958475818
 20
2.3399364924279435
 30
0.0
 70
0
  0
VERTEX
  5
FC5
  8
LOGO
 10
18.17918905715681
 20
2.3494626282364437
 30
0.0
 70
0
  0
VERTEX
  5
FC6
  8
LOGO
 10
18.129018075232047
 20
2.3564484611626773
 30
0.0
 70
0
  0
VERTEX
  5
FC7
  8
LOGO
 10
18.104250122129944
 20
2.358353688324377
 30
0.0
 70
0
  0
VERTEX
  5
FC8
  8
LOGO
 10
18.083292623351245
 20
2.3602589154860776
 30
0.0
 70
0
  0
VERTEX
  5
FC9
  8
LOGO
 10
18.064240351734245
 20
2.3615290669272104
 30
0.0
 70
0
  0
VERTEX
  5
FCA
  8
LOGO
 10
18.046458231558375
 20
2.3615290669272104
 30
0.0
 70
0
  0
VERTEX
  5
FCB
  8
LOGO
 10
18.027405959941376
 20
2.3615290669272104
 30
0.0
 70
0
  0
VERTEX
  5
FCC
  8
LOGO
 10
18.007083536883243
 20
2.3602589154860776
 30
0.0
 70
0
  0
VERTEX
  5
FCD
  8
LOGO
 10
17.983585735222274
 20
2.358353688324377
 30
0.0
 70
0
  0
SEQEND
  5
F5D
  8
LOGO
  0
POLYLINE
  5
FCE
  8
LOGO
 66
1
 10
0.0
 20
0.0
 30
0.0
 70
1
  0
VERTEX
  5
FD0
  8
LOGO
 10
20.217782120175865
 20
2.224987787005374
 30
0.0
 70
0
  0
VERTEX
  5
FD1
  8
LOGO
 10
20.1904738641915
 20
2.222447484123107
 30
0.0
 70
0
  0
VERTEX
  5
FD2
  8
LOGO
 10
20.156814851001464
 20
2.218637029799707
 30
0.0
 70
0
  0
VERTEX
  5
FD3
  8
LOGO
 10
20.11871030776746
 20
2.212921348314607
 30
0.0
 70
0
  0
VERTEX
  5
FD4
  8
LOGO
 10
20.078065461651196
 20
2.20657059110894
 30
0.0
 70
0
  0
VERTEX
  5
FD5
  8
LOGO
 10
20.03678553981436
 20
2.2002198339032732
 30
0.0
 70
0
  0
VERTEX
  5
FD6
  8
LOGO
 10
19.996140693698095
 20
2.1932340009770397
 30
0.0
 70
0
  0
VERTEX
  5
FD7
  8
LOGO
 10
19.959306301905226
 20
2.18561309233024
 30
0.0
 70
0
  0
VERTEX
  5
FD8
  8
LOGO
 10
19.92755251587689
 20
2.179262335124573
 30
0.0
 70
0
  0
VERTEX
  5
FD9
  8
LOGO
 10
19.83038593063019
 20
2.1551294577430387
 30
0.0
 70
0
  0
VERTEX
  5
FDA
  8
LOGO
 10
19.73639472398632
 20
2.1290913531998052
 30
0.0
 70
0
  0
VERTEX
  5
FDB
  8
LOGO
 10
19.64430874450415
 20
2.0992427943331706
 30
0.0
 70
0
  0
VERTEX
  5
FDC
  8
LOGO
 10
19.551587689301414
 20
2.065583781143137
 30
0.0
 70
0
  0
VERTEX
  5
FDD
  8
LOGO
 10
19.457596482657546
 20
2.027479237909136
 30
0.0
 70
0
  0
VERTEX
  5
FDE
  8
LOGO
 10
19.36106497313141
 20
1.984929164631168
 30
0.0
 70
0
  0
VERTEX
  5
FDF
  8
LOGO
 10
19.26008793356131
 20
1.936028334147533
 30
0.0
 70
0
  0
VERTEX
  5
FE0
  8
LOGO
 10
19.15403028822667
 20
1.8820468978993652
 30
0.0
 70
0
  0
VERTEX
  5
FE1
  8
LOGO
 10
19.110845139228136
 20
1.859184171958965
 30
0.0
 70
0
  0
VERTEX
  5
FE2
  8
LOGO
 10
19.070835368832437
 20
1.836956521739131
 30
0.0
 70
0
  0
VERTEX
  5
FE3
  8
LOGO
 10
19.032730825598435
 20
1.8159990229604301
 30
0.0
 70
0
  0
VERTEX
  5
FE4
  8
LOGO
 10
18.994626282364433
 20
1.7937713727405962
 30
0.0
 70
0
  0
VERTEX
  5
FE5
  8
LOGO
 10
18.955886663409867
 20
1.7702735710796296
 30
0.0
 70
0
  0
VERTEX
  5
FE6
  8
LOGO
 10
18.915241817293598
 20
1.7455056179775281
 30
0.0
 70
0
  0
VERTEX
  5
FE7
  8
LOGO
 10
18.8714215925745
 20
1.718197361993161
 30
0.0
 70
0
  0
VERTEX
  5
FE8
  8
LOGO
 10
18.823790913531997
 20
1.6870786516853937
 30
0.0
 70
0
  0
VERTEX
  5
FE9
  8
LOGO
 10
18.709477283829994
 20
1.6108695652173919
 30
0.0
 70
0
  0
VERTEX
  5
FEA
  8
LOGO
 10
18.588812896922324
 20
1.5257694186614565
 30
0.0
 70
0
  0
VERTEX
  5
FEB
  8
LOGO
 10
18.462432828529554
 20
1.431778212017587
 30
0.0
 70
0
  0
VERTEX
  5
FEC
  8
LOGO
 10
18.329702002931118
 20
1.3288959452857847
 30
0.0
 70
0
  0
VERTEX
  5
FED
  8
LOGO
 10
18.18998534440645
 20
1.2164875427454815
 30
0.0
 70
0
  0
VERTEX
  5
FEE
  8
LOGO
 10
18.04391792867611
 20
1.095188080117245
 30
0.0
 70
0
  0
VERTEX
  5
FEF
  8
LOGO
 10
17.89086468001954
 20
0.963727405959942
 30
0.0
 70
0
  0
VERTEX
  5
FF0
  8
LOGO
 10
17.730825598436734
 20
0.8227405959941382
 30
0.0
 70
0
  0
VERTEX
  5
FF1
  8
LOGO
 10
17.53649242794333
 20
0.6461895456766006
 30
0.0
 70
0
  0
VERTEX
  5
FF2
  8
LOGO
 10
17.362481680508058
 20
0.47979970688812934
 30
0.0
 70
0
  0
VERTEX
  5
FF3
  8
LOGO
 10
17.206253053248656
 20
0.32103077674645863
 30
0.0
 70
0
  0
VERTEX
  5
FF4
  8
LOGO
 10
17.06590131900342
 20
0.16797752808988792
 30
0.0
 70
0
  0
VERTEX
  5
FF5
  8
LOGO
 10
16.940791402051783
 20
0.018734733756717435
 30
0.0
 70
0
  0
VERTEX
  5
FF6
  8
LOGO
 10
16.827112848070346
 20
-0.1292379091353194
 30
0.0
 70
0
  0
VERTEX
  5
FF7
  8
LOGO
 10
16.72486565705911
 20
-0.27784562774792304
 30
0.0
 70
0
  0
VERTEX
  5
FF8
  8
LOGO
 10
16.630239374694675
 20
-0.428993649242794
 30
0.0
 70
0
  0
VERTEX
  5
FF9
  8
LOGO
 10
16.609281875915972
 20
-0.4664631167562282
 30
0.0
 70
0
  0
VERTEX
  5
FFA
  8
LOGO
 10
16.58705422569614
 20
-0.5077430385930626
 30
0.0
 70
0
  0
VERTEX
  5
FFB
  8
LOGO
 10
16.565461651196873
 20
-0.5515632633121635
 30
0.0
 70
0
  0
VERTEX
  5
FFC
  8
LOGO
 10
16.543869076697604
 20
-0.5966536394723981
 30
0.0
 70
0
  0
VERTEX
  5
FFD
  8
LOGO
 10
16.522911577918904
 20
-0.641108939912066
 30
0.0
 70
0
  0
VERTEX
  5
FFE
  8
LOGO
 10
16.50449438202247
 20
-0.6849291646311669
 30
0.0
 70
0
  0
VERTEX
  5
FFF
  8
LOGO
 10
16.487982413287735
 20
-0.7249389350268681
 30
0.0
 70
0
  0
VERTEX
  5
1000
  8
LOGO
 10
16.47401074743527
 20
-0.7617733268197358
 30
0.0
 70
0
  0
VERTEX
  5
1001
  8
LOGO
 10
16.455593551538836
 20
-0.8189301416707372
 30
0.0
 70
0
  0
VERTEX
  5
1002
  8
LOGO
 10
16.43971665852467
 20
-0.8760869565217387
 30
0.0
 70
0
  0
VERTEX
  5
1003
  8
LOGO
 10
16.426380068392767
 20
-0.9326086956521733
 30
0.0
 70
0
  0
VERTEX
  5
1004
  8
LOGO
 10
16.4162188568637
 20
-0.9891304347826082
 30
0.0
 70
0
  0
VERTEX
  5
1005
  8
LOGO
 10
16.4085979482169
 20
-1.0456521739130429
 30
0.0
 70
0
  0
VERTEX
  5
1006
  8
LOGO
 10
16.404152418172934
 20
-1.1015388373229111
 30
0.0
 70
0
  0
VERTEX
  5
1007
  8
LOGO
 10
16.402247191011234
 20
-1.1574255007327794
 30
0.0
 70
0
  0
VERTEX
  5
1008
  8
LOGO
 10
16.4028822667318
 20
-1.2126770884220806
 30
0.0
 70
0
  0
VERTEX
  5
1009
  8
LOGO
 10
16.406057645334634
 20
-1.2666585246702486
 30
0.0
 70
0
  0
VERTEX
  5
100A
  8
LOGO
 10
16.411138251099167
 20
-1.3180996580361501
 30
0.0
 70
0
  0
VERTEX
  5
100B
  8
LOGO
 10
16.418759159745967
 20
-1.3682706399609181
 30
0.0
 70
0
  0
VERTEX
  5
100C
  8
LOGO
 10
16.428920371275034
 20
-1.4165363947239862
 30
0.0
 70
0
  0
VERTEX
  5
100D
  8
LOGO
 10
16.440986809965803
 20
-1.4635319980459203
 30
0.0
 70
0
  0
VERTEX
  5
100E
  8
LOGO
 10
16.456228627259403
 20
-1.5092574499267215
 30
0.0
 70
0
  0
VERTEX
  5
100F
  8
LOGO
 10
16.473375671714702
 20
-1.5537127503663892
 30
0.0
 70
0
  0
VERTEX
  5
1010
  8
LOGO
 10
16.493063019052272
 20
-1.5981680508060572
 30
0.0
 70
0
  0
VERTEX
  5
1011
  8
LOGO
 10
16.500048851978505
 20
-1.6134098680996576
 30
0.0
 70
0
  0
VERTEX
  5
1012
  8
LOGO
 10
16.50830483634587
 20
-1.6292867611138246
 30
0.0
 70
0
  0
VERTEX
  5
1013
  8
LOGO
 10
16.517195896433805
 20
-1.6457987298485584
 30
0.0
 70
0
  0
VERTEX
  5
1014
  8
LOGO
 10
16.52545188080117
 20
-1.6616756228627254
 30
0.0
 70
0
  0
VERTEX
  5
1015
  8
LOGO
 10
16.534342940889104
 20
-1.6775525158768925
 30
0.0
 70
0
  0
VERTEX
  5
1016
  8
LOGO
 10
16.54259892525647
 20
-1.6921592574499262
 30
0.0
 70
0
  0
VERTEX
  5
1017
  8
LOGO
 10
16.55021983390327
 20
-1.7048607718612598
 30
0.0
 70
0
  0
VERTEX
  5
1018
  8
LOGO
 10
16.556570591108937
 20
-1.7156570591108935
 30
0.0
 70
0
  0
VERTEX
  5
1019
  8
LOGO
 10
16.582608695652173
 20
-1.7537616023448943
 30
0.0
 70
0
  0
VERTEX
  5
101A
  8
LOGO
 10
16.611187103077672
 20
-1.7918661455788956
 30
0.0
 70
0
  0
VERTEX
  5
101B
  8
LOGO
 10
16.64230581338544
 20
-1.8299706888128964
 30
0.0
 70
0
  0
VERTEX
  5
101C
  8
LOGO
 10
16.675329750854907
 20
-1.8680752320468974
 30
0.0
 70
0
  0
VERTEX
  5
101D
  8
LOGO
 10
16.70962383976551
 20
-1.904274548119198
 30
0.0
 70
0
  0
VERTEX
  5
101E
  8
LOGO
 10
16.74455300439668
 20
-1.9385686370297992
 30
0.0
 70
0
  0
VERTEX
  5
101F
  8
LOGO
 10
16.779482169027844
 20
-1.9709574987787
 30
0.0
 70
0
  0
VERTEX
  5
1020
  8
LOGO
 10
16.813776257938446
 20
-2.0001709819247675
 30
0.0
 70
0
  0
VERTEX
  5
1021
  8
LOGO
 10
16.837274059599412
 20
-2.017318026380068
 30
0.0
 70
0
  0
VERTEX
  5
1022
  8
LOGO
 10
16.86394723986321
 20
-2.0370053737176352
 30
0.0
 70
0
  0
VERTEX
  5
1023
  8
LOGO
 10
16.89316072300928
 20
-2.0566927210552017
 30
0.0
 70
0
  0
VERTEX
  5
1024
  8
LOGO
 10
16.924279433317047
 20
-2.077015144113336
 30
0.0
 70
0
  0
VERTEX
  5
1025
  8
LOGO
 10
16.95476306790425
 20
-2.096702491450903
 30
0.0
 70
0
  0
VERTEX
  5
1026
  8
LOGO
 10
16.985246702491448
 20
-2.11448461162677
 30
0.0
 70
0
  0
VERTEX
  5
1027
  8
LOGO
 10
17.013190034196384
 20
-2.1309965803615043
 30
0.0
 70
0
  0
VERTEX
  5
1028
  8
LOGO
 10
17.037322911577917
 20
-2.143698094772838
 30
0.0
 70
0
  0
VERTEX
  5
1029
  8
LOGO
 10
17.115437225207618
 20
-2.1798974108451388
 30
0.0
 70
0
  0
VERTEX
  5
102A
  8
LOGO
 10
17.198632144601856
 20
-2.212921348314606
 30
0.0
 70
0
  0
VERTEX
  5
102B
  8
LOGO
 10
17.286272594040057
 20
-2.2427699071812404
 30
0.0
 70
0
  0
VERTEX
  5
102C
  8
LOGO
 10
17.378358573522227
 20
-2.268808011724474
 30
0.0
 70
0
  0
VERTEX
  5
102D
  8
LOGO
 10
17.475525158768928
 20
-2.291670737664875
 30
0.0
 70
0
  0
VERTEX
  5
102E
  8
LOGO
 10
17.5771372740596
 20
-2.310723009281875
 30
0.0
 70
0
  0
VERTEX
  5
102F
  8
LOGO
 10
17.683829995114802
 20
-2.3272349780166093
 30
0.0
 70
0
  0
VERTEX
  5
1030
  8
LOGO
 10
17.79496824621397
 20
-2.339301416707376
 30
0.0
 70
0
  0
VERTEX
  5
1031
  8
LOGO
 10
17.86736687835857
 20
-2.345652173913043
 30
0.0
 70
0
  0
VERTEX
  5
1032
  8
LOGO
 10
17.94294088910601
 20
-2.350732779677576
 30
0.0
 70
0
  0
VERTEX
  5
1033
  8
LOGO
 10
18.026135808500243
 20
-2.3545432340009764
 30
0.0
 70
0
  0
VERTEX
  5
1034
  8
LOGO
 10
18.120127015144114
 20
-2.3577186126038097
 30
0.0
 70
0
  0
VERTEX
  5
1035
  8
LOGO
 10
18.228724963361014
 20
-2.35962383976551
 30
0.0
 70
0
  0
VERTEX
  5
1036
  8
LOGO
 10
18.355105031753784
 20
-2.3608939912066433
 30
0.0
 70
0
  0
VERTEX
  5
1037
  8
LOGO
 10
18.50371275036639
 20
-2.3615290669272095
 30
0.0
 70
0
  0
VERTEX
  5
1038
  8
LOGO
 10
18.677723497801658
 20
-2.3615290669272095
 30
0.0
 70
0
  0
VERTEX
  5
1039
  8
LOGO
 10
18.998436736687836
 20
-2.3602589154860762
 30
0.0
 70
0
  0
VERTEX
  5
103A
  8
LOGO
 10
19.26389838788471
 20
-2.357083536883243
 30
0.0
 70
0
  0
VERTEX
  5
103B
  8
LOGO
 10
19.482999511480212
 20
-2.3526380068392765
 30
0.0
 70
0
  0
VERTEX
  5
103C
  8
LOGO
 10
19.66526624328285
 20
-2.345652173913043
 30
0.0
 70
0
  0
VERTEX
  5
103D
  8
LOGO
 10
19.818319491939423
 20
-2.335490962383976
 30
0.0
 70
0
  0
VERTEX
  5
103E
  8
LOGO
 10
19.952320468978993
 20
-2.3227894479726423
 30
0.0
 70
0
  0
VERTEX
  5
103F
  8
LOGO
 10
20.076160234489496
 20
-2.3062774792379086
 30
0.0
 70
0
  0
VERTEX
  5
1040
  8
LOGO
 10
20.1980947728383
 20
-2.285319980459208
 30
0.0
 70
0
  0
VERTEX
  5
1041
  8
LOGO
 10
20.2609672691744
 20
-2.272618466047874
 30
0.0
 70
0
  0
VERTEX
  5
1042
  8
LOGO
 10
20.32066438690767
 20
-2.259281875915974
 30
0.0
 70
0
  0
VERTEX
  5
1043
  8
LOGO
 10
20.376551050317538
 20
-2.2446751343429403
 30
0.0
 70
0
  0
VERTEX
  5
1044
  8
LOGO
 10
20.427992183683436
 20
-2.22943331704934
 30
0.0
 70
0
  0
VERTEX
  5
1045
  8
LOGO
 10
20.47498778700537
 20
-2.213556424035173
 30
0.0
 70
0
  0
VERTEX
  5
1046
  8
LOGO
 10
20.516267708842207
 20
-2.197044455300439
 30
0.0
 70
0
  0
VERTEX
  5
1047
  8
LOGO
 10
20.55183194919394
 20
-2.181167562286272
 30
0.0
 70
0
  0
VERTEX
  5
1048
  8
LOGO
 10
20.58104543234001
 20
-2.1646555935515384
 30
0.0
 70
0
  0
VERTEX
  5
1049
  8
LOGO
 10
20.602638006839275
 20
-2.149413776257938
 30
0.0
 70
0
  0
VERTEX
  5
104A
  8
LOGO
 10
20.62105520273571
 20
-2.133536883243771
 30
0.0
 70
0
  0
VERTEX
  5
104B
  8
LOGO
 10
20.637567171470444
 20
-2.1163898387884705
 30
0.0
 70
0
  0
VERTEX
  5
104C
  8
LOGO
 10
20.650903761602343
 20
-2.098607718612603
 30
0.0
 70
0
  0
VERTEX
  5
104D
  8
LOGO
 10
20.66106497313141
 20
-2.0801905227161694
 30
0.0
 70
0
  0
VERTEX
  5
104E
  8
LOGO
 10
20.66868588177821
 20
-2.061138251099169
 30
0.0
 70
0
  0
VERTEX
  5
104F
  8
LOGO
 10
20.673131411822176
 20
-2.042085979482169
 30
0.0
 70
0
  0
VERTEX
  5
1050
  8
LOGO
 10
20.675036638983876
 20
-2.021763556424035
 30
0.0
 70
0
  0
VERTEX
  5
1051
  8
LOGO
 10
20.673766487542743
 20
-2.0096971177332676
 30
0.0
 70
0
  0
VERTEX
  5
1052
  8
LOGO
 10
20.669956033219343
 20
-1.9957254518808007
 30
0.0
 70
0
  0
VERTEX
  5
1053
  8
LOGO
 10
20.663605276013676
 20
-1.9804836345872
 30
0.0
 70
0
  0
VERTEX
  5
1054
  8
LOGO
 10
20.65534929164631
 20
-1.964606741573033
 30
0.0
 70
0
  0
VERTEX
  5
1055
  8
LOGO
 10
20.645188080117244
 20
-1.948729848558866
 30
0.0
 70
0
  0
VERTEX
  5
1056
  8
LOGO
 10
20.633121641426477
 20
-1.932852955544699
 30
0.0
 70
0
  0
VERTEX
  5
1057
  8
LOGO
 10
20.619785051294574
 20
-1.9176111382510987
 30
0.0
 70
0
  0
VERTEX
  5
1058
  8
LOGO
 10
20.60517830972154
 20
-1.9030043966780648
 30
0.0
 70
0
  0
VERTEX
  5
1059
  8
LOGO
 10
20.58295065950171
 20
-1.8839521250610645
 30
0.0
 70
0
  0
VERTEX
  5
105A
  8
LOGO
 10
20.54802149487054
 20
-1.8553737176355636
 30
0.0
 70
0
  0
VERTEX
  5
105B
  8
LOGO
 10
20.501025891548608
 20
-1.8191744015632627
 30
0.0
 70
0
  0
VERTEX
  5
105C
  8
LOGO
 10
20.442598925256473
 20
-1.7747191011235948
 30
0.0
 70
0
  0
VERTEX
  5
105D
  8
LOGO
 10
20.374645823155838
 20
-1.7239130434782601
 30
0.0
 70
0
  0
VERTEX
  5
105E
  8
LOGO
 10
20.297801660967266
 20
-1.6667562286272588
 30
0.0
 70
0
  0
VERTEX
  5
105F
  8
LOGO
 10
20.212701514411332
 20
-1.6038837322911572
 30
0.0
 70
0
  0
VERTEX
  5
1060
  8
LOGO
 10
20.1199804592086
 20
-1.536565705911089
 30
0.0
 70
0
  0
VERTEX
  5
1061
  8
LOGO
 10
19.918661455788957
 20
-1.3904982901807519
 30
0.0
 70
0
  0
VERTEX
  5
1062
  8
LOGO
 10
19.75925744992672
 20
-1.2730092818759156
 30
0.0
 70
0
  0
VERTEX
  5
1063
  8
LOGO
 10
19.634147532975085
 20
-1.1802882266731796
 30
0.0
 70
0
  0
VERTEX
  5
1064
  8
LOGO
 10
19.537616023448948
 20
-1.1059843673668777
 30
0.0
 70
0
  0
VERTEX
  5
1065
  8
LOGO
 10
19.462042012701513
 20
-1.0456521739130429
 30
0.0
 70
0
  0
VERTEX
  5
1066
  8
LOGO
 10
19.401709819247678
 20
-0.9935759648265751
 30
0.0
 70
0
  0
VERTEX
  5
1067
  8
LOGO
 10
19.350268685881776
 20
-0.9446751343429405
 30
0.0
 70
0
  0
VERTEX
  5
1068
  8
LOGO
 10
19.300097703957007
 20
-0.8945041524181724
 30
0.0
 70
0
  0
VERTEX
  5
1069
  8
LOGO
 10
19.27342452369321
 20
-0.8665608207132385
 30
0.0
 70
0
  0
VERTEX
  5
106A
  8
LOGO
 10
19.249926722032242
 20
-0.839252564728871
 30
0.0
 70
0
  0
VERTEX
  5
106B
  8
LOGO
 10
19.22896922325354
 20
-0.8132144601856373
 30
0.0
 70
0
  0
VERTEX
  5
106C
  8
LOGO
 10
19.20991695163654
 20
-0.7878114313629699
 30
0.0
 70
0
  0
VERTEX
  5
106D
  8
LOGO
 10
19.193404982901807
 20
-0.7624084025403026
 30
0.0
 70
0
  0
VERTEX
  5
106E
  8
LOGO
 10
19.17879824132877
 20
-0.7376404494382017
 30
0.0
 70
0
  0
VERTEX
  5
106F
  8
LOGO
 10
19.166096726917438
 20
-0.7122374206155344
 30
0.0
 70
0
  0
VERTEX
  5
1070
  8
LOGO
 10
19.155300439667805
 20
-0.6861993160723007
 30
0.0
 70
0
  0
VERTEX
  5
1071
  8
LOGO
 10
19.149584758182705
 20
-0.6722276502198332
 30
0.0
 70
0
  0
VERTEX
  5
1072
  8
LOGO
 10
19.14513922813874
 20
-0.6588910600879332
 30
0.0
 70
0
  0
VERTEX
  5
1073
  8
LOGO
 10
19.14132877381534
 20
-0.6474596971177328
 30
0.0
 70
0
  0
VERTEX
  5
1074
  8
LOGO
 10
19.138788470933072
 20
-0.6360283341475325
 30
0.0
 70
0
  0
VERTEX
  5
1075
  8
LOGO
 10
19.13751831949194
 20
-0.6239618954567656
 30
0.0
 70
0
  0
VERTEX
  5
1076
  8
LOGO
 10
19.136248168050805
 20
-0.6106253053248651
 30
0.0
 70
0
  0
VERTEX
  5
1077
  8
LOGO
 10
19.13561309233024
 20
-0.5953834880312648
 30
0.0
 70
0
  0
VERTEX
  5
1078
  8
LOGO
 10
19.13561309233024
 20
-0.5776013678553976
 30
0.0
 70
0
  0
VERTEX
  5
1079
  8
LOGO
 10
19.13561309233024
 20
-0.5598192476795305
 30
0.0
 70
0
  0
VERTEX
  5
107A
  8
LOGO
 10
19.13561309233024
 20
-0.5445774303859302
 30
0.0
 70
0
  0
VERTEX
  5
107B
  8
LOGO
 10
19.136883243771372
 20
-0.5312408402540297
 30
0.0
 70
0
  0
VERTEX
  5
107C
  8
LOGO
 10
19.138153395212505
 20
-0.5191744015632629
 30
0.0
 70
0
  0
VERTEX
  5
107D
  8
LOGO
 10
19.140693698094772
 20
-0.5077430385930626
 30
0.0
 70
0
  0
VERTEX
  5
107E
  8
LOGO
 10
19.143869076697605
 20
-0.49567659990229573
 30
0.0
 70
0
  0
VERTEX
  5
107F
  8
LOGO
 10
19.14831460674157
 20
-0.4823400097703952
 30
0.0
 70
0
  0
VERTEX
  5
1080
  8
LOGO
 10
19.153395212506105
 20
-0.46773326819736183
 30
0.0
 70
0
  0
VERTEX
  5
1081
  8
LOGO
 10
19.15784074255007
 20
-0.4569369809477279
 30
0.0
 70
0
  0
VERTEX
  5
1082
  8
LOGO
 10
19.162921348314605
 20
-0.44423546653639423
 30
0.0
 70
0
  0
VERTEX
  5
1083
  8
LOGO
 10
19.168637029799704
 20
-0.43153395212506057
 30
0.0
 70
0
  0
VERTEX
  5
1084
  8
LOGO
 10
19.175622862725938
 20
-0.41819736199316015
 30
0.0
 70
0
  0
VERTEX
  5
1085
  8
LOGO
 10
19.182608695652174
 20
-0.4048607718612596
 30
0.0
 70
0
  0
VERTEX
  5
1086
  8
LOGO
 10
19.189594528578407
 20
-0.39215925744992597
 30
0.0
 70
0
  0
VERTEX
  5
1087
  8
LOGO
 10
19.19658036150464
 20
-0.3800928187591592
 30
0.0
 70
0
  0
VERTEX
  5
1088
  8
LOGO
 10
19.203566194430874
 20
-0.36929653150952596
 30
0.0
 70
0
  0
VERTEX
  5
1089
  8
LOGO
 10
19.23277967757694
 20
-0.3280166096726916
 30
0.0
 70
0
  0
VERTEX
  5
108A
  8
LOGO
 10
19.26897899364924
 20
-0.28610161211529034
 30
0.0
 70
0
  0
VERTEX
  5
108B
  8
LOGO
 10
19.311529066927207
 20
-0.24228138739618937
 30
0.0
 70
0
  0
VERTEX
  5
108C
  8
LOGO
 10
19.359794821690276
 20
-0.1984611626770877
 30
0.0
 70
0
  0
VERTEX
  5
108D
  8
LOGO
 10
19.41441133365901
 20
-0.1533707865168538
 30
0.0
 70
0
  0
VERTEX
  5
108E
  8
LOGO
 10
19.473473375671713
 20
-0.10828041035661916
 30
0.0
 70
0
  0
VERTEX
  5
108F
  8
LOGO
 10
19.538251099169514
 20
-0.0625549584758177
 30
0.0
 70
0
  0
VERTEX
  5
1090
  8
LOGO
 10
19.60810942843185
 20
-0.01746458231558306
 30
0.0
 70
0
  0
VERTEX
  5
1091
  8
LOGO
 10
19.662725940400584
 20
0.01555935515388402
 30
0.0
 70
0
  0
VERTEX
  5
1092
  8
LOGO
 10
19.720517830972152
 20
0.049853444064484755
 30
0.0
 70
0
  0
VERTEX
  5
1093
  8
LOGO
 10
19.783390327308254
 20
0.08605276013678598
 30
0.0
 70
0
  0
VERTEX
  5
1094
  8
LOGO
 10
19.85324865657059
 20
0.12479237909135378
 30
0.0
 70
0
  0
VERTEX
  5
1095
  8
LOGO
 10
19.931998045920857
 20
0.16734245236932108
 30
0.0
 70
0
  0
VERTEX
  5
1096
  8
LOGO
 10
20.020273571079628
 20
0.21370297997068938
 30
0.0
 70
0
  0
VERTEX
  5
1097
  8
LOGO
 10
20.1199804592086
 20
0.2657791890571569
 30
0.0
 70
0
  0
VERTEX
  5
1098
  8
LOGO
 10
20.23365901319003
 20
0.32420615534929204
 30
0.0
 70
0
  0
VERTEX
  5
1099
  8
LOGO
 10
20.38925256472887
 20
0.40422569614069426
 30
0.0
 70
0
  0
VERTEX
  5
109A
  8
LOGO
 10
20.520713238886174
 20
0.4715437225207628
 30
0.0
 70
0
  0
VERTEX
  5
109B
  8
LOGO
 10
20.629946262823644
 20
0.5274303859306306
 30
0.0
 70
0
  0
VERTEX
  5
109C
  8
LOGO
 10
20.718856863702978
 20
0.5731558378114321
 30
0.0
 70
0
  0
VERTEX
  5
109D
  8
LOGO
 10
20.789985344406446
 20
0.6106253053248661
 30
0.0
 70
0
  0
VERTEX
  5
109E
  8
LOGO
 10
20.845236932095748
 20
0.6392037127503669
 30
0.0
 70
0
  0
VERTEX
  5
109F
  8
LOGO
 10
20.886516853932584
 20
0.6614313629702008
 30
0.0
 70
0
  0
VERTEX
  5
10A0
  8
LOGO
 10
20.916365412799216
 20
0.6779433317049348
 30
0.0
 70
0
  0
VERTEX
  5
10A1
  8
LOGO
 10
20.99829018075232
 20
0.7249389350268691
 30
0.0
 70
0
  0
VERTEX
  5
10A2
  8
LOGO
 10
21.068783585735222
 20
0.7668539325842704
 30
0.0
 70
0
  0
VERTEX
  5
10A3
  8
LOGO
 10
21.13038593063019
 20
0.8055935515388375
 30
0.0
 70
0
  0
VERTEX
  5
10A4
  8
LOGO
 10
21.18373229115779
 20
0.8411577918905718
 30
0.0
 70
0
  0
VERTEX
  5
10A5
  8
LOGO
 10
21.230727894479724
 20
0.8754518808011725
 30
0.0
 70
0
  0
VERTEX
  5
10A6
  8
LOGO
 10
21.273277967757693
 20
0.909745969711774
 30
0.0
 70
0
  0
VERTEX
  5
10A7
  8
LOGO
 10
21.313287738153395
 20
0.9446751343429416
 30
0.0
 70
0
  0
VERTEX
  5
10A8
  8
LOGO
 10
21.35202735710796
 20
0.9815095261358089
 30
0.0
 70
0
  0
VERTEX
  5
10A9
  8
LOGO
 10
21.374890083048363
 20
1.0043722520762097
 30
0.0
 70
0
  0
VERTEX
  5
10AA
  8
LOGO
 10
21.393307278944796
 20
1.02342452369321
 30
0.0
 70
0
  0
VERTEX
  5
10AB
  8
LOGO
 10
21.408549096238396
 20
1.039936492427944
 30
0.0
 70
0
  0
VERTEX
  5
10AC
  8
LOGO
 10
21.420615534929162
 20
1.0545432340009775
 30
0.0
 70
0
  0
VERTEX
  5
10AD
  8
LOGO
 10
21.43077674645823
 20
1.0685148998534446
 30
0.0
 70
0
  0
VERTEX
  5
10AE
  8
LOGO
 10
21.44030288226673
 20
1.0824865657059113
 30
0.0
 70
0
  0
VERTEX
  5
10AF
  8
LOGO
 10
21.448558866634098
 20
1.0983634587200783
 30
0.0
 70
0
  0
VERTEX
  5
10B0
  8
LOGO
 10
21.458085002442598
 20
1.116145578895946
 30
0.0
 70
0
  0
VERTEX
  5
10B1
  8
LOGO
 10
21.463800683927698
 20
1.1282120175867127
 30
0.0
 70
0
  0
VERTEX
  5
10B2
  8
LOGO
 10
21.469516365412797
 20
1.1415486077186132
 30
0.0
 70
0
  0
VERTEX
  5
10B3
  8
LOGO
 10
21.475232046897897
 20
1.154885197850513
 30
0.0
 70
0
  0
VERTEX
  5
10B4
  8
LOGO
 10
21.48031265266243
 20
1.1682217879824135
 30
0.0
 70
0
  0
VERTEX
  5
10B5
  8
LOGO
 10
21.485393258426964
 20
1.180923302393747
 30
0.0
 70
0
  0
VERTEX
  5
10B6
  8
LOGO
 10
21.489203712750367
 20
1.1923546653639479
 30
0.0
 70
0
  0
VERTEX
  5
10B7
  8
LOGO
 10
21.4923790913532
 20
1.2025158768930142
 30
0.0
 70
0
  0
VERTEX
  5
10B8
  8
LOGO
 10
21.4942843185149
 20
1.2114069369809484
 30
0.0
 70
0
  0
VERTEX
  5
10B9
  8
LOGO
 10
21.498729848558867
 20
1.2406204201270152
 30
0.0
 70
0
  0
VERTEX
  5
10BA
  8
LOGO
 10
21.5
 20
1.2755495847581828
 30
0.0
 70
0
  0
VERTEX
  5
10BB
  8
LOGO
 10
21.498729848558867
 20
1.3136541279921838
 30
0.0
 70
0
  0
VERTEX
  5
10BC
  8
LOGO
 10
21.495554469956033
 20
1.3542989741084521
 30
0.0
 70
0
  0
VERTEX
  5
10BD
  8
LOGO
 10
21.48983878847093
 20
1.3955788959452864
 30
0.0
 70
0
  0
VERTEX
  5
10BE
  8
LOGO
 10
21.48221787982413
 20
1.4362237420615538
 30
0.0
 70
0
  0
VERTEX
  5
10BF
  8
LOGO
 10
21.47269174401563
 20
1.474328285295555
 30
0.0
 70
0
  0
VERTEX
  5
10C0
  8
LOGO
 10
21.46126038104543
 20
1.5086223742061557
 30
0.0
 70
0
  0
VERTEX
  5
10C1
  8
LOGO
 10
21.453004396678065
 20
1.5283097215437231
 30
0.0
 70
0
  0
VERTEX
  5
10C2
  8
LOGO
 10
21.44220810942843
 20
1.5524425989252566
 30
0.0
 70
0
  0
VERTEX
  5
10C3
  8
LOGO
 10
21.42887151929653
 20
1.578480703468491
 30
0.0
 70
0
  0
VERTEX
  5
10C4
  8
LOGO
 10
21.414899853444062
 20
1.6064240351734247
 30
0.0
 70
0
  0
VERTEX
  5
10C5
  8
LOGO
 10
21.399658036150463
 20
1.6343673668783587
 30
0.0
 70
0
  0
VERTEX
  5
10C6
  8
LOGO
 10
21.384416218856863
 20
1.6604054714215926
 30
0.0
 70
0
  0
VERTEX
  5
10C7
  8
LOGO
 10
21.370444553004397
 20
1.6845383488031271
 30
0.0
 70
0
  0
VERTEX
  5
10C8
  8
LOGO
 10
21.35774303859306
 20
1.7035906204201274
 30
0.0
 70
0
  0
VERTEX
  5
10C9
  8
LOGO
 10
21.32344894968246
 20
1.7512212994626288
 30
0.0
 70
0
  0
VERTEX
  5
10CA
  8
LOGO
 10
21.288519785051292
 20
1.7963116756228628
 30
0.0
 70
0
  0
VERTEX
  5
10CB
  8
LOGO
 10
21.25295554469956
 20
1.838226673180264
 30
0.0
 70
0
  0
VERTEX
  5
10CC
  8
LOGO
 10
21.21612115290669
 20
1.8788715192965315
 30
0.0
 70
0
  0
VERTEX
  5
10CD
  8
LOGO
 10
21.17801660967269
 20
1.9169760625305323
 30
0.0
 70
0
  0
VERTEX
  5
10CE
  8
LOGO
 10
21.13800683927699
 20
1.9531753786028339
 30
0.0
 70
0
  0
VERTEX
  5
10CF
  8
LOGO
 10
21.096726917440154
 20
1.9881045432340012
 30
0.0
 70
0
  0
VERTEX
  5
10D0
  8
LOGO
 10
21.052906692721052
 20
2.0217635564240353
 30
0.0
 70
0
  0
VERTEX
  5
10D1
  8
LOGO
 10
21.039570102589153
 20
2.0312896922325354
 30
0.0
 70
0
  0
VERTEX
  5
10D2
  8
LOGO
 10
21.024328285295553
 20
2.041450903761602
 30
0.0
 70
0
  0
VERTEX
  5
10D3
  8
LOGO
 10
21.007181240840254
 20
2.0522471910112365
 30
0.0
 70
0
  0
VERTEX
  5
10D4
  8
LOGO
 10
20.989399120664384
 20
2.0636785539814366
 30
0.0
 70
0
  0
VERTEX
  5
10D5
  8
LOGO
 10
20.970346849047385
 20
2.075109916951637
 30
0.0
 70
0
  0
VERTEX
  5
10D6
  8
LOGO
 10
20.951929653150952
 20
2.08590620420127
 30
0.0
 70
0
  0
VERTEX
  5
10D7
  8
LOGO
 10
20.93351245725452
 20
2.0954323400097707
 30
0.0
 70
0
  0
VERTEX
  5
10D8
  8
LOGO
 10
20.916365412799216
 20
2.104958475818271
 30
0.0
 70
0
  0
VERTEX
  5
10D9
  8
LOGO
 10
20.850952613580848
 20
2.1354421104054717
 30
0.0
 70
0
  0
VERTEX
  5
10DA
  8
LOGO
 10
20.786174890083046
 20
2.162115290669272
 30
0.0
 70
0
  0
VERTEX
  5
10DB
  8
LOGO
 10
20.72012701514411
 20
2.1837078651685395
 30
0.0
 70
0
  0
VERTEX
  5
10DC
  8
LOGO
 10
20.652808988764043
 20
2.20085490962384
 30
0.0
 70
0
  0
VERTEX
  5
10DD
  8
LOGO
 10
20.583585735222275
 20
2.2135564240351737
 30
0.0
 70
0
  0
VERTEX
  5
10DE
  8
LOGO
 10
20.511187103077674
 20
2.222447484123107
 30
0.0
 70
0
  0
VERTEX
  5
10DF
  8
LOGO
 10
20.435613092330236
 20
2.2275280898876413
 30
0.0
 70
0
  0
VERTEX
  5
10E0
  8
LOGO
 10
20.355593551538835
 20
2.2281631656082075
 30
0.0
 70
0
  0
VERTEX
  5
10E1
  8
LOGO
 10
20.333365901319002
 20
2.2281631656082075
 30
0.0
 70
0
  0
VERTEX
  5
10E2
  8
LOGO
 10
20.31113825109917
 20
2.2275280898876413
 30
0.0
 70
0
  0
VERTEX
  5
10E3
  8
LOGO
 10
20.2895456765999
 20
2.2275280898876413
 30
0.0
 70
0
  0
VERTEX
  5
10E4
  8
LOGO
 10
20.269858329262334
 20
2.226893014167074
 30
0.0
 70
0
  0
VERTEX
  5
10E5
  8
LOGO
 10
20.252711284807035
 20
2.2262579384465075
 30
0.0
 70
0
  0
VERTEX
  5
10E6
  8
LOGO
 10
20.23746946751343
 20
2.2262579384465075
 30
0.0
 70
0
  0
VERTEX
  5
10E7
  8
LOGO
 10
20.226038104543232
 20
2.225622862725941
 30
0.0
 70
0
  0
SEQEND
  5
FCF
  8
LOGO
  0
POLYLINE
  5
10E8
  8
LOGO
 66
1
 10
0.0
 20
0.0
 30
0.0
 70
1
  0
VERTEX
  5
10EA
  8
LOGO
 10
20.403859306301904
 20
1.762652662432829
 30
0.0
 70
0
  0
VERTEX
  5
10EB
  8
LOGO
 10
20.418466047874936
 20
1.7582071323888617
 30
0.0
 70
0
  0
VERTEX
  5
10EC
  8
LOGO
 10
20.43307278944797
 20
1.7531265266243286
 30
0.0
 70
0
  0
VERTEX
  5
10ED
  8
LOGO
 10
20.446409379579872
 20
1.7467757694186619
 30
0.0
 70
0
  0
VERTEX
  5
10EE
  8
LOGO
 10
20.459745969711772
 20
1.739789936492428
 30
0.0
 70
0
  0
VERTEX
  5
10EF
  8
LOGO
 10
20.47181240840254
 20
1.7321690278456283
 30
0.0
 70
0
  0
VERTEX
  5
10F0
  8
LOGO
 10
20.483878847093305
 20
1.723913043478261
 30
0.0
 70
0
  0
VERTEX
  5
10F1
  8
LOGO
 10
20.49467513434294
 20
1.7143869076697609
 30
0.0
 70
0
  0
VERTEX
  5
10F2
  8
LOGO
 10
20.504836345872008
 20
1.7048607718612605
 30
0.0
 70
0
  0
VERTEX
  5
10F3
  8
LOGO
 10
20.508646800195407
 20
1.7004152418172942
 30
0.0
 70
0
  0
VERTEX
  5
10F4
  8
LOGO
 10
20.513092330239374
 20
1.6946995603321935
 30
0.0
 70
0
  0
VERTEX
  5
10F5
  8
LOGO
 10
20.51753786028334
 20
1.6877137274059604
 30
0.0
 70
0
  0
VERTEX
  5
10F6
  8
LOGO
 10
20.521983390327307
 20
1.6807278944797268
 30
0.0
 70
0
  0
VERTEX
  5
10F7
  8
LOGO
 10
20.526428920371274
 20
1.6724719101123595
 30
0.0
 70
0
  0
VERTEX
  5
10F8
  8
LOGO
 10
20.531509526135807
 20
1.6648510014655598
 30
0.0
 70
0
  0
VERTEX
  5
10F9
  8
LOGO
 10
20.535319980459207
 20
1.6565950170981925
 30
0.0
 70
0
  0
VERTEX
  5
10FA
  8
LOGO
 10
20.539130434782606
 20
1.648339032730826
 30
0.0
 70
0
  0
VERTEX
  5
10FB
  8
LOGO
 10
20.54421104054714
 20
1.6369076697606257
 30
0.0
 70
0
  0
VERTEX
  5
10FC
  8
LOGO
 10
20.54802149487054
 20
1.626746458231559
 30
0.0
 70
0
  0
VERTEX
  5
10FD
  8
LOGO
 10
20.551196873473373
 20
1.6172203224230586
 30
0.0
 70
0
  0
VERTEX
  5
10FE
  8
LOGO
 10
20.55373717635564
 20
1.6076941866145584
 30
0.0
 70
0
  0
VERTEX
  5
10FF
  8
LOGO
 10
20.555007327796773
 20
1.5975329750854914
 30
0.0
 70
0
  0
VERTEX
  5
1100
  8
LOGO
 10
20.556277479237906
 20
1.586101612115291
 30
0.0
 70
0
  0
VERTEX
  5
1101
  8
LOGO
 10
20.556277479237906
 20
1.5734000977039577
 30
0.0
 70
0
  0
VERTEX
  5
1102
  8
LOGO
 10
20.556277479237906
 20
1.5581582804103566
 30
0.0
 70
0
  0
VERTEX
  5
1103
  8
LOGO
 10
20.556277479237906
 20
1.5422813873961896
 30
0.0
 70
0
  0
VERTEX
  5
1104
  8
LOGO
 10
20.555642403517343
 20
1.5289447972642898
 30
0.0
 70
0
  0
VERTEX
  5
1105
  8
LOGO
 10
20.554372252076206
 20
1.518148510014656
 30
0.0
 70
0
  0
VERTEX
  5
1106
  8
LOGO
 10
20.553102100635073
 20
1.507352222765022
 30
0.0
 70
0
  0
VERTEX
  5
1107
  8
LOGO
 10
20.54992672203224
 20
1.4978260869565219
 30
0.0
 70
0
  0
VERTEX
  5
1108
  8
LOGO
 10
20.546751343429406
 20
1.4876648754274555
 30
0.0
 70
0
  0
VERTEX
  5
1109
  8
LOGO
 10
20.541670737664873
 20
1.4768685881778216
 30
0.0
 70
0
  0
VERTEX
  5
110A
  8
LOGO
 10
20.535955056179773
 20
1.4648021494870547
 30
0.0
 70
0
  0
VERTEX
  5
110B
  8
LOGO
 10
20.527699071812407
 20
1.4489252564728876
 30
0.0
 70
0
  0
VERTEX
  5
110C
  8
LOGO
 10
20.518172936003907
 20
1.4343185148998536
 30
0.0
 70
0
  0
VERTEX
  5
110D
  8
LOGO
 10
20.507376648754274
 20
1.420346849047387
 30
0.0
 70
0
  0
VERTEX
  5
110E
  8
LOGO
 10
20.495310210063508
 20
1.4070102589154865
 30
0.0
 70
0
  0
VERTEX
  5
110F
  8
LOGO
 10
20.48260869565217
 20
1.3949438202247195
 30
0.0
 70
0
  0
VERTEX
  5
1110
  8
LOGO
 10
20.46800195407914
 20
1.383512457254519
 30
0.0
 70
0
  0
VERTEX
  5
1111
  8
LOGO
 10
20.453395212506106
 20
1.3733512457254526
 30
0.0
 70
0
  0
VERTEX
  5
1112
  8
LOGO
 10
20.436883243771373
 20
1.3638251099169525
 30
0.0
 70
0
  0
VERTEX
  5
1113
  8
LOGO
 10
20.42926233512457
 20
1.360014655593552
 30
0.0
 70
0
  0
VERTEX
  5
1114
  8
LOGO
 10
20.42164142647777
 20
1.3568392769907187
 30
0.0
 70
0
  0
VERTEX
  5
1115
  8
LOGO
 10
20.413385442110403
 20
1.3542989741084521
 30
0.0
 70
0
  0
VERTEX
  5
1116
  8
LOGO
 10
20.405129457743037
 20
1.3523937469467515
 30
0.0
 70
0
  0
VERTEX
  5
1117
  8
LOGO
 10
20.394333170493404
 20
1.3511235955056187
 30
0.0
 70
0
  0
VERTEX
  5
1118
  8
LOGO
 10
20.382901807523204
 20
1.350488519785052
 30
0.0
 70
0
  0
VERTEX
  5
1119
  8
LOGO
 10
20.36829506595017
 20
1.349853444064485
 30
0.0
 70
0
  0
VERTEX
  5
111A
  8
LOGO
 10
20.35114802149487
 20
1.349853444064485
 30
0.0
 70
0
  0
VERTEX
  5
111B
  8
LOGO
 10
20.33400097703957
 20
1.349853444064485
 30
0.0
 70
0
  0
VERTEX
  5
111C
  8
LOGO
 10
20.319394235466536
 20
1.350488519785052
 30
0.0
 70
0
  0
VERTEX
  5
111D
  8
LOGO
 10
20.307327796775766
 20
1.3511235955056187
 30
0.0
 70
0
  0
VERTEX
  5
111E
  8
LOGO
 10
20.296531509526133
 20
1.3523937469467515
 30
0.0
 70
0
  0
VERTEX
  5
111F
  8
LOGO
 10
20.2876404494382
 20
1.3542989741084521
 30
0.0
 70
0
  0
VERTEX
  5
1120
  8
LOGO
 10
20.279384465070834
 20
1.3568392769907187
 30
0.0
 70
0
  0
VERTEX
  5
1121
  8
LOGO
 10
20.271763556424034
 20
1.3606497313141188
 30
0.0
 70
0
  0
VERTEX
  5
1122
  8
LOGO
 10
20.263507572056668
 20
1.3644601856375185
 30
0.0
 70
0
  0
VERTEX
  5
1123
  8
LOGO
 10
20.2476306790425
 20
1.3739863214460188
 30
0.0
 70
0
  0
VERTEX
  5
1124
  8
LOGO
 10
20.2323888617489
 20
1.3841475329750856
 30
0.0
 70
0
  0
VERTEX
  5
1125
  8
LOGO
 10
20.217782120175865
 20
1.3962139716658526
 30
0.0
 70
0
  0
VERTEX
  5
1126
  8
LOGO
 10
20.204445530043966
 20
1.4089154860771864
 30
0.0
 70
0
  0
VERTEX
  5
1127
  8
LOGO
 10
20.191744015632633
 20
1.4228871519296535
 30
0.0
 70
0
  0
VERTEX
  5
1128
  8
LOGO
 10
20.18031265266243
 20
1.4368588177821209
 30
0.0
 70
0
  0
VERTEX
  5
1129
  8
LOGO
 10
20.17078651685393
 20
1.4514655593551542
 30
0.0
 70
0
  0
VERTEX
  5
112A
  8
LOGO
 10
20.162530532486564
 20
1.4667073766487544
 30
0.0
 70
0
  0
VERTEX
  5
112B
  8
LOGO
 10
20.15744992672203
 20
1.4775036638983885
 30
0.0
 70
0
  0
VERTEX
  5
112C
  8
LOGO
 10
20.153004396678064
 20
1.4870297997068884
 30
0.0
 70
0
  0
VERTEX
  5
112D
  8
LOGO
 10
20.14982901807523
 20
1.4965559355153888
 30
0.0
 70
0
  0
VERTEX
  5
112E
  8
LOGO
 10
20.14792379091353
 20
1.506717147044456
 30
0.0
 70
0
  0
VERTEX
  5
112F
  8
LOGO
 10
20.14601856375183
 20
1.5168783585735224
 30
0.0
 70
0
  0
VERTEX
  5
1130
  8
LOGO
 10
20.145383488031264
 20
1.529579872984856
 30
0.0
 70
0
  0
VERTEX
  5
1131
  8
LOGO
 10
20.144748412310697
 20
1.5448216902784568
 30
0.0
 70
0
  0
VERTEX
  5
1132
  8
LOGO
 10
20.144748412310697
 20
1.5626038104543238
 30
0.0
 70
0
  0
VERTEX
  5
1133
  8
LOGO
 10
20.144748412310697
 20
1.5797508549096244
 30
0.0
 70
0
  0
VERTEX
  5
1134
  8
LOGO
 10
20.145383488031264
 20
1.594357596482658
 30
0.0
 70
0
  0
VERTEX
  5
1135
  8
LOGO
 10
20.14601856375183
 20
1.6064240351734247
 30
0.0
 70
0
  0
VERTEX
  5
1136
  8
LOGO
 10
20.147288715192964
 20
1.6165852467024917
 30
0.0
 70
0
  0
VERTEX
  5
1137
  8
LOGO
 10
20.149193942354664
 20
1.6254763067904254
 30
0.0
 70
0
  0
VERTEX
  5
1138
  8
LOGO
 10
20.15173424523693
 20
1.6337322911577925
 30
0.0
 70
0
  0
VERTEX
  5
1139
  8
LOGO
 10
20.154909623839764
 20
1.641988275525159
 30
0.0
 70
0
  0
VERTEX
  5
113A
  8
LOGO
 10
20.15935515388373
 20
1.6502442598925258
 30
0.0
 70
0
  0
VERTEX
  5
113B
  8
LOGO
 10
20.16697606253053
 20
1.6635808500244262
 30
0.0
 70
0
  0
VERTEX
  5
113C
  8
LOGO
 10
20.175867122618463
 20
1.67628236443576
 30
0.0
 70
0
  0
VERTEX
  5
113D
  8
LOGO
 10
20.186028334147533
 20
1.6896189545676603
 30
0.0
 70
0
  0
VERTEX
  5
113E
  8
LOGO
 10
20.1961895456766
 20
1.7016853932584273
 30
0.0
 70
0
  0
VERTEX
  5
113F
  8
LOGO
 10
20.2076209086468
 20
1.7137518319491938
 30
0.0
 70
0
  0
VERTEX
  5
1140
  8
LOGO
 10
20.219052271617
 20
1.7245481191988281
 30
0.0
 70
0
  0
VERTEX
  5
1141
  8
LOGO
 10
20.22984855886663
 20
1.7334391792867614
 30
0.0
 70
0
  0
VERTEX
  5
1142
  8
LOGO
 10
20.241279921836835
 20
1.7410600879335616
 30
0.0
 70
0
  0
VERTEX
  5
1143
  8
LOGO
 10
20.2514411333659
 20
1.7467757694186619
 30
0.0
 70
0
  0
VERTEX
  5
1144
  8
LOGO
 10
20.264142647777234
 20
1.752491450903762
 30
0.0
 70
0
  0
VERTEX
  5
1145
  8
LOGO
 10
20.276844162188567
 20
1.7575720566682957
 30
0.0
 70
0
  0
VERTEX
  5
1146
  8
LOGO
 10
20.290815828041033
 20
1.7620175867122618
 30
0.0
 70
0
  0
VERTEX
  5
1147
  8
LOGO
 10
20.305422569614066
 20
1.7658280410356624
 30
0.0
 70
0
  0
VERTEX
  5
1148
  8
LOGO
 10
20.319394235466536
 20
1.7690034196384956
 30
0.0
 70
0
  0
VERTEX
  5
1149
  8
LOGO
 10
20.332730825598436
 20
1.7709086468001956
 30
0.0
 70
0
  0
VERTEX
  5
114A
  8
LOGO
 10
20.344797264289202
 20
1.7715437225207622
 30
0.0
 70
0
  0
VERTEX
  5
114B
  8
LOGO
 10
20.3505129457743
 20
1.7715437225207622
 30
0.0
 70
0
  0
VERTEX
  5
114C
  8
LOGO
 10
20.356863702979968
 20
1.7709086468001956
 30
0.0
 70
0
  0
VERTEX
  5
114D
  8
LOGO
 10
20.3638495359062
 20
1.7702735710796296
 30
0.0
 70
0
  0
VERTEX
  5
114E
  8
LOGO
 10
20.371470444553005
 20
1.7690034196384956
 30
0.0
 70
0
  0
VERTEX
  5
114F
  8
LOGO
 10
20.37972642892037
 20
1.767733268197362
 30
0.0
 70
0
  0
VERTEX
  5
1150
  8
LOGO
 10
20.387982413287737
 20
1.766463116756229
 30
0.0
 70
0
  0
VERTEX
  5
1151
  8
LOGO
 10
20.396238397655104
 20
1.7645578895945284
 30
0.0
 70
0
  0
SEQEND
  5
10E9
  8
LOGO
  0
ENDSEC
  0
EOF
