  0
SECTION
  2
HEADER
  9
$ACADVER
  1
AC1009
  9
$DWGCODEPAGE
  3
ANSI_1252
  9
$INSBASE
 10
0.0
 20
0.0
 30
0.0
  9
$EXTMIN
 10
1e+20
 20
1e+20
 30
1e+20
  9
$EXTMAX
 10
-1e+20
 20
-1e+20
 30
-1e+20
  9
$LIMMIN
 10
0.0
 20
0.0
  9
$LIMMAX
 10
420.0
 20
297.0
  9
$ORTHOMODE
 70
0
  9
$REGENMODE
 70
1
  9
$FILLMODE
 70
1
  9
$DRAGMODE
 70
2
  9
$QTEXTMODE
 70
0
  9
$MIRRTEXT
 70
1
  9
$OSMODE
 70
20583
  9
$LTSCALE
 40
1.0
  9
$ATTMODE
 70
1
  9
$TEXTSIZE
 40
2.5
  9
$TRACEWID
 40
1.0
  9
$TEXTSTYLE
  7
Standard
  9
$CLAYER
  8
0
  9
$CELTYPE
  6
ByLayer
  9
$CECOLOR
 62
256
  9
$DIMSCALE
 40
1.0
  9
$DIMASZ
 40
2.5
  9
$DIMEXO
 40
0.625
  9
$DIMDLI
 40
3.75
  9
$DIMRND
 40
0.0
  9
$DIMDLE
 40
0.0
  9
$DIMEXE
 40
1.25
  9
$DIMTP
 40
0.0
  9
$DIMTM
 40
0.0
  9
$DIMTXT
 40
2.5
  9
$DIMCEN
 40
2.5
  9
$DIMTSZ
 40
0.0
  9
$DIMTOL
 70
0
  9
$DIMLIM
 70
0
  9
$DIMTIH
 70
0
  9
$DIMTOH
 70
0
  9
$DIMSE1
 70
0
  9
$DIMSE2
 70
0
  9
$DIMTAD
 70
1
  9
$DIMZIN
 70
8
  9
$DIMBLK
  1

  9
$DIMASO
 70
1
  9
$DIMSHO
 70
1
  9
$DIMPOST
  1

  9
$DIMAPOST
  1

  9
$DIMALT
 70
0
  9
$DIMALTD
 70
3
  9
$DIMALTF
 40
0.03937007874
  9
$DIMLFAC
 40
1.0
  9
$DIMTOFL
 70
1
  9
$DIMTVP
 40
0.0
  9
$DIMTIX
 70
0
  9
$DIMSOXD
 70
0
  9
$DIMSAH
 70
0
  9
$DIMBLK1
  1

  9
$DIMBLK2
  1

  9
$DIMSTYLE
  2
ISO-25
  9
$DIMCLRD
 70
0
  9
$DIMCLRE
 70
0
  9
$DIMCLRT
 70
0
  9
$DIMTFAC
 40
1.0
  9
$DIMGAP
 40
0.625
  9
$COORDS
 70
1
  9
$ATTDIA
 70
0
  9
$ATTREQ
 70
1
  9
$HANDLING
 70
1
  9
$LUNITS
 70
2
  9
$LUPREC
 70
4
  9
$SKETCHINC
 40
1.0
  9
$FILLETRAD
 40
10.0
  9
$AUNITS
 70
0
  9
$AUPREC
 70
2
  9
$MENU
  1
.
  9
$ELEVATION
 40
0.0
  9
$PELEVATION
 40
0.0
  9
$THICKNESS
 40
0.0
  9
$LIMCHECK
 70
0
  9
$CHAMFERA
 40
0.0
  9
$CHAMFERB
 40
0.0
  9
$SKPOLY
 70
0
  9
$TDCREATE
 40
2461313.3854282405
  9
$TDUPDATE
 40
2461313.3854282405
  9
$TDINDWG
 40
0.0
  9
$TDUSRTIMER
 40
0.0
  9
$USRTIMER
 70
1
  9
$ANGBASE
 50
0.0
  9
$ANGDIR
 70
0
  9
$PDMODE
 70
0
  9
$PDSIZE
 40
0.0
  9
$PLINEWID
 40
0.0
  9
$SPLFRAME
 70
0
  9
$SPLINETYPE
 70
6
  9
$SPLINESEGS
 70
8
  9
$HANDSEED
  5
153F
  9
$SURFTAB1
 70
6
  9
$SURFTAB2
 70
6
  9
$SURFTYPE
 70
6
  9
$SURFU
 70
6
  9
$SURFV
 70
6
  9
$UCSNAME
  2

  9
$UCSORG
 10
0.0
 20
0.0
 30
0.0
  9
$UCSXDIR
 10
1.0
 20
0.0
 30
0.0
  9
$UCSYDIR
 10
0.0
 20
1.0
 30
0.0
  9
$PUCSNAME
  2

  9
$PUCSORG
 10
0.0
 20
0.0
 30
0.0
  9
$PUCSXDIR
 10
1.0
 20
0.0
 30
0.0
  9
$PUCSYDIR
 10
0.0
 20
1.0
 30
0.0
  9
$USERI1
 70
0
  9
$USERI2
 70
0
  9
$USERI3
 70
0
  9
$USERI4
 70
0
  9
$USERI5
 70
0
  9
$USERR1
 40
0.0
  9
$USERR2
 40
0.0
  9
$USERR3
 40
0.0
  9
$USERR4
 40
0.0
  9
$USERR5
 40
0.0
  9
$WORLDVIEW
 70
1
  9
$SHADEDGE
 70
3
  9
$SHADEDIF
 70
70
  9
$TILEMODE
 70
1
  9
$MAXACTVP
 70
64
  9
$PLIMCHECK
 70
0
  9
$PEXTMIN
 10
1e+20
 20
1e+20
 30
1e+20
  9
$PEXTMAX
 10
-1e+20
 20
-1e+20
 30
-1e+20
  9
$PLIMMIN
 10
0.0
 20
0.0
  9
$PLIMMAX
 10
420.0
 20
297.0
  9
$UNITMODE
 70
0
  9
$VISRETAIN
 70
1
  9
$PLINEGEN
 70
0
  9
$PSLTSCALE
 70
1
  0
ENDSEC
  0
SECTION
  2
TABLES
  0
TABLE
  2
VPORT
 70
1
  0
VPORT
  5
23
  2
*Active
 70
0
 10
0.0
 20
0.0
 11
1.0
 21
1.0
 12
0.0
 22
0.0
 13
0.0
 23
0.0
 14
0.5
 24
0.5
 15
0.5
 25
0.5
 16
0.0
 26
0.0
 36
1.0
 17
0.0
 27
0.0
 37
0.0
 40
1000.0
 41
1.34
 42
50.0
 43
0.0
 44
0.0
 50
0.0
 51
0.0
 71
0
 72
1000
 73
1
 74
3
 75
0
 76
0
 77
0
 78
0
  0
ENDTAB
  0
TABLE
  2
LTYPE
 70
3
  0
LTYPE
  5
24
  2
ByBlock
 70
0
  3

 72
65
 73
0
 40
0.0
  0
LTYPE
  5
25
  2
ByLayer
 70
0
  3

 72
65
 73
0
 40
0.0
  0
LTYPE
  5
26
  2
Continuous
 70
0
  3

 72
65
 73
0
 40
0.0
  0
ENDTAB
  0
TABLE
  2
LAYER
 70
5
  0
LAYER
  5
27
  2
0
 70
0
 62
7
  6
Continuous
  0
LAYER
  5
28
  2
Defpoints
 70
0
 62
7
  6
Continuous
  0
LAYER
  5
2D
  2
TAG
 70
0
 62
7
  6
Continuous
  0
LAYER
  5
2E
  2
TEXT
 70
0
 62
7
  6
Continuous
  0
LAYER
  5
2F
  2
LOGO
 70
0
 62
7
  6
Continuous
  0
ENDTAB
  0
TABLE
  2
STYLE
 70
1
  0
STYLE
  5
29
  2
Standard
 70
0
 40
0.0
 41
1.0
 50
0.0
 71
0
 42
2.5
  3
txt
  4

  0
ENDTAB
  0
TABLE
  2
VIEW
 70
0
  0
ENDTAB
  0
TABLE
  2
UCS
 70
0
  0
ENDTAB
  0
TABLE
  2
APPID
 70
3
  0
APPID
  5
2A
  2
ACAD
 70
0
  0
APPID
  5
153D
  2
HATCHBACKGROUNDCOLOR
 70
0
  0
APPID
  5
153E
  2
EZDXF
 70
0
  0
ENDTAB
  0
TABLE
  2
DIMSTYLE
 70
1
  0
DIMSTYLE
105
2B
  2
Standard
 70
0
  3

  4

  5

  6

  7

 40
1.0
 41
2.5
 42
0.625
 43
3.75
 44
1.25
 45
0.0
 46
0.0
 47
0.0
 48
0.0
140
2.5
141
2.5
142
0.0
143
0.03937007874
144
1.0
145
0.0
146
1.0
147
0.625
 71
0
 72
0
 73
0
 74
0
 75
0
 76
0
 77
1
 78
8
170
0
171
3
172
1
173
0
174
0
175
0
176
0
177
0
178
0
  0
ENDTAB
  0
ENDSEC
  0
SECTION
  2
BLOCKS
  0
BLOCK
  5
18
  8
0
  2
$Model_Space
 70
0
 10
0.0
 20
0.0
 30
0.0
  3
$Model_Space
  1

1001
EZDXF
1000
CREATED_BY_EZDXF
1000
1.4.2 @ 2026-09-29T14:15:01.884865+00:00
1000
WRITTEN_BY_EZDXF
1000
1.4.2 @ 2026-09-29T14:15:01.968857+00:00
  0
ENDBLK
  5
19
  8
0
  0
BLOCK
  5
1C
  8
0
  2
$Paper_Space
 70
0
 10
0.0
 20
0.0
 30
0.0
  3
$Paper_Space
  1

  0
ENDBLK
  5
1D
  8
0
  0
ENDSEC
  0
SECTION
  2
ENTITIES
  0
POLYLINE
  5
30
  8
TAG
 66
1
 10
0.0
 20
0.0
 30
0.0
 70
1
  0
VERTEX
  5
32
  8
TAG
 10
-10.4
 20
10.4
 30
0.0
 70
0
  0
VERTEX
  5
33
  8
TAG
 10
-10.4
 20
-10.400000000000002
 30
0.0
 70
0
  0
VERTEX
  5
34
  8
TAG
 10
10.400000000000002
 20
-10.400000000000002
 30
0.0
 70
0
  0
VERTEX
  5
35
  8
TAG
 10
10.400000000000002
 20
10.4
 30
0.0
 70
0
  0
SEQEND
  5
31
  8
TAG
  0
POLYLINE
  5
36
  8
TAG
 66
1
 10
0.0
 20
0.0
 30
0.0
 70
1
  0
VERTEX
  5
38
  8
TAG
 10
-7.8
 20
7.8
 30
0.0
 70
0
  0
VERTEX
  5
39
  8
TAG
 10
0.0
 20
7.8
 30
0.0
 70
0
  0
VERTEX
  5
3A
  8
TAG
 10
0.0
 20
5.199999999999999
 30
0.0
 70
0
  0
VERTEX
  5
3B
  8
TAG
 10
5.199999999999999
 20
5.199999999999999
 30
0.0
 70
0
  0
VERTEX
  5
3C
  8
TAG
 10
5.199999999999999
 20
7.8
 30
0.0
 70
0
  0
VERTEX
  5
3D
  8
TAG
 10
7.800000000000001
 20
7.8
 30
0.0
 70
0
  0
VERTEX
  5
3E
  8
TAG
 10
7.800000000000001
 20
-2.6000000000000014
 30
0.0
 70
0
  0
VERTEX
  5
3F
  8
TAG
 10
5.199999999999999
 20
-2.6000000000000014
 30
0.0
 70
0
  0
VERTEX
  5
40
  8
TAG
 10
5.199999999999999
 20
-5.199999999999999
 30
0.0
 70
0
  0
VERTEX
  5
41
  8
TAG
 10
2.6000000000000014
 20
-5.199999999999999
 30
0.0
 70
0
  0
VERTEX
  5
42
  8
TAG
 10
2.6000000000000014
 20
-2.6000000000000014
 30
0.0
 70
0
  0
VERTEX
  5
43
  8
TAG
 10
5.199999999999999
 20
-2.6000000000000014
 30
0.0
 70
0
  0
VERTEX
  5
44
  8
TAG
 10
5.199999999999999
 20
0.0
 30
0.0
 70
0
  0
VERTEX
  5
45
  8
TAG
 10
0.0
 20
0.0
 30
0.0
 70
0
  0
VERTEX
  5
46
  8
TAG
 10
0.0
 20
-2.6000000000000014
 30
0.0
 70
0
  0
VERTEX
  5
47
  8
TAG
 10
-2.5999999999999996
 20
-2.6000000000000014
 30
0.0
 70
0
  0
VERTEX
  5
48
  8
TAG
 10
-2.5999999999999996
 20
-5.199999999999999
 30
0.0
 70
0
  0
VERTEX
  5
49
  8
TAG
 10
0.0
 20
-5.199999999999999
 30
0.0
 70
0
  0
VERTEX
  5
4A
  8
TAG
 10
0.0
 20
-7.800000000000001
 30
0.0
 70
0
  0
VERTEX
  5
4B
  8
TAG
 10
-5.199999999999999
 20
-7.800000000000001
 30
0.0
 70
0
  0
VERTEX
  5
4C
  8
TAG
 10
-5.199999999999999
 20
-5.199999999999999
 30
0.0
 70
0
  0
VERTEX
  5
4D
  8
TAG
 10
-7.8
 20
-5.199999999999999
 30
0.0
 70
0
  0
VERTEX
  5
4E
  8
TAG
 10
-7.8
 20
2.5999999999999996
 30
0.0
 70
0
  0
VERTEX
  5
4F
  8
TAG
 10
-5.199999999999999
 20
2.5999999999999996
 30
0.0
 70
0
  0
VERTEX
  5
50
  8
TAG
 10
-5.199999999999999
 20
-2.6000000000000014
 30
0.0
 70
0
  0
VERTEX
  5
51
  8
TAG
 10
-2.5999999999999996
 20
-2.6000000000000014
 30
0.0
 70
0
  0
VERTEX
  5
52
  8
TAG
 10
-2.5999999999999996
 20
0.0
 30
0.0
 70
0
  0
VERTEX
  5
53
  8
TAG
 10
0.0
 20
0.0
 30
0.0
 70
0
  0
VERTEX
  5
54
  8
TAG
 10
0.0
 20
5.199999999999999
 30
0.0
 70
0
  0
VERTEX
  5
55
  8
TAG
 10
-7.8
 20
5.199999999999999
 30
0.0
 70
0
  0
SEQEND
  5
37
  8
TAG
  0
POLYLINE
  5
56
  8
TEXT
 66
1
 10
0.0
 20
0.0
 30
0.0
 70
1
  0
VERTEX
  5
58
  8
TEXT
 10
-16.447042118720137
 20
11.311700486579943
 30
0.0
 70
0
  0
VERTEX
  5
59
  8
TEXT
 10
-16.469726967962547
 20
11.279456802046749
 30
0.0
 70
0
  0
VERTEX
  5
5A
  8
TEXT
 10
-16.49306691071967
 20
11.248214361214199
 30
0.0
 70
0
  0
VERTEX
  5
5B
  8
TEXT
 10
-16.517061946991504
 20
11.217973164082292
 30
0.0
 70
0
  0
VERTEX
  5
5C
  8
TEXT
 10
-16.541712076778047
 20
11.188733210651028
 30
0.0
 70
0
  0
VERTEX
  5
5D
  8
TEXT
 10
-16.567017300079307
 20
11.160494500920407
 30
0.0
 70
0
  0
VERTEX
  5
5E
  8
TEXT
 10
-16.592977616895283
 20
11.133257034890429
 30
0.0
 70
0
  0
VERTEX
  5
5F
  8
TEXT
 10
-16.619593027225967
 20
11.107020812561094
 30
0.0
 70
0
  0
VERTEX
  5
60
  8
TEXT
 10
-16.646863531071364
 20
11.081785833932402
 30
0.0
 70
0
  0
VERTEX
  5
61
  8
TEXT
 10
-16.674789128431474
 20
11.057552099004353
 30
0.0
 70
0
  0
VERTEX
  5
62
  8
TEXT
 10
-16.7033698193063
 20
11.034319607776947
 30
0.0
 70
0
  0
VERTEX
  5
63
  8
TEXT
 10
-16.732605603695834
 20
11.012088360250184
 30
0.0
 70
0
  0
VERTEX
  5
64
  8
TEXT
 10
-16.762496481600085
 20
10.990858356424063
 30
0.0
 70
0
  0
VERTEX
  5
65
  8
TEXT
 10
-16.793042453019048
 20
10.970629596298586
 30
0.0
 70
0
  0
VERTEX
  5
66
  8
TEXT
 10
-16.82669924978295
 20
10.949861670682523
 30
0.0
 70
0
  0
VERTEX
  5
67
  8
TEXT
 10
-16.86077701735931
 20
10.930302193430503
 30
0.0
 70
0
  0
VERTEX
  5
68
  8
TEXT
 10
-16.895275755748127
 20
10.91195116454253
 30
0.0
 70
0
  0
VERTEX
  5
69
  8
TEXT
 10
-16.930195464949396
 20
10.894808584018596
 30
0.0
 70
0
  0
VERTEX
  5
6A
  8
TEXT
 10
-16.965536144963117
 20
10.87887445185871
 30
0.0
 70
0
  0
VERTEX
  5
6B
  8
TEXT
 10
-17.001297795789295
 20
10.864148768062867
 30
0.0
 70
0
  0
VERTEX
  5
6C
  8
TEXT
 10
-17.037480417427926
 20
10.850631532631068
 30
0.0
 70
0
  0
VERTEX
  5
6D
  8
TEXT
 10
-17.074084009879012
 20
10.838322745563312
 30
0.0
 70
0
  0
VERTEX
  5
6E
  8
TEXT
 10
-17.111108573142552
 20
10.827222406859601
 30
0.0
 70
0
  0
VERTEX
  5
6F
  8
TEXT
 10
-17.148554107218548
 20
10.817330516519934
 30
0.0
 70
0
  0
VERTEX
  5
70
  8
TEXT
 10
-17.186420612106996
 20
10.80864707454431
 30
0.0
 70
0
  0
VERTEX
  5
71
  8
TEXT
 10
-17.2247080878079
 20
10.801172080932732
 30
0.0
 70
0
  0
VERTEX
  5
72
  8
TEXT
 10
-17.26325477533503
 20
10.794944077058673
 30
0.0
 70
0
  0
VERTEX
  5
73
  8
TEXT
 10
-17.30189891570217
 20
10.790001604295611
 30
0.0
 70
0
  0
VERTEX
  5
74
  8
TEXT
 10
-17.340640508909317
 20
10.786344662643545
 30
0.0
 70
0
  0
VERTEX
  5
75
  8
TEXT
 10
-17.37947955495647
 20
10.783973252102477
 30
0.0
 70
0
  0
VERTEX
  5
76
  8
TEXT
 10
-17.41841605384362
 20
10.782887372672404
 30
0.0
 70
0
  0
VERTEX
  5
77
  8
TEXT
 10
-17.457450005570784
 20
10.783087024353328
 30
0.0
 70
0
  0
VERTEX
  5
78
  8
TEXT
 10
-17.49658141013795
 20
10.78457220714525
 30
0.0
 70
0
  0
VERTEX
  5
79
  8
TEXT
 10
-17.535810267545124
 20
10.787342921048166
 30
0.0
 70
0
  0
VERTEX
  5
7A
  8
TEXT
 10
-17.575136577792303
 20
10.79139916606208
 30
0.0
 70
0
  0
VERTEX
  5
7B
  8
TEXT
 10
-17.614560340879486
 20
10.79674094218699
 30
0.0
 70
0
  0
VERTEX
  5
7C
  8
TEXT
 10
-17.654081556806673
 20
10.803368249422896
 30
0.0
 70
0
  0
VERTEX
  5
7D
  8
TEXT
 10
-17.69370022557387
 20
10.8112810877698
 30
0.0
 70
0
  0
VERTEX
  5
7E
  8
TEXT
 10
-17.730214596545785
 20
10.8197669614029
 30
0.0
 70
0
  0
VERTEX
  5
7F
  8
TEXT
 10
-17.766525595269776
 20
10.82942962125161
 30
0.0
 70
0
  0
VERTEX
  5
80
  8
TEXT
 10
-17.80263322174585
 20
10.840269067315932
 30
0.0
 70
0
  0
VERTEX
  5
81
  8
TEXT
 10
-17.838537475973997
 20
10.852285299595867
 30
0.0
 70
0
  0
VERTEX
  5
82
  8
TEXT
 10
-17.874238357954226
 20
10.86547831809141
 30
0.0
 70
0
  0
VERTEX
  5
83
  8
TEXT
 10
-17.909735867686535
 20
10.879848122802567
 30
0.0
 70
0
  0
VERTEX
  5
84
  8
TEXT
 10
-17.94503000517092
 20
10.895394713729335
 30
0.0
 70
0
  0
VERTEX
  5
85
  8
TEXT
 10
-17.98012077040738
 20
10.912118090871713
 30
0.0
 70
0
  0
VERTEX
  5
86
  8
TEXT
 10
-18.015008163395926
 20
10.930018254229704
 30
0.0
 70
0
  0
VERTEX
  5
87
  8
TEXT
 10
-18.049692184136546
 20
10.949095203803306
 30
0.0
 70
0
  0
VERTEX
  5
88
  8
TEXT
 10
-18.084172832629246
 20
10.96934893959252
 30
0.0
 70
0
  0
VERTEX
  5
89
  8
TEXT
 10
-18.118450108874026
 20
10.990779461597345
 30
0.0
 70
0
  0
VERTEX
  5
8A
  8
TEXT
 10
-18.15252401287088
 20
11.01338676981778
 30
0.0
 70
0
  0
VERTEX
  5
8B
  8
TEXT
 10
-18.18600386072064
 20
11.036881029869331
 30
0.0
 70
0
  0
VERTEX
  5
8C
  8
TEXT
 10
-18.21849896852411
 20
11.060972407367501
 30
0.0
 70
0
  0
VERTEX
  5
8D
  8
TEXT
 10
-18.250009336281302
 20
11.08566090231229
 30
0.0
 70
0
  0
VERTEX
  5
8E
  8
TEXT
 10
-18.280534963992213
 20
11.110946514703697
 30
0.0
 70
0
  0
VERTEX
  5
8F
  8
TEXT
 10
-18.310075851656844
 20
11.136829244541723
 30
0.0
 70
0
  0
VERTEX
  5
90
  8
TEXT
 10
-18.33863199927519
 20
11.163309091826369
 30
0.0
 70
0
  0
VERTEX
  5
91
  8
TEXT
 10
-18.366203406847255
 20
11.190386056557632
 30
0.0
 70
0
  0
VERTEX
  5
92
  8
TEXT
 10
-18.39279007437304
 20
11.218060138735513
 30
0.0
 70
0
  0
VERTEX
  5
93
  8
TEXT
 10
-18.418392001852542
 20
11.246331338360015
 30
0.0
 70
0
  0
VERTEX
  5
94
  8
TEXT
 10
-18.443009189285764
 20
11.275199655431134
 30
0.0
 70
0
  0
VERTEX
  5
95
  8
TEXT
 10
-18.4666416366727
 20
11.304665089948873
 30
0.0
 70
0
  0
VERTEX
  5
96
  8
TEXT
 10
-18.48928934401336
 20
11.334727641913231
 30
0.0
 70
0
  0
VERTEX
  5
97
  8
TEXT
 10
-18.510952311307737
 20
11.365387311324206
 30
0.0
 70
0
  0
VERTEX
  5
98
  8
TEXT
 10
-18.53324594979603
 20
11.399110647614425
 30
0.0
 70
0
  0
VERTEX
  5
99
  8
TEXT
 10
-18.5542572378399
 20
11.43320449552746
 30
0.0
 70
0
  0
VERTEX
  5
9A
  8
TEXT
 10
-18.573986175439344
 20
11.467668855063314
 30
0.0
 70
0
  0
VERTEX
  5
9B
  8
TEXT
 10
-18.592432762594367
 20
11.502503726221986
 30
0.0
 70
0
  0
VERTEX
  5
9C
  8
TEXT
 10
-18.609596999304966
 20
11.537709109003476
 30
0.0
 70
0
  0
VERTEX
  5
9D
  8
TEXT
 10
-18.62547888557114
 20
11.573285003407785
 30
0.0
 70
0
  0
VERTEX
  5
9E
  8
TEXT
 10
-18.640078421392893
 20
11.60923140943491
 30
0.0
 70
0
  0
VERTEX
  5
9F
  8
TEXT
 10
-18.653395606770225
 20
11.645548327084855
 30
0.0
 70
0
  0
VERTEX
  5
A0
  8
TEXT
 10
-18.66543044170313
 20
11.682235756357617
 30
0.0
 70
0
  0
VERTEX
  5
A1
  8
TEXT
 10
-18.67618292619161
 20
11.719293697253196
 30
0.0
 70
0
  0
VERTEX
  5
A2
  8
TEXT
 10
-18.68565306023567
 20
11.756722149771594
 30
0.0
 70
0
  0
VERTEX
  5
A3
  8
TEXT
 10
-18.693840843835304
 20
11.79452111391281
 30
0.0
 70
0
  0
VERTEX
  5
A4
  8
TEXT
 10
-18.700741756295884
 20
11.832538515126684
 30
0.0
 70
0
  0
VERTEX
  5
A5
  8
TEXT
 10
-18.706351276922785
 20
11.870622278863062
 30
0.0
 70
0
  0
VERTEX
  5
A6
  8
TEXT
 10
-18.710669405716
 20
11.90877240512194
 30
0.0
 70
0
  0
VERTEX
  5
A7
  8
TEXT
 10
-18.713696142675538
 20
11.94698889390332
 30
0.0
 70
0
  0
VERTEX
  5
A8
  8
TEXT
 10
-18.71543148780139
 20
11.985271745207202
 30
0.0
 70
0
  0
VERTEX
  5
A9
  8
TEXT
 10
-18.71587544109356
 20
12.023620959033586
 30
0.0
 70
0
  0
VERTEX
  5
AA
  8
TEXT
 10
-18.715028002552046
 20
12.062036535382472
 30
0.0
 70
0
  0
VERTEX
  5
AB
  8
TEXT
 10
-18.712889172176855
 20
12.100518474253859
 30
0.0
 70
0
  0
VERTEX
  5
AC
  8
TEXT
 10
-18.709458949967978
 20
12.139066775647747
 30
0.0
 70
0
  0
VERTEX
  5
AD
  8
TEXT
 10
-18.70473733592542
 20
12.177681439564138
 30
0.0
 70
0
  0
VERTEX
  5
AE
  8
TEXT
 10
-18.698724330049178
 20
12.21636246600303
 30
0.0
 70
0
  0
VERTEX
  5
AF
  8
TEXT
 10
-18.69141993233925
 20
12.255109854964422
 30
0.0
 70
0
  0
VERTEX
  5
B0
  8
TEXT
 10
-18.683503739971396
 20
12.290789875821757
 30
0.0
 70
0
  0
VERTEX
  5
B1
  8
TEXT
 10
-18.674432258794166
 20
12.326235039521187
 30
0.0
 70
0
  0
VERTEX
  5
B2
  8
TEXT
 10
-18.66420548880756
 20
12.361445346062709
 30
0.0
 70
0
  0
VERTEX
  5
B3
  8
TEXT
 10
-18.652823430011576
 20
12.396420795446327
 30
0.0
 70
0
  0
VERTEX
  5
B4
  8
TEXT
 10
-18.64028608240622
 20
12.431161387672038
 30
0.0
 70
0
  0
VERTEX
  5
B5
  8
TEXT
 10
-18.626593445991485
 20
12.465667122739845
 30
0.0
 70
0
  0
VERTEX
  5
B6
  8
TEXT
 10
-18.611745520767375
 20
12.499938000649745
 30
0.0
 70
0
  0
VERTEX
  5
B7
  8
TEXT
 10
-18.59574230673389
 20
12.53397402140174
 30
0.0
 70
0
  0
VERTEX
  5
B8
  8
TEXT
 10
-18.57858380389103
 20
12.56777518499583
 30
0.0
 70
0
  0
VERTEX
  5
B9
  8
TEXT
 10
-18.560270012238792
 20
12.601341491432013
 30
0.0
 70
0
  0
VERTEX
  5
BA
  8
TEXT
 10
-18.540800931777177
 20
12.634672940710292
 30
0.0
 70
0
  0
VERTEX
  5
BB
  8
TEXT
 10
-18.52017656250619
 20
12.667769532830665
 30
0.0
 70
0
  0
VERTEX
  5
BC
  8
TEXT
 10
-18.498396904425825
 20
12.700631267793131
 30
0.0
 70
0
  0
VERTEX
  5
BD
  8
TEXT
 10
-18.47579190925743
 20
12.732825608685097
 30
0.0
 70
0
  0
VERTEX
  5
BE
  8
TEXT
 10
-18.45269152872235
 20
12.76392001859396
 30
0.0
 70
0
  0
VERTEX
  5
BF
  8
TEXT
 10
-18.42909576282059
 20
12.793914497519722
 30
0.0
 70
0
  0
VERTEX
  5
C0
  8
TEXT
 10
-18.40500461155214
 20
12.822809045462385
 30
0.0
 70
0
  0
VERTEX
  5
C1
  8
TEXT
 10
-18.38041807491701
 20
12.85060366242195
 30
0.0
 70
0
  0
VERTEX
  5
C2
  8
TEXT
 10
-18.355336152915196
 20
12.877298348398412
 30
0.0
 70
0
  0
VERTEX
  5
C3
  8
TEXT
 10
-18.329758845546696
 20
12.902893103391772
 30
0.0
 70
0
  0
VERTEX
  5
C4
  8
TEXT
 10
-18.303686152811515
 20
12.927387927402034
 30
0.0
 70
0
  0
VERTEX
  5
C5
  8
TEXT
 10
-18.277118074709644
 20
12.950782820429195
 30
0.0
 70
0
  0
VERTEX
  5
C6
  8
TEXT
 10
-18.250054611241094
 20
12.973077782473256
 30
0.0
 70
0
  0
VERTEX
  5
C7
  8
TEXT
 10
-18.22249576240586
 20
12.994272813534216
 30
0.0
 70
0
  0
VERTEX
  5
C8
  8
TEXT
 10
-18.19444152820394
 20
13.014367913612077
 30
0.0
 70
0
  0
VERTEX
  5
C9
  8
TEXT
 10
-18.165891908635334
 20
13.033363082706837
 30
0.0
 70
0
  0
VERTEX
  5
CA
  8
TEXT
 10
-18.13176668870523
 20
13.05447048407346
 30
0.0
 70
0
  0
VERTEX
  5
CB
  8
TEXT
 10
-18.097457403328608
 20
13.074194934202113
 30
0.0
 70
0
  0
VERTEX
  5
CC
  8
TEXT
 10
-18.062964052505468
 20
13.092536433092794
 30
0.0
 70
0
  0
VERTEX
  5
CD
  8
TEXT
 10
-18.028286636235812
 20
13.109494980745502
 30
0.0
 70
0
  0
VERTEX
  5
CE
  8
TEXT
 10
-17.993425154519638
 20
13.12507057716024
 30
0.0
 70
0
  0
VERTEX
  5
CF
  8
TEXT
 10
-17.958379607356946
 20
13.139263222337004
 30
0.0
 70
0
  0
VERTEX
  5
D0
  8
TEXT
 10
-17.92314999474774
 20
13.152072916275795
 30
0.0
 70
0
  0
VERTEX
  5
D1
  8
TEXT
 10
-17.88773631669201
 20
13.163499658976615
 30
0.0
 70
0
  0
VERTEX
  5
D2
  8
TEXT
 10
-17.852138573189766
 20
13.173543450439464
 30
0.0
 70
0
  0
VERTEX
  5
D3
  8
TEXT
 10
-17.816356764241007
 20
13.18220429066434
 30
0.0
 70
0
  0
VERTEX
  5
D4
  8
TEXT
 10
-17.780390889845727
 20
13.189482179651243
 30
0.0
 70
0
  0
VERTEX
  5
D5
  8
TEXT
 10
-17.740955184356103
 20
13.19590771051225
 30
0.0
 70
0
  0
VERTEX
  5
D6
  8
TEXT
 10
-17.70197546354801
 20
13.200694193685852
 30
0.0
 70
0
  0
VERTEX
  5
D7
  8
TEXT
 10
-17.663451727421453
 20
13.203841629172048
 30
0.0
 70
0
  0
VERTEX
  5
D8
  8
TEXT
 10
-17.625383975976426
 20
13.20535001697084
 30
0.0
 70
0
  0
VERTEX
  5
D9
  8
TEXT
 10
-17.587772209212932
 20
13.205219357082226
 30
0.0
 70
0
  0
VERTEX
  5
DA
  8
TEXT
 10
-17.550616427130972
 20
13.203449649506208
 30
0.0
 70
0
  0
VERTEX
  5
DB
  8
TEXT
 10
-17.513916629730545
 20
13.200040894242784
 30
0.0
 70
0
  0
VERTEX
  5
DC
  8
TEXT
 10
-17.47767281701165
 20
13.194993091291956
 30
0.0
 70
0
  0
VERTEX
  5
DD
  8
TEXT
 10
-17.44188498897429
 20
13.188306240653723
 30
0.0
 70
0
  0
VERTEX
  5
DE
  8
TEXT
 10
-17.406553145618464
 20
13.179980342328085
 30
0.0
 70
0
  0
VERTEX
  5
DF
  8
TEXT
 10
-17.472045831842323
 20
12.75270409223435
 30
0.0
 70
0
  0
VERTEX
  5
E0
  8
TEXT
 10
-17.510478259545007
 20
12.761430680772056
 30
0.0
 70
0
  0
VERTEX
  5
E1
  8
TEXT
 10
-17.548793666174088
 20
12.767814920307599
 30
0.0
 70
0
  0
VERTEX
  5
E2
  8
TEXT
 10
-17.58699205172957
 20
12.771856810840976
 30
0.0
 70
0
  0
VERTEX
  5
E3
  8
TEXT
 10
-17.625073416211446
 20
12.77355635237219
 30
0.0
 70
0
  0
VERTEX
  5
E4
  8
TEXT
 10
-17.663037759619723
 20
12.77291354490124
 30
0.0
 70
0
  0
VERTEX
  5
E5
  8
TEXT
 10
-17.700885081954393
 20
12.769928388428127
 30
0.0
 70
0
  0
VERTEX
  5
E6
  8
TEXT
 10
-17.738615383215464
 20
12.764600882952852
 30
0.0
 70
0
  0
VERTEX
  5
E7
  8
TEXT
 10
-17.776228663402932
 20
12.75693102847541
 30
0.0
 70
0
  0
VERTEX
  5
E8
  8
TEXT
 10
-17.813724922516794
 20
12.746918824995806
 30
0.0
 70
0
  0
VERTEX
  5
E9
  8
TEXT
 10
-17.851104160557057
 20
12.734564272514039
 30
0.0
 70
0
  0
VERTEX
  5
EA
  8
TEXT
 10
-17.884570826733924
 20
12.721243978914512
 30
0.0
 70
0
  0
VERTEX
  5
EB
  8
TEXT
 10
-17.917114957076418
 20
12.705875328993837
 30
0.0
 70
0
  0
VERTEX
  5
EC
  8
TEXT
 10
-17.94873655158453
 20
12.68845832275202
 30
0.0
 70
0
  0
VERTEX
  5
ED
  8
TEXT
 10
-17.97943561025827
 20
12.668992960189055
 30
0.0
 70
0
  0
VERTEX
  5
EE
  8
TEXT
 10
-18.009212133097634
 20
12.647479241304946
 30
0.0
 70
0
  0
VERTEX
  5
EF
  8
TEXT
 10
-18.03806612010262
 20
12.623917166099691
 30
0.0
 70
0
  0
VERTEX
  5
F0
  8
TEXT
 10
-18.065997571273233
 20
12.59830673457329
 30
0.0
 70
0
  0
VERTEX
  5
F1
  8
TEXT
 10
-18.093006486609468
 20
12.570647946725742
 30
0.0
 70
0
  0
VERTEX
  5
F2
  8
TEXT
 10
-18.119092866111327
 20
12.540940802557051
 30
0.0
 70
0
  0
VERTEX
  5
F3
  8
TEXT
 10
-18.144256709778812
 20
12.509185302067214
 30
0.0
 70
0
  0
VERTEX
  5
F4
  8
TEXT
 10
-18.168498017611917
 20
12.47538144525623
 30
0.0
 70
0
  0
VERTEX
  5
F5
  8
TEXT
 10
-18.190644208052476
 20
12.441388230233256
 30
0.0
 70
0
  0
VERTEX
  5
F6
  8
TEXT
 10
-18.21084381287097
 20
12.407129764275693
 30
0.0
 70
0
  0
VERTEX
  5
F7
  8
TEXT
 10
-18.2290968320674
 20
12.37260604738354
 30
0.0
 70
0
  0
VERTEX
  5
F8
  8
TEXT
 10
-18.245403265641766
 20
12.337817079556798
 30
0.0
 70
0
  0
VERTEX
  5
F9
  8
TEXT
 10
-18.25976311359407
 20
12.302762860795466
 30
0.0
 70
0
  0
VERTEX
  5
FA
  8
TEXT
 10
-18.27217637592431
 20
12.267443391099548
 30
0.0
 70
0
  0
VERTEX
  5
FB
  8
TEXT
 10
-18.282643052632487
 20
12.231858670469038
 30
0.0
 70
0
  0
VERTEX
  5
FC
  8
TEXT
 10
-18.291163143718602
 20
12.196008698903938
 30
0.0
 70
0
  0
VERTEX
  5
FD
  8
TEXT
 10
-18.297736649182653
 20
12.159893476404251
 30
0.0
 70
0
  0
VERTEX
  5
FE
  8
TEXT
 10
-18.302363569024642
 20
12.123513002969974
 30
0.0
 70
0
  0
VERTEX
  5
FF
  8
TEXT
 10
-18.305043903244567
 20
12.086867278601106
 30
0.0
 70
0
  0
VERTEX
  5
100
  8
TEXT
 10
-18.305840956122985
 20
12.050241309977963
 30
0.0
 70
0
  0
VERTEX
  5
101
  8
TEXT
 10
-18.304818031940457
 20
12.013920103780855
 30
0.0
 70
0
  0
VERTEX
  5
102
  8
TEXT
 10
-18.30197513069698
 20
11.97790366000978
 30
0.0
 70
0
  0
VERTEX
  5
103
  8
TEXT
 10
-18.297312252392555
 20
11.94219197866474
 30
0.0
 70
0
  0
VERTEX
  5
104
  8
TEXT
 10
-18.29082939702718
 20
11.906785059745735
 30
0.0
 70
0
  0
VERTEX
  5
105
  8
TEXT
 10
-18.282526564600857
 20
11.871682903252763
 30
0.0
 70
0
  0
VERTEX
  5
106
  8
TEXT
 10
-18.27240375511359
 20
11.836885509185826
 30
0.0
 70
0
  0
VERTEX
  5
107
  8
TEXT
 10
-18.260460968565372
 20
11.802392877544925
 30
0.0
 70
0
  0
VERTEX
  5
108
  8
TEXT
 10
-18.246698204956203
 20
11.768205008330058
 30
0.0
 70
0
  0
VERTEX
  5
109
  8
TEXT
 10
-18.23111546428609
 20
11.734321901541225
 30
0.0
 70
0
  0
VERTEX
  5
10A
  8
TEXT
 10
-18.21371274655503
 20
11.700743557178427
 30
0.0
 70
0
  0
VERTEX
  5
10B
  8
TEXT
 10
-18.196184452223154
 20
11.670395822852411
 30
0.0
 70
0
  0
VERTEX
  5
10C
  8
TEXT
 10
-18.177172864040347
 20
11.640633552315629
 30
0.0
 70
0
  0
VERTEX
  5
10D
  8
TEXT
 10
-18.15667798200661
 20
11.611456745568079
 30
0.0
 70
0
  0
VERTEX
  5
10E
  8
TEXT
 10
-18.134699806121944
 20
11.582865402609762
 30
0.0
 70
0
  0
VERTEX
  5
10F
  8
TEXT
 10
-18.11123833638634
 20
11.554859523440678
 30
0.0
 70
0
  0
VERTEX
  5
110
  8
TEXT
 10
-18.08629357279981
 20
11.527439108060827
 30
0.0
 70
0
  0
VERTEX
  5
111
  8
TEXT
 10
-18.059865515362347
 20
11.500604156470208
 30
0.0
 70
0
  0
VERTEX
  5
112
  8
TEXT
 10
-18.03195416407395
 20
11.474354668668823
 30
0.0
 70
0
  0
VERTEX
  5
113
  8
TEXT
 10
-18.002559518934625
 20
11.448690644656672
 30
0.0
 70
0
  0
VERTEX
  5
114
  8
TEXT
 10
-17.971681579944367
 20
11.423612084433753
 30
0.0
 70
0
  0
VERTEX
  5
115
  8
TEXT
 10
-17.939320347103177
 20
11.399118988000067
 30
0.0
 70
0
  0
VERTEX
  5
116
  8
TEXT
 10
-17.905475820411056
 20
11.375211355355614
 30
0.0
 70
0
  0
VERTEX
  5
117
  8
TEXT
 10
-17.87086516811434
 20
11.352405946518148
 30
0.0
 70
0
  0
VERTEX
  5
118
  8
TEXT
 10
-17.83620555845937
 20
11.331219521505425
 30
0.0
 70
0
  0
VERTEX
  5
119
  8
TEXT
 10
-17.801496991446143
 20
11.311652080317442
 30
0.0
 70
0
  0
VERTEX
  5
11A
  8
TEXT
 10
-17.766739467074665
 20
11.293703622954201
 30
0.0
 70
0
  0
VERTEX
  5
11B
  8
TEXT
 10
-17.731932985344926
 20
11.277374149415703
 30
0.0
 70
0
  0
VERTEX
  5
11C
  8
TEXT
 10
-17.697077546256935
 20
11.262663659701944
 30
0.0
 70
0
  0
VERTEX
  5
11D
  8
TEXT
 10
-17.662173149810688
 20
11.24957215381293
 30
0.0
 70
0
  0
VERTEX
  5
11E
  8
TEXT
 10
-17.627219796006184
 20
11.238099631748655
 30
0.0
 70
0
  0
VERTEX
  5
11F
  8
TEXT
 10
-17.592217484843427
 20
11.228246093509124
 30
0.0
 70
0
  0
VERTEX
  5
120
  8
TEXT
 10
-17.557166216322415
 20
11.220011539094333
 30
0.0
 70
0
  0
VERTEX
  5
121
  8
TEXT
 10
-17.522065990443146
 20
11.213395968504285
 30
0.0
 70
0
  0
VERTEX
  5
122
  8
TEXT
 10
-17.48691680720562
 20
11.208399381738978
 30
0.0
 70
0
  0
VERTEX
  5
123
  8
TEXT
 10
-17.448753420944115
 20
11.204731168313355
 30
0.0
 70
0
  0
VERTEX
  5
124
  8
TEXT
 10
-17.41100579725048
 20
11.20286200771562
 30
0.0
 70
0
  0
VERTEX
  5
125
  8
TEXT
 10
-17.373673936124707
 20
11.202791899945774
 30
0.0
 70
0
  0
VERTEX
  5
126
  8
TEXT
 10
-17.3367578375668
 20
11.204520845003817
 30
0.0
 70
0
  0
VERTEX
  5
127
  8
TEXT
 10
-17.300257501576763
 20
11.208048842889747
 30
0.0
 70
0
  0
VERTEX
  5
128
  8
TEXT
 10
-17.264172928154593
 20
11.213375893603565
 30
0.0
 70
0
  0
VERTEX
  5
129
  8
TEXT
 10
-17.22850411730029
 20
11.220501997145272
 30
0.0
 70
0
  0
VERTEX
  5
12A
  8
TEXT
 10
-17.193251069013854
 20
11.229427153514868
 30
0.0
 70
0
  0
VERTEX
  5
12B
  8
TEXT
 10
-17.158413783295284
 20
11.240151362712352
 30
0.0
 70
0
  0
VERTEX
  5
12C
  8
TEXT
 10
-17.12399226014458
 20
11.252674624737724
 30
0.0
 70
0
  0
VERTEX
  5
12D
  8
TEXT
 10
-17.089986499561743
 20
11.266996939590983
 30
0.0
 70
0
  0
VERTEX
  5
12E
  8
TEXT
 10
-17.056674001901357
 20
11.283065996689482
 30
0.0
 70
0
  0
VERTEX
  5
12F
  8
TEXT
 10
-17.024332267517995
 20
11.300829485450569
 30
0.0
 70
0
  0
VERTEX
  5
130
  8
TEXT
 10
-16.992961296411664
 20
11.320287405874245
 30
0.0
 70
0
  0
VERTEX
  5
131
  8
TEXT
 10
-16.962561088582362
 20
11.341439757960508
 30
0.0
 70
0
  0
VERTEX
  5
132
  8
TEXT
 10
-16.933131644030087
 20
11.364286541709362
 30
0.0
 70
0
  0
VERTEX
  5
133
  8
TEXT
 10
-16.904672962754844
 20
11.388827757120804
 30
0.0
 70
0
  0
VERTEX
  5
134
  8
TEXT
 10
-16.877185044756626
 20
11.415063404194834
 30
0.0
 70
0
  0
VERTEX
  5
135
  8
TEXT
 10
-16.85066789003544
 20
11.442993482931454
 30
0.0
 70
0
  0
VERTEX
  5
136
  8
TEXT
 10
-16.82512149859128
 20
11.472617993330662
 30
0.0
 70
0
  0
VERTEX
  5
137
  8
TEXT
 10
-16.80054587042415
 20
11.503936935392458
 30
0.0
 70
0
  0
VERTEX
  5
138
  8
TEXT
 10
-16.776941005534045
 20
11.536950309116843
 30
0.0
 70
0
  0
VERTEX
  5
139
  8
TEXT
 10
-16.754872472622186
 20
11.570858641344723
 30
0.0
 70
0
  0
VERTEX
  5
13A
  8
TEXT
 10
-16.734685654835005
 20
11.605184940722296
 30
0.0
 70
0
  0
VERTEX
  5
13B
  8
TEXT
 10
-16.71638055217251
 20
11.63992920724956
 30
0.0
 70
0
  0
VERTEX
  5
13C
  8
TEXT
 10
-16.69995716463469
 20
11.675091440926517
 30
0.0
 70
0
  0
VERTEX
  5
13D
  8
TEXT
 10
-16.68541549222155
 20
11.710671641753166
 30
0.0
 70
0
  0
VERTEX
  5
13E
  8
TEXT
 10
-16.672755534933096
 20
11.746669809729507
 30
0.0
 70
0
  0
VERTEX
  5
13F
  8
TEXT
 10
-16.66197729276932
 20
11.783085944855541
 30
0.0
 70
0
  0
VERTEX
  5
140
  8
TEXT
 10
-16.65308076573022
 20
11.819920047131268
 30
0.0
 70
0
  0
VERTEX
  5
141
  8
TEXT
 10
-16.646065953815803
 20
11.857172116556686
 30
0.0
 70
0
  0
VERTEX
  5
142
  8
TEXT
 10
-16.641042161299417
 20
11.894435207368454
 30
0.0
 70
0
  0
VERTEX
  5
143
  8
TEXT
 10
-16.638118692454412
 20
11.931302373803229
 30
0.0
 70
0
  0
VERTEX
  5
144
  8
TEXT
 10
-16.637295547280782
 20
11.96777361586101
 30
0.0
 70
0
  0
VERTEX
  5
145
  8
TEXT
 10
-16.638572725778534
 20
12.003848933541795
 30
0.0
 70
0
  0
VERTEX
  5
146
  8
TEXT
 10
-16.641950227947664
 20
12.039528326845588
 30
0.0
 70
0
  0
VERTEX
  5
147
  8
TEXT
 10
-16.647428053788172
 20
12.074811795772387
 30
0.0
 70
0
  0
VERTEX
  5
148
  8
TEXT
 10
-16.655006203300058
 20
12.10969934032219
 30
0.0
 70
0
  0
VERTEX
  5
149
  8
TEXT
 10
-16.664684676483326
 20
12.144190960495003
 30
0.0
 70
0
  0
VERTEX
  5
14A
  8
TEXT
 10
-16.67646347333797
 20
12.178286656290819
 30
0.0
 70
0
  0
VERTEX
  5
14B
  8
TEXT
 10
-16.690451898137344
 20
12.2115794819463
 30
0.0
 70
0
  0
VERTEX
  5
14C
  8
TEXT
 10
-16.706759255154797
 20
12.2436624916981
 30
0.0
 70
0
  0
VERTEX
  5
14D
  8
TEXT
 10
-16.725385544390324
 20
12.27453568554622
 30
0.0
 70
0
  0
VERTEX
  5
14E
  8
TEXT
 10
-16.746330765843933
 20
12.30419906349066
 30
0.0
 70
0
  0
VERTEX
  5
14F
  8
TEXT
 10
-16.769594919515615
 20
12.33265262553142
 30
0.0
 70
0
  0
VERTEX
  5
150
  8
TEXT
 10
-16.79517800540538
 20
12.3598963716685
 30
0.0
 70
0
  0
VERTEX
  5
151
  8
TEXT
 10
-16.823080023513217
 20
12.3859303019019
 30
0.0
 70
0
  0
VERTEX
  5
152
  8
TEXT
 10
-16.853300973839136
 20
12.410754416231619
 30
0.0
 70
0
  0
VERTEX
  5
153
  8
TEXT
 10
-16.88584085638313
 20
12.434368714657658
 30
0.0
 70
0
  0
VERTEX
  5
154
  8
TEXT
 10
-16.89382228106411
 20
12.43981830713839
 30
0.0
 70
0
  0
VERTEX
  5
155
  8
TEXT
 10
-17.28255987802296
 20
11.870476679895035
 30
0.0
 70
0
  0
VERTEX
  5
156
  8
TEXT
 10
-17.58851449079392
 20
12.079377724989742
 30
0.0
 70
0
  0
VERTEX
  5
157
  8
TEXT
 10
-16.952728701375246
 20
13.010543937770931
 30
0.0
 70
0
  0
VERTEX
  5
158
  8
TEXT
 10
-16.753193084350706
 20
12.874304125752644
 30
0.0
 70
0
  0
VERTEX
  5
159
  8
TEXT
 10
-16.718619516478686
 20
12.8500284684488
 30
0.0
 70
0
  0
VERTEX
  5
15A
  8
TEXT
 10
-16.68529907158718
 20
12.825269696880126
 30
0.0
 70
0
  0
VERTEX
  5
15B
  8
TEXT
 10
-16.653231749676195
 20
12.800027811046625
 30
0.0
 70
0
  0
VERTEX
  5
15C
  8
TEXT
 10
-16.622417550745723
 20
12.774302810948297
 30
0.0
 70
0
  0
VERTEX
  5
15D
  8
TEXT
 10
-16.592856474795767
 20
12.748094696585142
 30
0.0
 70
0
  0
VERTEX
  5
15E
  8
TEXT
 10
-16.564548521826328
 20
12.721403467957158
 30
0.0
 70
0
  0
VERTEX
  5
15F
  8
TEXT
 10
-16.537493691837405
 20
12.694229125064346
 30
0.0
 70
0
  0
VERTEX
  5
160
  8
TEXT
 10
-16.511691984829
 20
12.666571667906705
 30
0.0
 70
0
  0
VERTEX
  5
161
  8
TEXT
 10
-16.48714340080111
 20
12.638431096484238
 30
0.0
 70
0
  0
VERTEX
  5
162
  8
TEXT
 10
-16.463847939753734
 20
12.609807410796945
 30
0.0
 70
0
  0
VERTEX
  5
163
  8
TEXT
 10
-16.441805601686877
 20
12.580700610844822
 30
0.0
 70
0
  0
VERTEX
  5
164
  8
TEXT
 10
-16.421016386600535
 20
12.551110696627871
 30
0.0
 70
0
  0
VERTEX
  5
165
  8
TEXT
 10
-16.401480294494707
 20
12.521037668146093
 30
0.0
 70
0
  0
VERTEX
  5
166
  8
TEXT
 10
-16.381650796690103
 20
12.488089337046402
 30
0.0
 70
0
  0
VERTEX
  5
167
  8
TEXT
 10
-16.36313295294335
 20
12.454925945911414
 30
0.0
 70
0
  0
VERTEX
  5
168
  8
TEXT
 10
-16.345926763254447
 20
12.421547494741127
 30
0.0
 70
0
  0
VERTEX
  5
169
  8
TEXT
 10
-16.3300322276234
 20
12.387953983535542
 30
0.0
 70
0
  0
VERTEX
  5
16A
  8
TEXT
 10
-16.3154493460502
 20
12.35414541229466
 30
0.0
 70
0
  0
VERTEX
  5
16B
  8
TEXT
 10
-16.302178118534858
 20
12.320121781018479
 30
0.0
 70
0
  0
VERTEX
  5
16C
  8
TEXT
 10
-16.290218545077366
 20
12.285883089707
 30
0.0
 70
0
  0
VERTEX
  5
16D
  8
TEXT
 10
-16.279570625677728
 20
12.251429338360222
 30
0.0
 70
0
  0
VERTEX
  5
16E
  8
TEXT
 10
-16.27023436033594
 20
12.216760526978145
 30
0.0
 70
0
  0
VERTEX
  5
16F
  8
TEXT
 10
-16.262209749052005
 20
12.181876655560773
 30
0.0
 70
0
  0
VERTEX
  5
170
  8
TEXT
 10
-16.255496791825923
 20
12.146777724108102
 30
0.0
 70
0
  0
VERTEX
  5
171
  8
TEXT
 10
-16.250095488657692
 20
12.11146373262013
 30
0.0
 70
0
  0
VERTEX
  5
172
  8
TEXT
 10
-16.245589986447847
 20
12.072877508680293
 30
0.0
 70
0
  0
VERTEX
  5
173
  8
TEXT
 10
-16.24242724594043
 20
12.034402156509401
 30
0.0
 70
0
  0
VERTEX
  5
174
  8
TEXT
 10
-16.24060726713544
 20
11.996037676107456
 30
0.0
 70
0
  0
VERTEX
  5
175
  8
TEXT
 10
-16.24013005003288
 20
11.957784067474458
 30
0.0
 70
0
  0
VERTEX
  5
176
  8
TEXT
 10
-16.24099559463275
 20
11.919641330610405
 30
0.0
 70
0
  0
VERTEX
  5
177
  8
TEXT
 10
-16.243203900935047
 20
11.881609465515302
 30
0.0
 70
0
  0
VERTEX
  5
178
  8
TEXT
 10
-16.246754968939772
 20
11.843688472189143
 30
0.0
 70
0
  0
VERTEX
  5
179
  8
TEXT
 10
-16.251648798646926
 20
11.805878350631932
 30
0.0
 70
0
  0
VERTEX
  5
17A
  8
TEXT
 10
-16.257885390056508
 20
11.768179100843668
 30
0.0
 70
0
  0
VERTEX
  5
17B
  8
TEXT
 10
-16.26546474316852
 20
11.73059072282435
 30
0.0
 70
0
  0
VERTEX
  5
17C
  8
TEXT
 10
-16.274386857982957
 20
11.693113216573977
 30
0.0
 70
0
  0
VERTEX
  5
17D
  8
TEXT
 10
-16.284535120660305
 20
11.655940981282715
 30
0.0
 70
0
  0
VERTEX
  5
17E
  8
TEXT
 10
-16.295792917361037
 20
11.619268416140722
 30
0.0
 70
0
  0
VERTEX
  5
17F
  8
TEXT
 10
-16.308160248085162
 20
11.583095521147998
 30
0.0
 70
0
  0
VERTEX
  5
180
  8
TEXT
 10
-16.321637112832676
 20
11.547422296304546
 30
0.0
 70
0
  0
VERTEX
  5
181
  8
TEXT
 10
-16.336223511603574
 20
11.512248741610364
 30
0.0
 70
0
  0
VERTEX
  5
182
  8
TEXT
 10
-16.351919444397865
 20
11.47757485706545
 30
0.0
 70
0
  0
VERTEX
  5
183
  8
TEXT
 10
-16.36872491121554
 20
11.44340064266981
 30
0.0
 70
0
  0
VERTEX
  5
184
  8
TEXT
 10
-16.38663991205661
 20
11.409726098423437
 30
0.0
 70
0
  0
VERTEX
  5
185
  8
TEXT
 10
-16.40566444692106
 20
11.376551224326334
 30
0.0
 70
0
  0
VERTEX
  5
186
  8
TEXT
 10
-16.425798515808907
 20
11.343876020378504
 30
0.0
 70
0
  0
SEQEND
  5
57
  8
TEXT
  0
POLYLINE
  5
187
  8
TEXT
 66
1
 10
0.0
 20
0.0
 30
0.0
 70
1
  0
VERTEX
  5
189
  8
TEXT
 10
-15.441172604185303
 20
12.738275549097029
 30
0.0
 70
0
  0
VERTEX
  5
18A
  8
TEXT
 10
-17.227369685522323
 20
14.341241545811592
 30
0.0
 70
0
  0
VERTEX
  5
18B
  8
TEXT
 10
-16.631367563253956
 20
15.00537119887247
 30
0.0
 70
0
  0
VERTEX
  5
18C
  8
TEXT
 10
-16.603917167161473
 20
15.035038270670809
 30
0.0
 70
0
  0
VERTEX
  5
18D
  8
TEXT
 10
-16.576073994879685
 20
15.063300793367112
 30
0.0
 70
0
  0
VERTEX
  5
18E
  8
TEXT
 10
-16.547838046408593
 20
15.090158766961384
 30
0.0
 70
0
  0
VERTEX
  5
18F
  8
TEXT
 10
-16.5192093217482
 20
15.115612191453625
 30
0.0
 70
0
  0
VERTEX
  5
190
  8
TEXT
 10
-16.490187820898498
 20
15.139661066843829
 30
0.0
 70
0
  0
VERTEX
  5
191
  8
TEXT
 10
-16.460773543859496
 20
15.162305393132002
 30
0.0
 70
0
  0
VERTEX
  5
192
  8
TEXT
 10
-16.43096649063119
 20
15.183545170318142
 30
0.0
 70
0
  0
VERTEX
  5
193
  8
TEXT
 10
-16.400766661213577
 20
15.203380398402249
 30
0.0
 70
0
  0
VERTEX
  5
194
  8
TEXT
 10
-16.370174055606665
 20
15.221811077384324
 30
0.0
 70
0
  0
VERTEX
  5
195
  8
TEXT
 10
-16.339188673810444
 20
15.238837207264364
 30
0.0
 70
0
  0
VERTEX
  5
196
  8
TEXT
 10
-16.307810515824922
 20
15.254458788042372
 30
0.0
 70
0
  0
VERTEX
  5
197
  8
TEXT
 10
-16.276039581650096
 20
15.268675819718348
 30
0.0
 70
0
  0
VERTEX
  5
198
  8
TEXT
 10
-16.24112421456265
 20
15.282469363899128
 30
0.0
 70
0
  0
VERTEX
  5
199
  8
TEXT
 10
-16.206124998251905
 20
15.294363253623379
 30
0.0
 70
0
  0
VERTEX
  5
19A
  8
TEXT
 10
-16.17104193271786
 20
15.3043574888911
 30
0.0
 70
0
  0
VERTEX
  5
19B
  8
TEXT
 10
-16.13587501796051
 20
15.312452069702289
 30
0.0
 70
0
  0
VERTEX
  5
19C
  8
TEXT
 10
-16.100624253979866
 20
15.318646996056948
 30
0.0
 70
0
  0
VERTEX
  5
19D
  8
TEXT
 10
-16.06528964077592
 20
15.322942267955078
 30
0.0
 70
0
  0
VERTEX
  5
19E
  8
TEXT
 10
-16.02987117834867
 20
15.325337885396678
 30
0.0
 70
0
  0
VERTEX
  5
19F
  8
TEXT
 10
-15.994368866698125
 20
15.325833848381748
 30
0.0
 70
0
  0
VERTEX
  5
1A0
  8
TEXT
 10
-15.958782705824277
 20
15.324430156910287
 30
0.0
 70
0
  0
VERTEX
  5
1A1
  8
TEXT
 10
-15.923112695727129
 20
15.321126810982296
 30
0.0
 70
0
  0
VERTEX
  5
1A2
  8
TEXT
 10
-15.88735883640668
 20
15.315923810597774
 30
0.0
 70
0
  0
VERTEX
  5
1A3
  8
TEXT
 10
-15.854664494979376
 20
15.309398080675592
 30
0.0
 70
0
  0
VERTEX
  5
1A4
  8
TEXT
 10
-15.822207074572981
 20
15.301101074865823
 30
0.0
 70
0
  0
VERTEX
  5
1A5
  8
TEXT
 10
-15.789986575187495
 20
15.291032793168467
 30
0.0
 70
0
  0
VERTEX
  5
1A6
  8
TEXT
 10
-15.758002996822915
 20
15.279193235583522
 30
0.0
 70
0
  0
VERTEX
  5
1A7
  8
TEXT
 10
-15.726256339479242
 20
15.26558240211099
 30
0.0
 70
0
  0
VERTEX
  5
1A8
  8
TEXT
 10
-15.69474660315648
 20
15.250200292750872
 30
0.0
 70
0
  0
VERTEX
  5
1A9
  8
TEXT
 10
-15.663473787854622
 20
15.233046907503164
 30
0.0
 70
0
  0
VERTEX
  5
1AA
  8
TEXT
 10
-15.632437893573675
 20
15.21412224636787
 30
0.0
 70
0
  0
VERTEX
  5
1AB
  8
TEXT
 10
-15.601638920313635
 20
15.193426309344988
 30
0.0
 70
0
  0
VERTEX
  5
1AC
  8
TEXT
 10
-15.571076868074503
 20
15.170959096434517
 30
0.0
 70
0
  0
VERTEX
  5
1AD
  8
TEXT
 10
-15.540751736856278
 20
15.146720607636459
 30
0.0
 70
0
  0
VERTEX
  5
1AE
  8
TEXT
 10
-15.510663526658961
 20
15.120710842950814
 30
0.0
 70
0
  0
VERTEX
  5
1AF
  8
TEXT
 10
-15.480822909446433
 20
15.092834173138428
 30
0.0
 70
0
  0
VERTEX
  5
1B0
  8
TEXT
 10
-15.45283894383254
 20
15.064429390433714
 30
0.0
 70
0
  0
VERTEX
  5
1B1
  8
TEXT
 10
-15.426711629817285
 20
15.035496494836675
 30
0.0
 70
0
  0
VERTEX
  5
1B2
  8
TEXT
 10
-15.402440967400665
 20
15.006035486347312
 30
0.0
 70
0
  0
VERTEX
  5
1B3
  8
TEXT
 10
-15.380026956582682
 20
14.976046364965619
 30
0.0
 70
0
  0
VERTEX
  5
1B4
  8
TEXT
 10
-15.359469597363333
 20
14.945529130691602
 30
0.0
 70
0
  0
VERTEX
  5
1B5
  8
TEXT
 10
-15.340768889742622
 20
14.91448378352526
 30
0.0
 70
0
  0
VERTEX
  5
1B6
  8
TEXT
 10
-15.323924833720545
 20
14.882910323466591
 30
0.0
 70
0
  0
VERTEX
  5
1B7
  8
TEXT
 10
-15.308937429297105
 20
14.850808750515595
 30
0.0
 70
0
  0
VERTEX
  5
1B8
  8
TEXT
 10
-15.295806676472301
 20
14.818179064672275
 30
0.0
 70
0
  0
VERTEX
  5
1B9
  8
TEXT
 10
-15.284532575246134
 20
14.785021265936628
 30
0.0
 70
0
  0
VERTEX
  5
1BA
  8
TEXT
 10
-15.275115125618601
 20
14.751335354308655
 30
0.0
 70
0
  0
VERTEX
  5
1BB
  8
TEXT
 10
-15.266862518307347
 20
14.714291648744545
 30
0.0
 70
0
  0
VERTEX
  5
1BC
  8
TEXT
 10
-15.260626421089691
 20
14.677233189668515
 30
0.0
 70
0
  0
VERTEX
  5
1BD
  8
TEXT
 10
-15.256406833965633
 20
14.640159977080563
 30
0.0
 70
0
  0
VERTEX
  5
1BE
  8
TEXT
 10
-15.254203756935171
 20
14.60307201098069
 30
0.0
 70
0
  0
VERTEX
  5
1BF
  8
TEXT
 10
-15.254017189998306
 20
14.565969291368893
 30
0.0
 70
0
  0
VERTEX
  5
1C0
  8
TEXT
 10
-15.255847133155038
 20
14.528851818245176
 30
0.0
 70
0
  0
VERTEX
  5
1C1
  8
TEXT
 10
-15.259693586405367
 20
14.491719591609538
 30
0.0
 70
0
  0
VERTEX
  5
1C2
  8
TEXT
 10
-15.265556549749295
 20
14.454572611461977
 30
0.0
 70
0
  0
VERTEX
  5
1C3
  8
TEXT
 10
-15.27343602318682
 20
14.417410877802496
 30
0.0
 70
0
  0
VERTEX
  5
1C4
  8
TEXT
 10
-15.28333200671794
 20
14.380234390631092
 30
0.0
 70
0
  0
VERTEX
  5
1C5
  8
TEXT
 10
-15.295244500342658
 20
14.343043149947768
 30
0.0
 70
0
  0
VERTEX
  5
1C6
  8
TEXT
 10
-14.210438979862177
 20
14.10969129476787
 30
0.0
 70
0
  0
VERTEX
  5
1C7
  8
TEXT
 10
-14.541790340256863
 20
13.740463978625721
 30
0.0
 70
0
  0
VERTEX
  5
1C8
  8
TEXT
 10
-15.532476193762532
 20
13.962935520331229
 30
0.0
 70
0
  0
VERTEX
  5
1C9
  8
TEXT
 10
-15.807885116687988
 20
13.656045283537754
 30
0.0
 70
0
  0
VERTEX
  5
1CA
  8
TEXT
 10
-15.148550623577007
 20
13.064346425690097
 30
0.0
 70
0
  0
SEQEND
  5
188
  8
TEXT
  0
POLYLINE
  5
1CB
  8
TEXT
 66
1
 10
0.0
 20
0.0
 30
0.0
 70
1
  0
VERTEX
  5
1CD
  8
TEXT
 10
-16.09559471368187
 20
13.914241148780368
 30
0.0
 70
0
  0
VERTEX
  5
1CE
  8
TEXT
 10
-15.787911307601089
 20
14.257095085198078
 30
0.0
 70
0
  0
VERTEX
  5
1CF
  8
TEXT
 10
-15.762937877888383
 20
14.286865873425246
 30
0.0
 70
0
  0
VERTEX
  5
1D0
  8
TEXT
 10
-15.741091183272363
 20
14.317037932058005
 30
0.0
 70
0
  0
VERTEX
  5
1D1
  8
TEXT
 10
-15.722371223753028
 20
14.347611261096356
 30
0.0
 70
0
  0
VERTEX
  5
1D2
  8
TEXT
 10
-15.706777999330376
 20
14.3785858605403
 30
0.0
 70
0
  0
VERTEX
  5
1D3
  8
TEXT
 10
-15.694311510004406
 20
14.409961730389837
 30
0.0
 70
0
  0
VERTEX
  5
1D4
  8
TEXT
 10
-15.684971755775122
 20
14.441738870644965
 30
0.0
 70
0
  0
VERTEX
  5
1D5
  8
TEXT
 10
-15.677775762007439
 20
14.479951113623262
 30
0.0
 70
0
  0
VERTEX
  5
1D6
  8
TEXT
 10
-15.674851108738649
 20
14.517841181459133
 30
0.0
 70
0
  0
VERTEX
  5
1D7
  8
TEXT
 10
-15.676197795968752
 20
14.555409074152582
 30
0.0
 70
0
  0
VERTEX
  5
1D8
  8
TEXT
 10
-15.68181582369775
 20
14.592654791703605
 30
0.0
 70
0
  0
VERTEX
  5
1D9
  8
TEXT
 10
-15.691705191925642
 20
14.629578334112205
 30
0.0
 70
0
  0
VERTEX
  5
1DA
  8
TEXT
 10
-15.703155366294395
 20
14.659692861978323
 30
0.0
 70
0
  0
VERTEX
  5
1DB
  8
TEXT
 10
-15.717464158605088
 20
14.688765687514362
 30
0.0
 70
0
  0
VERTEX
  5
1DC
  8
TEXT
 10
-15.73463156885772
 20
14.716796810720325
 30
0.0
 70
0
  0
VERTEX
  5
1DD
  8
TEXT
 10
-15.754657597052292
 20
14.74378623159621
 30
0.0
 70
0
  0
VERTEX
  5
1DE
  8
TEXT
 10
-15.777542243188805
 20
14.769733950142017
 30
0.0
 70
0
  0
VERTEX
  5
1DF
  8
TEXT
 10
-15.803285507267256
 20
14.794639966357748
 30
0.0
 70
0
  0
VERTEX
  5
1E0
  8
TEXT
 10
-15.831521092347032
 20
14.818175558655707
 30
0.0
 70
0
  0
VERTEX
  5
1E1
  8
TEXT
 10
-15.860284314837546
 20
14.838577583974633
 30
0.0
 70
0
  0
VERTEX
  5
1E2
  8
TEXT
 10
-15.8895751747388
 20
14.855846042314525
 30
0.0
 70
0
  0
VERTEX
  5
1E3
  8
TEXT
 10
-15.919393672050795
 20
14.869980933675382
 30
0.0
 70
0
  0
VERTEX
  5
1E4
  8
TEXT
 10
-15.949739806773527
 20
14.880982258057207
 30
0.0
 70
0
  0
VERTEX
  5
1E5
  8
TEXT
 10
-15.980613578906999
 20
14.888850015459997
 30
0.0
 70
0
  0
VERTEX
  5
1E6
  8
TEXT
 10
-16.017956536185604
 20
14.894313627595393
 30
0.0
 70
0
  0
VERTEX
  5
1E7
  8
TEXT
 10
-16.055255190008193
 20
14.895582126609725
 30
0.0
 70
0
  0
VERTEX
  5
1E8
  8
TEXT
 10
-16.092509540374767
 20
14.892655512502994
 30
0.0
 70
0
  0
VERTEX
  5
1E9
  8
TEXT
 10
-16.12971958728533
 20
14.8855337852752
 30
0.0
 70
0
  0
VERTEX
  5
1EA
  8
TEXT
 10
-16.166885330739873
 20
14.874216944926342
 30
0.0
 70
0
  0
VERTEX
  5
1EB
  8
TEXT
 10
-16.19747030752496
 20
14.861505656757416
 30
0.0
 70
0
  0
VERTEX
  5
1EC
  8
TEXT
 10
-16.227319251669307
 20
14.845729120432955
 30
0.0
 70
0
  0
VERTEX
  5
1ED
  8
TEXT
 10
-16.25643216317292
 20
14.826887335952957
 30
0.0
 70
0
  0
VERTEX
  5
1EE
  8
TEXT
 10
-16.284809042035803
 20
14.804980303317425
 30
0.0
 70
0
  0
VERTEX
  5
1EF
  8
TEXT
 10
-16.31244988825795
 20
14.780008022526358
 30
0.0
 70
0
  0
VERTEX
  5
1F0
  8
TEXT
 10
-16.339354701839362
 20
14.751970493579755
 30
0.0
 70
0
  0
VERTEX
  5
1F1
  8
TEXT
 10
-16.647038107920146
 20
14.409116557162044
 30
0.0
 70
0
  0
SEQEND
  5
1CC
  8
TEXT
  0
POLYLINE
  5
1F2
  8
TEXT
 66
1
 10
0.0
 20
0.0
 30
0.0
 70
1
  0
VERTEX
  5
1F4
  8
TEXT
 10
-13.949154249035459
 20
14.375546131610909
 30
0.0
 70
0
  0
VERTEX
  5
1F5
  8
TEXT
 10
-14.897084506964424
 20
16.730727411992824
 30
0.0
 70
0
  0
VERTEX
  5
1F6
  8
TEXT
 10
-14.468899479001518
 20
17.102377449015595
 30
0.0
 70
0
  0
VERTEX
  5
1F7
  8
TEXT
 10
-12.270474309862703
 20
15.832583208575182
 30
0.0
 70
0
  0
VERTEX
  5
1F8
  8
TEXT
 10
-12.630538992467873
 20
15.520059313806033
 30
0.0
 70
0
  0
VERTEX
  5
1F9
  8
TEXT
 10
-13.097344744772858
 20
15.79740108944159
 30
0.0
 70
0
  0
VERTEX
  5
1FA
  8
TEXT
 10
-13.798011154166705
 20
15.189246483404329
 30
0.0
 70
0
  0
VERTEX
  5
1FB
  8
TEXT
 10
-13.59152243590735
 20
14.685958378442427
 30
0.0
 70
0
  0
SEQEND
  5
1F3
  8
TEXT
  0
POLYLINE
  5
1FC
  8
TEXT
 66
1
 10
0.0
 20
0.0
 30
0.0
 70
1
  0
VERTEX
  5
1FE
  8
TEXT
 10
-13.956526997076814
 20
15.56354509021931
 30
0.0
 70
0
  0
VERTEX
  5
1FF
  8
TEXT
 10
-13.445624406893801
 20
16.00699115712148
 30
0.0
 70
0
  0
VERTEX
  5
200
  8
TEXT
 10
-14.364133154400934
 20
16.549189139467853
 30
0.0
 70
0
  0
SEQEND
  5
1FD
  8
TEXT
  0
POLYLINE
  5
201
  8
TEXT
 66
1
 10
0.0
 20
0.0
 30
0.0
 70
1
  0
VERTEX
  5
203
  8
TEXT
 10
-11.314781906039128
 20
16.493140934303383
 30
0.0
 70
0
  0
VERTEX
  5
204
  8
TEXT
 10
-11.906538612003182
 20
17.376304848020272
 30
0.0
 70
0
  0
VERTEX
  5
205
  8
TEXT
 10
-13.322457325088092
 20
18.03685663891582
 30
0.0
 70
0
  0
VERTEX
  5
206
  8
TEXT
 10
-12.907637911069555
 20
18.314802970504996
 30
0.0
 70
0
  0
VERTEX
  5
207
  8
TEXT
 10
-11.972015215913155
 20
17.86756568468235
 30
0.0
 70
0
  0
VERTEX
  5
208
  8
TEXT
 10
-12.02982650592065
 20
18.90297327219048
 30
0.0
 70
0
  0
VERTEX
  5
209
  8
TEXT
 10
-11.615007091902111
 20
19.180919603779653
 30
0.0
 70
0
  0
VERTEX
  5
20A
  8
TEXT
 10
-11.541684977235759
 20
17.624649795386308
 30
0.0
 70
0
  0
VERTEX
  5
20B
  8
TEXT
 10
-10.948135069132421
 20
16.738809627385432
 30
0.0
 70
0
  0
SEQEND
  5
202
  8
TEXT
  0
POLYLINE
  5
20C
  8
TEXT
 66
1
 10
0.0
 20
0.0
 30
0.0
 70
1
  0
VERTEX
  5
20E
  8
TEXT
 10
-8.251283253844836
 20
18.176180688739183
 30
0.0
 70
0
  0
VERTEX
  5
20F
  8
TEXT
 10
-8.288764937064485
 20
18.159820540223976
 30
0.0
 70
0
  0
VERTEX
  5
210
  8
TEXT
 10
-8.326352782951483
 20
18.144926567671337
 30
0.0
 70
0
  0
VERTEX
  5
211
  8
TEXT
 10
-8.364046791505832
 20
18.131498771081276
 30
0.0
 70
0
  0
VERTEX
  5
212
  8
TEXT
 10
-8.401846962727529
 20
18.119537150453787
 30
0.0
 70
0
  0
VERTEX
  5
213
  8
TEXT
 10
-8.439753296616576
 20
18.10904170578887
 30
0.0
 70
0
  0
VERTEX
  5
214
  8
TEXT
 10
-8.477765793172972
 20
18.100012437086527
 30
0.0
 70
0
  0
VERTEX
  5
215
  8
TEXT
 10
-8.515884452396719
 20
18.092449344346758
 30
0.0
 70
0
  0
VERTEX
  5
216
  8
TEXT
 10
-8.554109274287814
 20
18.086352427569558
 30
0.0
 70
0
  0
VERTEX
  5
217
  8
TEXT
 10
-8.59244025884626
 20
18.081721686754936
 30
0.0
 70
0
  0
VERTEX
  5
218
  8
TEXT
 10
-8.630877406072054
 20
18.078557121902882
 30
0.0
 70
0
  0
VERTEX
  5
219
  8
TEXT
 10
-8.669420715965199
 20
18.076858733013406
 30
0.0
 70
0
  0
VERTEX
  5
21A
  8
TEXT
 10
-8.707828845318689
 20
18.076586736420126
 30
0.0
 70
0
  0
VERTEX
  5
21B
  8
TEXT
 10
-8.74586045092552
 20
18.077701348456674
 30
0.0
 70
0
  0
VERTEX
  5
21C
  8
TEXT
 10
-8.78351553278569
 20
18.08020256912305
 30
0.0
 70
0
  0
VERTEX
  5
21D
  8
TEXT
 10
-8.820794090899202
 20
18.084090398419253
 30
0.0
 70
0
  0
VERTEX
  5
21E
  8
TEXT
 10
-8.857696125266056
 20
18.08936483634528
 30
0.0
 70
0
  0
VERTEX
  5
21F
  8
TEXT
 10
-8.89422163588625
 20
18.096025882901134
 30
0.0
 70
0
  0
VERTEX
  5
220
  8
TEXT
 10
-8.930370622759785
 20
18.104073538086816
 30
0.0
 70
0
  0
VERTEX
  5
221
  8
TEXT
 10
-8.96614308588666
 20
18.113507801902326
 30
0.0
 70
0
  0
VERTEX
  5
222
  8
TEXT
 10
-9.001539025266878
 20
18.12432867434766
 30
0.0
 70
0
  0
VERTEX
  5
223
  8
TEXT
 10
-9.036558440900436
 20
18.13653615542282
 30
0.0
 70
0
  0
VERTEX
  5
224
  8
TEXT
 10
-9.071201332787336
 20
18.15013024512781
 30
0.0
 70
0
  0
VERTEX
  5
225
  8
TEXT
 10
-9.105275317756801
 20
18.165034165889384
 30
0.0
 70
0
  0
VERTEX
  5
226
  8
TEXT
 10
-9.138588012638063
 20
18.18117114013431
 30
0.0
 70
0
  0
VERTEX
  5
227
  8
TEXT
 10
-9.17113941743112
 20
18.198541167862587
 30
0.0
 70
0
  0
VERTEX
  5
228
  8
TEXT
 10
-9.20292953213597
 20
18.217144249074213
 30
0.0
 70
0
  0
VERTEX
  5
229
  8
TEXT
 10
-9.233958356752614
 20
18.23698038376919
 30
0.0
 70
0
  0
VERTEX
  5
22A
  8
TEXT
 10
-9.264225891281056
 20
18.258049571947513
 30
0.0
 70
0
  0
VERTEX
  5
22B
  8
TEXT
 10
-9.29373213572129
 20
18.28035181360919
 30
0.0
 70
0
  0
VERTEX
  5
22C
  8
TEXT
 10
-9.322477090073319
 20
18.303887108754214
 30
0.0
 70
0
  0
VERTEX
  5
22D
  8
TEXT
 10
-9.350460754337144
 20
18.328655457382588
 30
0.0
 70
0
  0
VERTEX
  5
22E
  8
TEXT
 10
-9.377683128512762
 20
18.354656859494312
 30
0.0
 70
0
  0
VERTEX
  5
22F
  8
TEXT
 10
-9.404144212600174
 20
18.381891315089387
 30
0.0
 70
0
  0
VERTEX
  5
230
  8
TEXT
 10
-9.138525610983727
 20
18.678501799732963
 30
0.0
 70
0
  0
VERTEX
  5
231
  8
TEXT
 10
-9.10786937079955
 20
18.651646615537494
 30
0.0
 70
0
  0
VERTEX
  5
232
  8
TEXT
 10
-9.07671413394844
 20
18.626694955291672
 30
0.0
 70
0
  0
VERTEX
  5
233
  8
TEXT
 10
-9.045059900430399
 20
18.6036468189955
 30
0.0
 70
0
  0
VERTEX
  5
234
  8
TEXT
 10
-9.012906670245423
 20
18.58250220664898
 30
0.0
 70
0
  0
VERTEX
  5
235
  8
TEXT
 10
-8.980254443393514
 20
18.563261118252107
 30
0.0
 70
0
  0
VERTEX
  5
236
  8
TEXT
 10
-8.947103219874673
 20
18.545923553804883
 30
0.0
 70
0
  0
VERTEX
  5
237
  8
TEXT
 10
-8.913452999688898
 20
18.53048951330731
 30
0.0
 70
0
  0
VERTEX
  5
238
  8
TEXT
 10
-8.87930378283619
 20
18.516958996759385
 30
0.0
 70
0
  0
VERTEX
  5
239
  8
TEXT
 10
-8.84465556931655
 20
18.50533200416111
 30
0.0
 70
0
  0
VERTEX
  5
23A
  8
TEXT
 10
-8.809508359129977
 20
18.495608535512485
 30
0.0
 70
0
  0
VERTEX
  5
23B
  8
TEXT
 10
-8.77386215227647
 20
18.487788590813512
 30
0.0
 70
0
  0
VERTEX
  5
23C
  8
TEXT
 10
-8.738048131184406
 20
18.48194043848221
 30
0.0
 70
0
  0
VERTEX
  5
23D
  8
TEXT
 10
-8.702397478282162
 20
18.4781323469366
 30
0.0
 70
0
  0
VERTEX
  5
23E
  8
TEXT
 10
-8.666910193569736
 20
18.476364316176692
 30
0.0
 70
0
  0
VERTEX
  5
23F
  8
TEXT
 10
-8.631586277047129
 20
18.476636346202483
 30
0.0
 70
0
  0
VERTEX
  5
240
  8
TEXT
 10
-8.59642572871434
 20
18.478948437013965
 30
0.0
 70
0
  0
VERTEX
  5
241
  8
TEXT
 10
-8.56142854857137
 20
18.48330058861115
 30
0.0
 70
0
  0
VERTEX
  5
242
  8
TEXT
 10
-8.52659473661822
 20
18.48969280099403
 30
0.0
 70
0
  0
VERTEX
  5
243
  8
TEXT
 10
-8.491924292854888
 20
18.498125074162605
 30
0.0
 70
0
  0
VERTEX
  5
244
  8
TEXT
 10
-8.457417217281375
 20
18.508597408116877
 30
0.0
 70
0
  0
VERTEX
  5
245
  8
TEXT
 10
-8.42307350989768
 20
18.52110980285685
 30
0.0
 70
0
  0
VERTEX
  5
246
  8
TEXT
 10
-8.388893170703804
 20
18.535662258382516
 30
0.0
 70
0
  0
VERTEX
  5
247
  8
TEXT
 10
-8.354935248259983
 20
18.552289495873275
 30
0.0
 70
0
  0
VERTEX
  5
248
  8
TEXT
 10
-8.323389957070136
 20
18.570052956138618
 30
0.0
 70
0
  0
VERTEX
  5
249
  8
TEXT
 10
-8.294257297134264
 20
18.588952639178537
 30
0.0
 70
0
  0
VERTEX
  5
24A
  8
TEXT
 10
-8.267537268452365
 20
18.608988544993043
 30
0.0
 70
0
  0
VERTEX
  5
24B
  8
TEXT
 10
-8.243229871024441
 20
18.630160673582125
 30
0.0
 70
0
  0
VERTEX
  5
24C
  8
TEXT
 10
-8.221335104850493
 20
18.652469024945795
 30
0.0
 70
0
  0
VERTEX
  5
24D
  8
TEXT
 10
-8.1983399695974
 20
18.680324112720832
 30
0.0
 70
0
  0
VERTEX
  5
24E
  8
TEXT
 10
-8.179006845150832
 20
18.708985865443648
 30
0.0
 70
0
  0
VERTEX
  5
24F
  8
TEXT
 10
-8.163335731510786
 20
18.73845428311424
 30
0.0
 70
0
  0
VERTEX
  5
250
  8
TEXT
 10
-8.151326628677264
 20
18.768729365732614
 30
0.0
 70
0
  0
VERTEX
  5
251
  8
TEXT
 10
-8.142979536650264
 20
18.799811113298762
 30
0.0
 70
0
  0
VERTEX
  5
252
  8
TEXT
 10
-8.1385737626433
 20
18.831341770292898
 30
0.0
 70
0
  0
VERTEX
  5
253
  8
TEXT
 10
-8.13838861386988
 20
18.86296358119522
 30
0.0
 70
0
  0
VERTEX
  5
254
  8
TEXT
 10
-8.142424090330003
 20
18.894676546005734
 30
0.0
 70
0
  0
VERTEX
  5
255
  8
TEXT
 10
-8.150680192023671
 20
18.926480664724433
 30
0.0
 70
0
  0
VERTEX
  5
256
  8
TEXT
 10
-8.163156918950884
 20
18.958375937351324
 30
0.0
 70
0
  0
VERTEX
  5
257
  8
TEXT
 10
-8.179135140791592
 20
18.989162517684992
 30
0.0
 70
0
  0
VERTEX
  5
258
  8
TEXT
 10
-8.197405031705921
 20
19.01656609669408
 30
0.0
 70
0
  0
VERTEX
  5
259
  8
TEXT
 10
-8.217966591693873
 20
19.0405866743786
 30
0.0
 70
0
  0
VERTEX
  5
25A
  8
TEXT
 10
-8.240819820755444
 20
19.061224250738537
 30
0.0
 70
0
  0
VERTEX
  5
25B
  8
TEXT
 10
-8.265964718890636
 20
19.078478825773896
 30
0.0
 70
0
  0
VERTEX
  5
25C
  8
TEXT
 10
-8.293401286099447
 20
19.092350399484683
 30
0.0
 70
0
  0
VERTEX
  5
25D
  8
TEXT
 10
-8.323272449964797
 20
19.103044231342288
 30
0.0
 70
0
  0
VERTEX
  5
25E
  8
TEXT
 10
-8.355721138069601
 20
19.110765580818107
 30
0.0
 70
0
  0
VERTEX
  5
25F
  8
TEXT
 10
-8.390747350413859
 20
19.11551444791214
 30
0.0
 70
0
  0
VERTEX
  5
260
  8
TEXT
 10
-8.42835108699757
 20
19.11729083262439
 30
0.0
 70
0
  0
VERTEX
  5
261
  8
TEXT
 10
-8.468532347820735
 20
19.116094734954856
 30
0.0
 70
0
  0
VERTEX
  5
262
  8
TEXT
 10
-8.511291132883354
 20
19.111926154903536
 30
0.0
 70
0
  0
VERTEX
  5
263
  8
TEXT
 10
-8.991891619957125
 20
19.05535114810863
 30
0.0
 70
0
  0
VERTEX
  5
264
  8
TEXT
 10
-9.036026184910748
 20
19.05072620334563
 30
0.0
 70
0
  0
VERTEX
  5
265
  8
TEXT
 10
-9.07911366025956
 20
19.047674391133622
 30
0.0
 70
0
  0
VERTEX
  5
266
  8
TEXT
 10
-9.121154046003559
 20
19.046195711472613
 30
0.0
 70
0
  0
VERTEX
  5
267
  8
TEXT
 10
-9.162147342142747
 20
19.046290164362595
 30
0.0
 70
0
  0
VERTEX
  5
268
  8
TEXT
 10
-9.202093548677121
 20
19.047957749803572
 30
0.0
 70
0
  0
VERTEX
  5
269
  8
TEXT
 10
-9.240992665606683
 20
19.051198467795544
 30
0.0
 70
0
  0
VERTEX
  5
26A
  8
TEXT
 10
-9.278844692931434
 20
19.056012318338514
 30
0.0
 70
0
  0
VERTEX
  5
26B
  8
TEXT
 10
-9.315649630651372
 20
19.062399301432475
 30
0.0
 70
0
  0
VERTEX
  5
26C
  8
TEXT
 10
-9.351407478766497
 20
19.07035941707743
 30
0.0
 70
0
  0
VERTEX
  5
26D
  8
TEXT
 10
-9.386118237276811
 20
19.07989266527338
 30
0.0
 70
0
  0
VERTEX
  5
26E
  8
TEXT
 10
-9.419781906182312
 20
19.090999046020325
 30
0.0
 70
0
  0
VERTEX
  5
26F
  8
TEXT
 10
-9.452398485483
 20
19.103678559318265
 30
0.0
 70
0
  0
VERTEX
  5
270
  8
TEXT
 10
-9.483967975178878
 20
19.1179312051672
 30
0.0
 70
0
  0
VERTEX
  5
271
  8
TEXT
 10
-9.516882773157748
 20
19.135040532742103
 30
0.0
 70
0
  0
VERTEX
  5
272
  8
TEXT
 10
-9.548360953158513
 20
19.153783555863882
 30
0.0
 70
0
  0
VERTEX
  5
273
  8
TEXT
 10
-9.578402515181168
 20
19.174160274532536
 30
0.0
 70
0
  0
VERTEX
  5
274
  8
TEXT
 10
-9.607007459225713
 20
19.19617068874806
 30
0.0
 70
0
  0
VERTEX
  5
275
  8
TEXT
 10
-9.634175785292152
 20
19.21981479851046
 30
0.0
 70
0
  0
VERTEX
  5
276
  8
TEXT
 10
-9.659907493380482
 20
19.24509260381973
 30
0.0
 70
0
  0
VERTEX
  5
277
  8
TEXT
 10
-9.684202583490702
 20
19.272004104675876
 30
0.0
 70
0
  0
VERTEX
  5
278
  8
TEXT
 10
-9.707061055622816
 20
19.300549301078895
 30
0.0
 70
0
  0
VERTEX
  5
279
  8
TEXT
 10
-9.728482909776819
 20
19.33072819302879
 30
0.0
 70
0
  0
VERTEX
  5
27A
  8
TEXT
 10
-9.748468145952716
 20
19.362540780525556
 30
0.0
 70
0
  0
VERTEX
  5
27B
  8
TEXT
 10
-9.767016764150503
 20
19.395987063569198
 30
0.0
 70
0
  0
VERTEX
  5
27C
  8
TEXT
 10
-9.784128764370182
 20
19.43106704215971
 30
0.0
 70
0
  0
VERTEX
  5
27D
  8
TEXT
 10
-9.800192930161955
 20
19.468694763512772
 30
0.0
 70
0
  0
VERTEX
  5
27E
  8
TEXT
 10
-9.813992132465678
 20
19.506267851036974
 30
0.0
 70
0
  0
VERTEX
  5
27F
  8
TEXT
 10
-9.82552637128135
 20
19.54378630473231
 30
0.0
 70
0
  0
VERTEX
  5
280
  8
TEXT
 10
-9.834795646608972
 20
19.58125012459879
 30
0.0
 70
0
  0
VERTEX
  5
281
  8
TEXT
 10
-9.841799958448544
 20
19.618659310636406
 30
0.0
 70
0
  0
VERTEX
  5
282
  8
TEXT
 10
-9.846539306800066
 20
19.656013862845164
 30
0.0
 70
0
  0
VERTEX
  5
283
  8
TEXT
 10
-9.849013691663536
 20
19.693313781225058
 30
0.0
 70
0
  0
VERTEX
  5
284
  8
TEXT
 10
-9.849223113038958
 20
19.730559065776095
 30
0.0
 70
0
  0
VERTEX
  5
285
  8
TEXT
 10
-9.847167570926329
 20
19.76774971649827
 30
0.0
 70
0
  0
VERTEX
  5
286
  8
TEXT
 10
-9.84284706532565
 20
19.804885733391583
 30
0.0
 70
0
  0
VERTEX
  5
287
  8
TEXT
 10
-9.836379099445551
 20
19.841700962681347
 30
0.0
 70
0
  0
VERTEX
  5
288
  8
TEXT
 10
-9.827881176494664
 20
19.877929250592885
 30
0.0
 70
0
  0
VERTEX
  5
289
  8
TEXT
 10
-9.817353296472989
 20
19.913570597126185
 30
0.0
 70
0
  0
VERTEX
  5
28A
  8
TEXT
 10
-9.804795459380525
 20
19.948625002281254
 30
0.0
 70
0
  0
VERTEX
  5
28B
  8
TEXT
 10
-9.790207665217272
 20
19.983092466058086
 30
0.0
 70
0
  0
VERTEX
  5
28C
  8
TEXT
 10
-9.773589913983232
 20
20.01697298845669
 30
0.0
 70
0
  0
VERTEX
  5
28D
  8
TEXT
 10
-9.754942205678402
 20
20.05026656947706
 30
0.0
 70
0
  0
VERTEX
  5
28E
  8
TEXT
 10
-9.734264540302785
 20
20.082973209119196
 30
0.0
 70
0
  0
VERTEX
  5
28F
  8
TEXT
 10
-9.711556917856381
 20
20.115092907383097
 30
0.0
 70
0
  0
VERTEX
  5
290
  8
TEXT
 10
-9.686819338339186
 20
20.146625664268768
 30
0.0
 70
0
  0
VERTEX
  5
291
  8
TEXT
 10
-9.662704178197705
 20
20.1745415160685
 30
0.0
 70
0
  0
VERTEX
  5
292
  8
TEXT
 10
-9.63718153059615
 20
20.201490369292145
 30
0.0
 70
0
  0
VERTEX
  5
293
  8
TEXT
 10
-9.61025139553452
 20
20.227472223939703
 30
0.0
 70
0
  0
VERTEX
  5
294
  8
TEXT
 10
-9.581913773012818
 20
20.25248708001117
 30
0.0
 70
0
  0
VERTEX
  5
295
  8
TEXT
 10
-9.552168663031042
 20
20.27653493750655
 30
0.0
 70
0
  0
VERTEX
  5
296
  8
TEXT
 10
-9.52101606558919
 20
20.29961579642584
 30
0.0
 70
0
  0
VERTEX
  5
297
  8
TEXT
 10
-9.488455980687265
 20
20.321729656769044
 30
0.0
 70
0
  0
VERTEX
  5
298
  8
TEXT
 10
-9.454488408325266
 20
20.34287651853616
 30
0.0
 70
0
  0
VERTEX
  5
299
  8
TEXT
 10
-9.419113348503192
 20
20.363056381727187
 30
0.0
 70
0
  0
VERTEX
  5
29A
  8
TEXT
 10
-9.382330801221045
 20
20.382269246342126
 30
0.0
 70
0
  0
VERTEX
  5
29B
  8
TEXT
 10
-9.344140766478825
 20
20.400515112380976
 30
0.0
 70
0
  0
VERTEX
  5
29C
  8
TEXT
 10
-9.308448577842446
 20
20.41613119007742
 30
0.0
 70
0
  0
VERTEX
  5
29D
  8
TEXT
 10
-9.272766071046773
 20
20.430374530774852
 30
0.0
 70
0
  0
VERTEX
  5
29E
  8
TEXT
 10
-9.237093246091804
 20
20.443245134473276
 30
0.0
 70
0
  0
VERTEX
  5
29F
  8
TEXT
 10
-9.20143010297754
 20
20.45474300117269
 30
0.0
 70
0
  0
VERTEX
  5
2A0
  8
TEXT
 10
-9.16577664170398
 20
20.464868130873096
 30
0.0
 70
0
  0
VERTEX
  5
2A1
  8
TEXT
 10
-9.130132862271124
 20
20.473620523574496
 30
0.0
 70
0
  0
VERTEX
  5
2A2
  8
TEXT
 10
-9.094498764678974
 20
20.481000179276883
 30
0.0
 70
0
  0
VERTEX
  5
2A3
  8
TEXT
 10
-9.058874348927526
 20
20.487007097980264
 30
0.0
 70
0
  0
VERTEX
  5
2A4
  8
TEXT
 10
-9.023259615016784
 20
20.491641279684636
 30
0.0
 70
0
  0
VERTEX
  5
2A5
  8
TEXT
 10
-8.987654562946746
 20
20.49490272439
 30
0.0
 70
0
  0
VERTEX
  5
2A6
  8
TEXT
 10
-8.952059192717414
 20
20.49679143209635
 30
0.0
 70
0
  0
VERTEX
  5
2A7
  8
TEXT
 10
-8.913128581385026
 20
20.49737210268125
 30
0.0
 70
0
  0
VERTEX
  5
2A8
  8
TEXT
 10
-8.874635911867621
 20
20.496468968180878
 30
0.0
 70
0
  0
VERTEX
  5
2A9
  8
TEXT
 10
-8.836581184165201
 20
20.49408202859523
 30
0.0
 70
0
  0
VERTEX
  5
2AA
  8
TEXT
 10
-8.798964398277763
 20
20.490211283924314
 30
0.0
 70
0
  0
VERTEX
  5
2AB
  8
TEXT
 10
-8.761785554205307
 20
20.484856734168126
 30
0.0
 70
0
  0
VERTEX
  5
2AC
  8
TEXT
 10
-8.725044651947837
 20
20.478018379326663
 30
0.0
 70
0
  0
VERTEX
  5
2AD
  8
TEXT
 10
-8.688741691505347
 20
20.469696219399932
 30
0.0
 70
0
  0
VERTEX
  5
2AE
  8
TEXT
 10
-8.652876672877841
 20
20.45989025438793
 30
0.0
 70
0
  0
VERTEX
  5
2AF
  8
TEXT
 10
-8.617449596065319
 20
20.44860048429065
 30
0.0
 70
0
  0
VERTEX
  5
2B0
  8
TEXT
 10
-8.582460461067779
 20
20.435826909108105
 30
0.0
 70
0
  0
VERTEX
  5
2B1
  8
TEXT
 10
-8.54809394324328
 20
20.421595862177135
 30
0.0
 70
0
  0
VERTEX
  5
2B2
  8
TEXT
 10
-8.514534717949878
 20
20.405933676834586
 30
0.0
 70
0
  0
VERTEX
  5
2B3
  8
TEXT
 10
-8.481782785187573
 20
20.388840353080457
 30
0.0
 70
0
  0
VERTEX
  5
2B4
  8
TEXT
 10
-8.449838144956367
 20
20.370315890914757
 30
0.0
 70
0
  0
VERTEX
  5
2B5
  8
TEXT
 10
-8.418700797256257
 20
20.350360290337477
 30
0.0
 70
0
  0
VERTEX
  5
2B6
  8
TEXT
 10
-8.388370742087243
 20
20.328973551348618
 30
0.0
 70
0
  0
VERTEX
  5
2B7
  8
TEXT
 10
-8.358847979449328
 20
20.306155673948187
 30
0.0
 70
0
  0
VERTEX
  5
2B8
  8
TEXT
 10
-8.33013250934251
 20
20.281906658136176
 30
0.0
 70
0
  0
VERTEX
  5
2B9
  8
TEXT
 10
-8.30222433176679
 20
20.256226503912586
 30
0.0
 70
0
  0
VERTEX
  5
2BA
  8
TEXT
 10
-8.275123446722166
 20
20.229115211277424
 30
0.0
 70
0
  0
VERTEX
  5
2BB
  8
TEXT
 10
-8.53674454174575
 20
19.933444963976484
 30
0.0
 70
0
  0
VERTEX
  5
2BC
  8
TEXT
 10
-8.56466904391297
 20
19.959122089838992
 30
0.0
 70
0
  0
VERTEX
  5
2BD
  8
TEXT
 10
-8.593239094521872
 20
19.98274249342054
 30
0.0
 70
0
  0
VERTEX
  5
2BE
  8
TEXT
 10
-8.62245469357246
 20
20.00430617472113
 30
0.0
 70
0
  0
VERTEX
  5
2BF
  8
TEXT
 10
-8.652315841064732
 20
20.02381313374076
 30
0.0
 70
0
  0
VERTEX
  5
2C0
  8
TEXT
 10
-8.682822536998689
 20
20.041263370479427
 30
0.0
 70
0
  0
VERTEX
  5
2C1
  8
TEXT
 10
-8.71397478137433
 20
20.056656884937134
 30
0.0
 70
0
  0
VERTEX
  5
2C2
  8
TEXT
 10
-8.745772574191655
 20
20.069993677113878
 30
0.0
 70
0
  0
VERTEX
  5
2C3
  8
TEXT
 10
-8.778215915450662
 20
20.08127374700966
 30
0.0
 70
0
  0
VERTEX
  5
2C4
  8
TEXT
 10
-8.811304805151357
 20
20.090497094624485
 30
0.0
 70
0
  0
VERTEX
  5
2C5
  8
TEXT
 10
-8.845039243293733
 20
20.097663719958348
 30
0.0
 70
0
  0
VERTEX
  5
2C6
  8
TEXT
 10
-8.882858482285046
 20
20.10315510856565
 30
0.0
 70
0
  0
VERTEX
  5
2C7
  8
TEXT
 10
-8.920633505118495
 20
20.105988687291163
 30
0.0
 70
0
  0
VERTEX
  5
2C8
  8
TEXT
 10
-8.95836431179408
 20
20.106164456134877
 30
0.0
 70
0
  0
VERTEX
  5
2C9
  8
TEXT
 10
-8.996050902311802
 20
20.1036824150968
 30
0.0
 70
0
  0
VERTEX
  5
2CA
  8
TEXT
 10
-9.03369327667166
 20
20.098542564176924
 30
0.0
 70
0
  0
VERTEX
  5
2CB
  8
TEXT
 10
-9.071291434873656
 20
20.090744903375253
 30
0.0
 70
0
  0
VERTEX
  5
2CC
  8
TEXT
 10
-9.108845376917786
 20
20.080289432691785
 30
0.0
 70
0
  0
VERTEX
  5
2CD
  8
TEXT
 10
-9.146355102804053
 20
20.067176152126525
 30
0.0
 70
0
  0
VERTEX
  5
2CE
  8
TEXT
 10
-9.183820612532458
 20
20.05140506167947
 30
0.0
 70
0
  0
VERTEX
  5
2CF
  8
TEXT
 10
-9.21597206065611
 20
20.03561511836825
 30
0.0
 70
0
  0
VERTEX
  5
2D0
  8
TEXT
 10
-9.246005066448877
 20
20.0185791932967
 30
0.0
 70
0
  0
VERTEX
  5
2D1
  8
TEXT
 10
-9.273919629910758
 20
20.00029728646481
 30
0.0
 70
0
  0
VERTEX
  5
2D2
  8
TEXT
 10
-9.299715751041749
 20
19.980769397872596
 30
0.0
 70
0
  0
VERTEX
  5
2D3
  8
TEXT
 10
-9.323393429841854
 20
19.959995527520046
 30
0.0
 70
0
  0
VERTEX
  5
2D4
  8
TEXT
 10
-9.34495266631107
 20
19.937975675407163
 30
0.0
 70
0
  0
VERTEX
  5
2D5
  8
TEXT
 10
-9.36764553662281
 20
19.910311751585663
 30
0.0
 70
0
  0
VERTEX
  5
2D6
  8
TEXT
 10
-9.38652411082897
 20
19.881662803304476
 30
0.0
 70
0
  0
VERTEX
  5
2D7
  8
TEXT
 10
-9.401588388929554
 20
19.852028830563604
 30
0.0
 70
0
  0
VERTEX
  5
2D8
  8
TEXT
 10
-9.412838370924558
 20
19.82140983336305
 30
0.0
 70
0
  0
VERTEX
  5
2D9
  8
TEXT
 10
-9.420274056813984
 20
19.789805811702806
 30
0.0
 70
0
  0
VERTEX
  5
2DA
  8
TEXT
 10
-9.423777654307472
 20
19.757695542711904
 30
0.0
 70
0
  0
VERTEX
  5
2DB
  8
TEXT
 10
-9.423231371114664
 20
19.725557803519372
 30
0.0
 70
0
  0
VERTEX
  5
2DC
  8
TEXT
 10
-9.418635207235559
 20
19.693392594125207
 30
0.0
 70
0
  0
VERTEX
  5
2DD
  8
TEXT
 10
-9.409989162670158
 20
19.661199914529412
 30
0.0
 70
0
  0
VERTEX
  5
2DE
  8
TEXT
 10
-9.39729323741846
 20
19.628979764731987
 30
0.0
 70
0
  0
VERTEX
  5
2DF
  8
TEXT
 10
-9.378742620120988
 20
19.594563796219095
 30
0.0
 70
0
  0
VERTEX
  5
2E0
  8
TEXT
 10
-9.356279628842408
 20
19.563988649360084
 30
0.0
 70
0
  0
VERTEX
  5
2E1
  8
TEXT
 10
-9.329904263582725
 20
19.53725432415496
 30
0.0
 70
0
  0
VERTEX
  5
2E2
  8
TEXT
 10
-9.299616524341932
 20
19.514360820603724
 30
0.0
 70
0
  0
VERTEX
  5
2E3
  8
TEXT
 10
-9.265416411120032
 20
19.49530813870637
 30
0.0
 70
0
  0
VERTEX
  5
2E4
  8
TEXT
 10
-9.2340264005418
 20
19.482688696851167
 30
0.0
 70
0
  0
VERTEX
  5
2E5
  8
TEXT
 10
-9.200116869161192
 20
19.473384156402908
 30
0.0
 70
0
  0
VERTEX
  5
2E6
  8
TEXT
 10
-9.163687816978205
 20
19.467394517361594
 30
0.0
 70
0
  0
VERTEX
  5
2E7
  8
TEXT
 10
-9.124739243992844
 20
19.464719779727226
 30
0.0
 70
0
  0
VERTEX
  5
2E8
  8
TEXT
 10
-9.083271150205103
 20
19.4653599434998
 30
0.0
 70
0
  0
VERTEX
  5
2E9
  8
TEXT
 10
-9.039283535614986
 20
19.469315008679317
 30
0.0
 70
0
  0
VERTEX
  5
2EA
  8
TEXT
 10
-8.580677972268475
 20
19.525584358519893
 30
0.0
 70
0
  0
VERTEX
  5
2EB
  8
TEXT
 10
-8.53832435234065
 20
19.530218638682207
 30
0.0
 70
0
  0
VERTEX
  5
2EC
  8
TEXT
 10
-8.496998483503852
 20
19.533552382484384
 30
0.0
 70
0
  0
VERTEX
  5
2ED
  8
TEXT
 10
-8.456700365758081
 20
19.535585589926423
 30
0.0
 70
0
  0
VERTEX
  5
2EE
  8
TEXT
 10
-8.417429999103339
 20
19.536318261008326
 30
0.0
 70
0
  0
VERTEX
  5
2EF
  8
TEXT
 10
-8.379187383539623
 20
19.535750395730087
 30
0.0
 70
0
  0
VERTEX
  5
2F0
  8
TEXT
 10
-8.341972519066934
 20
19.533881994091715
 30
0.0
 70
0
  0
VERTEX
  5
2F1
  8
TEXT
 10
-8.30578540568527
 20
19.5307130560932
 30
0.0
 70
0
  0
VERTEX
  5
2F2
  8
TEXT
 10
-8.270626043394635
 20
19.526243581734555
 30
0.0
 70
0
  0
VERTEX
  5
2F3
  8
TEXT
 10
-8.236494432195027
 20
19.520473571015767
 30
0.0
 70
0
  0
VERTEX
  5
2F4
  8
TEXT
 10
-8.203390572086445
 20
19.513403023936842
 30
0.0
 70
0
  0
VERTEX
  5
2F5
  8
TEXT
 10
-8.17131446306889
 20
19.50503194049778
 30
0.0
 70
0
  0
VERTEX
  5
2F6
  8
TEXT
 10
-8.140266105142363
 20
19.49536032069858
 30
0.0
 70
0
  0
VERTEX
  5
2F7
  8
TEXT
 10
-8.110245498306861
 20
19.484388164539244
 30
0.0
 70
0
  0
VERTEX
  5
2F8
  8
TEXT
 10
-8.081252642562388
 20
19.47211547201977
 30
0.0
 70
0
  0
VERTEX
  5
2F9
  8
TEXT
 10
-8.04871687322175
 20
19.45614574582341
 30
0.0
 70
0
  0
VERTEX
  5
2FA
  8
TEXT
 10
-8.017560518997405
 20
19.43839014219993
 30
0.0
 70
0
  0
VERTEX
  5
2FB
  8
TEXT
 10
-7.987783579889354
 20
19.41884866114933
 30
0.0
 70
0
  0
VERTEX
  5
2FC
  8
TEXT
 10
-7.959386055897597
 20
19.39752130267161
 30
0.0
 70
0
  0
VERTEX
  5
2FD
  8
TEXT
 10
-7.9323679470221355
 20
19.374408066766772
 30
0.0
 70
0
  0
VERTEX
  5
2FE
  8
TEXT
 10
-7.906729253262967
 20
19.349508953434814
 30
0.0
 70
0
  0
VERTEX
  5
2FF
  8
TEXT
 10
-7.8824699746200935
 20
19.322823962675738
 30
0.0
 70
0
  0
VERTEX
  5
300
  8
TEXT
 10
-7.859590111093515
 20
19.294353094489537
 30
0.0
 70
0
  0
VERTEX
  5
301
  8
TEXT
 10
-7.83808966268323
 20
19.264096348876222
 30
0.0
 70
0
  0
VERTEX
  5
302
  8
TEXT
 10
-7.81796862938924
 20
19.232053725835787
 30
0.0
 70
0
  0
VERTEX
  5
303
  8
TEXT
 10
-7.799227011211544
 20
19.19822522536823
 30
0.0
 70
0
  0
VERTEX
  5
304
  8
TEXT
 10
-7.781864808150143
 20
19.16261084747355
 30
0.0
 70
0
  0
VERTEX
  5
305
  8
TEXT
 10
-7.765966713927369
 20
19.12523044693986
 30
0.0
 70
0
  0
VERTEX
  5
306
  8
TEXT
 10
-7.752398074228923
 20
19.08781325123925
 30
0.0
 70
0
  0
VERTEX
  5
307
  8
TEXT
 10
-7.7411588890548035
 20
19.05035926037172
 30
0.0
 70
0
  0
VERTEX
  5
308
  8
TEXT
 10
-7.7322491584050095
 20
19.012868474337274
 30
0.0
 70
0
  0
VERTEX
  5
309
  8
TEXT
 10
-7.7256688822795425
 20
18.975340893135908
 30
0.0
 70
0
  0
VERTEX
  5
30A
  8
TEXT
 10
-7.721418060678402
 20
18.937776516767627
 30
0.0
 70
0
  0
VERTEX
  5
30B
  8
TEXT
 10
-7.719496693601588
 20
18.900175345232427
 30
0.0
 70
0
  0
VERTEX
  5
30C
  8
TEXT
 10
-7.7199047810491
 20
18.86253737853031
 30
0.0
 70
0
  0
VERTEX
  5
30D
  8
TEXT
 10
-7.7226423230209384
 20
18.824862616661274
 30
0.0
 70
0
  0
VERTEX
  5
30E
  8
TEXT
 10
-7.727709319517103
 20
18.78715105962532
 30
0.0
 70
0
  0
VERTEX
  5
30F
  8
TEXT
 10
-7.734963347693757
 20
18.74971123004375
 30
0.0
 70
0
  0
VERTEX
  5
310
  8
TEXT
 10
-7.7442619847070615
 20
18.712851650537875
 30
0.0
 70
0
  0
VERTEX
  5
311
  8
TEXT
 10
-7.755605230557018
 20
18.676572321107685
 30
0.0
 70
0
  0
VERTEX
  5
312
  8
TEXT
 10
-7.7689930852436255
 20
18.640873241753187
 30
0.0
 70
0
  0
VERTEX
  5
313
  8
TEXT
 10
-7.784425548766884
 20
18.60575441247438
 30
0.0
 70
0
  0
VERTEX
  5
314
  8
TEXT
 10
-7.801902621126794
 20
18.57121583327126
 30
0.0
 70
0
  0
VERTEX
  5
315
  8
TEXT
 10
-7.821424302323354
 20
18.53725750414383
 30
0.0
 70
0
  0
VERTEX
  5
316
  8
TEXT
 10
-7.842990592356566
 20
18.503879425092094
 30
0.0
 70
0
  0
VERTEX
  5
317
  8
TEXT
 10
-7.8666014912264295
 20
18.471081596116043
 30
0.0
 70
0
  0
VERTEX
  5
318
  8
TEXT
 10
-7.892256998932945
 20
18.438864017215685
 30
0.0
 70
0
  0
VERTEX
  5
319
  8
TEXT
 10
-7.915129121076308
 20
18.41265080017851
 30
0.0
 70
0
  0
VERTEX
  5
31A
  8
TEXT
 10
-7.93928246729833
 20
18.387223572171177
 30
0.0
 70
0
  0
VERTEX
  5
31B
  8
TEXT
 10
-7.964717037599013
 20
18.36258233319369
 30
0.0
 70
0
  0
VERTEX
  5
31C
  8
TEXT
 10
-7.991432831978355
 20
18.33872708324604
 30
0.0
 70
0
  0
VERTEX
  5
31D
  8
TEXT
 10
-8.019429850436357
 20
18.315657822328234
 30
0.0
 70
0
  0
VERTEX
  5
31E
  8
TEXT
 10
-8.048708092973017
 20
18.293374550440273
 30
0.0
 70
0
  0
VERTEX
  5
31F
  8
TEXT
 10
-8.079267559588338
 20
18.271877267582152
 30
0.0
 70
0
  0
VERTEX
  5
320
  8
TEXT
 10
-8.111108250282319
 20
18.251165973753874
 30
0.0
 70
0
  0
VERTEX
  5
321
  8
TEXT
 10
-8.144230165054958
 20
18.231240668955436
 30
0.0
 70
0
  0
VERTEX
  5
322
  8
TEXT
 10
-8.178633303906258
 20
18.212101353186846
 30
0.0
 70
0
  0
VERTEX
  5
323
  8
TEXT
 10
-8.214317666836216
 20
18.193748026448095
 30
0.0
 70
0
  0
SEQEND
  5
20D
  8
TEXT
  0
POLYLINE
  5
324
  8
TEXT
 66
1
 10
0.0
 20
0.0
 30
0.0
 70
1
  0
VERTEX
  5
326
  8
TEXT
 10
-5.738279504096231
 20
19.118769155654533
 30
0.0
 70
0
  0
VERTEX
  5
327
  8
TEXT
 10
-5.777162319394292
 20
19.107676083952455
 30
0.0
 70
0
  0
VERTEX
  5
328
  8
TEXT
 10
-5.815961297451152
 20
19.09776249463827
 30
0.0
 70
0
  0
VERTEX
  5
329
  8
TEXT
 10
-5.854676438266811
 20
19.089028387711984
 30
0.0
 70
0
  0
VERTEX
  5
32A
  8
TEXT
 10
-5.8933077418412685
 20
19.081473763173594
 30
0.0
 70
0
  0
VERTEX
  5
32B
  8
TEXT
 10
-5.931855208174524
 20
19.075098621023102
 30
0.0
 70
0
  0
VERTEX
  5
32C
  8
TEXT
 10
-5.970318837266579
 20
19.069902961260503
 30
0.0
 70
0
  0
VERTEX
  5
32D
  8
TEXT
 10
-6.008698629117434
 20
19.0658867838858
 30
0.0
 70
0
  0
VERTEX
  5
32E
  8
TEXT
 10
-6.046994583727087
 20
19.063050088898997
 30
0.0
 70
0
  0
VERTEX
  5
32F
  8
TEXT
 10
-6.085206701095538
 20
19.061392876300086
 30
0.0
 70
0
  0
VERTEX
  5
330
  8
TEXT
 10
-6.123334981222788
 20
19.060915146089076
 30
0.0
 70
0
  0
VERTEX
  5
331
  8
TEXT
 10
-6.161379424108837
 20
19.06161689826596
 30
0.0
 70
0
  0
VERTEX
  5
332
  8
TEXT
 10
-6.199340029753685
 20
19.06349813283074
 30
0.0
 70
0
  0
VERTEX
  5
333
  8
TEXT
 10
-6.237216798157332
 20
19.066558849783416
 30
0.0
 70
0
  0
VERTEX
  5
334
  8
TEXT
 10
-6.274849049200262
 20
19.07072786304836
 30
0.0
 70
0
  0
VERTEX
  5
335
  8
TEXT
 10
-6.31207610276296
 20
19.075933986549945
 30
0.0
 70
0
  0
VERTEX
  5
336
  8
TEXT
 10
-6.348897958845427
 20
19.08217722028817
 30
0.0
 70
0
  0
VERTEX
  5
337
  8
TEXT
 10
-6.385314617447661
 20
19.089457564263032
 30
0.0
 70
0
  0
VERTEX
  5
338
  8
TEXT
 10
-6.421326078569663
 20
19.097775018474533
 30
0.0
 70
0
  0
VERTEX
  5
339
  8
TEXT
 10
-6.4569323422114335
 20
19.107129582922674
 30
0.0
 70
0
  0
VERTEX
  5
33A
  8
TEXT
 10
-6.492133408372972
 20
19.117521257607457
 30
0.0
 70
0
  0
VERTEX
  5
33B
  8
TEXT
 10
-6.526929277054278
 20
19.128950042528878
 30
0.0
 70
0
  0
VERTEX
  5
33C
  8
TEXT
 10
-6.561319948255353
 20
19.14141593768694
 30
0.0
 70
0
  0
VERTEX
  5
33D
  8
TEXT
 10
-6.595305421976195
 20
19.15491894308164
 30
0.0
 70
0
  0
VERTEX
  5
33E
  8
TEXT
 10
-6.628885698216806
 20
19.169459058712977
 30
0.0
 70
0
  0
VERTEX
  5
33F
  8
TEXT
 10
-6.662060776977184
 20
19.185036284580956
 30
0.0
 70
0
  0
VERTEX
  5
340
  8
TEXT
 10
-6.69483065825733
 20
19.201650620685577
 30
0.0
 70
0
  0
VERTEX
  5
341
  8
TEXT
 10
-6.727070267622636
 20
19.21925004740596
 30
0.0
 70
0
  0
VERTEX
  5
342
  8
TEXT
 10
-6.758654530638495
 20
19.23778254512123
 30
0.0
 70
0
  0
VERTEX
  5
343
  8
TEXT
 10
-6.789583447304905
 20
19.25724811383139
 30
0.0
 70
0
  0
VERTEX
  5
344
  8
TEXT
 10
-6.819857017621866
 20
19.277646753536445
 30
0.0
 70
0
  0
VERTEX
  5
345
  8
TEXT
 10
-6.849475241589378
 20
19.298978464236384
 30
0.0
 70
0
  0
VERTEX
  5
346
  8
TEXT
 10
-6.878438119207442
 20
19.32124324593121
 30
0.0
 70
0
  0
VERTEX
  5
347
  8
TEXT
 10
-6.906745650476058
 20
19.34444109862093
 30
0.0
 70
0
  0
VERTEX
  5
348
  8
TEXT
 10
-6.934397835395225
 20
19.36857202230554
 30
0.0
 70
0
  0
VERTEX
  5
349
  8
TEXT
 10
-6.961394673964944
 20
19.393636016985035
 30
0.0
 70
0
  0
VERTEX
  5
34A
  8
TEXT
 10
-6.987736166185214
 20
19.41963308265942
 30
0.0
 70
0
  0
VERTEX
  5
34B
  8
TEXT
 10
-7.013422312056036
 20
19.446563219328695
 30
0.0
 70
0
  0
VERTEX
  5
34C
  8
TEXT
 10
-7.038453111577409
 20
19.47442642699286
 30
0.0
 70
0
  0
VERTEX
  5
34D
  8
TEXT
 10
-7.062828564749335
 20
19.50322270565191
 30
0.0
 70
0
  0
VERTEX
  5
34E
  8
TEXT
 10
-7.08640350896049
 20
19.532866260796897
 30
0.0
 70
0
  0
VERTEX
  5
34F
  8
TEXT
 10
-7.109032781599556
 20
19.56327129791886
 30
0.0
 70
0
  0
VERTEX
  5
350
  8
TEXT
 10
-7.130716382666531
 20
19.5944378170178
 30
0.0
 70
0
  0
VERTEX
  5
351
  8
TEXT
 10
-7.151454312161416
 20
19.626365818093714
 30
0.0
 70
0
  0
VERTEX
  5
352
  8
TEXT
 10
-7.171246570084211
 20
19.659055301146605
 30
0.0
 70
0
  0
VERTEX
  5
353
  8
TEXT
 10
-7.190093156434916
 20
19.692506266176473
 30
0.0
 70
0
  0
VERTEX
  5
354
  8
TEXT
 10
-7.2079940712135295
 20
19.726718713183317
 30
0.0
 70
0
  0
VERTEX
  5
355
  8
TEXT
 10
-7.224949314420053
 20
19.761692642167137
 30
0.0
 70
0
  0
VERTEX
  5
356
  8
TEXT
 10
-7.240958886054488
 20
19.797428053127934
 30
0.0
 70
0
  0
VERTEX
  5
357
  8
TEXT
 10
-7.256022786116831
 20
19.833924946065707
 30
0.0
 70
0
  0
VERTEX
  5
358
  8
TEXT
 10
-7.270141014607084
 20
19.871183320980457
 30
0.0
 70
0
  0
VERTEX
  5
359
  8
TEXT
 10
-7.283313571525247
 20
19.909203177872183
 30
0.0
 70
0
  0
VERTEX
  5
35A
  8
TEXT
 10
-7.29554045687132
 20
19.947984516740885
 30
0.0
 70
0
  0
VERTEX
  5
35B
  8
TEXT
 10
-7.306696545622323
 20
19.987077291907646
 30
0.0
 70
0
  0
VERTEX
  5
35C
  8
TEXT
 10
-7.316656712755275
 20
20.02603145769354
 30
0.0
 70
0
  0
VERTEX
  5
35D
  8
TEXT
 10
-7.325420958270177
 20
20.06484701409858
 30
0.0
 70
0
  0
VERTEX
  5
35E
  8
TEXT
 10
-7.33298928216703
 20
20.103523961122754
 30
0.0
 70
0
  0
VERTEX
  5
35F
  8
TEXT
 10
-7.339361684445832
 20
20.142062298766067
 30
0.0
 70
0
  0
VERTEX
  5
360
  8
TEXT
 10
-7.3445381651065835
 20
20.18046202702852
 30
0.0
 70
0
  0
VERTEX
  5
361
  8
TEXT
 10
-7.348518724149285
 20
20.218723145910108
 30
0.0
 70
0
  0
VERTEX
  5
362
  8
TEXT
 10
-7.351303361573936
 20
20.256845655410835
 30
0.0
 70
0
  0
VERTEX
  5
363
  8
TEXT
 10
-7.352892077380536
 20
20.2948295555307
 30
0.0
 70
0
  0
VERTEX
  5
364
  8
TEXT
 10
-7.3532848715690875
 20
20.332674846269708
 30
0.0
 70
0
  0
VERTEX
  5
365
  8
TEXT
 10
-7.352481744139588
 20
20.37038152762785
 30
0.0
 70
0
  0
VERTEX
  5
366
  8
TEXT
 10
-7.3504826950920386
 20
20.407949599605132
 30
0.0
 70
0
  0
VERTEX
  5
367
  8
TEXT
 10
-7.3472877244264385
 20
20.44537906220155
 30
0.0
 70
0
  0
VERTEX
  5
368
  8
TEXT
 10
-7.3429579804536065
 20
20.48254210111081
 30
0.0
 70
0
  0
VERTEX
  5
369
  8
TEXT
 10
-7.337554611484362
 20
20.519310902026604
 30
0.0
 70
0
  0
VERTEX
  5
36A
  8
TEXT
 10
-7.331077617518703
 20
20.555685464948937
 30
0.0
 70
0
  0
VERTEX
  5
36B
  8
TEXT
 10
-7.323526998556632
 20
20.59166578987781
 30
0.0
 70
0
  0
VERTEX
  5
36C
  8
TEXT
 10
-7.314902754598149
 20
20.627251876813215
 30
0.0
 70
0
  0
VERTEX
  5
36D
  8
TEXT
 10
-7.305204885643252
 20
20.662443725755157
 30
0.0
 70
0
  0
VERTEX
  5
36E
  8
TEXT
 10
-7.294433391691941
 20
20.69724133670364
 30
0.0
 70
0
  0
VERTEX
  5
36F
  8
TEXT
 10
-7.282588272744218
 20
20.73164470965866
 30
0.0
 70
0
  0
VERTEX
  5
370
  8
TEXT
 10
-7.269669528800081
 20
20.765653844620214
 30
0.0
 70
0
  0
VERTEX
  5
371
  8
TEXT
 10
-7.255677159859532
 20
20.799268741588307
 30
0.0
 70
0
  0
VERTEX
  5
372
  8
TEXT
 10
-7.240611165922569
 20
20.832489400562938
 30
0.0
 70
0
  0
VERTEX
  5
373
  8
TEXT
 10
-7.224471546989193
 20
20.865315821544108
 30
0.0
 70
0
  0
VERTEX
  5
374
  8
TEXT
 10
-7.207258303059405
 20
20.897748004531813
 30
0.0
 70
0
  0
VERTEX
  5
375
  8
TEXT
 10
-7.189050839823907
 20
20.92965265547637
 30
0.0
 70
0
  0
VERTEX
  5
376
  8
TEXT
 10
-7.169928562973409
 20
20.960896480328095
 30
0.0
 70
0
  0
VERTEX
  5
377
  8
TEXT
 10
-7.149891472507907
 20
20.991479479086987
 30
0.0
 70
0
  0
VERTEX
  5
378
  8
TEXT
 10
-7.128939568427403
 20
21.021401651753045
 30
0.0
 70
0
  0
VERTEX
  5
379
  8
TEXT
 10
-7.107072850731896
 20
21.05066299832627
 30
0.0
 70
0
  0
VERTEX
  5
37A
  8
TEXT
 10
-7.0842913194213875
 20
21.079263518806663
 30
0.0
 70
0
  0
VERTEX
  5
37B
  8
TEXT
 10
-7.060594974495876
 20
21.10720321319422
 30
0.0
 70
0
  0
VERTEX
  5
37C
  8
TEXT
 10
-7.035983815955364
 20
21.134482081488947
 30
0.0
 70
0
  0
VERTEX
  5
37D
  8
TEXT
 10
-7.010457843799847
 20
21.16110012369084
 30
0.0
 70
0
  0
VERTEX
  5
37E
  8
TEXT
 10
-6.984017058029329
 20
21.1870573397999
 30
0.0
 70
0
  0
VERTEX
  5
37F
  8
TEXT
 10
-6.956661458643808
 20
21.212353729816126
 30
0.0
 70
0
  0
VERTEX
  5
380
  8
TEXT
 10
-6.928391045643284
 20
21.23698929373952
 30
0.0
 70
0
  0
VERTEX
  5
381
  8
TEXT
 10
-6.89920581902776
 20
21.26096403157008
 30
0.0
 70
0
  0
VERTEX
  5
382
  8
TEXT
 10
-6.869187924359629
 20
21.284153777948067
 30
0.0
 70
0
  0
VERTEX
  5
383
  8
TEXT
 10
-6.838419507201292
 20
21.306434367513738
 30
0.0
 70
0
  0
VERTEX
  5
384
  8
TEXT
 10
-6.806900567552747
 20
21.32780580026709
 30
0.0
 70
0
  0
VERTEX
  5
385
  8
TEXT
 10
-6.774631105413995
 20
21.348268076208125
 30
0.0
 70
0
  0
VERTEX
  5
386
  8
TEXT
 10
-6.741611120785037
 20
21.367821195336845
 30
0.0
 70
0
  0
VERTEX
  5
387
  8
TEXT
 10
-6.707840613665872
 20
21.386465157653248
 30
0.0
 70
0
  0
VERTEX
  5
388
  8
TEXT
 10
-6.673319584056499
 20
21.404199963157332
 30
0.0
 70
0
  0
VERTEX
  5
389
  8
TEXT
 10
-6.638048031956919
 20
21.421025611849103
 30
0.0
 70
0
  0
VERTEX
  5
38A
  8
TEXT
 10
-6.6020259573671325
 20
21.436942103728555
 30
0.0
 70
0
  0
VERTEX
  5
38B
  8
TEXT
 10
-6.565253360287138
 20
21.45194943879569
 30
0.0
 70
0
  0
VERTEX
  5
38C
  8
TEXT
 10
-6.527730240716938
 20
21.46604761705051
 30
0.0
 70
0
  0
VERTEX
  5
38D
  8
TEXT
 10
-6.489456598656529
 20
21.479236638493013
 30
0.0
 70
0
  0
VERTEX
  5
38E
  8
TEXT
 10
-6.450432434105915
 20
21.4915165031232
 30
0.0
 70
0
  0
VERTEX
  5
38F
  8
TEXT
 10
-6.411093184310683
 20
21.502746568409897
 30
0.0
 70
0
  0
VERTEX
  5
390
  8
TEXT
 10
-6.3718742865164275
 20
21.512786191821924
 30
0.0
 70
0
  0
VERTEX
  5
391
  8
TEXT
 10
-6.332775740723146
 20
21.521635373359288
 30
0.0
 70
0
  0
VERTEX
  5
392
  8
TEXT
 10
-6.293797546930839
 20
21.529294113021987
 30
0.0
 70
0
  0
VERTEX
  5
393
  8
TEXT
 10
-6.254939705139507
 20
21.53576241081002
 30
0.0
 70
0
  0
VERTEX
  5
394
  8
TEXT
 10
-6.21620221534915
 20
21.541040266723385
 30
0.0
 70
0
  0
VERTEX
  5
395
  8
TEXT
 10
-6.177585077559767
 20
21.54512768076209
 30
0.0
 70
0
  0
VERTEX
  5
396
  8
TEXT
 10
-6.13908829177136
 20
21.548024652926124
 30
0.0
 70
0
  0
VERTEX
  5
397
  8
TEXT
 10
-6.100711857983927
 20
21.549731183215496
 30
0.0
 70
0
  0
VERTEX
  5
398
  8
TEXT
 10
-6.062455776197469
 20
21.550247271630198
 30
0.0
 70
0
  0
VERTEX
  5
399
  8
TEXT
 10
-6.024320046411987
 20
21.549572918170238
 30
0.0
 70
0
  0
VERTEX
  5
39A
  8
TEXT
 10
-5.9863046686274775
 20
21.547708122835612
 30
0.0
 70
0
  0
VERTEX
  5
39B
  8
TEXT
 10
-5.948409642843944
 20
21.54465288562632
 30
0.0
 70
0
  0
VERTEX
  5
39C
  8
TEXT
 10
-5.910780131672706
 20
21.54049300105132
 30
0.0
 70
0
  0
VERTEX
  5
39D
  8
TEXT
 10
-5.873561297725085
 20
21.535314263619565
 30
0.0
 70
0
  0
VERTEX
  5
39E
  8
TEXT
 10
-5.836753141001081
 20
21.52911667333106
 30
0.0
 70
0
  0
VERTEX
  5
39F
  8
TEXT
 10
-5.800355661500693
 20
21.5219002301858
 30
0.0
 70
0
  0
VERTEX
  5
3A0
  8
TEXT
 10
-5.7643688592239215
 20
21.513664934183787
 30
0.0
 70
0
  0
VERTEX
  5
3A1
  8
TEXT
 10
-5.728792734170766
 20
21.504410785325025
 30
0.0
 70
0
  0
VERTEX
  5
3A2
  8
TEXT
 10
-5.693627286341228
 20
21.494137783609506
 30
0.0
 70
0
  0
VERTEX
  5
3A3
  8
TEXT
 10
-5.658872515735307
 20
21.482845929037236
 30
0.0
 70
0
  0
VERTEX
  5
3A4
  8
TEXT
 10
-5.624528422353001
 20
21.470535221608213
 30
0.0
 70
0
  0
VERTEX
  5
3A5
  8
TEXT
 10
-5.590595006194313
 20
21.457205661322437
 30
0.0
 70
0
  0
VERTEX
  5
3A6
  8
TEXT
 10
-5.557072267259241
 20
21.44285724817991
 30
0.0
 70
0
  0
VERTEX
  5
3A7
  8
TEXT
 10
-5.523960205547786
 20
21.427489982180628
 30
0.0
 70
0
  0
VERTEX
  5
3A8
  8
TEXT
 10
-5.491258821059947
 20
21.411103863324595
 30
0.0
 70
0
  0
VERTEX
  5
3A9
  8
TEXT
 10
-5.459090448358641
 20
21.39374178254274
 30
0.0
 70
0
  0
VERTEX
  5
3AA
  8
TEXT
 10
-5.427577422006784
 20
21.375446630765996
 30
0.0
 70
0
  0
VERTEX
  5
3AB
  8
TEXT
 10
-5.396719742004374
 20
21.356218407994362
 30
0.0
 70
0
  0
VERTEX
  5
3AC
  8
TEXT
 10
-5.366517408351413
 20
21.33605711422784
 30
0.0
 70
0
  0
VERTEX
  5
3AD
  8
TEXT
 10
-5.3369704210479005
 20
21.31496274946643
 30
0.0
 70
0
  0
VERTEX
  5
3AE
  8
TEXT
 10
-5.308078780093837
 20
21.29293531371013
 30
0.0
 70
0
  0
VERTEX
  5
3AF
  8
TEXT
 10
-5.279842485489222
 20
21.269974806958942
 30
0.0
 70
0
  0
VERTEX
  5
3B0
  8
TEXT
 10
-5.252261537234054
 20
21.246081229212862
 30
0.0
 70
0
  0
VERTEX
  5
3B1
  8
TEXT
 10
-5.225335935328336
 20
21.221254580471893
 30
0.0
 70
0
  0
VERTEX
  5
3B2
  8
TEXT
 10
-5.199065679772065
 20
21.195494860736037
 30
0.0
 70
0
  0
VERTEX
  5
3B3
  8
TEXT
 10
-5.1734507705652435
 20
21.168802070005288
 30
0.0
 70
0
  0
VERTEX
  5
3B4
  8
TEXT
 10
-5.14849120770787
 20
21.141176208279653
 30
0.0
 70
0
  0
VERTEX
  5
3B5
  8
TEXT
 10
-5.124186991199945
 20
21.112617275559128
 30
0.0
 70
0
  0
VERTEX
  5
3B6
  8
TEXT
 10
-5.100680543781097
 20
21.08320193766273
 30
0.0
 70
0
  0
VERTEX
  5
3B7
  8
TEXT
 10
-5.078114288190955
 20
21.053006860409464
 30
0.0
 70
0
  0
VERTEX
  5
3B8
  8
TEXT
 10
-5.056488224429519
 20
21.022032043799335
 30
0.0
 70
0
  0
VERTEX
  5
3B9
  8
TEXT
 10
-5.035802352496788
 20
20.990277487832344
 30
0.0
 70
0
  0
VERTEX
  5
3BA
  8
TEXT
 10
-5.016056672392762
 20
20.95774319250849
 30
0.0
 70
0
  0
VERTEX
  5
3BB
  8
TEXT
 10
-4.9972511841174425
 20
20.924429157827774
 30
0.0
 70
0
  0
VERTEX
  5
3BC
  8
TEXT
 10
-4.979385887670828
 20
20.890335383790195
 30
0.0
 70
0
  0
VERTEX
  5
3BD
  8
TEXT
 10
-4.962460783052919
 20
20.855461870395754
 30
0.0
 70
0
  0
VERTEX
  5
3BE
  8
TEXT
 10
-4.946475870263717
 20
20.819808617644448
 30
0.0
 70
0
  0
VERTEX
  5
3BF
  8
TEXT
 10
-4.9314311493032195
 20
20.783375625536276
 30
0.0
 70
0
  0
VERTEX
  5
3C0
  8
TEXT
 10
-4.917326620171427
 20
20.746162894071244
 30
0.0
 70
0
  0
VERTEX
  5
3C1
  8
TEXT
 10
-4.904162282868341
 20
20.70817042324935
 30
0.0
 70
0
  0
VERTEX
  5
3C2
  8
TEXT
 10
-4.89193813739396
 20
20.66939821307059
 30
0.0
 70
0
  0
VERTEX
  5
3C3
  8
TEXT
 10
-4.880797566151152
 20
20.630290829470503
 30
0.0
 70
0
  0
VERTEX
  5
3C4
  8
TEXT
 10
-4.870883951542783
 20
20.59129283838462
 30
0.0
 70
0
  0
VERTEX
  5
3C5
  8
TEXT
 10
-4.862197293568854
 20
20.552404239812944
 30
0.0
 70
0
  0
VERTEX
  5
3C6
  8
TEXT
 10
-4.8547375922293625
 20
20.513625033755474
 30
0.0
 70
0
  0
VERTEX
  5
3C7
  8
TEXT
 10
-4.848504847524311
 20
20.47495522021221
 30
0.0
 70
0
  0
VERTEX
  5
3C8
  8
TEXT
 10
-4.843499059453699
 20
20.436394799183148
 30
0.0
 70
0
  0
VERTEX
  5
3C9
  8
TEXT
 10
-4.839720228017526
 20
20.397943770668295
 30
0.0
 70
0
  0
VERTEX
  5
3CA
  8
TEXT
 10
-4.837168353215793
 20
20.359602134667647
 30
0.0
 70
0
  0
VERTEX
  5
3CB
  8
TEXT
 10
-4.835843435048498
 20
20.321369891181206
 30
0.0
 70
0
  0
VERTEX
  5
3CC
  8
TEXT
 10
-4.835745473515642
 20
20.283247040208966
 30
0.0
 70
0
  0
VERTEX
  5
3CD
  8
TEXT
 10
-4.836874468617226
 20
20.245233581750934
 30
0.0
 70
0
  0
VERTEX
  5
3CE
  8
TEXT
 10
-4.839230420353249
 20
20.207329515807107
 30
0.0
 70
0
  0
VERTEX
  5
3CF
  8
TEXT
 10
-4.842813328723711
 20
20.169534842377487
 30
0.0
 70
0
  0
VERTEX
  5
3D0
  8
TEXT
 10
-4.847531010401404
 20
20.13200659263503
 30
0.0
 70
0
  0
VERTEX
  5
3D1
  8
TEXT
 10
-4.853291282059123
 20
20.09490179775269
 30
0.0
 70
0
  0
VERTEX
  5
3D2
  8
TEXT
 10
-4.860094143696865
 20
20.058220457730467
 30
0.0
 70
0
  0
VERTEX
  5
3D3
  8
TEXT
 10
-4.867939595314631
 20
20.021962572568366
 30
0.0
 70
0
  0
VERTEX
  5
3D4
  8
TEXT
 10
-4.876827636912421
 20
19.98612814226638
 30
0.0
 70
0
  0
VERTEX
  5
3D5
  8
TEXT
 10
-4.886758268490237
 20
19.950717166824518
 30
0.0
 70
0
  0
VERTEX
  5
3D6
  8
TEXT
 10
-4.897731490048074
 20
19.91572964624277
 30
0.0
 70
0
  0
VERTEX
  5
3D7
  8
TEXT
 10
-4.909747301585938
 20
19.881165580521145
 30
0.0
 70
0
  0
VERTEX
  5
3D8
  8
TEXT
 10
-4.922805703103824
 20
19.847024969659635
 30
0.0
 70
0
  0
VERTEX
  5
3D9
  8
TEXT
 10
-4.936906694601736
 20
19.813307813658245
 30
0.0
 70
0
  0
VERTEX
  5
3DA
  8
TEXT
 10
-4.952050276079671
 20
19.780014112516973
 30
0.0
 70
0
  0
VERTEX
  5
3DB
  8
TEXT
 10
-4.96823644753763
 20
19.747143866235824
 30
0.0
 70
0
  0
VERTEX
  5
3DC
  8
TEXT
 10
-4.985465208975613
 20
19.71469707481479
 30
0.0
 70
0
  0
VERTEX
  5
3DD
  8
TEXT
 10
-5.002406513191447
 20
19.68429304365467
 30
0.0
 70
0
  0
VERTEX
  5
3DE
  8
TEXT
 10
-5.020119310449648
 20
19.654591748945016
 30
0.0
 70
0
  0
VERTEX
  5
3DF
  8
TEXT
 10
-5.038603600750218
 20
19.625593190685827
 30
0.0
 70
0
  0
VERTEX
  5
3E0
  8
TEXT
 10
-5.057859384093153
 20
19.597297368877097
 30
0.0
 70
0
  0
VERTEX
  5
3E1
  8
TEXT
 10
-5.077886660478458
 20
19.56970428351883
 30
0.0
 70
0
  0
VERTEX
  5
3E2
  8
TEXT
 10
-5.098685429906131
 20
19.542813934611033
 30
0.0
 70
0
  0
VERTEX
  5
3E3
  8
TEXT
 10
-4.687942914124421
 20
19.171666666331404
 30
0.0
 70
0
  0
VERTEX
  5
3E4
  8
TEXT
 10
-5.135340008250502
 20
19.037385554691088
 30
0.0
 70
0
  0
VERTEX
  5
3E5
  8
TEXT
 10
-5.395179054907401
 20
19.275562000180702
 30
0.0
 70
0
  0
VERTEX
  5
3E6
  8
TEXT
 10
-5.426489380987731
 20
19.255939681140113
 30
0.0
 70
0
  0
VERTEX
  5
3E7
  8
TEXT
 10
-5.458466311254407
 20
19.237193592007966
 30
0.0
 70
0
  0
VERTEX
  5
3E8
  8
TEXT
 10
-5.491109845707427
 20
19.219323732784254
 30
0.0
 70
0
  0
VERTEX
  5
3E9
  8
TEXT
 10
-5.5244199843467925
 20
19.202330103468977
 30
0.0
 70
0
  0
VERTEX
  5
3EA
  8
TEXT
 10
-5.558396727172503
 20
19.186212704062143
 30
0.0
 70
0
  0
VERTEX
  5
3EB
  8
TEXT
 10
-5.593040074184558
 20
19.170971534563744
 30
0.0
 70
0
  0
VERTEX
  5
3EC
  8
TEXT
 10
-5.628350025382959
 20
19.156606594973788
 30
0.0
 70
0
  0
VERTEX
  5
3ED
  8
TEXT
 10
-5.664326580767705
 20
19.143117885292263
 30
0.0
 70
0
  0
VERTEX
  5
3EE
  8
TEXT
 10
-5.700969740338795
 20
19.13050540551918
 30
0.0
 70
0
  0
SEQEND
  5
325
  8
TEXT
  0
POLYLINE
  5
3EF
  8
TEXT
 66
1
 10
0.0
 20
0.0
 30
0.0
 70
1
  0
VERTEX
  5
3F1
  8
TEXT
 10
-5.853113006464502
 20
19.501370808562356
 30
0.0
 70
0
  0
VERTEX
  5
3F2
  8
TEXT
 10
-5.814968654186688
 20
19.5136602609731
 30
0.0
 70
0
  0
VERTEX
  5
3F3
  8
TEXT
 10
-5.777673027374984
 20
19.52737670240528
 30
0.0
 70
0
  0
VERTEX
  5
3F4
  8
TEXT
 10
-5.74122612602939
 20
19.542520132858893
 30
0.0
 70
0
  0
VERTEX
  5
3F5
  8
TEXT
 10
-5.705627950149904
 20
19.55909055233394
 30
0.0
 70
0
  0
VERTEX
  5
3F6
  8
TEXT
 10
-6.210493092069082
 20
20.019708690003956
 30
0.0
 70
0
  0
VERTEX
  5
3F7
  8
TEXT
 10
-5.772352489545609
 20
20.151211571748266
 30
0.0
 70
0
  0
VERTEX
  5
3F8
  8
TEXT
 10
-5.408208248516631
 20
19.8232569895634
 30
0.0
 70
0
  0
VERTEX
  5
3F9
  8
TEXT
 10
-5.391411805266015
 20
19.846984074506913
 30
0.0
 70
0
  0
VERTEX
  5
3FA
  8
TEXT
 10
-5.376398283718899
 20
19.87167090192548
 30
0.0
 70
0
  0
VERTEX
  5
3FB
  8
TEXT
 10
-5.363167683875281
 20
19.897317471819097
 30
0.0
 70
0
  0
VERTEX
  5
3FC
  8
TEXT
 10
-5.347149347352366
 20
19.92882515964493
 30
0.0
 70
0
  0
VERTEX
  5
3FD
  8
TEXT
 10
-5.332685324410449
 20
19.960945963499977
 30
0.0
 70
0
  0
VERTEX
  5
3FE
  8
TEXT
 10
-5.319775615049529
 20
19.993679883384246
 30
0.0
 70
0
  0
VERTEX
  5
3FF
  8
TEXT
 10
-5.308420219269606
 20
20.027026919297725
 30
0.0
 70
0
  0
VERTEX
  5
400
  8
TEXT
 10
-5.298619137070679
 20
20.060987071240426
 30
0.0
 70
0
  0
VERTEX
  5
401
  8
TEXT
 10
-5.29037236845275
 20
20.09556033921234
 30
0.0
 70
0
  0
VERTEX
  5
402
  8
TEXT
 10
-5.283679913415817
 20
20.130746723213473
 30
0.0
 70
0
  0
VERTEX
  5
403
  8
TEXT
 10
-5.2785417719598815
 20
20.16654622324382
 30
0.0
 70
0
  0
VERTEX
  5
404
  8
TEXT
 10
-5.274957944084942
 20
20.202958839303385
 30
0.0
 70
0
  0
VERTEX
  5
405
  8
TEXT
 10
-5.272947449682874
 20
20.239771242512308
 30
0.0
 70
0
  0
VERTEX
  5
406
  8
TEXT
 10
-5.272529308645549
 20
20.27677010399074
 30
0.0
 70
0
  0
VERTEX
  5
407
  8
TEXT
 10
-5.273703520972967
 20
20.313955423738673
 30
0.0
 70
0
  0
VERTEX
  5
408
  8
TEXT
 10
-5.276470086665128
 20
20.35132720175611
 30
0.0
 70
0
  0
VERTEX
  5
409
  8
TEXT
 10
-5.280829005722033
 20
20.38888543804305
 30
0.0
 70
0
  0
VERTEX
  5
40A
  8
TEXT
 10
-5.286780278143681
 20
20.426630132599495
 30
0.0
 70
0
  0
VERTEX
  5
40B
  8
TEXT
 10
-5.2943239039300725
 20
20.464561285425447
 30
0.0
 70
0
  0
VERTEX
  5
40C
  8
TEXT
 10
-5.3034598830812065
 20
20.502678896520898
 30
0.0
 70
0
  0
VERTEX
  5
40D
  8
TEXT
 10
-5.314188215597084
 20
20.540982965885856
 30
0.0
 70
0
  0
VERTEX
  5
40E
  8
TEXT
 10
-5.326320256237853
 20
20.578844966312733
 30
0.0
 70
0
  0
VERTEX
  5
40F
  8
TEXT
 10
-5.33966735976366
 20
20.615636370593947
 30
0.0
 70
0
  0
VERTEX
  5
410
  8
TEXT
 10
-5.354229526174507
 20
20.651357178729494
 30
0.0
 70
0
  0
VERTEX
  5
411
  8
TEXT
 10
-5.370006755470391
 20
20.686007390719375
 30
0.0
 70
0
  0
VERTEX
  5
412
  8
TEXT
 10
-5.386999047651315
 20
20.719587006563593
 30
0.0
 70
0
  0
VERTEX
  5
413
  8
TEXT
 10
-5.405206402717278
 20
20.752096026262144
 30
0.0
 70
0
  0
VERTEX
  5
414
  8
TEXT
 10
-5.424628820668279
 20
20.783534449815033
 30
0.0
 70
0
  0
VERTEX
  5
415
  8
TEXT
 10
-5.445266301504319
 20
20.813902277222255
 30
0.0
 70
0
  0
VERTEX
  5
416
  8
TEXT
 10
-5.467118845225397
 20
20.84319950848381
 30
0.0
 70
0
  0
VERTEX
  5
417
  8
TEXT
 10
-5.490051204779487
 20
20.87132140225868
 30
0.0
 70
0
  0
VERTEX
  5
418
  8
TEXT
 10
-5.513928133114562
 20
20.89816321720583
 30
0.0
 70
0
  0
VERTEX
  5
419
  8
TEXT
 10
-5.538749630230622
 20
20.92372495332527
 30
0.0
 70
0
  0
VERTEX
  5
41A
  8
TEXT
 10
-5.564515696127667
 20
20.94800661061699
 30
0.0
 70
0
  0
VERTEX
  5
41B
  8
TEXT
 10
-5.591226330805697
 20
20.971008189080994
 30
0.0
 70
0
  0
VERTEX
  5
41C
  8
TEXT
 10
-5.618881534264711
 20
20.992729688717287
 30
0.0
 70
0
  0
VERTEX
  5
41D
  8
TEXT
 10
-5.6474813065047105
 20
21.01317110952586
 30
0.0
 70
0
  0
VERTEX
  5
41E
  8
TEXT
 10
-5.677025647525694
 20
21.032332451506722
 30
0.0
 70
0
  0
VERTEX
  5
41F
  8
TEXT
 10
-5.707514557327664
 20
21.050213714659865
 30
0.0
 70
0
  0
VERTEX
  5
420
  8
TEXT
 10
-5.742661571940776
 20
21.06864820722465
 30
0.0
 70
0
  0
VERTEX
  5
421
  8
TEXT
 10
-5.7784399288470745
 20
21.085158931505614
 30
0.0
 70
0
  0
VERTEX
  5
422
  8
TEXT
 10
-5.814849628046559
 20
21.099745887502753
 30
0.0
 70
0
  0
VERTEX
  5
423
  8
TEXT
 10
-5.851890669539231
 20
21.112409075216064
 30
0.0
 70
0
  0
VERTEX
  5
424
  8
TEXT
 10
-5.889563053325088
 20
21.123148494645555
 30
0.0
 70
0
  0
VERTEX
  5
425
  8
TEXT
 10
-5.927866779404132
 20
21.13196414579122
 30
0.0
 70
0
  0
VERTEX
  5
426
  8
TEXT
 10
-5.966801847776363
 20
21.138856028653063
 30
0.0
 70
0
  0
VERTEX
  5
427
  8
TEXT
 10
-6.006368258441779
 20
21.14382414323108
 30
0.0
 70
0
  0
VERTEX
  5
428
  8
TEXT
 10
-6.041925556721583
 20
21.146564297468252
 30
0.0
 70
0
  0
VERTEX
  5
429
  8
TEXT
 10
-6.0776959727840865
 20
21.147662572737808
 30
0.0
 70
0
  0
VERTEX
  5
42A
  8
TEXT
 10
-6.113679506629289
 20
21.147118969039745
 30
0.0
 70
0
  0
VERTEX
  5
42B
  8
TEXT
 10
-6.149876158257193
 20
21.14493348637406
 30
0.0
 70
0
  0
VERTEX
  5
42C
  8
TEXT
 10
-6.186285927667796
 20
21.141106124740762
 30
0.0
 70
0
  0
VERTEX
  5
42D
  8
TEXT
 10
-6.222908814861099
 20
21.135636884139842
 30
0.0
 70
0
  0
VERTEX
  5
42E
  8
TEXT
 10
-6.259744819837103
 20
21.128525764571307
 30
0.0
 70
0
  0
VERTEX
  5
42F
  8
TEXT
 10
-6.296793942595805
 20
21.11977276603515
 30
0.0
 70
0
  0
VERTEX
  5
430
  8
TEXT
 10
-6.334056183137209
 20
21.10937788853138
 30
0.0
 70
0
  0
VERTEX
  5
431
  8
TEXT
 10
-6.370883967974709
 20
21.09753549382226
 30
0.0
 70
0
  0
VERTEX
  5
432
  8
TEXT
 10
-6.406629723621705
 20
21.084439943670066
 30
0.0
 70
0
  0
VERTEX
  5
433
  8
TEXT
 10
-6.441293450078198
 20
21.0700912380748
 30
0.0
 70
0
  0
VERTEX
  5
434
  8
TEXT
 10
-6.474875147344185
 20
21.054489377036457
 30
0.0
 70
0
  0
VERTEX
  5
435
  8
TEXT
 10
-6.507374815419668
 20
21.037634360555042
 30
0.0
 70
0
  0
VERTEX
  5
436
  8
TEXT
 10
-6.538792454304646
 20
21.019526188630554
 30
0.0
 70
0
  0
VERTEX
  5
437
  8
TEXT
 10
-6.56912806399912
 20
21.000164861262988
 30
0.0
 70
0
  0
VERTEX
  5
438
  8
TEXT
 10
-6.598381644503089
 20
20.979550378452352
 30
0.0
 70
0
  0
VERTEX
  5
439
  8
TEXT
 10
-6.6265531958165536
 20
20.95768274019864
 30
0.0
 70
0
  0
VERTEX
  5
43A
  8
TEXT
 10
-6.656844370214574
 20
20.9317476718742
 30
0.0
 70
0
  0
VERTEX
  5
43B
  8
TEXT
 10
-6.685549185792655
 20
20.904554452845183
 30
0.0
 70
0
  0
VERTEX
  5
43C
  8
TEXT
 10
-6.712667642550798
 20
20.876103083111595
 30
0.0
 70
0
  0
VERTEX
  5
43D
  8
TEXT
 10
-6.7381997404890015
 20
20.846393562673438
 30
0.0
 70
0
  0
VERTEX
  5
43E
  8
TEXT
 10
-6.762145479607267
 20
20.815425891530705
 30
0.0
 70
0
  0
VERTEX
  5
43F
  8
TEXT
 10
-6.784504859905594
 20
20.7832000696834
 30
0.0
 70
0
  0
VERTEX
  5
440
  8
TEXT
 10
-6.805277881383982
 20
20.74971609713152
 30
0.0
 70
0
  0
VERTEX
  5
441
  8
TEXT
 10
-6.824464544042431
 20
20.714973973875072
 30
0.0
 70
0
  0
VERTEX
  5
442
  8
TEXT
 10
-6.840086675742346
 20
20.683253009943673
 30
0.0
 70
0
  0
VERTEX
  5
443
  8
TEXT
 10
-6.854253545067014
 20
20.65097224900945
 30
0.0
 70
0
  0
VERTEX
  5
444
  8
TEXT
 10
-6.866965152016434
 20
20.6181316910724
 30
0.0
 70
0
  0
VERTEX
  5
445
  8
TEXT
 10
-6.878221496590608
 20
20.584731336132528
 30
0.0
 70
0
  0
VERTEX
  5
446
  8
TEXT
 10
-6.888022578789534
 20
20.550771184189827
 30
0.0
 70
0
  0
VERTEX
  5
447
  8
TEXT
 10
-6.896368398613213
 20
20.516251235244304
 30
0.0
 70
0
  0
VERTEX
  5
448
  8
TEXT
 10
-6.903258956061646
 20
20.481171489295956
 30
0.0
 70
0
  0
VERTEX
  5
449
  8
TEXT
 10
-6.908694251134831
 20
20.445531946344783
 30
0.0
 70
0
  0
VERTEX
  5
44A
  8
TEXT
 10
-6.91267428383277
 20
20.409332606390784
 30
0.0
 70
0
  0
VERTEX
  5
44B
  8
TEXT
 10
-6.915105745859275
 20
20.372746809044024
 30
0.0
 70
0
  0
VERTEX
  5
44C
  8
TEXT
 10
-6.915895328918163
 20
20.335947893914565
 30
0.0
 70
0
  0
VERTEX
  5
44D
  8
TEXT
 10
-6.915043033009432
 20
20.298935861002406
 30
0.0
 70
0
  0
VERTEX
  5
44E
  8
TEXT
 10
-6.912548858133083
 20
20.261710710307547
 30
0.0
 70
0
  0
VERTEX
  5
44F
  8
TEXT
 10
-6.9084128042891155
 20
20.224272441829985
 30
0.0
 70
0
  0
VERTEX
  5
450
  8
TEXT
 10
-6.90263487147753
 20
20.186621055569727
 30
0.0
 70
0
  0
VERTEX
  5
451
  8
TEXT
 10
-6.895215059698327
 20
20.148756551526766
 30
0.0
 70
0
  0
VERTEX
  5
452
  8
TEXT
 10
-6.886153368951504
 20
20.11067892970111
 30
0.0
 70
0
  0
VERTEX
  5
453
  8
TEXT
 10
-6.875449799237064
 20
20.07238819009275
 30
0.0
 70
0
  0
VERTEX
  5
454
  8
TEXT
 10
-6.863292995794858
 20
20.034512859909274
 30
0.0
 70
0
  0
VERTEX
  5
455
  8
TEXT
 10
-6.849871603864738
 20
19.997681466358266
 30
0.0
 70
0
  0
VERTEX
  5
456
  8
TEXT
 10
-6.835185623446704
 20
19.96189400943973
 30
0.0
 70
0
  0
VERTEX
  5
457
  8
TEXT
 10
-6.819235054540757
 20
19.92715048915366
 30
0.0
 70
0
  0
VERTEX
  5
458
  8
TEXT
 10
-6.802019897146896
 20
19.893450905500064
 30
0.0
 70
0
  0
VERTEX
  5
459
  8
TEXT
 10
-6.783540151265122
 20
19.860795258478934
 30
0.0
 70
0
  0
VERTEX
  5
45A
  8
TEXT
 10
-6.763795816895433
 20
19.829183548090274
 30
0.0
 70
0
  0
VERTEX
  5
45B
  8
TEXT
 10
-6.742786894037831
 20
19.79861577433408
 30
0.0
 70
0
  0
VERTEX
  5
45C
  8
TEXT
 10
-6.720513382692316
 20
19.76909193721036
 30
0.0
 70
0
  0
VERTEX
  5
45D
  8
TEXT
 10
-6.697165772036207
 20
19.740762483852343
 30
0.0
 70
0
  0
VERTEX
  5
45E
  8
TEXT
 10
-6.672934551246829
 20
19.713777861393275
 30
0.0
 70
0
  0
VERTEX
  5
45F
  8
TEXT
 10
-6.647819720324181
 20
19.688138069833155
 30
0.0
 70
0
  0
VERTEX
  5
460
  8
TEXT
 10
-6.6218212792682625
 20
19.66384310917198
 30
0.0
 70
0
  0
VERTEX
  5
461
  8
TEXT
 10
-6.594939228079074
 20
19.640892979409752
 30
0.0
 70
0
  0
VERTEX
  5
462
  8
TEXT
 10
-6.5671735667566145
 20
19.61928768054647
 30
0.0
 70
0
  0
VERTEX
  5
463
  8
TEXT
 10
-6.538524295300885
 20
19.599027212582136
 30
0.0
 70
0
  0
VERTEX
  5
464
  8
TEXT
 10
-6.508991413711884
 20
19.580111575516746
 30
0.0
 70
0
  0
VERTEX
  5
465
  8
TEXT
 10
-6.478574921989614
 20
19.562540769350306
 30
0.0
 70
0
  0
VERTEX
  5
466
  8
TEXT
 10
-6.443529197008127
 20
19.544443753041865
 30
0.0
 70
0
  0
VERTEX
  5
467
  8
TEXT
 10
-6.4078231898387035
 20
19.52817408322972
 30
0.0
 70
0
  0
VERTEX
  5
468
  8
TEXT
 10
-6.371456900481344
 20
19.513731759913874
 30
0.0
 70
0
  0
VERTEX
  5
469
  8
TEXT
 10
-6.3344303289360475
 20
19.501116783094325
 30
0.0
 70
0
  0
VERTEX
  5
46A
  8
TEXT
 10
-6.296743475202815
 20
19.49032915277107
 30
0.0
 70
0
  0
VERTEX
  5
46B
  8
TEXT
 10
-6.258396339281646
 20
19.481368868944113
 30
0.0
 70
0
  0
VERTEX
  5
46C
  8
TEXT
 10
-6.2193889211725395
 20
19.474235931613457
 30
0.0
 70
0
  0
VERTEX
  5
46D
  8
TEXT
 10
-6.179721220875498
 20
19.468930340779092
 30
0.0
 70
0
  0
VERTEX
  5
46E
  8
TEXT
 10
-6.144085787993577
 20
19.465860683276198
 30
0.0
 70
0
  0
VERTEX
  5
46F
  8
TEXT
 10
-6.108286762931829
 20
19.46445956425412
 30
0.0
 70
0
  0
VERTEX
  5
470
  8
TEXT
 10
-6.072324145690258
 20
19.464726983712854
 30
0.0
 70
0
  0
VERTEX
  5
471
  8
TEXT
 10
-6.036197936268861
 20
19.4666629416524
 30
0.0
 70
0
  0
VERTEX
  5
472
  8
TEXT
 10
-5.999908134667639
 20
19.470267438072764
 30
0.0
 70
0
  0
VERTEX
  5
473
  8
TEXT
 10
-5.9634547408865926
 20
19.47554047297394
 30
0.0
 70
0
  0
VERTEX
  5
474
  8
TEXT
 10
-5.926837754925721
 20
19.482482046355933
 30
0.0
 70
0
  0
VERTEX
  5
475
  8
TEXT
 10
-5.8900571767850245
 20
19.491092158218738
 30
0.0
 70
0
  0
SEQEND
  5
3F0
  8
TEXT
  0
POLYLINE
  5
476
  8
TEXT
 66
1
 10
0.0
 20
0.0
 30
0.0
 70
1
  0
VERTEX
  5
478
  8
TEXT
 10
-2.964174413457426
 20
19.74003180698913
 30
0.0
 70
0
  0
VERTEX
  5
479
  8
TEXT
 10
-3.0029790165004253
 20
19.734803219168537
 30
0.0
 70
0
  0
VERTEX
  5
47A
  8
TEXT
 10
-3.041341701964153
 20
19.73083765686815
 30
0.0
 70
0
  0
VERTEX
  5
47B
  8
TEXT
 10
-3.0792624698486106
 20
19.72813512008797
 30
0.0
 70
0
  0
VERTEX
  5
47C
  8
TEXT
 10
-3.1167413201537966
 20
19.726695608827995
 30
0.0
 70
0
  0
VERTEX
  5
47D
  8
TEXT
 10
-3.1537782528797114
 20
19.72651912308823
 30
0.0
 70
0
  0
VERTEX
  5
47E
  8
TEXT
 10
-3.190373268026355
 20
19.727605662868672
 30
0.0
 70
0
  0
VERTEX
  5
47F
  8
TEXT
 10
-3.2265263655937275
 20
19.72995522816932
 30
0.0
 70
0
  0
VERTEX
  5
480
  8
TEXT
 10
-3.262237545581829
 20
19.73356781899017
 30
0.0
 70
0
  0
VERTEX
  5
481
  8
TEXT
 10
-3.297506807990659
 20
19.738443435331234
 30
0.0
 70
0
  0
VERTEX
  5
482
  8
TEXT
 10
-3.332334152820218
 20
19.7445820771925
 30
0.0
 70
0
  0
VERTEX
  5
483
  8
TEXT
 10
-3.366719580070506
 20
19.751983744573973
 30
0.0
 70
0
  0
VERTEX
  5
484
  8
TEXT
 10
-3.400663089741523
 20
19.760648437475652
 30
0.0
 70
0
  0
VERTEX
  5
485
  8
TEXT
 10
-3.4341646818332685
 20
19.77057615589754
 30
0.0
 70
0
  0
VERTEX
  5
486
  8
TEXT
 10
-3.467224356345743
 20
19.781766899839635
 30
0.0
 70
0
  0
VERTEX
  5
487
  8
TEXT
 10
-3.5021205337623282
 20
19.79508455012382
 30
0.0
 70
0
  0
VERTEX
  5
488
  8
TEXT
 10
-3.5360795244552006
 20
19.809574178848575
 30
0.0
 70
0
  0
VERTEX
  5
489
  8
TEXT
 10
-3.569101328424359
 20
19.825235786013895
 30
0.0
 70
0
  0
VERTEX
  5
48A
  8
TEXT
 10
-3.6011859456698048
 20
19.84206937161978
 30
0.0
 70
0
  0
VERTEX
  5
48B
  8
TEXT
 10
-3.6323333761915366
 20
19.860074935666226
 30
0.0
 70
0
  0
VERTEX
  5
48C
  8
TEXT
 10
-3.6625436199895556
 20
19.879252478153244
 30
0.0
 70
0
  0
VERTEX
  5
48D
  8
TEXT
 10
-3.6918166770638616
 20
19.899601999080826
 30
0.0
 70
0
  0
VERTEX
  5
48E
  8
TEXT
 10
-3.720152547414454
 20
19.921123498448974
 30
0.0
 70
0
  0
VERTEX
  5
48F
  8
TEXT
 10
-3.747551231041333
 20
19.943816976257686
 30
0.0
 70
0
  0
VERTEX
  5
490
  8
TEXT
 10
-3.7740127279444984
 20
19.967682432506965
 30
0.0
 70
0
  0
VERTEX
  5
491
  8
TEXT
 10
-3.799537038123951
 20
19.992719867196808
 30
0.0
 70
0
  0
VERTEX
  5
492
  8
TEXT
 10
-3.8241241615796904
 20
20.018929280327217
 30
0.0
 70
0
  0
VERTEX
  5
493
  8
TEXT
 10
-3.8477740983117164
 20
20.046310671898194
 30
0.0
 70
0
  0
VERTEX
  5
494
  8
TEXT
 10
-3.8702903015203622
 20
20.074710436339306
 30
0.0
 70
0
  0
VERTEX
  5
495
  8
TEXT
 10
-3.891476224405961
 20
20.10397496808012
 30
0.0
 70
0
  0
VERTEX
  5
496
  8
TEXT
 10
-3.9113318669685126
 20
20.13410426712064
 30
0.0
 70
0
  0
VERTEX
  5
497
  8
TEXT
 10
-3.929857229208017
 20
20.165098333460868
 30
0.0
 70
0
  0
VERTEX
  5
498
  8
TEXT
 10
-3.947052311124475
 20
20.1969571671008
 30
0.0
 70
0
  0
VERTEX
  5
499
  8
TEXT
 10
-3.9629171127178857
 20
20.22968076804043
 30
0.0
 70
0
  0
VERTEX
  5
49A
  8
TEXT
 10
-3.9774516339882497
 20
20.26326913627977
 30
0.0
 70
0
  0
VERTEX
  5
49B
  8
TEXT
 10
-3.990655874935566
 20
20.297722271818813
 30
0.0
 70
0
  0
VERTEX
  5
49C
  8
TEXT
 10
-4.0025298355598355
 20
20.33304017465756
 30
0.0
 70
0
  0
VERTEX
  5
49D
  8
TEXT
 10
-4.013073515861058
 20
20.369222844796017
 30
0.0
 70
0
  0
VERTEX
  5
49E
  8
TEXT
 10
-4.022286915839234
 20
20.406270282234175
 30
0.0
 70
0
  0
VERTEX
  5
49F
  8
TEXT
 10
-4.030170035494363
 20
20.444182486972036
 30
0.0
 70
0
  0
VERTEX
  5
4A0
  8
TEXT
 10
-4.036722874826444
 20
20.482959459009603
 30
0.0
 70
0
  0
VERTEX
  5
4A1
  8
TEXT
 10
-4.266103954699407
 20
22.01053145074417
 30
0.0
 70
0
  0
VERTEX
  5
4A2
  8
TEXT
 10
-3.832044134316019
 20
22.07571012046824
 30
0.0
 70
0
  0
VERTEX
  5
4A3
  8
TEXT
 10
-3.606250871125115
 20
20.572031329855694
 30
0.0
 70
0
  0
VERTEX
  5
4A4
  8
TEXT
 10
-3.5997421939963585
 20
20.53563542843515
 30
0.0
 70
0
  0
VERTEX
  5
4A5
  8
TEXT
 10
-3.591338394324471
 20
20.50051664765178
 30
0.0
 70
0
  0
VERTEX
  5
4A6
  8
TEXT
 10
-3.5810394721094534
 20
20.46667498750558
 30
0.0
 70
0
  0
VERTEX
  5
4A7
  8
TEXT
 10
-3.5688454273513046
 20
20.43411044799656
 30
0.0
 70
0
  0
VERTEX
  5
4A8
  8
TEXT
 10
-3.5547562600500253
 20
20.40282302912471
 30
0.0
 70
0
  0
VERTEX
  5
4A9
  8
TEXT
 10
-3.538771970205615
 20
20.37281273089004
 30
0.0
 70
0
  0
VERTEX
  5
4AA
  8
TEXT
 10
-3.5208925578180748
 20
20.34407955329254
 30
0.0
 70
0
  0
VERTEX
  5
4AB
  8
TEXT
 10
-3.501118022887403
 20
20.31662349633222
 30
0.0
 70
0
  0
VERTEX
  5
4AC
  8
TEXT
 10
-3.4765934383208936
 20
20.287173406427595
 30
0.0
 70
0
  0
VERTEX
  5
4AD
  8
TEXT
 10
-3.450384475940763
 20
20.260120271894827
 30
0.0
 70
0
  0
VERTEX
  5
4AE
  8
TEXT
 10
-3.422491135747011
 20
20.23546409273392
 30
0.0
 70
0
  0
VERTEX
  5
4AF
  8
TEXT
 10
-3.392913417739638
 20
20.213204868944874
 30
0.0
 70
0
  0
VERTEX
  5
4B0
  8
TEXT
 10
-3.361651321918644
 20
20.19334260052769
 30
0.0
 70
0
  0
VERTEX
  5
4B1
  8
TEXT
 10
-3.3287048482840285
 20
20.175877287482365
 30
0.0
 70
0
  0
VERTEX
  5
4B2
  8
TEXT
 10
-3.294073996835792
 20
20.160808929808898
 30
0.0
 70
0
  0
VERTEX
  5
4B3
  8
TEXT
 10
-3.262685253312016
 20
20.149775126313653
 30
0.0
 70
0
  0
VERTEX
  5
4B4
  8
TEXT
 10
-3.2305968433620187
 20
20.140946005806104
 30
0.0
 70
0
  0
VERTEX
  5
4B5
  8
TEXT
 10
-3.1978087669858004
 20
20.134321568286257
 30
0.0
 70
0
  0
VERTEX
  5
4B6
  8
TEXT
 10
-3.1643210241833613
 20
20.129901813754106
 30
0.0
 70
0
  0
VERTEX
  5
4B7
  8
TEXT
 10
-3.1301336149547017
 20
20.12768674220965
 30
0.0
 70
0
  0
VERTEX
  5
4B8
  8
TEXT
 10
-3.0952465392998207
 20
20.127676353652898
 30
0.0
 70
0
  0
VERTEX
  5
4B9
  8
TEXT
 10
-3.0596597972187194
 20
20.12987064808384
 30
0.0
 70
0
  0
VERTEX
  5
4BA
  8
TEXT
 10
-3.023373388711397
 20
20.13426962550248
 30
0.0
 70
0
  0
VERTEX
  5
4BB
  8
TEXT
 10
-2.9868539778622685
 20
20.14080321136425
 30
0.0
 70
0
  0
VERTEX
  5
4BC
  8
TEXT
 10
-2.9517628888118486
 20
20.14922194029047
 30
0.0
 70
0
  0
VERTEX
  5
4BD
  8
TEXT
 10
-2.9181001215601383
 20
20.159525812281142
 30
0.0
 70
0
  0
VERTEX
  5
4BE
  8
TEXT
 10
-2.8858656761071373
 20
20.171714827336267
 30
0.0
 70
0
  0
VERTEX
  5
4BF
  8
TEXT
 10
-2.8550595524528455
 20
20.185788985455844
 30
0.0
 70
0
  0
VERTEX
  5
4C0
  8
TEXT
 10
-2.8256817505972625
 20
20.20174828663987
 30
0.0
 70
0
  0
VERTEX
  5
4C1
  8
TEXT
 10
-2.797732270540389
 20
20.21959273088835
 30
0.0
 70
0
  0
VERTEX
  5
4C2
  8
TEXT
 10
-2.7712111122822245
 20
20.239322318201285
 30
0.0
 70
0
  0
VERTEX
  5
4C3
  8
TEXT
 10
-2.74285005832339
 20
20.2638495762498
 30
0.0
 70
0
  0
VERTEX
  5
4C4
  8
TEXT
 10
-2.7167543189813097
 20
20.290180701606403
 30
0.0
 70
0
  0
VERTEX
  5
4C5
  8
TEXT
 10
-2.6929238942559834
 20
20.3183156942711
 30
0.0
 70
0
  0
VERTEX
  5
4C6
  8
TEXT
 10
-2.6713587841474102
 20
20.348254554243884
 30
0.0
 70
0
  0
VERTEX
  5
4C7
  8
TEXT
 10
-2.6520589886555914
 20
20.379997281524762
 30
0.0
 70
0
  0
VERTEX
  5
4C8
  8
TEXT
 10
-2.6350245077805265
 20
20.413543876113728
 30
0.0
 70
0
  0
VERTEX
  5
4C9
  8
TEXT
 10
-2.620255341522215
 20
20.44889433801079
 30
0.0
 70
0
  0
VERTEX
  5
4CA
  8
TEXT
 10
-2.6094167125152965
 20
20.480947285095
 30
0.0
 70
0
  0
VERTEX
  5
4CB
  8
TEXT
 10
-2.600764716156926
 20
20.5136644341332
 30
0.0
 70
0
  0
VERTEX
  5
4CC
  8
TEXT
 10
-2.5942993524471034
 20
20.54704578512539
 30
0.0
 70
0
  0
VERTEX
  5
4CD
  8
TEXT
 10
-2.590020621385829
 20
20.58109133807157
 30
0.0
 70
0
  0
VERTEX
  5
4CE
  8
TEXT
 10
-2.5879285229731024
 20
20.61580109297174
 30
0.0
 70
0
  0
VERTEX
  5
4CF
  8
TEXT
 10
-2.5880230572089236
 20
20.6511750498259
 30
0.0
 70
0
  0
VERTEX
  5
4D0
  8
TEXT
 10
-2.590304224093293
 20
20.68721320863405
 30
0.0
 70
0
  0
VERTEX
  5
4D1
  8
TEXT
 10
-2.59477202362621
 20
20.723915569396187
 30
0.0
 70
0
  0
VERTEX
  5
4D2
  8
TEXT
 10
-2.8205652868171143
 20
22.22759436000873
 30
0.0
 70
0
  0
VERTEX
  5
4D3
  8
TEXT
 10
-2.386505466433726
 20
22.2927730297328
 30
0.0
 70
0
  0
VERTEX
  5
4D4
  8
TEXT
 10
-2.1571243865607626
 20
20.765201037998235
 30
0.0
 70
0
  0
VERTEX
  5
4D5
  8
TEXT
 10
-2.1519994841004704
 20
20.726209646147122
 30
0.0
 70
0
  0
VERTEX
  5
4D6
  8
TEXT
 10
-2.1484001750607105
 20
20.687654181968632
 30
0.0
 70
0
  0
VERTEX
  5
4D7
  8
TEXT
 10
-2.1463264594414824
 20
20.649534645462758
 30
0.0
 70
0
  0
VERTEX
  5
4D8
  8
TEXT
 10
-2.145778337242785
 20
20.611851036629503
 30
0.0
 70
0
  0
VERTEX
  5
4D9
  8
TEXT
 10
-2.1467558084646203
 20
20.574603355468867
 30
0.0
 70
0
  0
VERTEX
  5
4DA
  8
TEXT
 10
-2.149258873106988
 20
20.537791601980846
 30
0.0
 70
0
  0
VERTEX
  5
4DB
  8
TEXT
 10
-2.153287531169887
 20
20.501415776165448
 30
0.0
 70
0
  0
VERTEX
  5
4DC
  8
TEXT
 10
-2.158841782653318
 20
20.465475878022666
 30
0.0
 70
0
  0
VERTEX
  5
4DD
  8
TEXT
 10
-2.1659216275572803
 20
20.429971907552503
 30
0.0
 70
0
  0
VERTEX
  5
4DE
  8
TEXT
 10
-2.1745270658817755
 20
20.394903864754955
 30
0.0
 70
0
  0
VERTEX
  5
4DF
  8
TEXT
 10
-2.1846580976268015
 20
20.36027174963003
 30
0.0
 70
0
  0
VERTEX
  5
4E0
  8
TEXT
 10
-2.19631472279236
 20
20.32607556217772
 30
0.0
 70
0
  0
VERTEX
  5
4E1
  8
TEXT
 10
-2.209496941378451
 20
20.29231530239803
 30
0.0
 70
0
  0
VERTEX
  5
4E2
  8
TEXT
 10
-2.2240596321213575
 20
20.259195880932285
 30
0.0
 70
0
  0
VERTEX
  5
4E3
  8
TEXT
 10
-2.2398576737573666
 20
20.226922208421815
 30
0.0
 70
0
  0
VERTEX
  5
4E4
  8
TEXT
 10
-2.256891066286477
 20
20.19549428486662
 30
0.0
 70
0
  0
VERTEX
  5
4E5
  8
TEXT
 10
-2.275159809708689
 20
20.164912110266698
 30
0.0
 70
0
  0
VERTEX
  5
4E6
  8
TEXT
 10
-2.294663904024002
 20
20.13517568462205
 30
0.0
 70
0
  0
VERTEX
  5
4E7
  8
TEXT
 10
-2.315403349232418
 20
20.106285007932676
 30
0.0
 70
0
  0
VERTEX
  5
4E8
  8
TEXT
 10
-2.3373781453339353
 20
20.078240080198576
 30
0.0
 70
0
  0
VERTEX
  5
4E9
  8
TEXT
 10
-2.360588292328554
 20
20.05104090141975
 30
0.0
 70
0
  0
VERTEX
  5
4EA
  8
TEXT
 10
-2.385033790216275
 20
20.0246874715962
 30
0.0
 70
0
  0
VERTEX
  5
4EB
  8
TEXT
 10
-2.410714638997097
 20
19.99917979072792
 30
0.0
 70
0
  0
VERTEX
  5
4EC
  8
TEXT
 10
-2.437630838671021
 20
19.974517858814917
 30
0.0
 70
0
  0
VERTEX
  5
4ED
  8
TEXT
 10
-2.465782389238046
 20
19.950701675857186
 30
0.0
 70
0
  0
VERTEX
  5
4EE
  8
TEXT
 10
-2.4951692906981733
 20
19.92773124185473
 30
0.0
 70
0
  0
VERTEX
  5
4EF
  8
TEXT
 10
-2.5234334673307646
 20
19.907332073515136
 30
0.0
 70
0
  0
VERTEX
  5
4F0
  8
TEXT
 10
-2.552503211544707
 20
19.88800860761388
 30
0.0
 70
0
  0
VERTEX
  5
4F1
  8
TEXT
 10
-2.582378523340001
 20
19.869760844150964
 30
0.0
 70
0
  0
VERTEX
  5
4F2
  8
TEXT
 10
-2.613059402716646
 20
19.852588783126382
 30
0.0
 70
0
  0
VERTEX
  5
4F3
  8
TEXT
 10
-2.644545849674643
 20
19.83649242454014
 30
0.0
 70
0
  0
VERTEX
  5
4F4
  8
TEXT
 10
-2.676837864213991
 20
19.821471768392236
 30
0.0
 70
0
  0
VERTEX
  5
4F5
  8
TEXT
 10
-2.7099354463346903
 20
19.807526814682667
 30
0.0
 70
0
  0
VERTEX
  5
4F6
  8
TEXT
 10
-2.743838596036741
 20
19.794657563411434
 30
0.0
 70
0
  0
VERTEX
  5
4F7
  8
TEXT
 10
-2.7785473133201433
 20
19.78286401457854
 30
0.0
 70
0
  0
VERTEX
  5
4F8
  8
TEXT
 10
-2.8140615981848973
 20
19.772146168183983
 30
0.0
 70
0
  0
VERTEX
  5
4F9
  8
TEXT
 10
-2.8503814506310023
 20
19.762504024227763
 30
0.0
 70
0
  0
VERTEX
  5
4FA
  8
TEXT
 10
-2.887506870658459
 20
19.75393758270988
 30
0.0
 70
0
  0
VERTEX
  5
4FB
  8
TEXT
 10
-2.9254378582672667
 20
19.746446843630338
 30
0.0
 70
0
  0
SEQEND
  5
477
  8
TEXT
  0
POLYLINE
  5
4FC
  8
TEXT
 66
1
 10
0.0
 20
0.0
 30
0.0
 70
1
  0
VERTEX
  5
4FE
  8
TEXT
 10
-1.3132186745455796
 20
19.95804209267154
 30
0.0
 70
0
  0
VERTEX
  5
4FF
  8
TEXT
 10
-1.4445570585767196
 20
22.354445695756816
 30
0.0
 70
0
  0
VERTEX
  5
500
  8
TEXT
 10
-1.006288614388305
 20
22.378465635118214
 30
0.0
 70
0
  0
VERTEX
  5
501
  8
TEXT
 10
-0.8749502303571652
 20
19.98206203203294
 30
0.0
 70
0
  0
SEQEND
  5
4FD
  8
TEXT
  0
POLYLINE
  5
502
  8
TEXT
 66
1
 10
0.0
 20
0.0
 30
0.0
 70
1
  0
VERTEX
  5
504
  8
TEXT
 10
-0.13332496816399964
 20
20.01688536735498
 30
0.0
 70
0
  0
VERTEX
  5
505
  8
TEXT
 10
-0.04945479983073098
 20
22.415419460267515
 30
0.0
 70
0
  0
VERTEX
  5
506
  8
TEXT
 10
0.8423491514937947
 20
22.38423551848454
 30
0.0
 70
0
  0
VERTEX
  5
507
  8
TEXT
 10
0.8827168380077519
 20
22.38220838251652
 30
0.0
 70
0
  0
VERTEX
  5
508
  8
TEXT
 10
0.9222590066944323
 20
22.378978935593818
 30
0.0
 70
0
  0
VERTEX
  5
509
  8
TEXT
 10
0.9609756575538356
 20
22.37454717771643
 30
0.0
 70
0
  0
VERTEX
  5
50A
  8
TEXT
 10
0.9988667905859621
 20
22.368913108884357
 30
0.0
 70
0
  0
VERTEX
  5
50B
  8
TEXT
 10
1.0359324057908113
 20
22.3620767290976
 30
0.0
 70
0
  0
VERTEX
  5
50C
  8
TEXT
 10
1.072172503168384
 20
22.35403803835616
 30
0.0
 70
0
  0
VERTEX
  5
50D
  8
TEXT
 10
1.1075870827186798
 20
22.344797036660033
 30
0.0
 70
0
  0
VERTEX
  5
50E
  8
TEXT
 10
1.1421761444416982
 20
22.334353724009226
 30
0.0
 70
0
  0
VERTEX
  5
50F
  8
TEXT
 10
1.17593968833744
 20
22.32270810040373
 30
0.0
 70
0
  0
VERTEX
  5
510
  8
TEXT
 10
1.208877714405905
 20
22.309860165843553
 30
0.0
 70
0
  0
VERTEX
  5
511
  8
TEXT
 10
1.2409902226470928
 20
22.295809920328693
 30
0.0
 70
0
  0
VERTEX
  5
512
  8
TEXT
 10
1.272277213061004
 20
22.280557363859145
 30
0.0
 70
0
  0
VERTEX
  5
513
  8
TEXT
 10
1.3052564415502066
 20
22.262620942583563
 30
0.0
 70
0
  0
VERTEX
  5
514
  8
TEXT
 10
1.336832167380857
 20
22.243401595731846
 30
0.0
 70
0
  0
VERTEX
  5
515
  8
TEXT
 10
1.3670043905529559
 20
22.222899323304
 30
0.0
 70
0
  0
VERTEX
  5
516
  8
TEXT
 10
1.395773111066502
 20
22.201114125300013
 30
0.0
 70
0
  0
VERTEX
  5
517
  8
TEXT
 10
1.423138328921495
 20
22.178046001719892
 30
0.0
 70
0
  0
VERTEX
  5
518
  8
TEXT
 10
1.4491000441179362
 20
22.15369495256364
 30
0.0
 70
0
  0
VERTEX
  5
519
  8
TEXT
 10
1.473658256655825
 20
22.128060977831254
 30
0.0
 70
0
  0
VERTEX
  5
51A
  8
TEXT
 10
1.496812966535162
 20
22.10114407752273
 30
0.0
 70
0
  0
VERTEX
  5
51B
  8
TEXT
 10
1.5185641737559457
 20
22.072944251638074
 30
0.0
 70
0
  0
VERTEX
  5
51C
  8
TEXT
 10
1.5389118783181774
 20
22.043461500177283
 30
0.0
 70
0
  0
VERTEX
  5
51D
  8
TEXT
 10
1.5578560802218568
 20
22.01269582314036
 30
0.0
 70
0
  0
VERTEX
  5
51E
  8
TEXT
 10
1.573822932250503
 20
21.983428695698848
 30
0.0
 70
0
  0
VERTEX
  5
51F
  8
TEXT
 10
1.5882789956167036
 20
21.953207069720133
 30
0.0
 70
0
  0
VERTEX
  5
520
  8
TEXT
 10
1.6012242703204578
 20
21.92203094520422
 30
0.0
 70
0
  0
VERTEX
  5
521
  8
TEXT
 10
1.6126587563617658
 20
21.8899003221511
 30
0.0
 70
0
  0
VERTEX
  5
522
  8
TEXT
 10
1.6225824537406273
 20
21.85681520056078
 30
0.0
 70
0
  0
VERTEX
  5
523
  8
TEXT
 10
1.6309953624570432
 20
21.82277558043326
 30
0.0
 70
0
  0
VERTEX
  5
524
  8
TEXT
 10
1.637897482511013
 20
21.78778146176853
 30
0.0
 70
0
  0
VERTEX
  5
525
  8
TEXT
 10
1.6432888139025363
 20
21.751832844566607
 30
0.0
 70
0
  0
VERTEX
  5
526
  8
TEXT
 10
1.6471693566316135
 20
21.714929728827478
 30
0.0
 70
0
  0
VERTEX
  5
527
  8
TEXT
 10
1.6495391106982447
 20
21.677072114551144
 30
0.0
 70
0
  0
VERTEX
  5
528
  8
TEXT
 10
1.650398076102429
 20
21.63826000173761
 30
0.0
 70
0
  0
VERTEX
  5
529
  8
TEXT
 10
1.649746252844168
 20
21.598493390386874
 30
0.0
 70
0
  0
VERTEX
  5
52A
  8
TEXT
 10
1.6475034345033817
 20
21.557719122504498
 30
0.0
 70
0
  0
VERTEX
  5
52B
  8
TEXT
 10
1.6436644662647655
 20
21.51803037932908
 30
0.0
 70
0
  0
VERTEX
  5
52C
  8
TEXT
 10
1.6382293481283177
 20
21.479427160860617
 30
0.0
 70
0
  0
VERTEX
  5
52D
  8
TEXT
 10
1.6311980800940398
 20
21.441909467099112
 30
0.0
 70
0
  0
VERTEX
  5
52E
  8
TEXT
 10
1.6225706621619298
 20
21.405477298044563
 30
0.0
 70
0
  0
VERTEX
  5
52F
  8
TEXT
 10
1.6123470943319904
 20
21.37013065369697
 30
0.0
 70
0
  0
VERTEX
  5
530
  8
TEXT
 10
1.6005273766042198
 20
21.335869534056336
 30
0.0
 70
0
  0
VERTEX
  5
531
  8
TEXT
 10
1.5871115089786185
 20
21.30269393912266
 30
0.0
 70
0
  0
VERTEX
  5
532
  8
TEXT
 10
1.5720994914551865
 20
21.270603868895936
 30
0.0
 70
0
  0
VERTEX
  5
533
  8
TEXT
 10
1.5554913240339237
 20
21.23959932337617
 30
0.0
 70
0
  0
VERTEX
  5
534
  8
TEXT
 10
1.5372870067148297
 20
21.20968030256336
 30
0.0
 70
0
  0
VERTEX
  5
535
  8
TEXT
 10
1.5174865394979054
 20
21.18084680645751
 30
0.0
 70
0
  0
VERTEX
  5
536
  8
TEXT
 10
1.4943629620255592
 20
21.150752923121612
 30
0.0
 70
0
  0
VERTEX
  5
537
  8
TEXT
 10
1.469934503424899
 20
21.122196510391827
 30
0.0
 70
0
  0
VERTEX
  5
538
  8
TEXT
 10
1.4442011636959249
 20
21.095177568268156
 30
0.0
 70
0
  0
VERTEX
  5
539
  8
TEXT
 10
1.4171629428386368
 20
21.0696960967506
 30
0.0
 70
0
  0
VERTEX
  5
53A
  8
TEXT
 10
1.3888198408530341
 20
21.04575209583916
 30
0.0
 70
0
  0
VERTEX
  5
53B
  8
TEXT
 10
1.3591718577391179
 20
21.02334556553383
 30
0.0
 70
0
  0
VERTEX
  5
53C
  8
TEXT
 10
1.328218993496887
 20
21.00247650583461
 30
0.0
 70
0
  0
VERTEX
  5
53D
  8
TEXT
 10
1.2959612481263423
 20
20.98314491674151
 30
0.0
 70
0
  0
VERTEX
  5
53E
  8
TEXT
 10
1.2623986216274834
 20
20.96535079825452
 30
0.0
 70
0
  0
VERTEX
  5
53F
  8
TEXT
 10
1.2275311140003105
 20
20.949094150373647
 30
0.0
 70
0
  0
VERTEX
  5
540
  8
TEXT
 10
1.1913587252448234
 20
20.934374973098883
 30
0.0
 70
0
  0
VERTEX
  5
541
  8
TEXT
 10
1.7082340937768983
 20
19.952491090460175
 30
0.0
 70
0
  0
VERTEX
  5
542
  8
TEXT
 10
1.2124297309466567
 20
19.969828011162623
 30
0.0
 70
0
  0
VERTEX
  5
543
  8
TEXT
 10
0.747584155085071
 20
20.872529865490502
 30
0.0
 70
0
  0
VERTEX
  5
544
  8
TEXT
 10
0.33548702234305183
 20
20.886939773606823
 30
0.0
 70
0
  0
VERTEX
  5
545
  8
TEXT
 10
0.30452823537439566
 20
20.00157483998139
 30
0.0
 70
0
  0
SEQEND
  5
503
  8
TEXT
  0
POLYLINE
  5
546
  8
TEXT
 66
1
 10
0.0
 20
0.0
 30
0.0
 70
1
  0
VERTEX
  5
548
  8
TEXT
 10
0.34899631120210184
 20
21.273280835552466
 30
0.0
 70
0
  0
VERTEX
  5
549
  8
TEXT
 10
0.8093860766873263
 20
21.257182266328766
 30
0.0
 70
0
  0
VERTEX
  5
54A
  8
TEXT
 10
0.848244388162527
 20
21.25712182976242
 30
0.0
 70
0
  0
VERTEX
  5
54B
  8
TEXT
 10
0.8854047709659676
 20
21.259717429439963
 30
0.0
 70
0
  0
VERTEX
  5
54C
  8
TEXT
 10
0.9208672250976493
 20
21.264969065361395
 30
0.0
 70
0
  0
VERTEX
  5
54D
  8
TEXT
 10
0.9546317505575714
 20
21.27287673752672
 30
0.0
 70
0
  0
VERTEX
  5
54E
  8
TEXT
 10
0.9866983473457344
 20
21.283440445935934
 30
0.0
 70
0
  0
VERTEX
  5
54F
  8
TEXT
 10
1.0170670154621377
 20
21.296660190589037
 30
0.0
 70
0
  0
VERTEX
  5
550
  8
TEXT
 10
1.0509970813582772
 20
21.315652517145324
 30
0.0
 70
0
  0
VERTEX
  5
551
  8
TEXT
 10
1.081939989973437
 20
21.337714866154062
 30
0.0
 70
0
  0
VERTEX
  5
552
  8
TEXT
 10
1.1098957413076176
 20
21.362847237615263
 30
0.0
 70
0
  0
VERTEX
  5
553
  8
TEXT
 10
1.1348643353608197
 20
21.391049631528915
 30
0.0
 70
0
  0
VERTEX
  5
554
  8
TEXT
 10
1.1568457721330423
 20
21.422322047895022
 30
0.0
 70
0
  0
VERTEX
  5
555
  8
TEXT
 10
1.1726025424237663
 20
21.45042392455263
 30
0.0
 70
0
  0
VERTEX
  5
556
  8
TEXT
 10
1.1857264230763824
 20
21.480050508538223
 30
0.0
 70
0
  0
VERTEX
  5
557
  8
TEXT
 10
1.1962174140908912
 20
21.511201799851804
 30
0.0
 70
0
  0
VERTEX
  5
558
  8
TEXT
 10
1.2040755154672929
 20
21.54387779849337
 30
0.0
 70
0
  0
VERTEX
  5
559
  8
TEXT
 10
1.2093007272055865
 20
21.578078504462923
 30
0.0
 70
0
  0
VERTEX
  5
55A
  8
TEXT
 10
1.2118930493057727
 20
21.613803917760464
 30
0.0
 70
0
  0
VERTEX
  5
55B
  8
TEXT
 10
1.2118352824417578
 20
21.65056216897842
 30
0.0
 70
0
  0
VERTEX
  5
55C
  8
TEXT
 10
1.2090351756826756
 20
21.685715049476194
 30
0.0
 70
0
  0
VERTEX
  5
55D
  8
TEXT
 10
1.2034927290285256
 20
21.71926255925378
 30
0.0
 70
0
  0
VERTEX
  5
55E
  8
TEXT
 10
1.1952079424793083
 20
21.751204698311184
 30
0.0
 70
0
  0
VERTEX
  5
55F
  8
TEXT
 10
1.1841808160350236
 20
21.781541466648402
 30
0.0
 70
0
  0
VERTEX
  5
560
  8
TEXT
 10
1.1704113496956716
 20
21.81027286426544
 30
0.0
 70
0
  0
VERTEX
  5
561
  8
TEXT
 10
1.1506476878444767
 20
21.842424772235407
 30
0.0
 70
0
  0
VERTEX
  5
562
  8
TEXT
 10
1.1276942293794159
 20
21.871851586728646
 30
0.0
 70
0
  0
VERTEX
  5
563
  8
TEXT
 10
1.1015509743004914
 20
21.898553307745157
 30
0.0
 70
0
  0
VERTEX
  5
564
  8
TEXT
 10
1.0722179226077013
 20
21.922529935284935
 30
0.0
 70
0
  0
VERTEX
  5
565
  8
TEXT
 10
1.0396950743010467
 20
21.94378146934799
 30
0.0
 70
0
  0
VERTEX
  5
566
  8
TEXT
 10
1.0103239670980777
 20
21.959090150333928
 30
0.0
 70
0
  0
VERTEX
  5
567
  8
TEXT
 10
0.9790735565118156
 20
21.971867881083927
 30
0.0
 70
0
  0
VERTEX
  5
568
  8
TEXT
 10
0.9459438425422608
 20
21.982114661597993
 30
0.0
 70
0
  0
VERTEX
  5
569
  8
TEXT
 10
0.9109348251894129
 20
21.989830491876127
 30
0.0
 70
0
  0
VERTEX
  5
56A
  8
TEXT
 10
0.8740465044532724
 20
21.99501537191832
 30
0.0
 70
0
  0
VERTEX
  5
56B
  8
TEXT
 10
0.8352788803338388
 20
21.99766930172458
 30
0.0
 70
0
  0
VERTEX
  5
56C
  8
TEXT
 10
0.3748891148486143
 20
22.013767870948282
 30
0.0
 70
0
  0
SEQEND
  5
547
  8
TEXT
  0
POLYLINE
  5
56D
  8
TEXT
 66
1
 10
0.0
 20
0.0
 30
0.0
 70
1
  0
VERTEX
  5
56F
  8
TEXT
 10
2.273242877676477
 20
19.887831510148587
 30
0.0
 70
0
  0
VERTEX
  5
570
  8
TEXT
 10
2.6447576824465404
 20
22.258902312515456
 30
0.0
 70
0
  0
VERTEX
  5
571
  8
TEXT
 10
3.5263504505748924
 20
22.120768620003634
 30
0.0
 70
0
  0
VERTEX
  5
572
  8
TEXT
 10
3.566181945236941
 20
22.113904843513307
 30
0.0
 70
0
  0
VERTEX
  5
573
  8
TEXT
 10
3.6050494131247053
 20
22.105946679663145
 30
0.0
 70
0
  0
VERTEX
  5
574
  8
TEXT
 10
3.642952854238186
 20
22.096894128453147
 30
0.0
 70
0
  0
VERTEX
  5
575
  8
TEXT
 10
3.6798922685773823
 20
22.08674718988331
 30
0.0
 70
0
  0
VERTEX
  5
576
  8
TEXT
 10
3.7158676561422945
 20
22.07550586395364
 30
0.0
 70
0
  0
VERTEX
  5
577
  8
TEXT
 10
3.750879016932923
 20
22.063170150664135
 30
0.0
 70
0
  0
VERTEX
  5
578
  8
TEXT
 10
3.7849263509492674
 20
22.04974005001479
 30
0.0
 70
0
  0
VERTEX
  5
579
  8
TEXT
 10
3.818009658191327
 20
22.03521556200561
 30
0.0
 70
0
  0
VERTEX
  5
57A
  8
TEXT
 10
3.850128938659103
 20
22.019596686636593
 30
0.0
 70
0
  0
VERTEX
  5
57B
  8
TEXT
 10
3.881284192352595
 20
22.002883423907743
 30
0.0
 70
0
  0
VERTEX
  5
57C
  8
TEXT
 10
3.9114754192718033
 20
21.985075773819055
 30
0.0
 70
0
  0
VERTEX
  5
57D
  8
TEXT
 10
3.940702619416727
 20
21.96617373637053
 30
0.0
 70
0
  0
VERTEX
  5
57E
  8
TEXT
 10
3.97128724962562
 20
21.944403915174583
 30
0.0
 70
0
  0
VERTEX
  5
57F
  8
TEXT
 10
4.000324369144411
 20
21.921529137685166
 30
0.0
 70
0
  0
VERTEX
  5
580
  8
TEXT
 10
4.027813977973102
 20
21.897549403902275
 30
0.0
 70
0
  0
VERTEX
  5
581
  8
TEXT
 10
4.053756076111689
 20
21.87246471382591
 30
0.0
 70
0
  0
VERTEX
  5
582
  8
TEXT
 10
4.078150663560176
 20
21.846275067456077
 30
0.0
 70
0
  0
VERTEX
  5
583
  8
TEXT
 10
4.100997740318561
 20
21.818980464792766
 30
0.0
 70
0
  0
VERTEX
  5
584
  8
TEXT
 10
4.1222973063868436
 20
21.790580905835988
 30
0.0
 70
0
  0
VERTEX
  5
585
  8
TEXT
 10
4.142049361765025
 20
21.761076390585732
 30
0.0
 70
0
  0
VERTEX
  5
586
  8
TEXT
 10
4.160253906453105
 20
21.73046691904201
 30
0.0
 70
0
  0
VERTEX
  5
587
  8
TEXT
 10
4.176910940451084
 20
21.69875249120481
 30
0.0
 70
0
  0
VERTEX
  5
588
  8
TEXT
 10
4.1920204637589595
 20
21.66593310707414
 30
0.0
 70
0
  0
VERTEX
  5
589
  8
TEXT
 10
4.204354309786913
 20
21.63495922526154
 30
0.0
 70
0
  0
VERTEX
  5
58A
  8
TEXT
 10
4.215073606605593
 20
21.603219327332308
 30
0.0
 70
0
  0
VERTEX
  5
58B
  8
TEXT
 10
4.224178354215
 20
21.570713413286455
 30
0.0
 70
0
  0
VERTEX
  5
58C
  8
TEXT
 10
4.231668552615132
 20
21.53744148312397
 30
0.0
 70
0
  0
VERTEX
  5
58D
  8
TEXT
 10
4.237544201805991
 20
21.503403536844864
 30
0.0
 70
0
  0
VERTEX
  5
58E
  8
TEXT
 10
4.241805301787577
 20
21.46859957444913
 30
0.0
 70
0
  0
VERTEX
  5
58F
  8
TEXT
 10
4.24445185255989
 20
21.43302959593677
 30
0.0
 70
0
  0
VERTEX
  5
590
  8
TEXT
 10
4.245483854122928
 20
21.39669360130778
 30
0.0
 70
0
  0
VERTEX
  5
591
  8
TEXT
 10
4.244901306476693
 20
21.359591590562168
 30
0.0
 70
0
  0
VERTEX
  5
592
  8
TEXT
 10
4.242704209621185
 20
21.321723563699926
 30
0.0
 70
0
  0
VERTEX
  5
593
  8
TEXT
 10
4.238892563556402
 20
21.28308952072106
 30
0.0
 70
0
  0
VERTEX
  5
594
  8
TEXT
 10
4.233466368282347
 20
21.243689461625568
 30
0.0
 70
0
  0
VERTEX
  5
595
  8
TEXT
 10
4.226339610238054
 20
21.203480252789387
 30
0.0
 70
0
  0
VERTEX
  5
596
  8
TEXT
 10
4.217758727589423
 20
21.164540524169993
 30
0.0
 70
0
  0
VERTEX
  5
597
  8
TEXT
 10
4.207723720336455
 20
21.12687027576739
 30
0.0
 70
0
  0
VERTEX
  5
598
  8
TEXT
 10
4.1962345884791485
 20
21.090469507581577
 30
0.0
 70
0
  0
VERTEX
  5
599
  8
TEXT
 10
4.183291332017504
 20
21.05533821961255
 30
0.0
 70
0
  0
VERTEX
  5
59A
  8
TEXT
 10
4.168893950951523
 20
21.021476411860313
 30
0.0
 70
0
  0
VERTEX
  5
59B
  8
TEXT
 10
4.153042445281202
 20
20.988884084324866
 30
0.0
 70
0
  0
VERTEX
  5
59C
  8
TEXT
 10
4.135736815006545
 20
20.957561237006207
 30
0.0
 70
0
  0
VERTEX
  5
59D
  8
TEXT
 10
4.1169770601275495
 20
20.927507869904336
 30
0.0
 70
0
  0
VERTEX
  5
59E
  8
TEXT
 10
4.096763180644216
 20
20.898723983019256
 30
0.0
 70
0
  0
VERTEX
  5
59F
  8
TEXT
 10
4.0750951765565455
 20
20.87120957635096
 30
0.0
 70
0
  0
VERTEX
  5
5A0
  8
TEXT
 10
4.051973047864537
 20
20.844964649899456
 30
0.0
 70
0
  0
VERTEX
  5
5A1
  8
TEXT
 10
4.0254004222802635
 20
20.817867837929924
 30
0.0
 70
0
  0
VERTEX
  5
5A2
  8
TEXT
 10
3.997717144060198
 20
20.792454172224474
 30
0.0
 70
0
  0
VERTEX
  5
5A3
  8
TEXT
 10
3.9689232132043397
 20
20.76872365278311
 30
0.0
 70
0
  0
VERTEX
  5
5A4
  8
TEXT
 10
3.9390186297126872
 20
20.746676279605825
 30
0.0
 70
0
  0
VERTEX
  5
5A5
  8
TEXT
 10
3.908003393585242
 20
20.726312052692627
 30
0.0
 70
0
  0
VERTEX
  5
5A6
  8
TEXT
 10
3.8758775048220038
 20
20.70763097204351
 30
0.0
 70
0
  0
VERTEX
  5
5A7
  8
TEXT
 10
3.8426409634229715
 20
20.69063303765848
 30
0.0
 70
0
  0
VERTEX
  5
5A8
  8
TEXT
 10
3.808293769388146
 20
20.675318249537533
 30
0.0
 70
0
  0
VERTEX
  5
5A9
  8
TEXT
 10
3.7728359227175274
 20
20.661686607680668
 30
0.0
 70
0
  0
VERTEX
  5
5AA
  8
TEXT
 10
3.7362674234111153
 20
20.64973811208789
 30
0.0
 70
0
  0
VERTEX
  5
5AB
  8
TEXT
 10
3.6985882714689104
 20
20.63947276275919
 30
0.0
 70
0
  0
VERTEX
  5
5AC
  8
TEXT
 10
4.0937160306346625
 20
19.602587928499627
 30
0.0
 70
0
  0
VERTEX
  5
5AD
  8
TEXT
 10
3.6035886432997666
 20
19.679384277405116
 30
0.0
 70
0
  0
VERTEX
  5
5AE
  8
TEXT
 10
3.2505975932961015
 20
20.631408103694348
 30
0.0
 70
0
  0
VERTEX
  5
5AF
  8
TEXT
 10
2.843218985641123
 20
20.69523883525216
 30
0.0
 70
0
  0
VERTEX
  5
5B0
  8
TEXT
 10
2.706082648309892
 20
19.820011357868417
 30
0.0
 70
0
  0
SEQEND
  5
56E
  8
TEXT
  0
POLYLINE
  5
5B1
  8
TEXT
 66
1
 10
0.0
 20
0.0
 30
0.0
 70
1
  0
VERTEX
  5
5B3
  8
TEXT
 10
2.9030602964765695
 20
21.0771562799287
 30
0.0
 70
0
  0
VERTEX
  5
5B4
  8
TEXT
 10
3.358178584716116
 20
21.005845384516462
 30
0.0
 70
0
  0
VERTEX
  5
5B5
  8
TEXT
 10
3.396747999067212
 20
21.001115447952856
 30
0.0
 70
0
  0
VERTEX
  5
5B6
  8
TEXT
 10
3.433950989603654
 20
20.999226352155993
 30
0.0
 70
0
  0
VERTEX
  5
5B7
  8
TEXT
 10
3.469787556325443
 20
21.000178097125875
 30
0.0
 70
0
  0
VERTEX
  5
5B8
  8
TEXT
 10
3.504257699232578
 20
21.003970682862498
 30
0.0
 70
0
  0
VERTEX
  5
5B9
  8
TEXT
 10
3.53736141832506
 20
21.010604109365865
 30
0.0
 70
0
  0
VERTEX
  5
5BA
  8
TEXT
 10
3.569098713602888
 20
21.020078376635972
 30
0.0
 70
0
  0
VERTEX
  5
5BB
  8
TEXT
 10
3.6050653355603206
 20
21.03485538393475
 30
0.0
 70
0
  0
VERTEX
  5
5BC
  8
TEXT
 10
3.6384354013434113
 20
21.05303915546273
 30
0.0
 70
0
  0
VERTEX
  5
5BD
  8
TEXT
 10
3.669208910952162
 20
21.074629691219915
 30
0.0
 70
0
  0
VERTEX
  5
5BE
  8
TEXT
 10
3.6973858643865722
 20
21.099626991206307
 30
0.0
 70
0
  0
VERTEX
  5
5BF
  8
TEXT
 10
3.7229662616466417
 20
21.1280310554219
 30
0.0
 70
0
  0
VERTEX
  5
5C0
  8
TEXT
 10
3.7419860759612185
 20
21.154035630886863
 30
0.0
 70
0
  0
VERTEX
  5
5C1
  8
TEXT
 10
3.758575320283451
 20
21.181870280064764
 30
0.0
 70
0
  0
VERTEX
  5
5C2
  8
TEXT
 10
3.772733994613338
 20
21.211535002955603
 30
0.0
 70
0
  0
VERTEX
  5
5C3
  8
TEXT
 10
3.784462098950881
 20
21.243029799559377
 30
0.0
 70
0
  0
VERTEX
  5
5C4
  8
TEXT
 10
3.7937596332960792
 20
21.27635466987609
 30
0.0
 70
0
  0
VERTEX
  5
5C5
  8
TEXT
 10
3.8006265976489324
 20
21.311509613905738
 30
0.0
 70
0
  0
VERTEX
  5
5C6
  8
TEXT
 10
3.8049868051553686
 20
21.34800839416089
 30
0.0
 70
0
  0
VERTEX
  5
5C7
  8
TEXT
 10
3.80643161723445
 20
21.38324300957257
 30
0.0
 70
0
  0
VERTEX
  5
5C8
  8
TEXT
 10
3.8049610338861775
 20
21.417213460140783
 30
0.0
 70
0
  0
VERTEX
  5
5C9
  8
TEXT
 10
3.800575055110551
 20
21.44991974586552
 30
0.0
 70
0
  0
VERTEX
  5
5CA
  8
TEXT
 10
3.7932736809075704
 20
21.48136186674679
 30
0.0
 70
0
  0
VERTEX
  5
5CB
  8
TEXT
 10
3.7830569112772356
 20
21.51153982278459
 30
0.0
 70
0
  0
VERTEX
  5
5CC
  8
TEXT
 10
3.7673004625459856
 20
21.5458338724034
 30
0.0
 70
0
  0
VERTEX
  5
5CD
  8
TEXT
 10
3.7480498379778626
 20
21.577805924581263
 30
0.0
 70
0
  0
VERTEX
  5
5CE
  8
TEXT
 10
3.725305037572868
 20
21.60745597931818
 30
0.0
 70
0
  0
VERTEX
  5
5CF
  8
TEXT
 10
3.699066061331001
 20
21.634784036614153
 30
0.0
 70
0
  0
VERTEX
  5
5D0
  8
TEXT
 10
3.669332909252261
 20
21.65979009646918
 30
0.0
 70
0
  0
VERTEX
  5
5D1
  8
TEXT
 10
3.6420144515106614
 20
21.678517603470326
 30
0.0
 70
0
  0
VERTEX
  5
5D2
  8
TEXT
 10
3.6125261449478208
 20
21.694958355916167
 30
0.0
 70
0
  0
VERTEX
  5
5D3
  8
TEXT
 10
3.58086798956374
 20
21.709112353806706
 30
0.0
 70
0
  0
VERTEX
  5
5D4
  8
TEXT
 10
3.5470399853584187
 20
21.72097959714194
 30
0.0
 70
0
  0
VERTEX
  5
5D5
  8
TEXT
 10
3.5110421323318572
 20
21.730560085921873
 30
0.0
 70
0
  0
VERTEX
  5
5D6
  8
TEXT
 10
3.4728744304840546
 20
21.7378538201465
 30
0.0
 70
0
  0
VERTEX
  5
5D7
  8
TEXT
 10
3.0177561422445085
 20
21.80916471555874
 30
0.0
 70
0
  0
SEQEND
  5
5B2
  8
TEXT
  0
POLYLINE
  5
5D8
  8
TEXT
 66
1
 10
0.0
 20
0.0
 30
0.0
 70
1
  0
VERTEX
  5
5DA
  8
TEXT
 10
4.644188497401819
 20
19.466935438789026
 30
0.0
 70
0
  0
VERTEX
  5
5DB
  8
TEXT
 10
5.285678887831394
 20
21.779615719110218
 30
0.0
 70
0
  0
VERTEX
  5
5DC
  8
TEXT
 10
6.824620161615598
 20
21.352744764673357
 30
0.0
 70
0
  0
VERTEX
  5
5DD
  8
TEXT
 10
6.721292850405465
 20
20.980232504755847
 30
0.0
 70
0
  0
VERTEX
  5
5DE
  8
TEXT
 10
5.605308205069265
 20
21.28978390792287
 30
0.0
 70
0
  0
VERTEX
  5
5DF
  8
TEXT
 10
5.440415037596428
 20
20.695316426471184
 30
0.0
 70
0
  0
VERTEX
  5
5E0
  8
TEXT
 10
6.494314306279709
 20
20.40298624183918
 30
0.0
 70
0
  0
VERTEX
  5
5E1
  8
TEXT
 10
6.390986995069577
 20
20.030473981921673
 30
0.0
 70
0
  0
VERTEX
  5
5E2
  8
TEXT
 10
5.337087726386295
 20
20.322804166553674
 30
0.0
 70
0
  0
VERTEX
  5
5E3
  8
TEXT
 10
5.1704724370599555
 20
19.722128147436692
 30
0.0
 70
0
  0
VERTEX
  5
5E4
  8
TEXT
 10
6.286457082396155
 20
19.41257674426967
 30
0.0
 70
0
  0
VERTEX
  5
5E5
  8
TEXT
 10
6.183129771186023
 20
19.040064484352165
 30
0.0
 70
0
  0
SEQEND
  5
5D9
  8
TEXT
  0
POLYLINE
  5
5E6
  8
TEXT
 66
1
 10
0.0
 20
0.0
 30
0.0
 70
1
  0
VERTEX
  5
5E8
  8
TEXT
 10
6.7490704153769085
 20
18.8378651912705
 30
0.0
 70
0
  0
VERTEX
  5
5E9
  8
TEXT
 10
7.630866633219818
 20
21.07000215619849
 30
0.0
 70
0
  0
VERTEX
  5
5EA
  8
TEXT
 10
8.039093024456648
 20
20.908734055955406
 30
0.0
 70
0
  0
VERTEX
  5
5EB
  8
TEXT
 10
7.299331096736087
 20
19.036135931015817
 30
0.0
 70
0
  0
VERTEX
  5
5EC
  8
TEXT
 10
8.254356140455277
 20
18.65885734787833
 30
0.0
 70
0
  0
VERTEX
  5
5ED
  8
TEXT
 10
8.112321850332929
 20
18.29931850788993
 30
0.0
 70
0
  0
SEQEND
  5
5E7
  8
TEXT
  0
POLYLINE
  5
5EE
  8
TEXT
 66
1
 10
0.0
 20
0.0
 30
0.0
 70
1
  0
VERTEX
  5
5F0
  8
TEXT
 10
10.108327181404785
 20
17.21275519370878
 30
0.0
 70
0
  0
VERTEX
  5
5F1
  8
TEXT
 10
10.073367773631029
 20
17.233977136233584
 30
0.0
 70
0
  0
VERTEX
  5
5F2
  8
TEXT
 10
10.039545900999777
 20
17.256130183620765
 30
0.0
 70
0
  0
VERTEX
  5
5F3
  8
TEXT
 10
10.006861563511023
 20
17.27921433587032
 30
0.0
 70
0
  0
VERTEX
  5
5F4
  8
TEXT
 10
9.975314761164773
 20
17.303229592982255
 30
0.0
 70
0
  0
VERTEX
  5
5F5
  8
TEXT
 10
9.944905493961024
 20
17.328175954956563
 30
0.0
 70
0
  0
VERTEX
  5
5F6
  8
TEXT
 10
9.915633761899775
 20
17.35405342179325
 30
0.0
 70
0
  0
VERTEX
  5
5F7
  8
TEXT
 10
9.887499564981029
 20
17.38086199349231
 30
0.0
 70
0
  0
VERTEX
  5
5F8
  8
TEXT
 10
9.860502903204784
 20
17.408601670053745
 30
0.0
 70
0
  0
VERTEX
  5
5F9
  8
TEXT
 10
9.83464377657104
 20
17.437272451477558
 30
0.0
 70
0
  0
VERTEX
  5
5FA
  8
TEXT
 10
9.809922185079799
 20
17.466874337763745
 30
0.0
 70
0
  0
VERTEX
  5
5FB
  8
TEXT
 10
9.786338128731058
 20
17.49740732891231
 30
0.0
 70
0
  0
VERTEX
  5
5FC
  8
TEXT
 10
9.763998062288827
 20
17.528651205335343
 30
0.0
 70
0
  0
VERTEX
  5
5FD
  8
TEXT
 10
9.743008440517118
 20
17.560385747444943
 30
0.0
 70
0
  0
VERTEX
  5
5FE
  8
TEXT
 10
9.723369263415925
 20
17.592610955241113
 30
0.0
 70
0
  0
VERTEX
  5
5FF
  8
TEXT
 10
9.705080530985255
 20
17.625326828723846
 30
0.0
 70
0
  0
VERTEX
  5
600
  8
TEXT
 10
9.688142243225101
 20
17.658533367893146
 30
0.0
 70
0
  0
VERTEX
  5
601
  8
TEXT
 10
9.67255440013547
 20
17.69223057274901
 30
0.0
 70
0
  0
VERTEX
  5
602
  8
TEXT
 10
9.658317001716357
 20
17.726418443291443
 30
0.0
 70
0
  0
VERTEX
  5
603
  8
TEXT
 10
9.645430047967762
 20
17.76109697952044
 30
0.0
 70
0
  0
VERTEX
  5
604
  8
TEXT
 10
9.633893538889689
 20
17.796266181436003
 30
0.0
 70
0
  0
VERTEX
  5
605
  8
TEXT
 10
9.623707474482133
 20
17.831926049038135
 30
0.0
 70
0
  0
VERTEX
  5
606
  8
TEXT
 10
9.614871854745099
 20
17.86807658232683
 30
0.0
 70
0
  0
VERTEX
  5
607
  8
TEXT
 10
9.607434696015174
 20
17.904516285615863
 30
0.0
 70
0
  0
VERTEX
  5
608
  8
TEXT
 10
9.601444014628953
 20
17.941043663219002
 30
0.0
 70
0
  0
VERTEX
  5
609
  8
TEXT
 10
9.596899810586436
 20
17.977658715136243
 30
0.0
 70
0
  0
VERTEX
  5
60A
  8
TEXT
 10
9.593802083887622
 20
18.014361441367594
 30
0.0
 70
0
  0
VERTEX
  5
60B
  8
TEXT
 10
9.59215083453251
 20
18.051151841913047
 30
0.0
 70
0
  0
VERTEX
  5
60C
  8
TEXT
 10
9.591946062521103
 20
18.08802991677261
 30
0.0
 70
0
  0
VERTEX
  5
60D
  8
TEXT
 10
9.593187767853399
 20
18.124995665946273
 30
0.0
 70
0
  0
VERTEX
  5
60E
  8
TEXT
 10
9.595875950529397
 20
18.162049089434046
 30
0.0
 70
0
  0
VERTEX
  5
60F
  8
TEXT
 10
9.6000106105491
 20
18.199190187235924
 30
0.0
 70
0
  0
VERTEX
  5
610
  8
TEXT
 10
9.605591747912506
 20
18.236418959351905
 30
0.0
 70
0
  0
VERTEX
  5
611
  8
TEXT
 10
9.612619362619615
 20
18.273735405781995
 30
0.0
 70
0
  0
VERTEX
  5
612
  8
TEXT
 10
10.008071881068126
 20
18.227385359634184
 30
0.0
 70
0
  0
VERTEX
  5
613
  8
TEXT
 10
10.00377016069316
 20
18.18685757679058
 30
0.0
 70
0
  0
VERTEX
  5
614
  8
TEXT
 10
10.001312015556136
 20
18.147018002812473
 30
0.0
 70
0
  0
VERTEX
  5
615
  8
TEXT
 10
10.000697445657053
 20
18.107866637699864
 30
0.0
 70
0
  0
VERTEX
  5
616
  8
TEXT
 10
10.001926450995912
 20
18.069403481452753
 30
0.0
 70
0
  0
VERTEX
  5
617
  8
TEXT
 10
10.004999031572712
 20
18.03162853407114
 30
0.0
 70
0
  0
VERTEX
  5
618
  8
TEXT
 10
10.009915187387454
 20
17.99454179555502
 30
0.0
 70
0
  0
VERTEX
  5
619
  8
TEXT
 10
10.016674918440138
 20
17.958143265904397
 30
0.0
 70
0
  0
VERTEX
  5
61A
  8
TEXT
 10
10.025278224730762
 20
17.92243294511927
 30
0.0
 70
0
  0
VERTEX
  5
61B
  8
TEXT
 10
10.03572510625933
 20
17.88741083319964
 30
0.0
 70
0
  0
VERTEX
  5
61C
  8
TEXT
 10
10.048015563025837
 20
17.85307693014551
 30
0.0
 70
0
  0
VERTEX
  5
61D
  8
TEXT
 10
10.062149595030286
 20
17.819431235956873
 30
0.0
 70
0
  0
VERTEX
  5
61E
  8
TEXT
 10
10.077992300382295
 20
17.786783821363947
 30
0.0
 70
0
  0
VERTEX
  5
61F
  8
TEXT
 10
10.095408777191485
 20
17.75544475709695
 30
0.0
 70
0
  0
VERTEX
  5
620
  8
TEXT
 10
10.114399025457853
 20
17.72541404315588
 30
0.0
 70
0
  0
VERTEX
  5
621
  8
TEXT
 10
10.134963045181399
 20
17.696691679540734
 30
0.0
 70
0
  0
VERTEX
  5
622
  8
TEXT
 10
10.157100836362126
 20
17.669277666251514
 30
0.0
 70
0
  0
VERTEX
  5
623
  8
TEXT
 10
10.18081239900003
 20
17.64317200328822
 30
0.0
 70
0
  0
VERTEX
  5
624
  8
TEXT
 10
10.206097733095115
 20
17.618374690650853
 30
0.0
 70
0
  0
VERTEX
  5
625
  8
TEXT
 10
10.232956838647379
 20
17.594885728339413
 30
0.0
 70
0
  0
VERTEX
  5
626
  8
TEXT
 10
10.26138971565682
 20
17.5727051163539
 30
0.0
 70
0
  0
VERTEX
  5
627
  8
TEXT
 10
10.291396364123441
 20
17.551832854694315
 30
0.0
 70
0
  0
VERTEX
  5
628
  8
TEXT
 10
10.322976784047242
 20
17.532268943360656
 30
0.0
 70
0
  0
VERTEX
  5
629
  8
TEXT
 10
10.3561253579866
 20
17.514081651944352
 30
0.0
 70
0
  0
VERTEX
  5
62A
  8
TEXT
 10
10.388813511896625
 20
17.498521108547504
 30
0.0
 70
0
  0
VERTEX
  5
62B
  8
TEXT
 10
10.421041245777316
 20
17.485587313170114
 30
0.0
 70
0
  0
VERTEX
  5
62C
  8
TEXT
 10
10.452808559628668
 20
17.47528026581218
 30
0.0
 70
0
  0
VERTEX
  5
62D
  8
TEXT
 10
10.484115453450688
 20
17.467599966473703
 30
0.0
 70
0
  0
VERTEX
  5
62E
  8
TEXT
 10
10.514961927243371
 20
17.46254641515468
 30
0.0
 70
0
  0
VERTEX
  5
62F
  8
TEXT
 10
10.55097678530703
 20
17.459787401034117
 30
0.0
 70
0
  0
VERTEX
  5
630
  8
TEXT
 10
10.585542326430772
 20
17.46048678421472
 30
0.0
 70
0
  0
VERTEX
  5
631
  8
TEXT
 10
10.618658550614596
 20
17.46464456469649
 30
0.0
 70
0
  0
VERTEX
  5
632
  8
TEXT
 10
10.6503254578585
 20
17.47226074247943
 30
0.0
 70
0
  0
VERTEX
  5
633
  8
TEXT
 10
10.680543048162484
 20
17.48333531756354
 30
0.0
 70
0
  0
VERTEX
  5
634
  8
TEXT
 10
10.708857997255972
 20
17.497890620133923
 30
0.0
 70
0
  0
VERTEX
  5
635
  8
TEXT
 10
10.734816980868384
 20
17.51594898037568
 30
0.0
 70
0
  0
VERTEX
  5
636
  8
TEXT
 10
10.75841999899972
 20
17.537510398288816
 30
0.0
 70
0
  0
VERTEX
  5
637
  8
TEXT
 10
10.77966705164998
 20
17.562574873873327
 30
0.0
 70
0
  0
VERTEX
  5
638
  8
TEXT
 10
10.798558138819164
 20
17.59114240712921
 30
0.0
 70
0
  0
VERTEX
  5
639
  8
TEXT
 10
10.814526446263491
 20
17.621934131004235
 30
0.0
 70
0
  0
VERTEX
  5
63A
  8
TEXT
 10
10.826409306073383
 20
17.652651271158675
 30
0.0
 70
0
  0
VERTEX
  5
63B
  8
TEXT
 10
10.834206718248842
 20
17.68329382759253
 30
0.0
 70
0
  0
VERTEX
  5
63C
  8
TEXT
 10
10.837918682789867
 20
17.713861800305796
 30
0.0
 70
0
  0
VERTEX
  5
63D
  8
TEXT
 10
10.83754519969646
 20
17.744355189298478
 30
0.0
 70
0
  0
VERTEX
  5
63E
  8
TEXT
 10
10.833086268968618
 20
17.774773994570573
 30
0.0
 70
0
  0
VERTEX
  5
63F
  8
TEXT
 10
10.824627393934918
 20
17.80535326702159
 30
0.0
 70
0
  0
VERTEX
  5
640
  8
TEXT
 10
10.812254077923937
 20
17.836328057551036
 30
0.0
 70
0
  0
VERTEX
  5
641
  8
TEXT
 10
10.79596632093567
 20
17.867698366158905
 30
0.0
 70
0
  0
VERTEX
  5
642
  8
TEXT
 10
10.775764122970124
 20
17.899464192845205
 30
0.0
 70
0
  0
VERTEX
  5
643
  8
TEXT
 10
10.751647484027291
 20
17.931625537609925
 30
0.0
 70
0
  0
VERTEX
  5
644
  8
TEXT
 10
10.723616404107178
 20
17.964182400453076
 30
0.0
 70
0
  0
VERTEX
  5
645
  8
TEXT
 10
10.400605112788144
 20
18.324517335270393
 30
0.0
 70
0
  0
VERTEX
  5
646
  8
TEXT
 10
10.371408676311479
 20
18.3579361628197
 30
0.0
 70
0
  0
VERTEX
  5
647
  8
TEXT
 10
10.344101328748343
 20
18.391404847567955
 30
0.0
 70
0
  0
VERTEX
  5
648
  8
TEXT
 10
10.318683070098738
 20
18.42492338951515
 30
0.0
 70
0
  0
VERTEX
  5
649
  8
TEXT
 10
10.29515390036266
 20
18.458491788661288
 30
0.0
 70
0
  0
VERTEX
  5
64A
  8
TEXT
 10
10.273513819540112
 20
18.492110045006367
 30
0.0
 70
0
  0
VERTEX
  5
64B
  8
TEXT
 10
10.253762827631093
 20
18.525778158550388
 30
0.0
 70
0
  0
VERTEX
  5
64C
  8
TEXT
 10
10.235900924635601
 20
18.55949612929335
 30
0.0
 70
0
  0
VERTEX
  5
64D
  8
TEXT
 10
10.21992811055364
 20
18.59326395723526
 30
0.0
 70
0
  0
VERTEX
  5
64E
  8
TEXT
 10
10.205844385385209
 20
18.627081642376105
 30
0.0
 70
0
  0
VERTEX
  5
64F
  8
TEXT
 10
10.193649749130305
 20
18.660949184715896
 30
0.0
 70
0
  0
VERTEX
  5
650
  8
TEXT
 10
10.18334420178893
 20
18.69486658425463
 30
0.0
 70
0
  0
VERTEX
  5
651
  8
TEXT
 10
10.174927743361087
 20
18.728833840992305
 30
0.0
 70
0
  0
VERTEX
  5
652
  8
TEXT
 10
10.16840037384677
 20
18.762850954928922
 30
0.0
 70
0
  0
VERTEX
  5
653
  8
TEXT
 10
10.16343377127476
 20
18.799612971671028
 30
0.0
 70
0
  0
VERTEX
  5
654
  8
TEXT
 10
10.160630084516757
 20
18.836141263069162
 30
0.0
 70
0
  0
VERTEX
  5
655
  8
TEXT
 10
10.159989313572762
 20
18.872435829123322
 30
0.0
 70
0
  0
VERTEX
  5
656
  8
TEXT
 10
10.161511458442774
 20
18.908496669833507
 30
0.0
 70
0
  0
VERTEX
  5
657
  8
TEXT
 10
10.165196519126793
 20
18.944323785199717
 30
0.0
 70
0
  0
VERTEX
  5
658
  8
TEXT
 10
10.17104449562482
 20
18.979917175221953
 30
0.0
 70
0
  0
VERTEX
  5
659
  8
TEXT
 10
10.179055387936852
 20
19.015276839900213
 30
0.0
 70
0
  0
VERTEX
  5
65A
  8
TEXT
 10
10.189229196062893
 20
19.050402779234503
 30
0.0
 70
0
  0
VERTEX
  5
65B
  8
TEXT
 10
10.201565920002942
 20
19.085294993224814
 30
0.0
 70
0
  0
VERTEX
  5
65C
  8
TEXT
 10
10.216065559756998
 20
19.119953481871153
 30
0.0
 70
0
  0
VERTEX
  5
65D
  8
TEXT
 10
10.232728115325061
 20
19.15437824517352
 30
0.0
 70
0
  0
VERTEX
  5
65E
  8
TEXT
 10
10.251553586707132
 20
19.18856928313191
 30
0.0
 70
0
  0
VERTEX
  5
65F
  8
TEXT
 10
10.273065367027192
 20
19.223370808159853
 30
0.0
 70
0
  0
VERTEX
  5
660
  8
TEXT
 10
10.295836782866619
 20
19.25628915427548
 30
0.0
 70
0
  0
VERTEX
  5
661
  8
TEXT
 10
10.319867834225414
 20
19.287324321478785
 30
0.0
 70
0
  0
VERTEX
  5
662
  8
TEXT
 10
10.345158521103578
 20
19.316476309769772
 30
0.0
 70
0
  0
VERTEX
  5
663
  8
TEXT
 10
10.37170884350111
 20
19.34374511914844
 30
0.0
 70
0
  0
VERTEX
  5
664
  8
TEXT
 10
10.399518801418012
 20
19.36913074961479
 30
0.0
 70
0
  0
VERTEX
  5
665
  8
TEXT
 10
10.428588394854279
 20
19.39263320116882
 30
0.0
 70
0
  0
VERTEX
  5
666
  8
TEXT
 10
10.458917623809915
 20
19.41425247381053
 30
0.0
 70
0
  0
VERTEX
  5
667
  8
TEXT
 10
10.49050648828492
 20
19.433988567539924
 30
0.0
 70
0
  0
VERTEX
  5
668
  8
TEXT
 10
10.523354988279292
 20
19.451841482356997
 30
0.0
 70
0
  0
VERTEX
  5
669
  8
TEXT
 10
10.557177864806162
 20
19.467754015585
 30
0.0
 70
0
  0
VERTEX
  5
66A
  8
TEXT
 10
10.591689858878658
 20
19.48166896454719
 30
0.0
 70
0
  0
VERTEX
  5
66B
  8
TEXT
 10
10.626890970496776
 20
19.493586329243563
 30
0.0
 70
0
  0
VERTEX
  5
66C
  8
TEXT
 10
10.66278119966052
 20
19.50350610967412
 30
0.0
 70
0
  0
VERTEX
  5
66D
  8
TEXT
 10
10.699360546369888
 20
19.51142830583886
 30
0.0
 70
0
  0
VERTEX
  5
66E
  8
TEXT
 10
10.736629010624883
 20
19.51735291773778
 30
0.0
 70
0
  0
VERTEX
  5
66F
  8
TEXT
 10
10.774586592425504
 20
19.52127994537089
 30
0.0
 70
0
  0
VERTEX
  5
670
  8
TEXT
 10
10.813233291771747
 20
19.52320938873818
 30
0.0
 70
0
  0
VERTEX
  5
671
  8
TEXT
 10
10.852569108663616
 20
19.523141247839654
 30
0.0
 70
0
  0
VERTEX
  5
672
  8
TEXT
 10
10.892594043101111
 20
19.52107552267531
 30
0.0
 70
0
  0
VERTEX
  5
673
  8
TEXT
 10
10.929303555961736
 20
19.517435825450356
 30
0.0
 70
0
  0
VERTEX
  5
674
  8
TEXT
 10
10.966033015979423
 20
19.51208858340685
 30
0.0
 70
0
  0
VERTEX
  5
675
  8
TEXT
 10
11.002782423154171
 20
19.5050337965448
 30
0.0
 70
0
  0
VERTEX
  5
676
  8
TEXT
 10
11.039551777485979
 20
19.496271464864204
 30
0.0
 70
0
  0
VERTEX
  5
677
  8
TEXT
 10
11.076341078974846
 20
19.485801588365057
 30
0.0
 70
0
  0
VERTEX
  5
678
  8
TEXT
 10
11.113150327620772
 20
19.473624167047365
 30
0.0
 70
0
  0
VERTEX
  5
679
  8
TEXT
 10
11.14997952342376
 20
19.459739200911127
 30
0.0
 70
0
  0
VERTEX
  5
67A
  8
TEXT
 10
11.186828666383807
 20
19.44414668995634
 30
0.0
 70
0
  0
VERTEX
  5
67B
  8
TEXT
 10
11.223697756500915
 20
19.426846634183008
 30
0.0
 70
0
  0
VERTEX
  5
67C
  8
TEXT
 10
11.260586793775081
 20
19.407839033591127
 30
0.0
 70
0
  0
VERTEX
  5
67D
  8
TEXT
 10
11.297495778206308
 20
19.387123888180696
 30
0.0
 70
0
  0
VERTEX
  5
67E
  8
TEXT
 10
11.330816374086751
 20
19.366936463816792
 30
0.0
 70
0
  0
VERTEX
  5
67F
  8
TEXT
 10
11.363009115518388
 20
19.34596645083248
 30
0.0
 70
0
  0
VERTEX
  5
680
  8
TEXT
 10
11.394074002501217
 20
19.32421384922776
 30
0.0
 70
0
  0
VERTEX
  5
681
  8
TEXT
 10
11.424011035035239
 20
19.301678659002626
 30
0.0
 70
0
  0
VERTEX
  5
682
  8
TEXT
 10
11.452820213120456
 20
19.278360880157084
 30
0.0
 70
0
  0
VERTEX
  5
683
  8
TEXT
 10
11.480501536756865
 20
19.254260512691133
 30
0.0
 70
0
  0
VERTEX
  5
684
  8
TEXT
 10
11.50705500594447
 20
19.229377556604774
 30
0.0
 70
0
  0
VERTEX
  5
685
  8
TEXT
 10
11.532480620683266
 20
19.203712011898002
 30
0.0
 70
0
  0
VERTEX
  5
686
  8
TEXT
 10
11.556778380973256
 20
19.177263878570823
 30
0.0
 70
0
  0
VERTEX
  5
687
  8
TEXT
 10
11.579948286814439
 20
19.150033156623234
 30
0.0
 70
0
  0
VERTEX
  5
688
  8
TEXT
 10
11.601990338206816
 20
19.122019846055238
 30
0.0
 70
0
  0
VERTEX
  5
689
  8
TEXT
 10
11.624883636951486
 20
19.090526568206958
 30
0.0
 70
0
  0
VERTEX
  5
68A
  8
TEXT
 10
11.64631166001595
 20
19.058536865394167
 30
0.0
 70
0
  0
VERTEX
  5
68B
  8
TEXT
 10
11.66627440740021
 20
19.026050737616863
 30
0.0
 70
0
  0
VERTEX
  5
68C
  8
TEXT
 10
11.684771879104265
 20
18.993068184875053
 30
0.0
 70
0
  0
VERTEX
  5
68D
  8
TEXT
 10
11.701804075128116
 20
18.95958920716873
 30
0.0
 70
0
  0
VERTEX
  5
68E
  8
TEXT
 10
11.71737099547176
 20
18.925613804497893
 30
0.0
 70
0
  0
VERTEX
  5
68F
  8
TEXT
 10
11.731472640135204
 20
18.891141976862546
 30
0.0
 70
0
  0
VERTEX
  5
690
  8
TEXT
 10
11.74410900911844
 20
18.85617372426269
 30
0.0
 70
0
  0
VERTEX
  5
691
  8
TEXT
 10
11.755280102421473
 20
18.82070904669832
 30
0.0
 70
0
  0
VERTEX
  5
692
  8
TEXT
 10
11.7649859200443
 20
18.78474794416944
 30
0.0
 70
0
  0
VERTEX
  5
693
  8
TEXT
 10
11.77314164365999
 20
18.748456562045888
 30
0.0
 70
0
  0
VERTEX
  5
694
  8
TEXT
 10
11.779662454941612
 20
18.712001045697505
 30
0.0
 70
0
  0
VERTEX
  5
695
  8
TEXT
 10
11.784548353889159
 20
18.675381395124294
 30
0.0
 70
0
  0
VERTEX
  5
696
  8
TEXT
 10
11.787799340502639
 20
18.63859761032625
 30
0.0
 70
0
  0
VERTEX
  5
697
  8
TEXT
 10
11.789415414782047
 20
18.601649691303376
 30
0.0
 70
0
  0
VERTEX
  5
698
  8
TEXT
 10
11.789396576727384
 20
18.56453763805567
 30
0.0
 70
0
  0
VERTEX
  5
699
  8
TEXT
 10
11.787742826338652
 20
18.527261450583133
 30
0.0
 70
0
  0
VERTEX
  5
69A
  8
TEXT
 10
11.78445416361585
 20
18.489821128885765
 30
0.0
 70
0
  0
VERTEX
  5
69B
  8
TEXT
 10
11.779530588558975
 20
18.452216672963566
 30
0.0
 70
0
  0
VERTEX
  5
69C
  8
TEXT
 10
11.772972101168032
 20
18.414448082816538
 30
0.0
 70
0
  0
VERTEX
  5
69D
  8
TEXT
 10
11.380590275518355
 20
18.458071418316763
 30
0.0
 70
0
  0
VERTEX
  5
69E
  8
TEXT
 10
11.385501974067896
 20
18.495687476472884
 30
0.0
 70
0
  0
VERTEX
  5
69F
  8
TEXT
 10
11.388360457045032
 20
18.532646918192423
 30
0.0
 70
0
  0
VERTEX
  5
6A0
  8
TEXT
 10
11.389165724449759
 20
18.568949743475383
 30
0.0
 70
0
  0
VERTEX
  5
6A1
  8
TEXT
 10
11.387917776282082
 20
18.604595952321755
 30
0.0
 70
0
  0
VERTEX
  5
6A2
  8
TEXT
 10
11.384616612541997
 20
18.639585544731553
 30
0.0
 70
0
  0
VERTEX
  5
6A3
  8
TEXT
 10
11.379262233229506
 20
18.673918520704763
 30
0.0
 70
0
  0
VERTEX
  5
6A4
  8
TEXT
 10
11.371854638344608
 20
18.707594880241395
 30
0.0
 70
0
  0
VERTEX
  5
6A5
  8
TEXT
 10
11.362393827887303
 20
18.740614623341443
 30
0.0
 70
0
  0
VERTEX
  5
6A6
  8
TEXT
 10
11.350879801857593
 20
18.772977750004912
 30
0.0
 70
0
  0
VERTEX
  5
6A7
  8
TEXT
 10
11.337312560255477
 20
18.8046842602318
 30
0.0
 70
0
  0
VERTEX
  5
6A8
  8
TEXT
 10
11.320023458965926
 20
18.838765591827237
 30
0.0
 70
0
  0
VERTEX
  5
6A9
  8
TEXT
 10
11.300586931515763
 20
18.871280248816667
 30
0.0
 70
0
  0
VERTEX
  5
6AA
  8
TEXT
 10
11.279002977904987
 20
18.90222823120009
 30
0.0
 70
0
  0
VERTEX
  5
6AB
  8
TEXT
 10
11.255271598133602
 20
18.931609538977508
 30
0.0
 70
0
  0
VERTEX
  5
6AC
  8
TEXT
 10
11.229392792201605
 20
18.95942417214892
 30
0.0
 70
0
  0
VERTEX
  5
6AD
  8
TEXT
 10
11.201366560108994
 20
18.985672130714327
 30
0.0
 70
0
  0
VERTEX
  5
6AE
  8
TEXT
 10
11.171192901855774
 20
19.010353414673727
 30
0.0
 70
0
  0
VERTEX
  5
6AF
  8
TEXT
 10
11.13887181744194
 20
19.033468024027123
 30
0.0
 70
0
  0
VERTEX
  5
6B0
  8
TEXT
 10
11.104403306867495
 20
19.05501595877451
 30
0.0
 70
0
  0
VERTEX
  5
6B1
  8
TEXT
 10
11.072979537386828
 20
19.072208533853466
 30
0.0
 70
0
  0
VERTEX
  5
6B2
  8
TEXT
 10
11.041757043080214
 20
19.086951668841156
 30
0.0
 70
0
  0
VERTEX
  5
6B3
  8
TEXT
 10
11.010735823947648
 20
19.099245363737584
 30
0.0
 70
0
  0
VERTEX
  5
6B4
  8
TEXT
 10
10.979915879989136
 20
19.10908961854275
 30
0.0
 70
0
  0
VERTEX
  5
6B5
  8
TEXT
 10
10.949297211204676
 20
19.11648443325665
 30
0.0
 70
0
  0
VERTEX
  5
6B6
  8
TEXT
 10
10.918879817594267
 20
19.12142980787929
 30
0.0
 70
0
  0
VERTEX
  5
6B7
  8
TEXT
 10
10.883195307548634
 20
19.12405178938006
 30
0.0
 70
0
  0
VERTEX
  5
6B8
  8
TEXT
 10
10.848901991867859
 20
19.122988162897553
 30
0.0
 70
0
  0
VERTEX
  5
6B9
  8
TEXT
 10
10.81599987055194
 20
19.11823892843177
 30
0.0
 70
0
  0
VERTEX
  5
6BA
  8
TEXT
 10
10.784488943600879
 20
19.109804085982706
 30
0.0
 70
0
  0
VERTEX
  5
6BB
  8
TEXT
 10
10.754369211014673
 20
19.097683635550368
 30
0.0
 70
0
  0
VERTEX
  5
6BC
  8
TEXT
 10
10.72609992815389
 20
19.082056984706334
 30
0.0
 70
0
  0
VERTEX
  5
6BD
  8
TEXT
 10
10.700140350379087
 20
19.06310354102219
 30
0.0
 70
0
  0
VERTEX
  5
6BE
  8
TEXT
 10
10.676490477690267
 20
19.040823304497938
 30
0.0
 70
0
  0
VERTEX
  5
6BF
  8
TEXT
 10
10.65515031008743
 20
19.01521627513358
 30
0.0
 70
0
  0
VERTEX
  5
6C0
  8
TEXT
 10
10.636119847570576
 20
18.986282452929107
 30
0.0
 70
0
  0
VERTEX
  5
6C1
  8
TEXT
 10
10.618665678308409
 20
18.9512976524271
 30
0.0
 70
0
  0
VERTEX
  5
6C2
  8
TEXT
 10
10.606604545735701
 20
18.915326071092732
 30
0.0
 70
0
  0
VERTEX
  5
6C3
  8
TEXT
 10
10.599936449852455
 20
18.878367708926007
 30
0.0
 70
0
  0
VERTEX
  5
6C4
  8
TEXT
 10
10.598661390658673
 20
18.840422565926918
 30
0.0
 70
0
  0
VERTEX
  5
6C5
  8
TEXT
 10
10.602779368154351
 20
18.801490642095473
 30
0.0
 70
0
  0
VERTEX
  5
6C6
  8
TEXT
 10
10.610538606333266
 20
18.768560757496203
 30
0.0
 70
0
  0
VERTEX
  5
6C7
  8
TEXT
 10
10.622458827802664
 20
18.73547996077777
 30
0.0
 70
0
  0
VERTEX
  5
6C8
  8
TEXT
 10
10.63854003256254
 20
18.702248251940173
 30
0.0
 70
0
  0
VERTEX
  5
6C9
  8
TEXT
 10
10.658782220612899
 20
18.66886563098341
 30
0.0
 70
0
  0
VERTEX
  5
6CA
  8
TEXT
 10
10.683185391953739
 20
18.635332097907487
 30
0.0
 70
0
  0
VERTEX
  5
6CB
  8
TEXT
 10
10.71174954658506
 20
18.601647652712398
 30
0.0
 70
0
  0
VERTEX
  5
6CC
  8
TEXT
 10
11.02184495708817
 20
18.25911861912727
 30
0.0
 70
0
  0
VERTEX
  5
6CD
  8
TEXT
 10
11.050023451136667
 20
18.227161176382705
 30
0.0
 70
0
  0
VERTEX
  5
6CE
  8
TEXT
 10
11.076546853148825
 20
18.195295043442602
 30
0.0
 70
0
  0
VERTEX
  5
6CF
  8
TEXT
 10
11.101415163124642
 20
18.163520220306967
 30
0.0
 70
0
  0
VERTEX
  5
6D0
  8
TEXT
 10
11.124628381064118
 20
18.131836706975793
 30
0.0
 70
0
  0
VERTEX
  5
6D1
  8
TEXT
 10
11.146186506967256
 20
18.100244503449087
 30
0.0
 70
0
  0
VERTEX
  5
6D2
  8
TEXT
 10
11.166089540834054
 20
18.068743609726845
 30
0.0
 70
0
  0
VERTEX
  5
6D3
  8
TEXT
 10
11.184337482664512
 20
18.037334025809066
 30
0.0
 70
0
  0
VERTEX
  5
6D4
  8
TEXT
 10
11.20093033245863
 20
18.006015751695752
 30
0.0
 70
0
  0
VERTEX
  5
6D5
  8
TEXT
 10
11.215868090216407
 20
17.974788787386906
 30
0.0
 70
0
  0
VERTEX
  5
6D6
  8
TEXT
 10
11.229150755937846
 20
17.94365313288252
 30
0.0
 70
0
  0
VERTEX
  5
6D7
  8
TEXT
 10
11.240778329622945
 20
17.912608788182602
 30
0.0
 70
0
  0
VERTEX
  5
6D8
  8
TEXT
 10
11.250750811271702
 20
17.88165575328715
 30
0.0
 70
0
  0
VERTEX
  5
6D9
  8
TEXT
 10
11.259068200884121
 20
17.85079402819616
 30
0.0
 70
0
  0
VERTEX
  5
6DA
  8
TEXT
 10
11.2657304984602
 20
17.820023612909633
 30
0.0
 70
0
  0
VERTEX
  5
6DB
  8
TEXT
 10
11.271410513083628
 20
17.784227721032888
 30
0.0
 70
0
  0
VERTEX
  5
6DC
  8
TEXT
 10
11.274836136652127
 20
17.748531152966
 30
0.0
 70
0
  0
VERTEX
  5
6DD
  8
TEXT
 10
11.276007369165692
 20
17.71293390870897
 30
0.0
 70
0
  0
VERTEX
  5
6DE
  8
TEXT
 10
11.274924210624327
 20
17.6774359882618
 30
0.0
 70
0
  0
VERTEX
  5
6DF
  8
TEXT
 10
11.271586661028032
 20
17.642037391624484
 30
0.0
 70
0
  0
VERTEX
  5
6E0
  8
TEXT
 10
11.265994720376806
 20
17.606738118797026
 30
0.0
 70
0
  0
VERTEX
  5
6E1
  8
TEXT
 10
11.25814838867065
 20
17.571538169779426
 30
0.0
 70
0
  0
VERTEX
  5
6E2
  8
TEXT
 10
11.248047665909564
 20
17.536437544571683
 30
0.0
 70
0
  0
VERTEX
  5
6E3
  8
TEXT
 10
11.235692552093544
 20
17.5014362431738
 30
0.0
 70
0
  0
VERTEX
  5
6E4
  8
TEXT
 10
11.221083047222596
 20
17.466534265585775
 30
0.0
 70
0
  0
VERTEX
  5
6E5
  8
TEXT
 10
11.204219151296716
 20
17.431731611807606
 30
0.0
 70
0
  0
VERTEX
  5
6E6
  8
TEXT
 10
11.185100864315906
 20
17.397028281839294
 30
0.0
 70
0
  0
VERTEX
  5
6E7
  8
TEXT
 10
11.163695646825914
 20
17.362504950479448
 30
0.0
 70
0
  0
VERTEX
  5
6E8
  8
TEXT
 10
11.140918908386256
 20
17.32986487230222
 30
0.0
 70
0
  0
VERTEX
  5
6E9
  8
TEXT
 10
11.116770648996932
 20
17.299108047307612
 30
0.0
 70
0
  0
VERTEX
  5
6EA
  8
TEXT
 10
11.09125086865794
 20
17.27023447549562
 30
0.0
 70
0
  0
VERTEX
  5
6EB
  8
TEXT
 10
11.064359567369285
 20
17.243244156866247
 30
0.0
 70
0
  0
VERTEX
  5
6EC
  8
TEXT
 10
11.036096745130962
 20
17.218137091419493
 30
0.0
 70
0
  0
VERTEX
  5
6ED
  8
TEXT
 10
11.006462401942974
 20
17.194913279155355
 30
0.0
 70
0
  0
VERTEX
  5
6EE
  8
TEXT
 10
10.97545653780532
 20
17.173572720073835
 30
0.0
 70
0
  0
VERTEX
  5
6EF
  8
TEXT
 10
10.943079152718
 20
17.15411541417493
 30
0.0
 70
0
  0
VERTEX
  5
6F0
  8
TEXT
 10
10.90933024668101
 20
17.136541361458647
 30
0.0
 70
0
  0
VERTEX
  5
6F1
  8
TEXT
 10
10.874544067483054
 20
17.12091179010521
 30
0.0
 70
0
  0
VERTEX
  5
6F2
  8
TEXT
 10
10.839054862912826
 20
17.107287928294852
 30
0.0
 70
0
  0
VERTEX
  5
6F3
  8
TEXT
 10
10.802862632970324
 20
17.09566977602757
 30
0.0
 70
0
  0
VERTEX
  5
6F4
  8
TEXT
 10
10.765967377655551
 20
17.086057333303362
 30
0.0
 70
0
  0
VERTEX
  5
6F5
  8
TEXT
 10
10.728369096968505
 20
17.078450600122235
 30
0.0
 70
0
  0
VERTEX
  5
6F6
  8
TEXT
 10
10.690067790909184
 20
17.072849576484185
 30
0.0
 70
0
  0
VERTEX
  5
6F7
  8
TEXT
 10
10.651063459477594
 20
17.06925426238921
 30
0.0
 70
0
  0
VERTEX
  5
6F8
  8
TEXT
 10
10.61135610267373
 20
17.067664657837316
 30
0.0
 70
0
  0
VERTEX
  5
6F9
  8
TEXT
 10
10.570945720497594
 20
17.068080762828497
 30
0.0
 70
0
  0
VERTEX
  5
6FA
  8
TEXT
 10
10.529832312949186
 20
17.070502577362756
 30
0.0
 70
0
  0
VERTEX
  5
6FB
  8
TEXT
 10
10.495230602134292
 20
17.074106509584865
 30
0.0
 70
0
  0
VERTEX
  5
6FC
  8
TEXT
 10
10.460533670080528
 20
17.079210524074863
 30
0.0
 70
0
  0
VERTEX
  5
6FD
  8
TEXT
 10
10.425741516787888
 20
17.085814620832753
 30
0.0
 70
0
  0
VERTEX
  5
6FE
  8
TEXT
 10
10.390854142256373
 20
17.093918799858532
 30
0.0
 70
0
  0
VERTEX
  5
6FF
  8
TEXT
 10
10.355871546485984
 20
17.1035230611522
 30
0.0
 70
0
  0
VERTEX
  5
700
  8
TEXT
 10
10.320793729476723
 20
17.114627404713755
 30
0.0
 70
0
  0
VERTEX
  5
701
  8
TEXT
 10
10.285620691228585
 20
17.127231830543202
 30
0.0
 70
0
  0
VERTEX
  5
702
  8
TEXT
 10
10.250352431741574
 20
17.14133633864054
 30
0.0
 70
0
  0
VERTEX
  5
703
  8
TEXT
 10
10.214988951015687
 20
17.156940929005764
 30
0.0
 70
0
  0
VERTEX
  5
704
  8
TEXT
 10
10.179530249050927
 20
17.17404560163888
 30
0.0
 70
0
  0
VERTEX
  5
705
  8
TEXT
 10
10.143976325847294
 20
17.192650356539886
 30
0.0
 70
0
  0
SEQEND
  5
5EF
  8
TEXT
  0
POLYLINE
  5
706
  8
TEXT
 66
1
 10
0.0
 20
0.0
 30
0.0
 70
1
  0
VERTEX
  5
708
  8
TEXT
 10
11.409980659057267
 20
16.448554518471493
 30
0.0
 70
0
  0
VERTEX
  5
709
  8
TEXT
 10
12.861530274731411
 20
18.3598377819456
 30
0.0
 70
0
  0
VERTEX
  5
70A
  8
TEXT
 10
13.210435675848833
 20
18.0948569125071
 30
0.0
 70
0
  0
VERTEX
  5
70B
  8
TEXT
 10
12.563570612219548
 20
17.2431172568381
 30
0.0
 70
0
  0
VERTEX
  5
70C
  8
TEXT
 10
13.92877032520823
 20
17.549308063663126
 30
0.0
 70
0
  0
VERTEX
  5
70D
  8
TEXT
 10
14.367467557495575
 20
17.216133588119128
 30
0.0
 70
0
  0
VERTEX
  5
70E
  8
TEXT
 10
13.107418142746202
 20
16.931215251149165
 30
0.0
 70
0
  0
VERTEX
  5
70F
  8
TEXT
 10
12.939007269836553
 20
15.287314825932176
 30
0.0
 70
0
  0
VERTEX
  5
710
  8
TEXT
 10
12.52853032734547
 20
15.59905702527159
 30
0.0
 70
0
  0
VERTEX
  5
711
  8
TEXT
 10
12.654505657877413
 20
16.830212506552577
 30
0.0
 70
0
  0
VERTEX
  5
712
  8
TEXT
 10
12.166099308061796
 20
16.71975915516197
 30
0.0
 70
0
  0
VERTEX
  5
713
  8
TEXT
 10
11.758886060174687
 20
16.18357364903299
 30
0.0
 70
0
  0
SEQEND
  5
707
  8
TEXT
  0
POLYLINE
  5
714
  8
TEXT
 66
1
 10
0.0
 20
0.0
 30
0.0
 70
1
  0
VERTEX
  5
716
  8
TEXT
 10
13.98209958336029
 20
14.246265367995012
 30
0.0
 70
0
  0
VERTEX
  5
717
  8
TEXT
 10
13.95457240150579
 20
14.27411118647951
 30
0.0
 70
0
  0
VERTEX
  5
718
  8
TEXT
 10
13.928319894865716
 20
14.302364101646978
 30
0.0
 70
0
  0
VERTEX
  5
719
  8
TEXT
 10
13.903342063440073
 20
14.331024113497415
 30
0.0
 70
0
  0
VERTEX
  5
71A
  8
TEXT
 10
13.879638907228856
 20
14.360091222030821
 30
0.0
 70
0
  0
VERTEX
  5
71B
  8
TEXT
 10
13.857210426232069
 20
14.389565427247197
 30
0.0
 70
0
  0
VERTEX
  5
71C
  8
TEXT
 10
13.836056620449709
 20
14.419446729146541
 30
0.0
 70
0
  0
VERTEX
  5
71D
  8
TEXT
 10
13.816177489881778
 20
14.449735127728854
 30
0.0
 70
0
  0
VERTEX
  5
71E
  8
TEXT
 10
13.797573034528275
 20
14.480430622994136
 30
0.0
 70
0
  0
VERTEX
  5
71F
  8
TEXT
 10
13.7802432543892
 20
14.51153321494239
 30
0.0
 70
0
  0
VERTEX
  5
720
  8
TEXT
 10
13.764188149464553
 20
14.54304290357361
 30
0.0
 70
0
  0
VERTEX
  5
721
  8
TEXT
 10
13.749407719754334
 20
14.5749596888878
 30
0.0
 70
0
  0
VERTEX
  5
722
  8
TEXT
 10
13.735901965258545
 20
14.60728357088496
 30
0.0
 70
0
  0
VERTEX
  5
723
  8
TEXT
 10
13.723670885977183
 20
14.64001454956509
 30
0.0
 70
0
  0
VERTEX
  5
724
  8
TEXT
 10
13.712714481910249
 20
14.673152624928186
 30
0.0
 70
0
  0
VERTEX
  5
725
  8
TEXT
 10
13.702351638076816
 20
14.70903736367693
 30
0.0
 70
0
  0
VERTEX
  5
726
  8
TEXT
 10
13.693488788182071
 20
14.744878851944062
 30
0.0
 70
0
  0
VERTEX
  5
727
  8
TEXT
 10
13.686125932226012
 20
14.780677089729583
 30
0.0
 70
0
  0
VERTEX
  5
728
  8
TEXT
 10
13.680263070208639
 20
14.81643207703349
 30
0.0
 70
0
  0
VERTEX
  5
729
  8
TEXT
 10
13.675900202129952
 20
14.852143813855786
 30
0.0
 70
0
  0
VERTEX
  5
72A
  8
TEXT
 10
13.673037327989952
 20
14.88781230019647
 30
0.0
 70
0
  0
VERTEX
  5
72B
  8
TEXT
 10
13.67167444778864
 20
14.923437536055543
 30
0.0
 70
0
  0
VERTEX
  5
72C
  8
TEXT
 10
13.671811561526011
 20
14.959019521433001
 30
0.0
 70
0
  0
VERTEX
  5
72D
  8
TEXT
 10
13.673448669202068
 20
14.99455825632885
 30
0.0
 70
0
  0
VERTEX
  5
72E
  8
TEXT
 10
13.676585770816814
 20
15.030053740743085
 30
0.0
 70
0
  0
VERTEX
  5
72F
  8
TEXT
 10
13.681222866370245
 20
15.065505974675709
 30
0.0
 70
0
  0
VERTEX
  5
730
  8
TEXT
 10
13.687359955862362
 20
15.10091495812672
 30
0.0
 70
0
  0
VERTEX
  5
731
  8
TEXT
 10
13.694997039293167
 20
15.13628069109612
 30
0.0
 70
0
  0
VERTEX
  5
732
  8
TEXT
 10
13.704129710967111
 20
15.171353762466326
 30
0.0
 70
0
  0
VERTEX
  5
733
  8
TEXT
 10
13.71475356518865
 20
15.205884761119757
 30
0.0
 70
0
  0
VERTEX
  5
734
  8
TEXT
 10
13.726868601957785
 20
15.239873687056413
 30
0.0
 70
0
  0
VERTEX
  5
735
  8
TEXT
 10
13.740474821274514
 20
15.273320540276293
 30
0.0
 70
0
  0
VERTEX
  5
736
  8
TEXT
 10
13.75557222313884
 20
15.306225320779397
 30
0.0
 70
0
  0
VERTEX
  5
737
  8
TEXT
 10
13.77216080755076
 20
15.338588028565725
 30
0.0
 70
0
  0
VERTEX
  5
738
  8
TEXT
 10
13.790240574510275
 20
15.37040866363528
 30
0.0
 70
0
  0
VERTEX
  5
739
  8
TEXT
 10
13.809811524017386
 20
15.40168722598806
 30
0.0
 70
0
  0
VERTEX
  5
73A
  8
TEXT
 10
13.830873656072091
 20
15.432423715624061
 30
0.0
 70
0
  0
VERTEX
  5
73B
  8
TEXT
 10
13.853426970674393
 20
15.46261813254329
 30
0.0
 70
0
  0
VERTEX
  5
73C
  8
TEXT
 10
13.87747146782429
 20
15.492270476745741
 30
0.0
 70
0
  0
VERTEX
  5
73D
  8
TEXT
 10
13.90300714752178
 20
15.521380748231419
 30
0.0
 70
0
  0
VERTEX
  5
73E
  8
TEXT
 10
13.930034009766866
 20
15.54994894700032
 30
0.0
 70
0
  0
VERTEX
  5
73F
  8
TEXT
 10
15.012031441079136
 20
16.652388708787445
 30
0.0
 70
0
  0
VERTEX
  5
740
  8
TEXT
 10
15.32528987182678
 20
16.344938969441674
 30
0.0
 70
0
  0
VERTEX
  5
741
  8
TEXT
 10
14.26021627937758
 20
15.259742790998457
 30
0.0
 70
0
  0
VERTEX
  5
742
  8
TEXT
 10
14.23506453932204
 20
15.232642708150632
 30
0.0
 70
0
  0
VERTEX
  5
743
  8
TEXT
 10
14.21207321963094
 20
15.204797567973264
 30
0.0
 70
0
  0
VERTEX
  5
744
  8
TEXT
 10
14.191242320304275
 20
15.176207370466356
 30
0.0
 70
0
  0
VERTEX
  5
745
  8
TEXT
 10
14.172571841342048
 20
15.146872115629906
 30
0.0
 70
0
  0
VERTEX
  5
746
  8
TEXT
 10
14.156061782744258
 20
15.116791803463915
 30
0.0
 70
0
  0
VERTEX
  5
747
  8
TEXT
 10
14.141712144510908
 20
15.085966433968384
 30
0.0
 70
0
  0
VERTEX
  5
748
  8
TEXT
 10
14.129522926641993
 20
15.054396007143312
 30
0.0
 70
0
  0
VERTEX
  5
749
  8
TEXT
 10
14.119494129137518
 20
15.022080522988698
 30
0.0
 70
0
  0
VERTEX
  5
74A
  8
TEXT
 10
14.1107311640225
 20
14.984771362103691
 30
0.0
 70
0
  0
VERTEX
  5
74B
  8
TEXT
 10
14.104896182556896
 20
14.947559337321545
 30
0.0
 70
0
  0
VERTEX
  5
74C
  8
TEXT
 10
14.101989184740706
 20
14.91044444864226
 30
0.0
 70
0
  0
VERTEX
  5
74D
  8
TEXT
 10
14.102010170573926
 20
14.873426696065836
 30
0.0
 70
0
  0
VERTEX
  5
74E
  8
TEXT
 10
14.104959140056561
 20
14.836506079592274
 30
0.0
 70
0
  0
VERTEX
  5
74F
  8
TEXT
 10
14.110836093188608
 20
14.799682599221573
 30
0.0
 70
0
  0
VERTEX
  5
750
  8
TEXT
 10
14.119641029970067
 20
14.762956254953734
 30
0.0
 70
0
  0
VERTEX
  5
751
  8
TEXT
 10
14.12971727053777
 20
14.731247148760168
 30
0.0
 70
0
  0
VERTEX
  5
752
  8
TEXT
 10
14.14197536718009
 20
14.700305938558182
 30
0.0
 70
0
  0
VERTEX
  5
753
  8
TEXT
 10
14.156415319897025
 20
14.67013262434778
 30
0.0
 70
0
  0
VERTEX
  5
754
  8
TEXT
 10
14.173037128688575
 20
14.640727206128956
 30
0.0
 70
0
  0
VERTEX
  5
755
  8
TEXT
 10
14.191840793554743
 20
14.612089683901715
 30
0.0
 70
0
  0
VERTEX
  5
756
  8
TEXT
 10
14.212826314495528
 20
14.584220057666053
 30
0.0
 70
0
  0
VERTEX
  5
757
  8
TEXT
 10
14.235993691510927
 20
14.557118327421975
 30
0.0
 70
0
  0
VERTEX
  5
758
  8
TEXT
 10
14.261342924600942
 20
14.530784493169477
 30
0.0
 70
0
  0
VERTEX
  5
759
  8
TEXT
 10
14.28853722502839
 20
14.505549098636354
 30
0.0
 70
0
  0
VERTEX
  5
75A
  8
TEXT
 10
14.316377624888887
 20
14.482588879493555
 30
0.0
 70
0
  0
VERTEX
  5
75B
  8
TEXT
 10
14.34486412418243
 20
14.461903835741081
 30
0.0
 70
0
  0
VERTEX
  5
75C
  8
TEXT
 10
14.373996722909025
 20
14.443493967378929
 30
0.0
 70
0
  0
VERTEX
  5
75D
  8
TEXT
 10
14.40377542106867
 20
14.4273592744071
 30
0.0
 70
0
  0
VERTEX
  5
75E
  8
TEXT
 10
14.434200218661363
 20
14.413499756825594
 30
0.0
 70
0
  0
VERTEX
  5
75F
  8
TEXT
 10
14.465271115687107
 20
14.401915414634413
 30
0.0
 70
0
  0
VERTEX
  5
760
  8
TEXT
 10
14.4969881121459
 20
14.392606247833555
 30
0.0
 70
0
  0
VERTEX
  5
761
  8
TEXT
 10
14.533644064649685
 20
14.38471467542532
 30
0.0
 70
0
  0
VERTEX
  5
762
  8
TEXT
 10
14.570377530903178
 20
14.379717853299354
 30
0.0
 70
0
  0
VERTEX
  5
763
  8
TEXT
 10
14.607188510906376
 20
14.377615781455653
 30
0.0
 70
0
  0
VERTEX
  5
764
  8
TEXT
 10
14.64407700465928
 20
14.378408459894219
 30
0.0
 70
0
  0
VERTEX
  5
765
  8
TEXT
 10
14.681043012161888
 20
14.382095888615053
 30
0.0
 70
0
  0
VERTEX
  5
766
  8
TEXT
 10
14.718086533414203
 20
14.388678067618153
 30
0.0
 70
0
  0
VERTEX
  5
767
  8
TEXT
 10
14.755207568416223
 20
14.398154996903521
 30
0.0
 70
0
  0
VERTEX
  5
768
  8
TEXT
 10
14.78732970708008
 20
14.408786812514826
 30
0.0
 70
0
  0
VERTEX
  5
769
  8
TEXT
 10
14.818666487287125
 20
14.421564726602366
 30
0.0
 70
0
  0
VERTEX
  5
76A
  8
TEXT
 10
14.849217909037355
 20
14.436488739166137
 30
0.0
 70
0
  0
VERTEX
  5
76B
  8
TEXT
 10
14.878983972330772
 20
14.453558850206143
 30
0.0
 70
0
  0
VERTEX
  5
76C
  8
TEXT
 10
14.907964677167378
 20
14.472775059722382
 30
0.0
 70
0
  0
VERTEX
  5
76D
  8
TEXT
 10
14.936160023547169
 20
14.494137367714854
 30
0.0
 70
0
  0
VERTEX
  5
76E
  8
TEXT
 10
14.963570011470146
 20
14.51764577418356
 30
0.0
 70
0
  0
VERTEX
  5
76F
  8
TEXT
 10
14.990194640936311
 20
14.543300279128498
 30
0.0
 70
0
  0
VERTEX
  5
770
  8
TEXT
 10
16.05526823338551
 20
15.628496457571714
 30
0.0
 70
0
  0
VERTEX
  5
771
  8
TEXT
 10
16.368526664133157
 20
15.321046718225944
 30
0.0
 70
0
  0
VERTEX
  5
772
  8
TEXT
 10
15.286529232820886
 20
14.21860695643882
 30
0.0
 70
0
  0
VERTEX
  5
773
  8
TEXT
 10
15.258471836896668
 20
14.191050182359369
 30
0.0
 70
0
  0
VERTEX
  5
774
  8
TEXT
 10
15.229844556161776
 20
14.164974184942041
 30
0.0
 70
0
  0
VERTEX
  5
775
  8
TEXT
 10
15.200647390616217
 20
14.140378964186837
 30
0.0
 70
0
  0
VERTEX
  5
776
  8
TEXT
 10
15.170880340259986
 20
14.117264520093759
 30
0.0
 70
0
  0
VERTEX
  5
777
  8
TEXT
 10
15.140543405093084
 20
14.095630852662802
 30
0.0
 70
0
  0
VERTEX
  5
778
  8
TEXT
 10
15.10963658511551
 20
14.075477961893972
 30
0.0
 70
0
  0
VERTEX
  5
779
  8
TEXT
 10
15.078159880327268
 20
14.056805847787263
 30
0.0
 70
0
  0
VERTEX
  5
77A
  8
TEXT
 10
15.046113290728353
 20
14.03961451034268
 30
0.0
 70
0
  0
VERTEX
  5
77B
  8
TEXT
 10
15.013496816318769
 20
14.023903949560221
 30
0.0
 70
0
  0
VERTEX
  5
77C
  8
TEXT
 10
14.980310457098515
 20
14.009674165439886
 30
0.0
 70
0
  0
VERTEX
  5
77D
  8
TEXT
 10
14.94655421306759
 20
13.996925157981677
 30
0.0
 70
0
  0
VERTEX
  5
77E
  8
TEXT
 10
14.912228084225992
 20
13.98565692718559
 30
0.0
 70
0
  0
VERTEX
  5
77F
  8
TEXT
 10
14.877332070573726
 20
13.975869473051628
 30
0.0
 70
0
  0
VERTEX
  5
780
  8
TEXT
 10
14.84211715764705
 20
13.967570199139663
 30
0.0
 70
0
  0
VERTEX
  5
781
  8
TEXT
 10
14.806834330982227
 20
13.960766509009575
 30
0.0
 70
0
  0
VERTEX
  5
782
  8
TEXT
 10
14.771483590579258
 20
13.95545840266136
 30
0.0
 70
0
  0
VERTEX
  5
783
  8
TEXT
 10
14.736064936438146
 20
13.951645880095018
 30
0.0
 70
0
  0
VERTEX
  5
784
  8
TEXT
 10
14.700578368558885
 20
13.949328941310553
 30
0.0
 70
0
  0
VERTEX
  5
785
  8
TEXT
 10
14.665023886941478
 20
13.94850758630796
 30
0.0
 70
0
  0
VERTEX
  5
786
  8
TEXT
 10
14.629401491585924
 20
13.949181815087243
 30
0.0
 70
0
  0
VERTEX
  5
787
  8
TEXT
 10
14.593711182492225
 20
13.951351627648398
 30
0.0
 70
0
  0
VERTEX
  5
788
  8
TEXT
 10
14.55795295966038
 20
13.955017023991429
 30
0.0
 70
0
  0
VERTEX
  5
789
  8
TEXT
 10
14.522126823090387
 20
13.960178004116333
 30
0.0
 70
0
  0
VERTEX
  5
78A
  8
TEXT
 10
14.486232772782248
 20
13.966834568023112
 30
0.0
 70
0
  0
VERTEX
  5
78B
  8
TEXT
 10
14.450270808735965
 20
13.974986715711765
 30
0.0
 70
0
  0
VERTEX
  5
78C
  8
TEXT
 10
14.414240930951534
 20
13.984634447182293
 30
0.0
 70
0
  0
VERTEX
  5
78D
  8
TEXT
 10
14.380940270726873
 20
13.99493278579913
 30
0.0
 70
0
  0
VERTEX
  5
78E
  8
TEXT
 10
14.348013982980827
 20
14.006521829692637
 30
0.0
 70
0
  0
VERTEX
  5
78F
  8
TEXT
 10
14.315462067713398
 20
14.019401578862816
 30
0.0
 70
0
  0
VERTEX
  5
790
  8
TEXT
 10
14.283284524924584
 20
14.033572033309664
 30
0.0
 70
0
  0
VERTEX
  5
791
  8
TEXT
 10
14.251481354614386
 20
14.049033193033182
 30
0.0
 70
0
  0
VERTEX
  5
792
  8
TEXT
 10
14.220052556782802
 20
14.065785058033372
 30
0.0
 70
0
  0
VERTEX
  5
793
  8
TEXT
 10
14.188998131429834
 20
14.08382762831023
 30
0.0
 70
0
  0
VERTEX
  5
794
  8
TEXT
 10
14.158318078555482
 20
14.10316090386376
 30
0.0
 70
0
  0
VERTEX
  5
795
  8
TEXT
 10
14.128012398159745
 20
14.12378488469396
 30
0.0
 70
0
  0
VERTEX
  5
796
  8
TEXT
 10
14.098081090242623
 20
14.14569957080083
 30
0.0
 70
0
  0
VERTEX
  5
797
  8
TEXT
 10
14.068524154804116
 20
14.168904962184369
 30
0.0
 70
0
  0
VERTEX
  5
798
  8
TEXT
 10
14.039341591844225
 20
14.193401058844579
 30
0.0
 70
0
  0
VERTEX
  5
799
  8
TEXT
 10
14.01053340136295
 20
14.21918786078146
 30
0.0
 70
0
  0
SEQEND
  5
715
  8
TEXT
  0
POLYLINE
  5
79A
  8
TEXT
 66
1
 10
0.0
 20
0.0
 30
0.0
 70
1
  0
VERTEX
  5
79C
  8
TEXT
 10
15.156795529629296
 20
13.064710701320788
 30
0.0
 70
0
  0
VERTEX
  5
79D
  8
TEXT
 10
17.024178230417547
 20
14.572318690420332
 30
0.0
 70
0
  0
VERTEX
  5
79E
  8
TEXT
 10
17.299898483457564
 20
14.230800713262749
 30
0.0
 70
0
  0
VERTEX
  5
79F
  8
TEXT
 10
15.733302257964066
 20
12.96602891032689
 30
0.0
 70
0
  0
VERTEX
  5
7A0
  8
TEXT
 10
16.378335877461353
 20
12.167064835325204
 30
0.0
 70
0
  0
VERTEX
  5
7A1
  8
TEXT
 10
16.0775494021666
 20
11.92422864916152
 30
0.0
 70
0
  0
SEQEND
  5
79B
  8
TEXT
  0
POLYLINE
  5
7A2
  8
TEXT
 66
1
 10
0.0
 20
0.0
 30
0.0
 70
1
  0
VERTEX
  5
7A4
  8
TEXT
 10
16.402157287480104
 20
11.462301372453958
 30
0.0
 70
0
  0
VERTEX
  5
7A5
  8
TEXT
 10
18.41264034212323
 20
12.773010297804223
 30
0.0
 70
0
  0
VERTEX
  5
7A6
  8
TEXT
 10
18.65235053149098
 20
12.405321282777209
 30
0.0
 70
0
  0
VERTEX
  5
7A7
  8
TEXT
 10
16.965703673568896
 20
11.305733258154502
 30
0.0
 70
0
  0
VERTEX
  5
7A8
  8
TEXT
 10
17.526493566126476
 20
10.44554336061424
 30
0.0
 70
0
  0
VERTEX
  5
7A9
  8
TEXT
 10
17.202657369405436
 20
10.23442245988668
 30
0.0
 70
0
  0
SEQEND
  5
7A3
  8
TEXT
  0
POLYLINE
  5
7AA
  8
TEXT
 66
1
 10
0.0
 20
0.0
 30
0.0
 70
1
  0
VERTEX
  5
7AC
  8
TEXT
 10
-13.701401246219877
 20
-18.019660056987153
 30
0.0
 70
0
  0
VERTEX
  5
7AD
  8
TEXT
 10
-13.731949633886371
 20
-17.99566588831849
 30
0.0
 70
0
  0
VERTEX
  5
7AE
  8
TEXT
 10
-13.761209716827222
 20
-17.971007728489298
 30
0.0
 70
0
  0
VERTEX
  5
7AF
  8
TEXT
 10
-13.78918149504243
 20
-17.94568557749957
 30
0.0
 70
0
  0
VERTEX
  5
7B0
  8
TEXT
 10
-13.815864968531995
 20
-17.919699435349315
 30
0.0
 70
0
  0
VERTEX
  5
7B1
  8
TEXT
 10
-13.841260137295919
 20
-17.893049302038524
 30
0.0
 70
0
  0
VERTEX
  5
7B2
  8
TEXT
 10
-13.8653670013342
 20
-17.865735177567203
 30
0.0
 70
0
  0
VERTEX
  5
7B3
  8
TEXT
 10
-13.88818556064684
 20
-17.837757061935346
 30
0.0
 70
0
  0
VERTEX
  5
7B4
  8
TEXT
 10
-13.909715815233834
 20
-17.80911495514296
 30
0.0
 70
0
  0
VERTEX
  5
7B5
  8
TEXT
 10
-13.929957765095187
 20
-17.77980885719004
 30
0.0
 70
0
  0
VERTEX
  5
7B6
  8
TEXT
 10
-13.948911410230899
 20
-17.74983876807659
 30
0.0
 70
0
  0
VERTEX
  5
7B7
  8
TEXT
 10
-13.966576750640966
 20
-17.719204687802605
 30
0.0
 70
0
  0
VERTEX
  5
7B8
  8
TEXT
 10
-13.984468679540084
 20
-17.684978295651167
 30
0.0
 70
0
  0
VERTEX
  5
7B9
  8
TEXT
 10
-14.000697852533493
 20
-17.6504244860762
 30
0.0
 70
0
  0
VERTEX
  5
7BA
  8
TEXT
 10
-14.015264269621193
 20
-17.6155432590777
 30
0.0
 70
0
  0
VERTEX
  5
7BB
  8
TEXT
 10
-14.028167930803184
 20
-17.580334614655676
 30
0.0
 70
0
  0
VERTEX
  5
7BC
  8
TEXT
 10
-14.039408836079467
 20
-17.54479855281012
 30
0.0
 70
0
  0
VERTEX
  5
7BD
  8
TEXT
 10
-14.04898698545004
 20
-17.508935073541036
 30
0.0
 70
0
  0
VERTEX
  5
7BE
  8
TEXT
 10
-14.056902378914906
 20
-17.472744176848423
 30
0.0
 70
0
  0
VERTEX
  5
7BF
  8
TEXT
 10
-14.063155016474061
 20
-17.43622586273228
 30
0.0
 70
0
  0
VERTEX
  5
7C0
  8
TEXT
 10
-14.06774489812751
 20
-17.399380131192608
 30
0.0
 70
0
  0
VERTEX
  5
7C1
  8
TEXT
 10
-14.070672023875249
 20
-17.36220698222941
 30
0.0
 70
0
  0
VERTEX
  5
7C2
  8
TEXT
 10
-14.07186302396047
 20
-17.32498004284756
 30
0.0
 70
0
  0
VERTEX
  5
7C3
  8
TEXT
 10
-14.071244528626362
 20
-17.28797294005195
 30
0.0
 70
0
  0
VERTEX
  5
7C4
  8
TEXT
 10
-14.068816537872928
 20
-17.251185673842578
 30
0.0
 70
0
  0
VERTEX
  5
7C5
  8
TEXT
 10
-14.064579051700166
 20
-17.214618244219437
 30
0.0
 70
0
  0
VERTEX
  5
7C6
  8
TEXT
 10
-14.058532070108075
 20
-17.178270651182537
 30
0.0
 70
0
  0
VERTEX
  5
7C7
  8
TEXT
 10
-14.050675593096658
 20
-17.142142894731872
 30
0.0
 70
0
  0
VERTEX
  5
7C8
  8
TEXT
 10
-14.041009620665912
 20
-17.10623497486744
 30
0.0
 70
0
  0
VERTEX
  5
7C9
  8
TEXT
 10
-14.029534152815838
 20
-17.07054689158925
 30
0.0
 70
0
  0
VERTEX
  5
7CA
  8
TEXT
 10
-14.016249189546437
 20
-17.035078644897293
 30
0.0
 70
0
  0
VERTEX
  5
7CB
  8
TEXT
 10
-14.001154730857708
 20
-16.99983023479157
 30
0.0
 70
0
  0
VERTEX
  5
7CC
  8
TEXT
 10
-13.728117631555717
 20
-17.090701319493263
 30
0.0
 70
0
  0
VERTEX
  5
7CD
  8
TEXT
 10
-13.743321456964214
 20
-17.12862247312194
 30
0.0
 70
0
  0
VERTEX
  5
7CE
  8
TEXT
 10
-13.756127389574738
 20
-17.166168921264674
 30
0.0
 70
0
  0
VERTEX
  5
7CF
  8
TEXT
 10
-13.76653542938729
 20
-17.203340663921473
 30
0.0
 70
0
  0
VERTEX
  5
7D0
  8
TEXT
 10
-13.774545576401866
 20
-17.240137701092333
 30
0.0
 70
0
  0
VERTEX
  5
7D1
  8
TEXT
 10
-13.780157830618473
 20
-17.27656003277725
 30
0.0
 70
0
  0
VERTEX
  5
7D2
  8
TEXT
 10
-13.783372192037104
 20
-17.312607658976233
 30
0.0
 70
0
  0
VERTEX
  5
7D3
  8
TEXT
 10
-13.784188660657762
 20
-17.348280579689273
 30
0.0
 70
0
  0
VERTEX
  5
7D4
  8
TEXT
 10
-13.782607236480448
 20
-17.383578794916374
 30
0.0
 70
0
  0
VERTEX
  5
7D5
  8
TEXT
 10
-13.77862791950516
 20
-17.418502304657537
 30
0.0
 70
0
  0
VERTEX
  5
7D6
  8
TEXT
 10
-13.772250709731898
 20
-17.453051108912756
 30
0.0
 70
0
  0
VERTEX
  5
7D7
  8
TEXT
 10
-13.763475607160665
 20
-17.48722520768204
 30
0.0
 70
0
  0
VERTEX
  5
7D8
  8
TEXT
 10
-13.752465935094012
 20
-17.52079662535605
 30
0.0
 70
0
  0
VERTEX
  5
7D9
  8
TEXT
 10
-13.739385016834495
 20
-17.553537386325452
 30
0.0
 70
0
  0
VERTEX
  5
7DA
  8
TEXT
 10
-13.724232852382116
 20
-17.585447490590244
 30
0.0
 70
0
  0
VERTEX
  5
7DB
  8
TEXT
 10
-13.707009441736874
 20
-17.616526938150432
 30
0.0
 70
0
  0
VERTEX
  5
7DC
  8
TEXT
 10
-13.687714784898768
 20
-17.64677572900601
 30
0.0
 70
0
  0
VERTEX
  5
7DD
  8
TEXT
 10
-13.666348881867798
 20
-17.67619386315698
 30
0.0
 70
0
  0
VERTEX
  5
7DE
  8
TEXT
 10
-13.642911732643965
 20
-17.70478134060334
 30
0.0
 70
0
  0
VERTEX
  5
7DF
  8
TEXT
 10
-13.61740333722727
 20
-17.732538161345094
 30
0.0
 70
0
  0
VERTEX
  5
7E0
  8
TEXT
 10
-13.58982369561771
 20
-17.75946432538224
 30
0.0
 70
0
  0
VERTEX
  5
7E1
  8
TEXT
 10
-13.560172807815288
 20
-17.785559832714778
 30
0.0
 70
0
  0
VERTEX
  5
7E2
  8
TEXT
 10
-13.528450673820002
 20
-17.81082468334271
 30
0.0
 70
0
  0
VERTEX
  5
7E3
  8
TEXT
 10
-13.493089458018728
 20
-17.83632452462315
 30
0.0
 70
0
  0
VERTEX
  5
7E4
  8
TEXT
 10
-13.457983612914079
 20
-17.85898139756595
 30
0.0
 70
0
  0
VERTEX
  5
7E5
  8
TEXT
 10
-13.423133138506051
 20
-17.87879530217111
 30
0.0
 70
0
  0
VERTEX
  5
7E6
  8
TEXT
 10
-13.388538034794644
 20
-17.895766238438625
 30
0.0
 70
0
  0
VERTEX
  5
7E7
  8
TEXT
 10
-13.35419830177986
 20
-17.909894206368495
 30
0.0
 70
0
  0
VERTEX
  5
7E8
  8
TEXT
 10
-13.320113939461699
 20
-17.921179205960723
 30
0.0
 70
0
  0
VERTEX
  5
7E9
  8
TEXT
 10
-13.28628494784016
 20
-17.929621237215308
 30
0.0
 70
0
  0
VERTEX
  5
7EA
  8
TEXT
 10
-13.247487160294032
 20
-17.936138887540004
 30
0.0
 70
0
  0
VERTEX
  5
7EB
  8
TEXT
 10
-13.209730178959846
 20
-17.93931056198064
 30
0.0
 70
0
  0
VERTEX
  5
7EC
  8
TEXT
 10
-13.173014003837606
 20
-17.939136260537218
 30
0.0
 70
0
  0
VERTEX
  5
7ED
  8
TEXT
 10
-13.137338634927307
 20
-17.93561598320974
 30
0.0
 70
0
  0
VERTEX
  5
7EE
  8
TEXT
 10
-13.102704072228953
 20
-17.928749729998202
 30
0.0
 70
0
  0
VERTEX
  5
7EF
  8
TEXT
 10
-13.06911031574254
 20
-17.91853750090261
 30
0.0
 70
0
  0
VERTEX
  5
7F0
  8
TEXT
 10
-13.036953155073908
 20
-17.905217253289276
 30
0.0
 70
0
  0
VERTEX
  5
7F1
  8
TEXT
 10
-13.00662837982889
 20
-17.88902694452453
 30
0.0
 70
0
  0
VERTEX
  5
7F2
  8
TEXT
 10
-12.978135990007484
 20
-17.86996657460837
 30
0.0
 70
0
  0
VERTEX
  5
7F3
  8
TEXT
 10
-12.951475985609695
 20
-17.848036143540796
 30
0.0
 70
0
  0
VERTEX
  5
7F4
  8
TEXT
 10
-12.92664836663552
 20
-17.82323565132181
 30
0.0
 70
0
  0
VERTEX
  5
7F5
  8
TEXT
 10
-12.90365313308496
 20
-17.795565097951403
 30
0.0
 70
0
  0
VERTEX
  5
7F6
  8
TEXT
 10
-12.881679003708031
 20
-17.763298751000697
 30
0.0
 70
0
  0
VERTEX
  5
7F7
  8
TEXT
 10
-12.86426831094127
 20
-17.730450007269603
 30
0.0
 70
0
  0
VERTEX
  5
7F8
  8
TEXT
 10
-12.851421054784675
 20
-17.69701886675813
 30
0.0
 70
0
  0
VERTEX
  5
7F9
  8
TEXT
 10
-12.843137235238245
 20
-17.663005329466266
 30
0.0
 70
0
  0
VERTEX
  5
7FA
  8
TEXT
 10
-12.839416852301984
 20
-17.628409395394023
 30
0.0
 70
0
  0
VERTEX
  5
7FB
  8
TEXT
 10
-12.840259905975888
 20
-17.593231064541396
 30
0.0
 70
0
  0
VERTEX
  5
7FC
  8
TEXT
 10
-12.844522911249955
 20
-17.562545864542447
 30
0.0
 70
0
  0
VERTEX
  5
7FD
  8
TEXT
 10
-12.851955175108184
 20
-17.53129517181901
 30
0.0
 70
0
  0
VERTEX
  5
7FE
  8
TEXT
 10
-12.862556697550575
 20
-17.499478986371088
 30
0.0
 70
0
  0
VERTEX
  5
7FF
  8
TEXT
 10
-12.876327478577124
 20
-17.46709730819867
 30
0.0
 70
0
  0
VERTEX
  5
800
  8
TEXT
 10
-12.893267518187836
 20
-17.43415013730177
 30
0.0
 70
0
  0
VERTEX
  5
801
  8
TEXT
 10
-12.913376816382707
 20
-17.400637473680376
 30
0.0
 70
0
  0
VERTEX
  5
802
  8
TEXT
 10
-12.936655373161738
 20
-17.366559317334495
 30
0.0
 70
0
  0
VERTEX
  5
803
  8
TEXT
 10
-13.180671001643617
 20
-17.021608317286518
 30
0.0
 70
0
  0
VERTEX
  5
804
  8
TEXT
 10
-13.20424971806185
 20
-16.986368348860157
 30
0.0
 70
0
  0
VERTEX
  5
805
  8
TEXT
 10
-13.225638358941994
 20
-16.951196495943556
 30
0.0
 70
0
  0
VERTEX
  5
806
  8
TEXT
 10
-13.244836924284048
 20
-16.916092758536717
 30
0.0
 70
0
  0
VERTEX
  5
807
  8
TEXT
 10
-13.26184541408801
 20
-16.881057136639637
 30
0.0
 70
0
  0
VERTEX
  5
808
  8
TEXT
 10
-13.276663828353882
 20
-16.846089630252322
 30
0.0
 70
0
  0
VERTEX
  5
809
  8
TEXT
 10
-13.289292167081664
 20
-16.811190239374767
 30
0.0
 70
0
  0
VERTEX
  5
80A
  8
TEXT
 10
-13.299730430271355
 20
-16.776358964006974
 30
0.0
 70
0
  0
VERTEX
  5
80B
  8
TEXT
 10
-13.307978617922956
 20
-16.741595804148943
 30
0.0
 70
0
  0
VERTEX
  5
80C
  8
TEXT
 10
-13.314036730036467
 20
-16.706900759800675
 30
0.0
 70
0
  0
VERTEX
  5
80D
  8
TEXT
 10
-13.317904766611885
 20
-16.672273830962165
 30
0.0
 70
0
  0
VERTEX
  5
80E
  8
TEXT
 10
-13.319582727649216
 20
-16.63771501763342
 30
0.0
 70
0
  0
VERTEX
  5
80F
  8
TEXT
 10
-13.318960431736102
 20
-16.60001329436258
 30
0.0
 70
0
  0
VERTEX
  5
810
  8
TEXT
 10
-13.315811112806534
 20
-16.562862586812567
 30
0.0
 70
0
  0
VERTEX
  5
811
  8
TEXT
 10
-13.310134770860513
 20
-16.526262894983383
 30
0.0
 70
0
  0
VERTEX
  5
812
  8
TEXT
 10
-13.301931405898037
 20
-16.490214218875025
 30
0.0
 70
0
  0
VERTEX
  5
813
  8
TEXT
 10
-13.291201017919107
 20
-16.45471655848749
 30
0.0
 70
0
  0
VERTEX
  5
814
  8
TEXT
 10
-13.277943606923722
 20
-16.419769913820787
 30
0.0
 70
0
  0
VERTEX
  5
815
  8
TEXT
 10
-13.262159172911886
 20
-16.385374284874906
 30
0.0
 70
0
  0
VERTEX
  5
816
  8
TEXT
 10
-13.243847715883595
 20
-16.351529671649853
 30
0.0
 70
0
  0
VERTEX
  5
817
  8
TEXT
 10
-13.223009235838848
 20
-16.31823607414563
 30
0.0
 70
0
  0
VERTEX
  5
818
  8
TEXT
 10
-13.199643732777648
 20
-16.28549349236223
 30
0.0
 70
0
  0
VERTEX
  5
819
  8
TEXT
 10
-13.176106723583159
 20
-16.25610696629911
 30
0.0
 70
0
  0
VERTEX
  5
81A
  8
TEXT
 10
-13.151395223151798
 20
-16.2284542076935
 30
0.0
 70
0
  0
VERTEX
  5
81B
  8
TEXT
 10
-13.125509231483571
 20
-16.202535216545396
 30
0.0
 70
0
  0
VERTEX
  5
81C
  8
TEXT
 10
-13.098448748578473
 20
-16.178349992854802
 30
0.0
 70
0
  0
VERTEX
  5
81D
  8
TEXT
 10
-13.070213774436509
 20
-16.155898536621716
 30
0.0
 70
0
  0
VERTEX
  5
81E
  8
TEXT
 10
-13.040804309057673
 20
-16.135180847846136
 30
0.0
 70
0
  0
VERTEX
  5
81F
  8
TEXT
 10
-13.01022035244197
 20
-16.116196926528065
 30
0.0
 70
0
  0
VERTEX
  5
820
  8
TEXT
 10
-12.978461904589397
 20
-16.098946772667503
 30
0.0
 70
0
  0
VERTEX
  5
821
  8
TEXT
 10
-12.945528965499957
 20
-16.083430386264446
 30
0.0
 70
0
  0
VERTEX
  5
822
  8
TEXT
 10
-12.911421535173647
 20
-16.0696477673189
 30
0.0
 70
0
  0
VERTEX
  5
823
  8
TEXT
 10
-12.876510563493461
 20
-16.057685645916116
 30
0.0
 70
0
  0
VERTEX
  5
824
  8
TEXT
 10
-12.841167000342399
 20
-16.047630752141345
 30
0.0
 70
0
  0
VERTEX
  5
825
  8
TEXT
 10
-12.805390845720456
 20
-16.039483085994586
 30
0.0
 70
0
  0
VERTEX
  5
826
  8
TEXT
 10
-12.769182099627635
 20
-16.033242647475845
 30
0.0
 70
0
  0
VERTEX
  5
827
  8
TEXT
 10
-12.732540762063934
 20
-16.028909436585113
 30
0.0
 70
0
  0
VERTEX
  5
828
  8
TEXT
 10
-12.695466833029354
 20
-16.0264834533224
 30
0.0
 70
0
  0
VERTEX
  5
829
  8
TEXT
 10
-12.657960312523894
 20
-16.0259646976877
 30
0.0
 70
0
  0
VERTEX
  5
82A
  8
TEXT
 10
-12.620021200547555
 20
-16.027353169681014
 30
0.0
 70
0
  0
VERTEX
  5
82B
  8
TEXT
 10
-12.581649497100337
 20
-16.030648869302343
 30
0.0
 70
0
  0
VERTEX
  5
82C
  8
TEXT
 10
-12.542845202182239
 20
-16.035851796551686
 30
0.0
 70
0
  0
VERTEX
  5
82D
  8
TEXT
 10
-12.507500451968001
 20
-16.042319918250517
 30
0.0
 70
0
  0
VERTEX
  5
82E
  8
TEXT
 10
-12.472412729786264
 20
-16.05053057232273
 30
0.0
 70
0
  0
VERTEX
  5
82F
  8
TEXT
 10
-12.437582035637028
 20
-16.060483758768335
 30
0.0
 70
0
  0
VERTEX
  5
830
  8
TEXT
 10
-12.403008369520293
 20
-16.07217947758733
 30
0.0
 70
0
  0
VERTEX
  5
831
  8
TEXT
 10
-12.368691731436062
 20
-16.085617728779706
 30
0.0
 70
0
  0
VERTEX
  5
832
  8
TEXT
 10
-12.334632121384331
 20
-16.100798512345474
 30
0.0
 70
0
  0
VERTEX
  5
833
  8
TEXT
 10
-12.3008295393651
 20
-16.117721828284626
 30
0.0
 70
0
  0
VERTEX
  5
834
  8
TEXT
 10
-12.26728398537837
 20
-16.136387676597167
 30
0.0
 70
0
  0
VERTEX
  5
835
  8
TEXT
 10
-12.233995459424143
 20
-16.156796057283096
 30
0.0
 70
0
  0
VERTEX
  5
836
  8
TEXT
 10
-12.200963961502417
 20
-16.17894697034241
 30
0.0
 70
0
  0
VERTEX
  5
837
  8
TEXT
 10
-12.168189491613191
 20
-16.20284041577511
 30
0.0
 70
0
  0
VERTEX
  5
838
  8
TEXT
 10
-12.135926693138554
 20
-16.228268693769923
 30
0.0
 70
0
  0
VERTEX
  5
839
  8
TEXT
 10
-12.105302258966791
 20
-16.254362581396975
 30
0.0
 70
0
  0
VERTEX
  5
83A
  8
TEXT
 10
-12.0763161890979
 20
-16.28112207865626
 30
0.0
 70
0
  0
VERTEX
  5
83B
  8
TEXT
 10
-12.04896848353188
 20
-16.30854718554778
 30
0.0
 70
0
  0
VERTEX
  5
83C
  8
TEXT
 10
-12.023259142268733
 20
-16.336637902071537
 30
0.0
 70
0
  0
VERTEX
  5
83D
  8
TEXT
 10
-11.99918816530846
 20
-16.36539422822753
 30
0.0
 70
0
  0
VERTEX
  5
83E
  8
TEXT
 10
-11.976755552651058
 20
-16.394816164015758
 30
0.0
 70
0
  0
VERTEX
  5
83F
  8
TEXT
 10
-11.955961304296528
 20
-16.424903709436222
 30
0.0
 70
0
  0
VERTEX
  5
840
  8
TEXT
 10
-11.936805420244871
 20
-16.455656864488926
 30
0.0
 70
0
  0
VERTEX
  5
841
  8
TEXT
 10
-11.919287900496085
 20
-16.48707562917386
 30
0.0
 70
0
  0
VERTEX
  5
842
  8
TEXT
 10
-11.901664648896386
 20
-16.522438676684065
 30
0.0
 70
0
  0
VERTEX
  5
843
  8
TEXT
 10
-11.885902310980278
 20
-16.557968775879004
 30
0.0
 70
0
  0
VERTEX
  5
844
  8
TEXT
 10
-11.872000886747767
 20
-16.593665926758675
 30
0.0
 70
0
  0
VERTEX
  5
845
  8
TEXT
 10
-11.859960376198849
 20
-16.62953012932308
 30
0.0
 70
0
  0
VERTEX
  5
846
  8
TEXT
 10
-11.849780779333527
 20
-16.665561383572218
 30
0.0
 70
0
  0
VERTEX
  5
847
  8
TEXT
 10
-11.841462096151798
 20
-16.701759689506087
 30
0.0
 70
0
  0
VERTEX
  5
848
  8
TEXT
 10
-11.835004326653664
 20
-16.738125047124694
 30
0.0
 70
0
  0
VERTEX
  5
849
  8
TEXT
 10
-11.830407470839125
 20
-16.77465745642803
 30
0.0
 70
0
  0
VERTEX
  5
84A
  8
TEXT
 10
-11.82767152870818
 20
-16.811356917416102
 30
0.0
 70
0
  0
VERTEX
  5
84B
  8
TEXT
 10
-11.826788261142028
 20
-16.84793666169523
 30
0.0
 70
0
  0
VERTEX
  5
84C
  8
TEXT
 10
-11.82774942902186
 20
-16.884109920871733
 30
0.0
 70
0
  0
VERTEX
  5
84D
  8
TEXT
 10
-11.830555032347682
 20
-16.91987669494562
 30
0.0
 70
0
  0
VERTEX
  5
84E
  8
TEXT
 10
-11.835205071119493
 20
-16.955236983916883
 30
0.0
 70
0
  0
VERTEX
  5
84F
  8
TEXT
 10
-11.841699545337288
 20
-16.99019078778553
 30
0.0
 70
0
  0
VERTEX
  5
850
  8
TEXT
 10
-11.850038455001075
 20
-17.024738106551553
 30
0.0
 70
0
  0
VERTEX
  5
851
  8
TEXT
 10
-11.860221800110846
 20
-17.058878940214953
 30
0.0
 70
0
  0
VERTEX
  5
852
  8
TEXT
 10
-11.872249580666606
 20
-17.092613288775734
 30
0.0
 70
0
  0
VERTEX
  5
853
  8
TEXT
 10
-11.886121796668354
 20
-17.125941152233896
 30
0.0
 70
0
  0
VERTEX
  5
854
  8
TEXT
 10
-12.156253924876545
 20
-17.040179997906353
 30
0.0
 70
0
  0
VERTEX
  5
855
  8
TEXT
 10
-12.141499144339056
 20
-17.00158950527361
 30
0.0
 70
0
  0
VERTEX
  5
856
  8
TEXT
 10
-12.129697638952615
 20
-16.96323441128517
 30
0.0
 70
0
  0
VERTEX
  5
857
  8
TEXT
 10
-12.120849408717223
 20
-16.92511471594103
 30
0.0
 70
0
  0
VERTEX
  5
858
  8
TEXT
 10
-12.11495445363288
 20
-16.887230419241195
 30
0.0
 70
0
  0
VERTEX
  5
859
  8
TEXT
 10
-12.112012773699584
 20
-16.849581521185662
 30
0.0
 70
0
  0
VERTEX
  5
85A
  8
TEXT
 10
-12.112024368917337
 20
-16.81216802177443
 30
0.0
 70
0
  0
VERTEX
  5
85B
  8
TEXT
 10
-12.114989239286139
 20
-16.7749899210075
 30
0.0
 70
0
  0
VERTEX
  5
85C
  8
TEXT
 10
-12.120907384805989
 20
-16.738047218884873
 30
0.0
 70
0
  0
VERTEX
  5
85D
  8
TEXT
 10
-12.129778805476889
 20
-16.70133991540655
 30
0.0
 70
0
  0
VERTEX
  5
85E
  8
TEXT
 10
-12.140206705504513
 20
-16.668857005227196
 30
0.0
 70
0
  0
VERTEX
  5
85F
  8
TEXT
 10
-12.152863900743826
 20
-16.637269562170253
 30
0.0
 70
0
  0
VERTEX
  5
860
  8
TEXT
 10
-12.167750391194827
 20
-16.606577586235726
 30
0.0
 70
0
  0
VERTEX
  5
861
  8
TEXT
 10
-12.184866176857517
 20
-16.576781077423604
 30
0.0
 70
0
  0
VERTEX
  5
862
  8
TEXT
 10
-12.204211257731895
 20
-16.547880035733897
 30
0.0
 70
0
  0
VERTEX
  5
863
  8
TEXT
 10
-12.225785633817962
 20
-16.5198744611666
 30
0.0
 70
0
  0
VERTEX
  5
864
  8
TEXT
 10
-12.249589305115716
 20
-16.492764353721714
 30
0.0
 70
0
  0
VERTEX
  5
865
  8
TEXT
 10
-12.27562227162516
 20
-16.466549713399235
 30
0.0
 70
0
  0
VERTEX
  5
866
  8
TEXT
 10
-12.303884533346292
 20
-16.44123054019917
 30
0.0
 70
0
  0
VERTEX
  5
867
  8
TEXT
 10
-12.334376090279111
 20
-16.416806834121516
 30
0.0
 70
0
  0
VERTEX
  5
868
  8
TEXT
 10
-12.365584847879592
 20
-16.394407556426625
 30
0.0
 70
0
  0
VERTEX
  5
869
  8
TEXT
 10
-12.39701769985454
 20
-16.37438867982234
 30
0.0
 70
0
  0
VERTEX
  5
86A
  8
TEXT
 10
-12.428674646203953
 20
-16.356750204308657
 30
0.0
 70
0
  0
VERTEX
  5
86B
  8
TEXT
 10
-12.460555686927833
 20
-16.341492129885587
 30
0.0
 70
0
  0
VERTEX
  5
86C
  8
TEXT
 10
-12.492660822026176
 20
-16.328614456553122
 30
0.0
 70
0
  0
VERTEX
  5
86D
  8
TEXT
 10
-12.524990051498985
 20
-16.318117184311266
 30
0.0
 70
0
  0
VERTEX
  5
86E
  8
TEXT
 10
-12.557543375346262
 20
-16.310000313160018
 30
0.0
 70
0
  0
VERTEX
  5
86F
  8
TEXT
 10
-12.595254492006449
 20
-16.303540063406192
 30
0.0
 70
0
  0
VERTEX
  5
870
  8
TEXT
 10
-12.632168642906496
 20
-16.300321545558592
 30
0.0
 70
0
  0
VERTEX
  5
871
  8
TEXT
 10
-12.6682858280464
 20
-16.300344759617218
 30
0.0
 70
0
  0
VERTEX
  5
872
  8
TEXT
 10
-12.703606047426163
 20
-16.30360970558207
 30
0.0
 70
0
  0
VERTEX
  5
873
  8
TEXT
 10
-12.738129301045785
 20
-16.31011638345315
 30
0.0
 70
0
  0
VERTEX
  5
874
  8
TEXT
 10
-12.771855588905263
 20
-16.31986479323045
 30
0.0
 70
0
  0
VERTEX
  5
875
  8
TEXT
 10
-12.804375568708858
 20
-16.33288290206303
 30
0.0
 70
0
  0
VERTEX
  5
876
  8
TEXT
 10
-12.835279898160827
 20
-16.349198677099942
 30
0.0
 70
0
  0
VERTEX
  5
877
  8
TEXT
 10
-12.86456857726117
 20
-16.368812118341186
 30
0.0
 70
0
  0
VERTEX
  5
878
  8
TEXT
 10
-12.892241606009888
 20
-16.39172322578676
 30
0.0
 70
0
  0
VERTEX
  5
879
  8
TEXT
 10
-12.918298984406979
 20
-16.41793199943666
 30
0.0
 70
0
  0
VERTEX
  5
87A
  8
TEXT
 10
-12.942740712452443
 20
-16.4474384392909
 30
0.0
 70
0
  0
VERTEX
  5
87B
  8
TEXT
 10
-12.963595813973292
 20
-16.47815868585846
 30
0.0
 70
0
  0
VERTEX
  5
87C
  8
TEXT
 10
-12.980448174827437
 20
-16.510058568658632
 30
0.0
 70
0
  0
VERTEX
  5
87D
  8
TEXT
 10
-12.993297795014875
 20
-16.54313808769142
 30
0.0
 70
0
  0
VERTEX
  5
87E
  8
TEXT
 10
-13.002144674535609
 20
-16.577397242956817
 30
0.0
 70
0
  0
VERTEX
  5
87F
  8
TEXT
 10
-13.006988813389636
 20
-16.61283603445483
 30
0.0
 70
0
  0
VERTEX
  5
880
  8
TEXT
 10
-13.007830211576959
 20
-16.649454462185453
 30
0.0
 70
0
  0
VERTEX
  5
881
  8
TEXT
 10
-13.005047074125606
 20
-16.681725617241405
 30
0.0
 70
0
  0
VERTEX
  5
882
  8
TEXT
 10
-12.998686185450461
 20
-16.71475351810023
 30
0.0
 70
0
  0
VERTEX
  5
883
  8
TEXT
 10
-12.98874754555152
 20
-16.748538164761936
 30
0.0
 70
0
  0
VERTEX
  5
884
  8
TEXT
 10
-12.975231154428787
 20
-16.783079557226515
 30
0.0
 70
0
  0
VERTEX
  5
885
  8
TEXT
 10
-12.958137012082258
 20
-16.818377695493975
 30
0.0
 70
0
  0
VERTEX
  5
886
  8
TEXT
 10
-12.937465118511936
 20
-16.85443257956431
 30
0.0
 70
0
  0
VERTEX
  5
887
  8
TEXT
 10
-12.91321547371782
 20
-16.891244209437524
 30
0.0
 70
0
  0
VERTEX
  5
888
  8
TEXT
 10
-12.693563207954329
 20
-17.203182219866456
 30
0.0
 70
0
  0
VERTEX
  5
889
  8
TEXT
 10
-12.669548686630941
 20
-17.23862829718342
 30
0.0
 70
0
  0
VERTEX
  5
88A
  8
TEXT
 10
-12.647490029873854
 20
-17.273788174933408
 30
0.0
 70
0
  0
VERTEX
  5
88B
  8
TEXT
 10
-12.627387237683065
 20
-17.308661853116416
 30
0.0
 70
0
  0
VERTEX
  5
88C
  8
TEXT
 10
-12.609240310058574
 20
-17.34324933173245
 30
0.0
 70
0
  0
VERTEX
  5
88D
  8
TEXT
 10
-12.593049247000383
 20
-17.37755061078151
 30
0.0
 70
0
  0
VERTEX
  5
88E
  8
TEXT
 10
-12.578814048508491
 20
-17.41156569026359
 30
0.0
 70
0
  0
VERTEX
  5
88F
  8
TEXT
 10
-12.566534714582897
 20
-17.445294570178696
 30
0.0
 70
0
  0
VERTEX
  5
890
  8
TEXT
 10
-12.5562112452236
 20
-17.478737250526827
 30
0.0
 70
0
  0
VERTEX
  5
891
  8
TEXT
 10
-12.547843640430605
 20
-17.51189373130798
 30
0.0
 70
0
  0
VERTEX
  5
892
  8
TEXT
 10
-12.541431900203907
 20
-17.544764012522155
 30
0.0
 70
0
  0
VERTEX
  5
893
  8
TEXT
 10
-12.536976024543508
 20
-17.577348094169356
 30
0.0
 70
0
  0
VERTEX
  5
894
  8
TEXT
 10
-12.534476013449407
 20
-17.60964597624958
 30
0.0
 70
0
  0
VERTEX
  5
895
  8
TEXT
 10
-12.533981623505579
 20
-17.647938079898072
 30
0.0
 70
0
  0
VERTEX
  5
896
  8
TEXT
 10
-12.536151442820378
 20
-17.685642913331378
 30
0.0
 70
0
  0
VERTEX
  5
897
  8
TEXT
 10
-12.540985471393807
 20
-17.722760476549496
 30
0.0
 70
0
  0
VERTEX
  5
898
  8
TEXT
 10
-12.548483709225861
 20
-17.759290769552425
 30
0.0
 70
0
  0
VERTEX
  5
899
  8
TEXT
 10
-12.558646156316543
 20
-17.795233792340174
 30
0.0
 70
0
  0
VERTEX
  5
89A
  8
TEXT
 10
-12.571472812665855
 20
-17.83058954491273
 30
0.0
 70
0
  0
VERTEX
  5
89B
  8
TEXT
 10
-12.586963678273792
 20
-17.865358027270105
 30
0.0
 70
0
  0
VERTEX
  5
89C
  8
TEXT
 10
-12.605118753140356
 20
-17.89953923941229
 30
0.0
 70
0
  0
VERTEX
  5
89D
  8
TEXT
 10
-12.625938037265549
 20
-17.93313318133929
 30
0.0
 70
0
  0
VERTEX
  5
89E
  8
TEXT
 10
-12.64942153064937
 20
-17.966139853051104
 30
0.0
 70
0
  0
VERTEX
  5
89F
  8
TEXT
 10
-12.671896498695665
 20
-17.994113578178062
 30
0.0
 70
0
  0
VERTEX
  5
8A0
  8
TEXT
 10
-12.695660877006928
 20
-18.020479486150005
 30
0.0
 70
0
  0
VERTEX
  5
8A1
  8
TEXT
 10
-12.720714665583163
 20
-18.045237576966933
 30
0.0
 70
0
  0
VERTEX
  5
8A2
  8
TEXT
 10
-12.747057864424367
 20
-18.06838785062885
 30
0.0
 70
0
  0
VERTEX
  5
8A3
  8
TEXT
 10
-12.77469047353054
 20
-18.08993030713575
 30
0.0
 70
0
  0
VERTEX
  5
8A4
  8
TEXT
 10
-12.803612492901685
 20
-18.109864946487633
 30
0.0
 70
0
  0
VERTEX
  5
8A5
  8
TEXT
 10
-12.833823922537798
 20
-18.128191768684506
 30
0.0
 70
0
  0
VERTEX
  5
8A6
  8
TEXT
 10
-12.865324762438881
 20
-18.144910773726362
 30
0.0
 70
0
  0
VERTEX
  5
8A7
  8
TEXT
 10
-12.898115012604935
 20
-18.160021961613207
 30
0.0
 70
0
  0
VERTEX
  5
8A8
  8
TEXT
 10
-12.932194673035957
 20
-18.173525332345037
 30
0.0
 70
0
  0
VERTEX
  5
8A9
  8
TEXT
 10
-12.967179967856698
 20
-18.185247009942778
 30
0.0
 70
0
  0
VERTEX
  5
8AA
  8
TEXT
 10
-13.002687121191904
 20
-18.19501311842736
 30
0.0
 70
0
  0
VERTEX
  5
8AB
  8
TEXT
 10
-13.038716133041577
 20
-18.202823657798792
 30
0.0
 70
0
  0
VERTEX
  5
8AC
  8
TEXT
 10
-13.075267003405715
 20
-18.20867862805706
 30
0.0
 70
0
  0
VERTEX
  5
8AD
  8
TEXT
 10
-13.11233973228432
 20
-18.212578029202174
 30
0.0
 70
0
  0
VERTEX
  5
8AE
  8
TEXT
 10
-13.14993431967739
 20
-18.21452186123413
 30
0.0
 70
0
  0
VERTEX
  5
8AF
  8
TEXT
 10
-13.188050765584928
 20
-18.214510124152927
 30
0.0
 70
0
  0
VERTEX
  5
8B0
  8
TEXT
 10
-13.22668907000693
 20
-18.212542817958568
 30
0.0
 70
0
  0
VERTEX
  5
8B1
  8
TEXT
 10
-13.265849232943399
 20
-18.208619942651048
 30
0.0
 70
0
  0
VERTEX
  5
8B2
  8
TEXT
 10
-13.305531254394333
 20
-18.202741498230374
 30
0.0
 70
0
  0
VERTEX
  5
8B3
  8
TEXT
 10
-13.338792327795195
 20
-18.19623270219745
 30
0.0
 70
0
  0
VERTEX
  5
8B4
  8
TEXT
 10
-13.372003963484165
 20
-18.188133362394098
 30
0.0
 70
0
  0
VERTEX
  5
8B5
  8
TEXT
 10
-13.405166161461244
 20
-18.17844347882032
 30
0.0
 70
0
  0
VERTEX
  5
8B6
  8
TEXT
 10
-13.438278921726432
 20
-18.167163051476116
 30
0.0
 70
0
  0
VERTEX
  5
8B7
  8
TEXT
 10
-13.47134224427973
 20
-18.15429208036149
 30
0.0
 70
0
  0
VERTEX
  5
8B8
  8
TEXT
 10
-13.504356129121138
 20
-18.139830565476434
 30
0.0
 70
0
  0
VERTEX
  5
8B9
  8
TEXT
 10
-13.537320576250655
 20
-18.12377850682095
 30
0.0
 70
0
  0
VERTEX
  5
8BA
  8
TEXT
 10
-13.57023558566828
 20
-18.106135904395043
 30
0.0
 70
0
  0
VERTEX
  5
8BB
  8
TEXT
 10
-13.603101157374017
 20
-18.08690275819871
 30
0.0
 70
0
  0
VERTEX
  5
8BC
  8
TEXT
 10
-13.63591729136786
 20
-18.06607906823195
 30
0.0
 70
0
  0
VERTEX
  5
8BD
  8
TEXT
 10
-13.668683987649814
 20
-18.043664834494763
 30
0.0
 70
0
  0
SEQEND
  5
7AB
  8
TEXT
  0
POLYLINE
  5
8BE
  8
TEXT
 66
1
 10
0.0
 20
0.0
 30
0.0
 70
1
  0
VERTEX
  5
8C0
  8
TEXT
 10
-11.986319793768024
 20
-19.20323479976732
 30
0.0
 70
0
  0
VERTEX
  5
8C1
  8
TEXT
 10
-12.020631364346437
 20
-19.180817637827072
 30
0.0
 70
0
  0
VERTEX
  5
8C2
  8
TEXT
 10
-12.053303885967479
 20
-19.157362671610745
 30
0.0
 70
0
  0
VERTEX
  5
8C3
  8
TEXT
 10
-12.08433735863115
 20
-19.132869901118337
 30
0.0
 70
0
  0
VERTEX
  5
8C4
  8
TEXT
 10
-12.113731782337448
 20
-19.10733932634985
 30
0.0
 70
0
  0
VERTEX
  5
8C5
  8
TEXT
 10
-12.141487157086376
 20
-19.08077094730529
 30
0.0
 70
0
  0
VERTEX
  5
8C6
  8
TEXT
 10
-12.16760348287793
 20
-19.053164763984643
 30
0.0
 70
0
  0
VERTEX
  5
8C7
  8
TEXT
 10
-12.192080759712114
 20
-19.02452077638792
 30
0.0
 70
0
  0
VERTEX
  5
8C8
  8
TEXT
 10
-12.214918987588925
 20
-18.99483898451512
 30
0.0
 70
0
  0
VERTEX
  5
8C9
  8
TEXT
 10
-12.236118166508366
 20
-18.96411938836624
 30
0.0
 70
0
  0
VERTEX
  5
8CA
  8
TEXT
 10
-12.255678296470434
 20
-18.932361987941277
 30
0.0
 70
0
  0
VERTEX
  5
8CB
  8
TEXT
 10
-12.273599377475131
 20
-18.89956678324024
 30
0.0
 70
0
  0
VERTEX
  5
8CC
  8
TEXT
 10
-12.289816126714044
 20
-18.866045054599827
 30
0.0
 70
0
  0
VERTEX
  5
8CD
  8
TEXT
 10
-12.304263261378763
 20
-18.83210808235675
 30
0.0
 70
0
  0
VERTEX
  5
8CE
  8
TEXT
 10
-12.316940781469288
 20
-18.79775586651101
 30
0.0
 70
0
  0
VERTEX
  5
8CF
  8
TEXT
 10
-12.327848686985618
 20
-18.762988407062608
 30
0.0
 70
0
  0
VERTEX
  5
8D0
  8
TEXT
 10
-12.336986977927753
 20
-18.72780570401154
 30
0.0
 70
0
  0
VERTEX
  5
8D1
  8
TEXT
 10
-12.344355654295693
 20
-18.69220775735781
 30
0.0
 70
0
  0
VERTEX
  5
8D2
  8
TEXT
 10
-12.349954716089439
 20
-18.656194567101412
 30
0.0
 70
0
  0
VERTEX
  5
8D3
  8
TEXT
 10
-12.35378416330899
 20
-18.619766133242354
 30
0.0
 70
0
  0
VERTEX
  5
8D4
  8
TEXT
 10
-12.355843995954347
 20
-18.58292245578063
 30
0.0
 70
0
  0
VERTEX
  5
8D5
  8
TEXT
 10
-12.35613421402551
 20
-18.54566353471624
 30
0.0
 70
0
  0
VERTEX
  5
8D6
  8
TEXT
 10
-12.354654817522476
 20
-18.507989370049188
 30
0.0
 70
0
  0
VERTEX
  5
8D7
  8
TEXT
 10
-12.351721691711044
 20
-18.473337620627724
 30
0.0
 70
0
  0
VERTEX
  5
8D8
  8
TEXT
 10
-12.347256687891987
 20
-18.43883231422204
 30
0.0
 70
0
  0
VERTEX
  5
8D9
  8
TEXT
 10
-12.3412598060653
 20
-18.40447345083213
 30
0.0
 70
0
  0
VERTEX
  5
8DA
  8
TEXT
 10
-12.33373104623099
 20
-18.370261030457996
 30
0.0
 70
0
  0
VERTEX
  5
8DB
  8
TEXT
 10
-12.324670408389053
 20
-18.336195053099644
 30
0.0
 70
0
  0
VERTEX
  5
8DC
  8
TEXT
 10
-12.314077892539489
 20
-18.302275518757067
 30
0.0
 70
0
  0
VERTEX
  5
8DD
  8
TEXT
 10
-12.301953498682298
 20
-18.268502427430267
 30
0.0
 70
0
  0
VERTEX
  5
8DE
  8
TEXT
 10
-12.288297226817482
 20
-18.234875779119246
 30
0.0
 70
0
  0
VERTEX
  5
8DF
  8
TEXT
 10
-12.27310907694504
 20
-18.201395573824
 30
0.0
 70
0
  0
VERTEX
  5
8E0
  8
TEXT
 10
-12.256389049064971
 20
-18.168061811544533
 30
0.0
 70
0
  0
VERTEX
  5
8E1
  8
TEXT
 10
-12.238137143177276
 20
-18.134874492280844
 30
0.0
 70
0
  0
VERTEX
  5
8E2
  8
TEXT
 10
-12.218353359281956
 20
-18.10183361603293
 30
0.0
 70
0
  0
VERTEX
  5
8E3
  8
TEXT
 10
-12.19733352647288
 20
-18.06940303729531
 30
0.0
 70
0
  0
VERTEX
  5
8E4
  8
TEXT
 10
-12.175427910195976
 20
-18.03813394209823
 30
0.0
 70
0
  0
VERTEX
  5
8E5
  8
TEXT
 10
-12.152636510451243
 20
-18.008026330441695
 30
0.0
 70
0
  0
VERTEX
  5
8E6
  8
TEXT
 10
-12.128959327238679
 20
-17.9790802023257
 30
0.0
 70
0
  0
VERTEX
  5
8E7
  8
TEXT
 10
-12.104396360558287
 20
-17.95129555775025
 30
0.0
 70
0
  0
VERTEX
  5
8E8
  8
TEXT
 10
-12.078947610410063
 20
-17.92467239671534
 30
0.0
 70
0
  0
VERTEX
  5
8E9
  8
TEXT
 10
-12.052613076794012
 20
-17.89921071922097
 30
0.0
 70
0
  0
VERTEX
  5
8EA
  8
TEXT
 10
-12.02539275971013
 20
-17.874910525267147
 30
0.0
 70
0
  0
VERTEX
  5
8EB
  8
TEXT
 10
-11.99728665915842
 20
-17.851771814853862
 30
0.0
 70
0
  0
VERTEX
  5
8EC
  8
TEXT
 10
-11.968294775138878
 20
-17.82979458798112
 30
0.0
 70
0
  0
VERTEX
  5
8ED
  8
TEXT
 10
-11.93530621922958
 20
-17.806809204255142
 30
0.0
 70
0
  0
VERTEX
  5
8EE
  8
TEXT
 10
-11.901751164287138
 20
-17.785400797749357
 30
0.0
 70
0
  0
VERTEX
  5
8EF
  8
TEXT
 10
-11.867629610311557
 20
-17.765569368463773
 30
0.0
 70
0
  0
VERTEX
  5
8F0
  8
TEXT
 10
-11.832941557302833
 20
-17.74731491639838
 30
0.0
 70
0
  0
VERTEX
  5
8F1
  8
TEXT
 10
-11.797687005260968
 20
-17.730637441553192
 30
0.0
 70
0
  0
VERTEX
  5
8F2
  8
TEXT
 10
-11.761865954185962
 20
-17.715536943928196
 30
0.0
 70
0
  0
VERTEX
  5
8F3
  8
TEXT
 10
-11.725478404077814
 20
-17.702013423523397
 30
0.0
 70
0
  0
VERTEX
  5
8F4
  8
TEXT
 10
-11.688524354936524
 20
-17.690066880338797
 30
0.0
 70
0
  0
VERTEX
  5
8F5
  8
TEXT
 10
-11.651003806762095
 20
-17.67969731437439
 30
0.0
 70
0
  0
VERTEX
  5
8F6
  8
TEXT
 10
-11.613145950390503
 20
-17.670975197794085
 30
0.0
 70
0
  0
VERTEX
  5
8F7
  8
TEXT
 10
-11.575179976657733
 20
-17.66397100276178
 30
0.0
 70
0
  0
VERTEX
  5
8F8
  8
TEXT
 10
-11.537105885563781
 20
-17.65868472927747
 30
0.0
 70
0
  0
VERTEX
  5
8F9
  8
TEXT
 10
-11.498923677108651
 20
-17.655116377341162
 30
0.0
 70
0
  0
VERTEX
  5
8FA
  8
TEXT
 10
-11.46063335129234
 20
-17.653265946952853
 30
0.0
 70
0
  0
VERTEX
  5
8FB
  8
TEXT
 10
-11.42223490811485
 20
-17.653133438112544
 30
0.0
 70
0
  0
VERTEX
  5
8FC
  8
TEXT
 10
-11.38372834757618
 20
-17.65471885082023
 30
0.0
 70
0
  0
VERTEX
  5
8FD
  8
TEXT
 10
-11.345113669676332
 20
-17.65802218507592
 30
0.0
 70
0
  0
VERTEX
  5
8FE
  8
TEXT
 10
-11.306390874415303
 20
-17.66304344087961
 30
0.0
 70
0
  0
VERTEX
  5
8FF
  8
TEXT
 10
-11.271658146786805
 20
-17.669054963116846
 30
0.0
 70
0
  0
VERTEX
  5
900
  8
TEXT
 10
-11.237258300996228
 20
-17.676505139988727
 30
0.0
 70
0
  0
VERTEX
  5
901
  8
TEXT
 10
-11.20319133704357
 20
-17.685393971495245
 30
0.0
 70
0
  0
VERTEX
  5
902
  8
TEXT
 10
-11.169457254928831
 20
-17.695721457636406
 30
0.0
 70
0
  0
VERTEX
  5
903
  8
TEXT
 10
-11.136056054652013
 20
-17.707487598412207
 30
0.0
 70
0
  0
VERTEX
  5
904
  8
TEXT
 10
-11.102987736213114
 20
-17.720692393822645
 30
0.0
 70
0
  0
VERTEX
  5
905
  8
TEXT
 10
-11.070252299612134
 20
-17.73533584386773
 30
0.0
 70
0
  0
VERTEX
  5
906
  8
TEXT
 10
-11.037849744849074
 20
-17.751417948547452
 30
0.0
 70
0
  0
VERTEX
  5
907
  8
TEXT
 10
-11.005780071923933
 20
-17.768938707861814
 30
0.0
 70
0
  0
VERTEX
  5
908
  8
TEXT
 10
-10.974043280836712
 20
-17.787898121810816
 30
0.0
 70
0
  0
VERTEX
  5
909
  8
TEXT
 10
-10.93919212784396
 20
-17.810673465882772
 30
0.0
 70
0
  0
VERTEX
  5
90A
  8
TEXT
 10
-10.906032199329195
 20
-17.8344977802972
 30
0.0
 70
0
  0
VERTEX
  5
90B
  8
TEXT
 10
-10.874563495292417
 20
-17.859371065054102
 30
0.0
 70
0
  0
VERTEX
  5
90C
  8
TEXT
 10
-10.84478601573363
 20
-17.885293320153476
 30
0.0
 70
0
  0
VERTEX
  5
90D
  8
TEXT
 10
-10.816699760652831
 20
-17.912264545595324
 30
0.0
 70
0
  0
VERTEX
  5
90E
  8
TEXT
 10
-10.79030473005002
 20
-17.940284741379642
 30
0.0
 70
0
  0
VERTEX
  5
90F
  8
TEXT
 10
-10.765600923925199
 20
-17.969353907506438
 30
0.0
 70
0
  0
VERTEX
  5
910
  8
TEXT
 10
-10.742588342278363
 20
-17.999472043975704
 30
0.0
 70
0
  0
VERTEX
  5
911
  8
TEXT
 10
-10.721301815990234
 20
-18.030375860353512
 30
0.0
 70
0
  0
VERTEX
  5
912
  8
TEXT
 10
-10.70177617594152
 20
-18.061802066205935
 30
0.0
 70
0
  0
VERTEX
  5
913
  8
TEXT
 10
-10.684011422132224
 20
-18.09375066153297
 30
0.0
 70
0
  0
VERTEX
  5
914
  8
TEXT
 10
-10.668007554562346
 20
-18.126221646334614
 30
0.0
 70
0
  0
VERTEX
  5
915
  8
TEXT
 10
-10.653764573231886
 20
-18.15921502061087
 30
0.0
 70
0
  0
VERTEX
  5
916
  8
TEXT
 10
-10.641282478140843
 20
-18.19273078436174
 30
0.0
 70
0
  0
VERTEX
  5
917
  8
TEXT
 10
-10.630561269289217
 20
-18.22676893758722
 30
0.0
 70
0
  0
VERTEX
  5
918
  8
TEXT
 10
-10.62160094667701
 20
-18.261329480287316
 30
0.0
 70
0
  0
VERTEX
  5
919
  8
TEXT
 10
-10.614542469361874
 20
-18.29612560081107
 30
0.0
 70
0
  0
VERTEX
  5
91A
  8
TEXT
 10
-10.60952679640147
 20
-18.33087048750754
 30
0.0
 70
0
  0
VERTEX
  5
91B
  8
TEXT
 10
-10.606553927795794
 20
-18.365564140376726
 30
0.0
 70
0
  0
VERTEX
  5
91C
  8
TEXT
 10
-10.60562386354485
 20
-18.40020655941862
 30
0.0
 70
0
  0
VERTEX
  5
91D
  8
TEXT
 10
-10.606736603648633
 20
-18.434797744633233
 30
0.0
 70
0
  0
VERTEX
  5
91E
  8
TEXT
 10
-10.609892148107146
 20
-18.469337696020556
 30
0.0
 70
0
  0
VERTEX
  5
91F
  8
TEXT
 10
-10.615090496920391
 20
-18.503826413580597
 30
0.0
 70
0
  0
VERTEX
  5
920
  8
TEXT
 10
-10.622331650088364
 20
-18.53826389731335
 30
0.0
 70
0
  0
VERTEX
  5
921
  8
TEXT
 10
-10.906676234910432
 20
-18.498354163804166
 30
0.0
 70
0
  0
VERTEX
  5
922
  8
TEXT
 10
-10.900160452406471
 20
-18.459493991930096
 30
0.0
 70
0
  0
VERTEX
  5
923
  8
TEXT
 10
-10.89706863903618
 20
-18.421005254459832
 30
0.0
 70
0
  0
VERTEX
  5
924
  8
TEXT
 10
-10.897400794799553
 20
-18.382887951393375
 30
0.0
 70
0
  0
VERTEX
  5
925
  8
TEXT
 10
-10.901156919696595
 20
-18.34514208273072
 30
0.0
 70
0
  0
VERTEX
  5
926
  8
TEXT
 10
-10.908337013727301
 20
-18.307767648471874
 30
0.0
 70
0
  0
VERTEX
  5
927
  8
TEXT
 10
-10.918941076891677
 20
-18.270764648616833
 30
0.0
 70
0
  0
VERTEX
  5
928
  8
TEXT
 10
-10.93296910918972
 20
-18.234133083165595
 30
0.0
 70
0
  0
VERTEX
  5
929
  8
TEXT
 10
-10.947948142971669
 20
-18.202947487752365
 30
0.0
 70
0
  0
VERTEX
  5
92A
  8
TEXT
 10
-10.965340214803984
 20
-18.173170935949003
 30
0.0
 70
0
  0
VERTEX
  5
92B
  8
TEXT
 10
-10.985145324686664
 20
-18.144803427755516
 30
0.0
 70
0
  0
VERTEX
  5
92C
  8
TEXT
 10
-11.00736347261971
 20
-18.117844963171898
 30
0.0
 70
0
  0
VERTEX
  5
92D
  8
TEXT
 10
-11.031994658603123
 20
-18.092295542198148
 30
0.0
 70
0
  0
VERTEX
  5
92E
  8
TEXT
 10
-11.059038882636901
 20
-18.068155164834273
 30
0.0
 70
0
  0
VERTEX
  5
92F
  8
TEXT
 10
-11.088496144721045
 20
-18.045423831080267
 30
0.0
 70
0
  0
VERTEX
  5
930
  8
TEXT
 10
-11.120366444855554
 20
-18.024101540936137
 30
0.0
 70
0
  0
VERTEX
  5
931
  8
TEXT
 10
-11.15286300463417
 20
-18.005164765791033
 30
0.0
 70
0
  0
VERTEX
  5
932
  8
TEXT
 10
-11.185727347525994
 20
-17.988637340873236
 30
0.0
 70
0
  0
VERTEX
  5
933
  8
TEXT
 10
-11.218959473531026
 20
-17.97451926618274
 30
0.0
 70
0
  0
VERTEX
  5
934
  8
TEXT
 10
-11.252559382649268
 20
-17.96281054171955
 30
0.0
 70
0
  0
VERTEX
  5
935
  8
TEXT
 10
-11.286527074880722
 20
-17.95351116748366
 30
0.0
 70
0
  0
VERTEX
  5
936
  8
TEXT
 10
-11.320862550225382
 20
-17.94662114347508
 30
0.0
 70
0
  0
VERTEX
  5
937
  8
TEXT
 10
-11.355565808683252
 20
-17.9421404696938
 30
0.0
 70
0
  0
VERTEX
  5
938
  8
TEXT
 10
-11.390636850254332
 20
-17.940069146139827
 30
0.0
 70
0
  0
VERTEX
  5
939
  8
TEXT
 10
-11.426075674938621
 20
-17.940407172813156
 30
0.0
 70
0
  0
VERTEX
  5
93A
  8
TEXT
 10
-11.461462391799476
 20
-17.942922244440908
 30
0.0
 70
0
  0
VERTEX
  5
93B
  8
TEXT
 10
-11.496377109900255
 20
-17.947382055750204
 30
0.0
 70
0
  0
VERTEX
  5
93C
  8
TEXT
 10
-11.530819829240958
 20
-17.953786606741048
 30
0.0
 70
0
  0
VERTEX
  5
93D
  8
TEXT
 10
-11.564790549821584
 20
-17.96213589741343
 30
0.0
 70
0
  0
VERTEX
  5
93E
  8
TEXT
 10
-11.598289271642136
 20
-17.972429927767358
 30
0.0
 70
0
  0
VERTEX
  5
93F
  8
TEXT
 10
-11.631315994702609
 20
-17.984668697802828
 30
0.0
 70
0
  0
VERTEX
  5
940
  8
TEXT
 10
-11.663870719003008
 20
-17.998852207519846
 30
0.0
 70
0
  0
VERTEX
  5
941
  8
TEXT
 10
-11.69595344454333
 20
-18.014980456918405
 30
0.0
 70
0
  0
VERTEX
  5
942
  8
TEXT
 10
-11.727564171323575
 20
-18.033053445998505
 30
0.0
 70
0
  0
VERTEX
  5
943
  8
TEXT
 10
-11.758309787368512
 20
-18.052827791405022
 30
0.0
 70
0
  0
VERTEX
  5
944
  8
TEXT
 10
-11.787797180702908
 20
-18.074060109782828
 30
0.0
 70
0
  0
VERTEX
  5
945
  8
TEXT
 10
-11.816026351326762
 20
-18.096750401131917
 30
0.0
 70
0
  0
VERTEX
  5
946
  8
TEXT
 10
-11.842997299240075
 20
-18.120898665452295
 30
0.0
 70
0
  0
VERTEX
  5
947
  8
TEXT
 10
-11.868710024442848
 20
-18.146504902743956
 30
0.0
 70
0
  0
VERTEX
  5
948
  8
TEXT
 10
-11.893164526935077
 20
-18.173569113006906
 30
0.0
 70
0
  0
VERTEX
  5
949
  8
TEXT
 10
-11.916360806716767
 20
-18.202091296241143
 30
0.0
 70
0
  0
VERTEX
  5
94A
  8
TEXT
 10
-11.938298863787915
 20
-18.232071452446664
 30
0.0
 70
0
  0
VERTEX
  5
94B
  8
TEXT
 10
-11.958978698148522
 20
-18.263509581623474
 30
0.0
 70
0
  0
VERTEX
  5
94C
  8
TEXT
 10
-11.978474053215587
 20
-18.296632349283826
 30
0.0
 70
0
  0
VERTEX
  5
94D
  8
TEXT
 10
-11.995724581738381
 20
-18.329847013945493
 30
0.0
 70
0
  0
VERTEX
  5
94E
  8
TEXT
 10
-12.010730283716908
 20
-18.36315357560848
 30
0.0
 70
0
  0
VERTEX
  5
94F
  8
TEXT
 10
-12.023491159151165
 20
-18.396552034272784
 30
0.0
 70
0
  0
VERTEX
  5
950
  8
TEXT
 10
-12.034007208041153
 20
-18.430042389938407
 30
0.0
 70
0
  0
VERTEX
  5
951
  8
TEXT
 10
-12.042278430386874
 20
-18.463624642605346
 30
0.0
 70
0
  0
VERTEX
  5
952
  8
TEXT
 10
-12.048304826188325
 20
-18.4972987922736
 30
0.0
 70
0
  0
VERTEX
  5
953
  8
TEXT
 10
-12.052086395445508
 20
-18.531064838943177
 30
0.0
 70
0
  0
VERTEX
  5
954
  8
TEXT
 10
-12.053718371452923
 20
-18.569340613340938
 30
0.0
 70
0
  0
VERTEX
  5
955
  8
TEXT
 10
-12.052536228652203
 20
-18.606883376145113
 30
0.0
 70
0
  0
VERTEX
  5
956
  8
TEXT
 10
-12.048539967043345
 20
-18.64369312735571
 30
0.0
 70
0
  0
VERTEX
  5
957
  8
TEXT
 10
-12.041729586626351
 20
-18.679769866972723
 30
0.0
 70
0
  0
VERTEX
  5
958
  8
TEXT
 10
-12.032105087401222
 20
-18.71511359499615
 30
0.0
 70
0
  0
VERTEX
  5
959
  8
TEXT
 10
-12.019666469367955
 20
-18.749724311425997
 30
0.0
 70
0
  0
VERTEX
  5
95A
  8
TEXT
 10
-12.004413732526553
 20
-18.78360201626226
 30
0.0
 70
0
  0
VERTEX
  5
95B
  8
TEXT
 10
-11.986497747588482
 20
-18.816244331557886
 30
0.0
 70
0
  0
VERTEX
  5
95C
  8
TEXT
 10
-11.966069385265213
 20
-18.84714887936581
 30
0.0
 70
0
  0
VERTEX
  5
95D
  8
TEXT
 10
-11.943128645556747
 20
-18.876315659686043
 30
0.0
 70
0
  0
VERTEX
  5
95E
  8
TEXT
 10
-11.91767552846308
 20
-18.903744672518574
 30
0.0
 70
0
  0
VERTEX
  5
95F
  8
TEXT
 10
-11.889710033984217
 20
-18.929435917863408
 30
0.0
 70
0
  0
VERTEX
  5
960
  8
TEXT
 10
-11.859232162120154
 20
-18.953389395720546
 30
0.0
 70
0
  0
VERTEX
  5
961
  8
TEXT
 10
-11.826241912870893
 20
-18.975605106089983
 30
0.0
 70
0
  0
VERTEX
  5
962
  8
TEXT
 10
-11.791793634249517
 20
-18.995550112182602
 30
0.0
 70
0
  0
VERTEX
  5
963
  8
TEXT
 10
-11.75689488951782
 20
-19.012720639540735
 30
0.0
 70
0
  0
VERTEX
  5
964
  8
TEXT
 10
-11.721545678675803
 20
-19.027116688164384
 30
0.0
 70
0
  0
VERTEX
  5
965
  8
TEXT
 10
-11.685746001723464
 20
-19.03873825805354
 30
0.0
 70
0
  0
VERTEX
  5
966
  8
TEXT
 10
-11.649495858660806
 20
-19.047585349208212
 30
0.0
 70
0
  0
VERTEX
  5
967
  8
TEXT
 10
-11.612795249487828
 20
-19.0536579616284
 30
0.0
 70
0
  0
VERTEX
  5
968
  8
TEXT
 10
-11.575644174204529
 20
-19.056956095314096
 30
0.0
 70
0
  0
VERTEX
  5
969
  8
TEXT
 10
-11.53804263281091
 20
-19.05747975026531
 30
0.0
 70
0
  0
VERTEX
  5
96A
  8
TEXT
 10
-11.500546441377521
 20
-19.05543668109127
 30
0.0
 70
0
  0
VERTEX
  5
96B
  8
TEXT
 10
-11.463711415974913
 20
-19.051034642401216
 30
0.0
 70
0
  0
VERTEX
  5
96C
  8
TEXT
 10
-11.427537556603086
 20
-19.044273634195147
 30
0.0
 70
0
  0
VERTEX
  5
96D
  8
TEXT
 10
-11.39202486326204
 20
-19.035153656473064
 30
0.0
 70
0
  0
VERTEX
  5
96E
  8
TEXT
 10
-11.357173335951776
 20
-19.02367470923497
 30
0.0
 70
0
  0
VERTEX
  5
96F
  8
TEXT
 10
-11.322982974672291
 20
-19.00983679248086
 30
0.0
 70
0
  0
VERTEX
  5
970
  8
TEXT
 10
-11.289453779423589
 20
-18.993639906210735
 30
0.0
 70
0
  0
VERTEX
  5
971
  8
TEXT
 10
-11.256585750205666
 20
-18.9750840504246
 30
0.0
 70
0
  0
VERTEX
  5
972
  8
TEXT
 10
-11.116387661838875
 20
-19.22436025875459
 30
0.0
 70
0
  0
VERTEX
  5
973
  8
TEXT
 10
-11.14735829756756
 20
-19.242699077593585
 30
0.0
 70
0
  0
VERTEX
  5
974
  8
TEXT
 10
-11.179120855723124
 20
-19.259435844853
 30
0.0
 70
0
  0
VERTEX
  5
975
  8
TEXT
 10
-11.21167533630556
 20
-19.27457056053284
 30
0.0
 70
0
  0
VERTEX
  5
976
  8
TEXT
 10
-11.245021739314875
 20
-19.2881032246331
 30
0.0
 70
0
  0
VERTEX
  5
977
  8
TEXT
 10
-11.279160064751066
 20
-19.300033837153784
 30
0.0
 70
0
  0
VERTEX
  5
978
  8
TEXT
 10
-11.314090312614134
 20
-19.31036239809489
 30
0.0
 70
0
  0
VERTEX
  5
979
  8
TEXT
 10
-11.349812482904076
 20
-19.31908890745642
 30
0.0
 70
0
  0
VERTEX
  5
97A
  8
TEXT
 10
-11.386326575620895
 20
-19.32621336523837
 30
0.0
 70
0
  0
VERTEX
  5
97B
  8
TEXT
 10
-11.423353352180644
 20
-19.331675355149166
 30
0.0
 70
0
  0
VERTEX
  5
97C
  8
TEXT
 10
-11.46061357399938
 20
-19.33541446089724
 30
0.0
 70
0
  0
VERTEX
  5
97D
  8
TEXT
 10
-11.4981072410771
 20
-19.337430682482584
 30
0.0
 70
0
  0
VERTEX
  5
97E
  8
TEXT
 10
-11.535834353413808
 20
-19.337724019905203
 30
0.0
 70
0
  0
VERTEX
  5
97F
  8
TEXT
 10
-11.573794911009498
 20
-19.336294473165097
 30
0.0
 70
0
  0
VERTEX
  5
980
  8
TEXT
 10
-11.611988913864176
 20
-19.333142042262264
 30
0.0
 70
0
  0
VERTEX
  5
981
  8
TEXT
 10
-11.650416361977838
 20
-19.328266727196702
 30
0.0
 70
0
  0
VERTEX
  5
982
  8
TEXT
 10
-11.689077255350485
 20
-19.321668527968413
 30
0.0
 70
0
  0
VERTEX
  5
983
  8
TEXT
 10
-11.723386020320294
 20
-19.314312345597813
 30
0.0
 70
0
  0
VERTEX
  5
984
  8
TEXT
 10
-11.757374331225916
 20
-19.305505383036497
 30
0.0
 70
0
  0
VERTEX
  5
985
  8
TEXT
 10
-11.791042188067351
 20
-19.29524764028447
 30
0.0
 70
0
  0
VERTEX
  5
986
  8
TEXT
 10
-11.824389590844598
 20
-19.28353911734173
 30
0.0
 70
0
  0
VERTEX
  5
987
  8
TEXT
 10
-11.857416539557658
 20
-19.270379814208273
 30
0.0
 70
0
  0
VERTEX
  5
988
  8
TEXT
 10
-11.89012303420653
 20
-19.255769730884104
 30
0.0
 70
0
  0
VERTEX
  5
989
  8
TEXT
 10
-11.922509074791215
 20
-19.239708867369224
 30
0.0
 70
0
  0
VERTEX
  5
98A
  8
TEXT
 10
-11.954574661311714
 20
-19.222197223663628
 30
0.0
 70
0
  0
SEQEND
  5
8BF
  8
TEXT
  0
POLYLINE
  5
98B
  8
TEXT
 66
1
 10
0.0
 20
0.0
 30
0.0
 70
1
  0
VERTEX
  5
98D
  8
TEXT
 10
-10.94275521293268
 20
-19.775878646239363
 30
0.0
 70
0
  0
VERTEX
  5
98E
  8
TEXT
 10
-9.950273691178994
 20
-18.42206870663021
 30
0.0
 70
0
  0
VERTEX
  5
98F
  8
TEXT
 10
-9.692695667406147
 20
-18.560703577377204
 30
0.0
 70
0
  0
VERTEX
  5
990
  8
TEXT
 10
-10.685177189159832
 20
-19.914513516986354
 30
0.0
 70
0
  0
SEQEND
  5
98C
  8
TEXT
  0
POLYLINE
  5
991
  8
TEXT
 66
1
 10
0.0
 20
0.0
 30
0.0
 70
1
  0
VERTEX
  5
993
  8
TEXT
 10
-9.790408286315332
 20
-18.204842090380073
 30
0.0
 70
0
  0
VERTEX
  5
994
  8
TEXT
 10
-9.569973226875849
 20
-17.90276412219626
 30
0.0
 70
0
  0
VERTEX
  5
995
  8
TEXT
 10
-9.312395203103002
 20
-18.04139899294325
 30
0.0
 70
0
  0
VERTEX
  5
996
  8
TEXT
 10
-9.532830262542484
 20
-18.343476961127063
 30
0.0
 70
0
  0
SEQEND
  5
992
  8
TEXT
  0
POLYLINE
  5
997
  8
TEXT
 66
1
 10
0.0
 20
0.0
 30
0.0
 70
1
  0
VERTEX
  5
999
  8
TEXT
 10
-9.659299203747125
 20
-20.473638755053926
 30
0.0
 70
0
  0
VERTEX
  5
99A
  8
TEXT
 10
-9.695637709917067
 20
-20.455690298815362
 30
0.0
 70
0
  0
VERTEX
  5
99B
  8
TEXT
 10
-9.72990512704667
 20
-20.4363470172461
 30
0.0
 70
0
  0
VERTEX
  5
99C
  8
TEXT
 10
-9.762101455135939
 20
-20.415608910346133
 30
0.0
 70
0
  0
VERTEX
  5
99D
  8
TEXT
 10
-9.792226694184869
 20
-20.393475978115468
 30
0.0
 70
0
  0
VERTEX
  5
99E
  8
TEXT
 10
-9.820280844193464
 20
-20.369948220554104
 30
0.0
 70
0
  0
VERTEX
  5
99F
  8
TEXT
 10
-9.846263905161722
 20
-20.345025637662037
 30
0.0
 70
0
  0
VERTEX
  5
9A0
  8
TEXT
 10
-9.870175877089643
 20
-20.31870822943927
 30
0.0
 70
0
  0
VERTEX
  5
9A1
  8
TEXT
 10
-9.892016759977226
 20
-20.2909959958858
 30
0.0
 70
0
  0
VERTEX
  5
9A2
  8
TEXT
 10
-9.911786553824474
 20
-20.261888937001633
 30
0.0
 70
0
  0
VERTEX
  5
9A3
  8
TEXT
 10
-9.929340188157664
 20
-20.231663906524425
 30
0.0
 70
0
  0
VERTEX
  5
9A4
  8
TEXT
 10
-9.944532592503071
 20
-20.200597758191844
 30
0.0
 70
0
  0
VERTEX
  5
9A5
  8
TEXT
 10
-9.9573637668607
 20
-20.168690492003886
 30
0.0
 70
0
  0
VERTEX
  5
9A6
  8
TEXT
 10
-9.967833711230547
 20
-20.13594210796056
 30
0.0
 70
0
  0
VERTEX
  5
9A7
  8
TEXT
 10
-9.975942425612615
 20
-20.102352606061856
 30
0.0
 70
0
  0
VERTEX
  5
9A8
  8
TEXT
 10
-9.981689910006901
 20
-20.067921986307777
 30
0.0
 70
0
  0
VERTEX
  5
9A9
  8
TEXT
 10
-9.985076164413409
 20
-20.032650248698324
 30
0.0
 70
0
  0
VERTEX
  5
9AA
  8
TEXT
 10
-9.986101188832134
 20
-19.9965373932335
 30
0.0
 70
0
  0
VERTEX
  5
9AB
  8
TEXT
 10
-9.984764983263078
 20
-19.9595834199133
 30
0.0
 70
0
  0
VERTEX
  5
9AC
  8
TEXT
 10
-9.98146808533469
 20
-19.925810532262265
 30
0.0
 70
0
  0
VERTEX
  5
9AD
  8
TEXT
 10
-9.97610766856282
 20
-19.89176602735535
 30
0.0
 70
0
  0
VERTEX
  5
9AE
  8
TEXT
 10
-9.968683732947472
 20
-19.857449905192553
 30
0.0
 70
0
  0
VERTEX
  5
9AF
  8
TEXT
 10
-9.959196278488646
 20
-19.822862165773884
 30
0.0
 70
0
  0
VERTEX
  5
9B0
  8
TEXT
 10
-9.94764530518634
 20
-19.788002809099332
 30
0.0
 70
0
  0
VERTEX
  5
9B1
  8
TEXT
 10
-9.934030813040556
 20
-19.752871835168904
 30
0.0
 70
0
  0
VERTEX
  5
9B2
  8
TEXT
 10
-9.918352802051293
 20
-19.7174692439826
 30
0.0
 70
0
  0
VERTEX
  5
9B3
  8
TEXT
 10
-9.900611272218551
 20
-19.681795035540414
 30
0.0
 70
0
  0
VERTEX
  5
9B4
  8
TEXT
 10
-9.88080622354233
 20
-19.645849209842353
 30
0.0
 70
0
  0
VERTEX
  5
9B5
  8
TEXT
 10
-9.85893765602263
 20
-19.609631766888413
 30
0.0
 70
0
  0
VERTEX
  5
9B6
  8
TEXT
 10
-9.310796822312694
 20
-18.760958435446337
 30
0.0
 70
0
  0
VERTEX
  5
9B7
  8
TEXT
 10
-9.047309764947423
 20
-18.882578292637483
 30
0.0
 70
0
  0
VERTEX
  5
9B8
  8
TEXT
 10
-9.60342896553108
 20
-19.7411700110186
 30
0.0
 70
0
  0
VERTEX
  5
9B9
  8
TEXT
 10
-9.623668704404173
 20
-19.7762200296659
 30
0.0
 70
0
  0
VERTEX
  5
9BA
  8
TEXT
 10
-9.6405423212045
 20
-19.81093474512088
 30
0.0
 70
0
  0
VERTEX
  5
9BB
  8
TEXT
 10
-9.654049815932058
 20
-19.84531415738354
 30
0.0
 70
0
  0
VERTEX
  5
9BC
  8
TEXT
 10
-9.664191188586852
 20
-19.87935826645388
 30
0.0
 70
0
  0
VERTEX
  5
9BD
  8
TEXT
 10
-9.670966439168877
 20
-19.913067072331906
 30
0.0
 70
0
  0
VERTEX
  5
9BE
  8
TEXT
 10
-9.674375567678137
 20
-19.94644057501761
 30
0.0
 70
0
  0
VERTEX
  5
9BF
  8
TEXT
 10
-9.67417847125189
 20
-19.98549849110219
 30
0.0
 70
0
  0
VERTEX
  5
9C0
  8
TEXT
 10
-9.669444620038242
 20
-20.022978196741022
 30
0.0
 70
0
  0
VERTEX
  5
9C1
  8
TEXT
 10
-9.660174014037196
 20
-20.058879691934106
 30
0.0
 70
0
  0
VERTEX
  5
9C2
  8
TEXT
 10
-9.64636665324875
 20
-20.09320297668144
 30
0.0
 70
0
  0
VERTEX
  5
9C3
  8
TEXT
 10
-9.628022537672903
 20
-20.125948050983023
 30
0.0
 70
0
  0
VERTEX
  5
9C4
  8
TEXT
 10
-9.609318104308201
 20
-20.151724568312137
 30
0.0
 70
0
  0
VERTEX
  5
9C5
  8
TEXT
 10
-9.587558959163335
 20
-20.17579417183497
 30
0.0
 70
0
  0
VERTEX
  5
9C6
  8
TEXT
 10
-9.562745102238305
 20
-20.198156861551517
 30
0.0
 70
0
  0
VERTEX
  5
9C7
  8
TEXT
 10
-9.53487653353311
 20
-20.21881263746178
 30
0.0
 70
0
  0
VERTEX
  5
9C8
  8
TEXT
 10
-9.50395325304775
 20
-20.237761499565757
 30
0.0
 70
0
  0
VERTEX
  5
9C9
  8
TEXT
 10
-9.46997526078223
 20
-20.25500344786345
 30
0.0
 70
0
  0
VERTEX
  5
9CA
  8
TEXT
 10
-9.433451655301663
 20
-20.27020904203048
 30
0.0
 70
0
  0
VERTEX
  5
9CB
  8
TEXT
 10
-9.39676023770568
 20
-20.282186289563803
 30
0.0
 70
0
  0
VERTEX
  5
9CC
  8
TEXT
 10
-9.359901007994276
 20
-20.290935190463422
 30
0.0
 70
0
  0
VERTEX
  5
9CD
  8
TEXT
 10
-9.322873966167455
 20
-20.296455744729332
 30
0.0
 70
0
  0
VERTEX
  5
9CE
  8
TEXT
 10
-9.285679112225214
 20
-20.298747952361538
 30
0.0
 70
0
  0
VERTEX
  5
9CF
  8
TEXT
 10
-9.248316446167555
 20
-20.29781181336004
 30
0.0
 70
0
  0
VERTEX
  5
9D0
  8
TEXT
 10
-9.211127374833625
 20
-20.293773096519313
 30
0.0
 70
0
  0
VERTEX
  5
9D1
  8
TEXT
 10
-9.174453305062567
 20
-20.286757570633842
 30
0.0
 70
0
  0
VERTEX
  5
9D2
  8
TEXT
 10
-9.138294236854382
 20
-20.27676523570363
 30
0.0
 70
0
  0
VERTEX
  5
9D3
  8
TEXT
 10
-9.102650170209069
 20
-20.26379609172867
 30
0.0
 70
0
  0
VERTEX
  5
9D4
  8
TEXT
 10
-9.067521105126628
 20
-20.247850138708966
 30
0.0
 70
0
  0
VERTEX
  5
9D5
  8
TEXT
 10
-9.032907041607062
 20
-20.228927376644517
 30
0.0
 70
0
  0
VERTEX
  5
9D6
  8
TEXT
 10
-9.004056986231772
 20
-20.21032315430665
 30
0.0
 70
0
  0
VERTEX
  5
9D7
  8
TEXT
 10
-8.976403784799839
 20
-20.189501058584746
 30
0.0
 70
0
  0
VERTEX
  5
9D8
  8
TEXT
 10
-8.949947437311263
 20
-20.166461089478805
 30
0.0
 70
0
  0
VERTEX
  5
9D9
  8
TEXT
 10
-8.924687943766042
 20
-20.14120324698882
 30
0.0
 70
0
  0
VERTEX
  5
9DA
  8
TEXT
 10
-8.90062530416418
 20
-20.1137275311148
 30
0.0
 70
0
  0
VERTEX
  5
9DB
  8
TEXT
 10
-8.877759518505673
 20
-20.084033941856738
 30
0.0
 70
0
  0
VERTEX
  5
9DC
  8
TEXT
 10
-8.856090586790524
 20
-20.05212247921464
 30
0.0
 70
0
  0
VERTEX
  5
9DD
  8
TEXT
 10
-8.31851577649029
 20
-19.218973642315124
 30
0.0
 70
0
  0
VERTEX
  5
9DE
  8
TEXT
 10
-8.057831772926779
 20
-19.33929967123828
 30
0.0
 70
0
  0
VERTEX
  5
9DF
  8
TEXT
 10
-8.96543424450575
 20
-20.75310855028663
 30
0.0
 70
0
  0
VERTEX
  5
9E0
  8
TEXT
 10
-9.220512140465747
 20
-20.635370177899457
 30
0.0
 70
0
  0
VERTEX
  5
9E1
  8
TEXT
 10
-9.117870357436244
 20
-20.471931468334375
 30
0.0
 70
0
  0
VERTEX
  5
9E2
  8
TEXT
 10
-9.151316381547208
 20
-20.48832369571668
 30
0.0
 70
0
  0
VERTEX
  5
9E3
  8
TEXT
 10
-9.18552898493982
 20
-20.502284152293473
 30
0.0
 70
0
  0
VERTEX
  5
9E4
  8
TEXT
 10
-9.220508167614081
 20
-20.51381283806475
 30
0.0
 70
0
  0
VERTEX
  5
9E5
  8
TEXT
 10
-9.256253929569992
 20
-20.522909753030515
 30
0.0
 70
0
  0
VERTEX
  5
9E6
  8
TEXT
 10
-9.292766270807551
 20
-20.529574897190763
 30
0.0
 70
0
  0
VERTEX
  5
9E7
  8
TEXT
 10
-9.330045191326759
 20
-20.5338082705455
 30
0.0
 70
0
  0
VERTEX
  5
9E8
  8
TEXT
 10
-9.367033886180026
 20
-20.536003219549684
 30
0.0
 70
0
  0
VERTEX
  5
9E9
  8
TEXT
 10
-9.403921352109432
 20
-20.535978055872498
 30
0.0
 70
0
  0
VERTEX
  5
9EA
  8
TEXT
 10
-9.440707589114973
 20
-20.533732779513947
 30
0.0
 70
0
  0
VERTEX
  5
9EB
  8
TEXT
 10
-9.477392597196655
 20
-20.52926739047403
 30
0.0
 70
0
  0
VERTEX
  5
9EC
  8
TEXT
 10
-9.513976376354472
 20
-20.522581888752743
 30
0.0
 70
0
  0
VERTEX
  5
9ED
  8
TEXT
 10
-9.55045892658843
 20
-20.51367627435009
 30
0.0
 70
0
  0
VERTEX
  5
9EE
  8
TEXT
 10
-9.586840247898524
 20
-20.50255054726607
 30
0.0
 70
0
  0
VERTEX
  5
9EF
  8
TEXT
 10
-9.623120340284755
 20
-20.48920470750068
 30
0.0
 70
0
  0
SEQEND
  5
998
  8
TEXT
  0
POLYLINE
  5
9F0
  8
TEXT
 66
1
 10
0.0
 20
0.0
 30
0.0
 70
1
  0
VERTEX
  5
9F2
  8
TEXT
 10
-8.443109146768084
 20
-20.96815193999345
 30
0.0
 70
0
  0
VERTEX
  5
9F3
  8
TEXT
 10
-7.632107326328328
 20
-19.496311922679
 30
0.0
 70
0
  0
VERTEX
  5
9F4
  8
TEXT
 10
-7.366643526468377
 20
-19.59730806125247
 30
0.0
 70
0
  0
VERTEX
  5
9F5
  8
TEXT
 10
-7.460675426362886
 20
-19.76632752151503
 30
0.0
 70
0
  0
VERTEX
  5
9F6
  8
TEXT
 10
-7.42846776219552
 20
-19.74775176825905
 30
0.0
 70
0
  0
VERTEX
  5
9F7
  8
TEXT
 10
-7.39538891183509
 20
-19.73170954579054
 30
0.0
 70
0
  0
VERTEX
  5
9F8
  8
TEXT
 10
-7.361438875281592
 20
-19.718200854109504
 30
0.0
 70
0
  0
VERTEX
  5
9F9
  8
TEXT
 10
-7.3266176525350275
 20
-19.70722569321594
 30
0.0
 70
0
  0
VERTEX
  5
9FA
  8
TEXT
 10
-7.290925243595398
 20
-19.698784063109844
 30
0.0
 70
0
  0
VERTEX
  5
9FB
  8
TEXT
 10
-7.254361648462701
 20
-19.692875963791224
 30
0.0
 70
0
  0
VERTEX
  5
9FC
  8
TEXT
 10
-7.21777250232935
 20
-19.6897646012076
 30
0.0
 70
0
  0
VERTEX
  5
9FD
  8
TEXT
 10
-7.180675686987635
 20
-19.68911728398299
 30
0.0
 70
0
  0
VERTEX
  5
9FE
  8
TEXT
 10
-7.1430712024375556
 20
-19.690934012117403
 30
0.0
 70
0
  0
VERTEX
  5
9FF
  8
TEXT
 10
-7.104959048679113
 20
-19.69521478561083
 30
0.0
 70
0
  0
VERTEX
  5
A00
  8
TEXT
 10
-7.066339225712307
 20
-19.701959604463276
 30
0.0
 70
0
  0
VERTEX
  5
A01
  8
TEXT
 10
-7.027211733537137
 20
-19.71116846867474
 30
0.0
 70
0
  0
VERTEX
  5
A02
  8
TEXT
 10
-6.987576572153603
 20
-19.72284137824522
 30
0.0
 70
0
  0
VERTEX
  5
A03
  8
TEXT
 10
-6.947433741561706
 20
-19.73697833317472
 30
0.0
 70
0
  0
VERTEX
  5
A04
  8
TEXT
 10
-6.852213030742376
 20
-19.773205208967376
 30
0.0
 70
0
  0
VERTEX
  5
A05
  8
TEXT
 10
-6.986329221966776
 20
-20.01285591099151
 30
0.0
 70
0
  0
VERTEX
  5
A06
  8
TEXT
 10
-7.121946597982186
 20
-19.961260057589847
 30
0.0
 70
0
  0
VERTEX
  5
A07
  8
TEXT
 10
-7.158349425319379
 20
-19.94889898955614
 30
0.0
 70
0
  0
VERTEX
  5
A08
  8
TEXT
 10
-7.194459179833291
 20
-19.93962631636656
 30
0.0
 70
0
  0
VERTEX
  5
A09
  8
TEXT
 10
-7.2302758615239195
 20
-19.933442038021106
 30
0.0
 70
0
  0
VERTEX
  5
A0A
  8
TEXT
 10
-7.265799470391268
 20
-19.93034615451978
 30
0.0
 70
0
  0
VERTEX
  5
A0B
  8
TEXT
 10
-7.301030006435335
 20
-19.930338665862575
 30
0.0
 70
0
  0
VERTEX
  5
A0C
  8
TEXT
 10
-7.335967469656119
 20
-19.933419572049495
 30
0.0
 70
0
  0
VERTEX
  5
A0D
  8
TEXT
 10
-7.370611860053622
 20
-19.93958887308054
 30
0.0
 70
0
  0
VERTEX
  5
A0E
  8
TEXT
 10
-7.4049631776278435
 20
-19.948846568955712
 30
0.0
 70
0
  0
VERTEX
  5
A0F
  8
TEXT
 10
-7.439021422378784
 20
-19.96119265967501
 30
0.0
 70
0
  0
VERTEX
  5
A10
  8
TEXT
 10
-7.46913471778218
 20
-19.975054497325594
 30
0.0
 70
0
  0
VERTEX
  5
A11
  8
TEXT
 10
-7.498433528981632
 20
-19.99163749162291
 30
0.0
 70
0
  0
VERTEX
  5
A12
  8
TEXT
 10
-7.526917855977139
 20
-20.01094164256695
 30
0.0
 70
0
  0
VERTEX
  5
A13
  8
TEXT
 10
-7.5545876987687
 20
-20.03296695015772
 30
0.0
 70
0
  0
VERTEX
  5
A14
  8
TEXT
 10
-7.581443057356317
 20
-20.057713414395216
 30
0.0
 70
0
  0
VERTEX
  5
A15
  8
TEXT
 10
-7.6074839317399885
 20
-20.08518103527944
 30
0.0
 70
0
  0
VERTEX
  5
A16
  8
TEXT
 10
-7.632710321919715
 20
-20.115369812810393
 30
0.0
 70
0
  0
VERTEX
  5
A17
  8
TEXT
 10
-7.657122227895497
 20
-20.14827974698807
 30
0.0
 70
0
  0
VERTEX
  5
A18
  8
TEXT
 10
-7.680719649667334
 20
-20.183910837812473
 30
0.0
 70
0
  0
VERTEX
  5
A19
  8
TEXT
 10
-7.703502587235226
 20
-20.222263085283608
 30
0.0
 70
0
  0
VERTEX
  5
A1A
  8
TEXT
 10
-8.16898891865183
 20
-21.07244143091171
 30
0.0
 70
0
  0
SEQEND
  5
9F1
  8
TEXT
  0
POLYLINE
  5
A1B
  8
TEXT
 66
1
 10
0.0
 20
0.0
 30
0.0
 70
1
  0
VERTEX
  5
A1D
  8
TEXT
 10
-6.75543719585965
 20
-21.60638825145822
 30
0.0
 70
0
  0
VERTEX
  5
A1E
  8
TEXT
 10
-6.793896682470059
 20
-21.59360146133426
 30
0.0
 70
0
  0
VERTEX
  5
A1F
  8
TEXT
 10
-6.83049630812342
 20
-21.57914857855483
 30
0.0
 70
0
  0
VERTEX
  5
A20
  8
TEXT
 10
-6.865236072819733
 20
-21.56302960311993
 30
0.0
 70
0
  0
VERTEX
  5
A21
  8
TEXT
 10
-6.898115976558997
 20
-21.545244535029557
 30
0.0
 70
0
  0
VERTEX
  5
A22
  8
TEXT
 10
-6.929136019341213
 20
-21.52579337428371
 30
0.0
 70
0
  0
VERTEX
  5
A23
  8
TEXT
 10
-6.958296201166379
 20
-21.504676120882397
 30
0.0
 70
0
  0
VERTEX
  5
A24
  8
TEXT
 10
-6.985596522034498
 20
-21.481892774825614
 30
0.0
 70
0
  0
VERTEX
  5
A25
  8
TEXT
 10
-7.011036981945569
 20
-21.457443336113357
 30
0.0
 70
0
  0
VERTEX
  5
A26
  8
TEXT
 10
-7.0346175808995905
 20
-21.431327804745628
 30
0.0
 70
0
  0
VERTEX
  5
A27
  8
TEXT
 10
-7.056156594366845
 20
-21.403800482963284
 30
0.0
 70
0
  0
VERTEX
  5
A28
  8
TEXT
 10
-7.075472297817612
 20
-21.37511567300717
 30
0.0
 70
0
  0
VERTEX
  5
A29
  8
TEXT
 10
-7.092564691251892
 20
-21.345273374877287
 30
0.0
 70
0
  0
VERTEX
  5
A2A
  8
TEXT
 10
-7.107433774669684
 20
-21.31427358857364
 30
0.0
 70
0
  0
VERTEX
  5
A2B
  8
TEXT
 10
-7.12007954807099
 20
-21.282116314096225
 30
0.0
 70
0
  0
VERTEX
  5
A2C
  8
TEXT
 10
-7.130502011455809
 20
-21.248801551445045
 30
0.0
 70
0
  0
VERTEX
  5
A2D
  8
TEXT
 10
-7.138701164824139
 20
-21.214329300620097
 30
0.0
 70
0
  0
VERTEX
  5
A2E
  8
TEXT
 10
-7.144677008175983
 20
-21.17869956162138
 30
0.0
 70
0
  0
VERTEX
  5
A2F
  8
TEXT
 10
-7.148429541511339
 20
-21.141912334448897
 30
0.0
 70
0
  0
VERTEX
  5
A30
  8
TEXT
 10
-7.149803007674216
 20
-21.108006714458412
 30
0.0
 70
0
  0
VERTEX
  5
A31
  8
TEXT
 10
-7.1491698251740425
 20
-21.073548602753814
 30
0.0
 70
0
  0
VERTEX
  5
A32
  8
TEXT
 10
-7.14652999401082
 20
-21.0385379993351
 30
0.0
 70
0
  0
VERTEX
  5
A33
  8
TEXT
 10
-7.1418835141845465
 20
-21.00297490420228
 30
0.0
 70
0
  0
VERTEX
  5
A34
  8
TEXT
 10
-7.135230385695223
 20
-20.966859317355343
 30
0.0
 70
0
  0
VERTEX
  5
A35
  8
TEXT
 10
-7.12657060854285
 20
-20.930191238794293
 30
0.0
 70
0
  0
VERTEX
  5
A36
  8
TEXT
 10
-7.115904182727427
 20
-20.89297066851913
 30
0.0
 70
0
  0
VERTEX
  5
A37
  8
TEXT
 10
-7.103231108248954
 20
-20.855197606529856
 30
0.0
 70
0
  0
VERTEX
  5
A38
  8
TEXT
 10
-7.088551385107431
 20
-20.81687205282647
 30
0.0
 70
0
  0
VERTEX
  5
A39
  8
TEXT
 10
-7.071865013302858
 20
-20.77799400740897
 30
0.0
 70
0
  0
VERTEX
  5
A3A
  8
TEXT
 10
-6.645495550097794
 20
-19.86207158824486
 30
0.0
 70
0
  0
VERTEX
  5
A3B
  8
TEXT
 10
-6.367800159620813
 20
-19.946345482008237
 30
0.0
 70
0
  0
VERTEX
  5
A3C
  8
TEXT
 10
-6.8007099522464145
 20
-20.873188195514313
 30
0.0
 70
0
  0
VERTEX
  5
A3D
  8
TEXT
 10
-6.815943294994434
 20
-20.910686143532146
 30
0.0
 70
0
  0
VERTEX
  5
A3E
  8
TEXT
 10
-6.827888481373812
 20
-20.947389589356845
 30
0.0
 70
0
  0
VERTEX
  5
A3F
  8
TEXT
 10
-6.836545511384547
 20
-20.9832985329884
 30
0.0
 70
0
  0
VERTEX
  5
A40
  8
TEXT
 10
-6.84191438502664
 20
-21.018412974426816
 30
0.0
 70
0
  0
VERTEX
  5
A41
  8
TEXT
 10
-6.843995102300092
 20
-21.052732913672095
 30
0.0
 70
0
  0
VERTEX
  5
A42
  8
TEXT
 10
-6.8427876632049
 20
-21.08625835072423
 30
0.0
 70
0
  0
VERTEX
  5
A43
  8
TEXT
 10
-6.837227360328003
 20
-21.12491895971825
 30
0.0
 70
0
  0
VERTEX
  5
A44
  8
TEXT
 10
-6.827390093168143
 20
-21.16139314040695
 30
0.0
 70
0
  0
VERTEX
  5
A45
  8
TEXT
 10
-6.813275861725317
 20
-21.195680892790328
 30
0.0
 70
0
  0
VERTEX
  5
A46
  8
TEXT
 10
-6.794884665999526
 20
-21.227782216868388
 30
0.0
 70
0
  0
VERTEX
  5
A47
  8
TEXT
 10
-6.772216505990771
 20
-21.257697112641125
 30
0.0
 70
0
  0
VERTEX
  5
A48
  8
TEXT
 10
-6.750148658828688
 20
-21.28066001304033
 30
0.0
 70
0
  0
VERTEX
  5
A49
  8
TEXT
 10
-6.725289520926168
 20
-21.30151257820448
 30
0.0
 70
0
  0
VERTEX
  5
A4A
  8
TEXT
 10
-6.697639092283211
 20
-21.32025480813358
 30
0.0
 70
0
  0
VERTEX
  5
A4B
  8
TEXT
 10
-6.6671973728998175
 20
-21.336886702827623
 30
0.0
 70
0
  0
VERTEX
  5
A4C
  8
TEXT
 10
-6.633964362775986
 20
-21.351408262286615
 30
0.0
 70
0
  0
VERTEX
  5
A4D
  8
TEXT
 10
-6.597940061911718
 20
-21.363819486510554
 30
0.0
 70
0
  0
VERTEX
  5
A4E
  8
TEXT
 10
-6.559673995673317
 20
-21.373863988783476
 30
0.0
 70
0
  0
VERTEX
  5
A4F
  8
TEXT
 10
-6.521685160281535
 20
-21.380687695199608
 30
0.0
 70
0
  0
VERTEX
  5
A50
  8
TEXT
 10
-6.483973555736374
 20
-21.38429060575895
 30
0.0
 70
0
  0
VERTEX
  5
A51
  8
TEXT
 10
-6.446539182037831
 20
-21.3846727204615
 30
0.0
 70
0
  0
VERTEX
  5
A52
  8
TEXT
 10
-6.409382039185907
 20
-21.381834039307257
 30
0.0
 70
0
  0
VERTEX
  5
A53
  8
TEXT
 10
-6.372502127180603
 20
-21.375774562296222
 30
0.0
 70
0
  0
VERTEX
  5
A54
  8
TEXT
 10
-6.33622034077745
 20
-21.36666576238648
 30
0.0
 70
0
  0
VERTEX
  5
A55
  8
TEXT
 10
-6.300857574731981
 20
-21.3546791125361
 30
0.0
 70
0
  0
VERTEX
  5
A56
  8
TEXT
 10
-6.266413829044195
 20
-21.33981461274509
 30
0.0
 70
0
  0
VERTEX
  5
A57
  8
TEXT
 10
-6.232889103714093
 20
-21.322072263013446
 30
0.0
 70
0
  0
VERTEX
  5
A58
  8
TEXT
 10
-6.200283398741675
 20
-21.301452063341173
 30
0.0
 70
0
  0
VERTEX
  5
A59
  8
TEXT
 10
-6.168596714126941
 20
-21.277954013728266
 30
0.0
 70
0
  0
VERTEX
  5
A5A
  8
TEXT
 10
-6.14257564483679
 20
-21.255563240250083
 30
0.0
 70
0
  0
VERTEX
  5
A5B
  8
TEXT
 10
-6.118044735999297
 20
-21.231140019101066
 30
0.0
 70
0
  0
VERTEX
  5
A5C
  8
TEXT
 10
-6.095003987614463
 20
-21.20468435028121
 30
0.0
 70
0
  0
VERTEX
  5
A5D
  8
TEXT
 10
-6.073453399682286
 20
-21.176196233790517
 30
0.0
 70
0
  0
VERTEX
  5
A5E
  8
TEXT
 10
-6.053392972202767
 20
-21.145675669628986
 30
0.0
 70
0
  0
VERTEX
  5
A5F
  8
TEXT
 10
-6.034822705175906
 20
-21.11312265779662
 30
0.0
 70
0
  0
VERTEX
  5
A60
  8
TEXT
 10
-6.0177425986017035
 20
-21.078537198293414
 30
0.0
 70
0
  0
VERTEX
  5
A61
  8
TEXT
 10
-5.59970652638661
 20
-20.179443486034607
 30
0.0
 70
0
  0
VERTEX
  5
A62
  8
TEXT
 10
-5.324965342191298
 20
-20.26282084901327
 30
0.0
 70
0
  0
VERTEX
  5
A63
  8
TEXT
 10
-6.029760906278906
 20
-21.787898225979646
 30
0.0
 70
0
  0
VERTEX
  5
A64
  8
TEXT
 10
-6.298593677910876
 20
-21.706313924570416
 30
0.0
 70
0
  0
VERTEX
  5
A65
  8
TEXT
 10
-6.219375119005075
 20
-21.53032538138461
 30
0.0
 70
0
  0
VERTEX
  5
A66
  8
TEXT
 10
-6.250252435550273
 20
-21.551156439215454
 30
0.0
 70
0
  0
VERTEX
  5
A67
  8
TEXT
 10
-6.2822230978835165
 20
-21.56968407610488
 30
0.0
 70
0
  0
VERTEX
  5
A68
  8
TEXT
 10
-6.315287106004806
 20
-21.585908292052885
 30
0.0
 70
0
  0
VERTEX
  5
A69
  8
TEXT
 10
-6.349444459914141
 20
-21.599829087059476
 30
0.0
 70
0
  0
VERTEX
  5
A6A
  8
TEXT
 10
-6.38469515961152
 20
-21.611446461124643
 30
0.0
 70
0
  0
VERTEX
  5
A6B
  8
TEXT
 10
-6.421039205096945
 20
-21.620760414248394
 30
0.0
 70
0
  0
VERTEX
  5
A6C
  8
TEXT
 10
-6.457375778104059
 20
-21.62801539944326
 30
0.0
 70
0
  0
VERTEX
  5
A6D
  8
TEXT
 10
-6.493917040936136
 20
-21.63305741159524
 30
0.0
 70
0
  0
VERTEX
  5
A6E
  8
TEXT
 10
-6.530662993593176
 20
-21.63588645070433
 30
0.0
 70
0
  0
VERTEX
  5
A6F
  8
TEXT
 10
-6.567613636075181
 20
-21.636502516770534
 30
0.0
 70
0
  0
VERTEX
  5
A70
  8
TEXT
 10
-6.604768968382148
 20
-21.634905609793847
 30
0.0
 70
0
  0
VERTEX
  5
A71
  8
TEXT
 10
-6.642128990514078
 20
-21.631095729774273
 30
0.0
 70
0
  0
VERTEX
  5
A72
  8
TEXT
 10
-6.679693702470972
 20
-21.62507287671181
 30
0.0
 70
0
  0
VERTEX
  5
A73
  8
TEXT
 10
-6.717463104252829
 20
-21.61683705060646
 30
0.0
 70
0
  0
SEQEND
  5
A1C
  8
TEXT
  0
POLYLINE
  5
A74
  8
TEXT
 66
1
 10
0.0
 20
0.0
 30
0.0
 70
1
  0
VERTEX
  5
A76
  8
TEXT
 10
-4.882785078585184
 20
-22.10425140208572
 30
0.0
 70
0
  0
VERTEX
  5
A77
  8
TEXT
 10
-4.922166630269114
 20
-22.094748485787584
 30
0.0
 70
0
  0
VERTEX
  5
A78
  8
TEXT
 10
-4.960378405400936
 20
-22.083673934020602
 30
0.0
 70
0
  0
VERTEX
  5
A79
  8
TEXT
 10
-4.997420403980651
 20
-22.071027746784782
 30
0.0
 70
0
  0
VERTEX
  5
A7A
  8
TEXT
 10
-5.033292626008258
 20
-22.05680992408012
 30
0.0
 70
0
  0
VERTEX
  5
A7B
  8
TEXT
 10
-5.067995071483757
 20
-22.04102046590662
 30
0.0
 70
0
  0
VERTEX
  5
A7C
  8
TEXT
 10
-5.101527740407149
 20
-22.023659372264277
 30
0.0
 70
0
  0
VERTEX
  5
A7D
  8
TEXT
 10
-5.133890632778433
 20
-22.00472664315309
 30
0.0
 70
0
  0
VERTEX
  5
A7E
  8
TEXT
 10
-5.16508374859761
 20
-21.984222278573068
 30
0.0
 70
0
  0
VERTEX
  5
A7F
  8
TEXT
 10
-5.194877425410187
 20
-21.962338315737625
 30
0.0
 70
0
  0
VERTEX
  5
A80
  8
TEXT
 10
-5.223042000761672
 20
-21.9392667918602
 30
0.0
 70
0
  0
VERTEX
  5
A81
  8
TEXT
 10
-5.249577474652066
 20
-21.91500770694078
 30
0.0
 70
0
  0
VERTEX
  5
A82
  8
TEXT
 10
-5.274483847081367
 20
-21.889561060979375
 30
0.0
 70
0
  0
VERTEX
  5
A83
  8
TEXT
 10
-5.297761118049577
 20
-21.86292685397598
 30
0.0
 70
0
  0
VERTEX
  5
A84
  8
TEXT
 10
-5.319409287556695
 20
-21.835105085930596
 30
0.0
 70
0
  0
VERTEX
  5
A85
  8
TEXT
 10
-5.339428355602722
 20
-21.806095756843227
 30
0.0
 70
0
  0
VERTEX
  5
A86
  8
TEXT
 10
-5.357818322187658
 20
-21.775898866713867
 30
0.0
 70
0
  0
VERTEX
  5
A87
  8
TEXT
 10
-5.374421820617341
 20
-21.74478325740104
 30
0.0
 70
0
  0
VERTEX
  5
A88
  8
TEXT
 10
-5.3890814841976145
 20
-21.713017770763265
 30
0.0
 70
0
  0
VERTEX
  5
A89
  8
TEXT
 10
-5.401797312928477
 20
-21.68060240680055
 30
0.0
 70
0
  0
VERTEX
  5
A8A
  8
TEXT
 10
-5.412569306809929
 20
-21.647537165512883
 30
0.0
 70
0
  0
VERTEX
  5
A8B
  8
TEXT
 10
-5.42139746584197
 20
-21.613822046900275
 30
0.0
 70
0
  0
VERTEX
  5
A8C
  8
TEXT
 10
-5.4282817900246005
 20
-21.579457050962716
 30
0.0
 70
0
  0
VERTEX
  5
A8D
  8
TEXT
 10
-5.433222279357819
 20
-21.544442177700216
 30
0.0
 70
0
  0
VERTEX
  5
A8E
  8
TEXT
 10
-5.436218933841628
 20
-21.50877742711277
 30
0.0
 70
0
  0
VERTEX
  5
A8F
  8
TEXT
 10
-5.18356641064208
 20
-21.465928895086112
 30
0.0
 70
0
  0
VERTEX
  5
A90
  8
TEXT
 10
-5.176805233531307
 20
-21.50391441175793
 30
0.0
 70
0
  0
VERTEX
  5
A91
  8
TEXT
 10
-5.167666688142878
 20
-21.54039419205243
 30
0.0
 70
0
  0
VERTEX
  5
A92
  8
TEXT
 10
-5.156150774476794
 20
-21.575368235969613
 30
0.0
 70
0
  0
VERTEX
  5
A93
  8
TEXT
 10
-5.142257492533055
 20
-21.60883654350948
 30
0.0
 70
0
  0
VERTEX
  5
A94
  8
TEXT
 10
-5.125986842311661
 20
-21.640799114672024
 30
0.0
 70
0
  0
VERTEX
  5
A95
  8
TEXT
 10
-5.10733882381261
 20
-21.671255949457258
 30
0.0
 70
0
  0
VERTEX
  5
A96
  8
TEXT
 10
-5.086313437035905
 20
-21.70020704786517
 30
0.0
 70
0
  0
VERTEX
  5
A97
  8
TEXT
 10
-5.062910681981544
 20
-21.727652409895768
 30
0.0
 70
0
  0
VERTEX
  5
A98
  8
TEXT
 10
-5.037464348270984
 20
-21.75319831243875
 30
0.0
 70
0
  0
VERTEX
  5
A99
  8
TEXT
 10
-5.0103082255256846
 20
-21.77645103238382
 30
0.0
 70
0
  0
VERTEX
  5
A9A
  8
TEXT
 10
-4.981442313745643
 20
-21.797410569730985
 30
0.0
 70
0
  0
VERTEX
  5
A9B
  8
TEXT
 10
-4.950866612930861
 20
-21.816076924480235
 30
0.0
 70
0
  0
VERTEX
  5
A9C
  8
TEXT
 10
-4.918581123081338
 20
-21.832450096631575
 30
0.0
 70
0
  0
VERTEX
  5
A9D
  8
TEXT
 10
-4.8845858441970735
 20
-21.846530086185005
 30
0.0
 70
0
  0
VERTEX
  5
A9E
  8
TEXT
 10
-4.848880776278069
 20
-21.858316893140525
 30
0.0
 70
0
  0
VERTEX
  5
A9F
  8
TEXT
 10
-4.8114659193243225
 20
-21.867810517498135
 30
0.0
 70
0
  0
VERTEX
  5
AA0
  8
TEXT
 10
-4.771328480275139
 20
-21.87504142391223
 30
0.0
 70
0
  0
VERTEX
  5
AA1
  8
TEXT
 10
-4.732788115606262
 20
-21.87887701402129
 30
0.0
 70
0
  0
VERTEX
  5
AA2
  8
TEXT
 10
-4.69584482531769
 20
-21.879317287825312
 30
0.0
 70
0
  0
VERTEX
  5
AA3
  8
TEXT
 10
-4.660498609409425
 20
-21.8763622453243
 30
0.0
 70
0
  0
VERTEX
  5
AA4
  8
TEXT
 10
-4.626749467881465
 20
-21.870011886518256
 30
0.0
 70
0
  0
VERTEX
  5
AA5
  8
TEXT
 10
-4.594597400733813
 20
-21.860266211407176
 30
0.0
 70
0
  0
VERTEX
  5
AA6
  8
TEXT
 10
-4.564042407966466
 20
-21.847125219991057
 30
0.0
 70
0
  0
VERTEX
  5
AA7
  8
TEXT
 10
-4.531575343761671
 20
-21.82830261386991
 30
0.0
 70
0
  0
VERTEX
  5
AA8
  8
TEXT
 10
-4.503605880827406
 20
-21.8064583111666
 30
0.0
 70
0
  0
VERTEX
  5
AA9
  8
TEXT
 10
-4.48013401916367
 20
-21.78159231188114
 30
0.0
 70
0
  0
VERTEX
  5
AAA
  8
TEXT
 10
-4.461159758770465
 20
-21.753704616013522
 30
0.0
 70
0
  0
VERTEX
  5
AAB
  8
TEXT
 10
-4.446683099647788
 20
-21.72279522356375
 30
0.0
 70
0
  0
VERTEX
  5
AAC
  8
TEXT
 10
-4.436704041795641
 20
-21.688864134531826
 30
0.0
 70
0
  0
VERTEX
  5
AAD
  8
TEXT
 10
-4.432135480835661
 20
-21.65105393918802
 30
0.0
 70
0
  0
VERTEX
  5
AAE
  8
TEXT
 10
-4.435370574409737
 20
-21.615293981758093
 30
0.0
 70
0
  0
VERTEX
  5
AAF
  8
TEXT
 10
-4.44640932251787
 20
-21.58158426224204
 30
0.0
 70
0
  0
VERTEX
  5
AB0
  8
TEXT
 10
-4.46525172516006
 20
-21.549924780639856
 30
0.0
 70
0
  0
VERTEX
  5
AB1
  8
TEXT
 10
-4.485516528904252
 20
-21.525850680454717
 30
0.0
 70
0
  0
VERTEX
  5
AB2
  8
TEXT
 10
-4.5099201722820785
 20
-21.50264336013168
 30
0.0
 70
0
  0
VERTEX
  5
AB3
  8
TEXT
 10
-4.53846265529354
 20
-21.480302819670758
 30
0.0
 70
0
  0
VERTEX
  5
AB4
  8
TEXT
 10
-4.571143977938637
 20
-21.458829059071945
 30
0.0
 70
0
  0
VERTEX
  5
AB5
  8
TEXT
 10
-4.607964140217368
 20
-21.43822207833524
 30
0.0
 70
0
  0
VERTEX
  5
AB6
  8
TEXT
 10
-4.831616465786879
 20
-21.319134978286684
 30
0.0
 70
0
  0
VERTEX
  5
AB7
  8
TEXT
 10
-4.869102064929098
 20
-21.298261146889804
 30
0.0
 70
0
  0
VERTEX
  5
AB8
  8
TEXT
 10
-4.904083126273383
 20
-21.276412182375925
 30
0.0
 70
0
  0
VERTEX
  5
AB9
  8
TEXT
 10
-4.936559649819732
 20
-21.253588084745044
 30
0.0
 70
0
  0
VERTEX
  5
ABA
  8
TEXT
 10
-4.966531635568146
 20
-21.22978885399716
 30
0.0
 70
0
  0
VERTEX
  5
ABB
  8
TEXT
 10
-4.9939990835186245
 20
-21.205014490132278
 30
0.0
 70
0
  0
VERTEX
  5
ABC
  8
TEXT
 10
-5.0189619936711685
 20
-21.179264993150394
 30
0.0
 70
0
  0
VERTEX
  5
ABD
  8
TEXT
 10
-5.041420366025776
 20
-21.15254036305151
 30
0.0
 70
0
  0
VERTEX
  5
ABE
  8
TEXT
 10
-5.061374200582449
 20
-21.124840599835625
 30
0.0
 70
0
  0
VERTEX
  5
ABF
  8
TEXT
 10
-5.078823497341187
 20
-21.09616570350274
 30
0.0
 70
0
  0
VERTEX
  5
AC0
  8
TEXT
 10
-5.095387180495212
 20
-21.063028341513988
 30
0.0
 70
0
  0
VERTEX
  5
AC1
  8
TEXT
 10
-5.108634917272807
 20
-21.02923179705335
 30
0.0
 70
0
  0
VERTEX
  5
AC2
  8
TEXT
 10
-5.118566707673972
 20
-20.99477607012082
 30
0.0
 70
0
  0
VERTEX
  5
AC3
  8
TEXT
 10
-5.125182551698707
 20
-20.959661160716408
 30
0.0
 70
0
  0
VERTEX
  5
AC4
  8
TEXT
 10
-5.128482449347011
 20
-20.923887068840102
 30
0.0
 70
0
  0
VERTEX
  5
AC5
  8
TEXT
 10
-5.128466400618884
 20
-20.887453794491915
 30
0.0
 70
0
  0
VERTEX
  5
AC6
  8
TEXT
 10
-5.125134405514327
 20
-20.850361337671835
 30
0.0
 70
0
  0
VERTEX
  5
AC7
  8
TEXT
 10
-5.118486464033339
 20
-20.81260969837987
 30
0.0
 70
0
  0
VERTEX
  5
AC8
  8
TEXT
 10
-5.109474380345155
 20
-20.777317738467673
 30
0.0
 70
0
  0
VERTEX
  5
AC9
  8
TEXT
 10
-5.098145354051075
 20
-20.743456859036332
 30
0.0
 70
0
  0
VERTEX
  5
ACA
  8
TEXT
 10
-5.0844993851511
 20
-20.71102706008585
 30
0.0
 70
0
  0
VERTEX
  5
ACB
  8
TEXT
 10
-5.068536473645229
 20
-20.68002834161623
 30
0.0
 70
0
  0
VERTEX
  5
ACC
  8
TEXT
 10
-5.050256619533462
 20
-20.650460703627463
 30
0.0
 70
0
  0
VERTEX
  5
ACD
  8
TEXT
 10
-5.0296598228158
 20
-20.622324146119553
 30
0.0
 70
0
  0
VERTEX
  5
ACE
  8
TEXT
 10
-5.006746083492243
 20
-20.595618669092506
 30
0.0
 70
0
  0
VERTEX
  5
ACF
  8
TEXT
 10
-4.981515401562789
 20
-20.570344272546315
 30
0.0
 70
0
  0
VERTEX
  5
AD0
  8
TEXT
 10
-4.954397283838423
 20
-20.54671585357518
 30
0.0
 70
0
  0
VERTEX
  5
AD1
  8
TEXT
 10
-4.925821237130126
 20
-20.524948309273302
 30
0.0
 70
0
  0
VERTEX
  5
AD2
  8
TEXT
 10
-4.895787261437898
 20
-20.505041639640684
 30
0.0
 70
0
  0
VERTEX
  5
AD3
  8
TEXT
 10
-4.86429535676174
 20
-20.48699584467732
 30
0.0
 70
0
  0
VERTEX
  5
AD4
  8
TEXT
 10
-4.8313455231016516
 20
-20.470810924383215
 30
0.0
 70
0
  0
VERTEX
  5
AD5
  8
TEXT
 10
-4.796937760457632
 20
-20.456486878758366
 30
0.0
 70
0
  0
VERTEX
  5
AD6
  8
TEXT
 10
-4.761072068829682
 20
-20.444023707802774
 30
0.0
 70
0
  0
VERTEX
  5
AD7
  8
TEXT
 10
-4.7237484482178
 20
-20.433421411516438
 30
0.0
 70
0
  0
VERTEX
  5
AD8
  8
TEXT
 10
-4.689736320012495
 20
-20.425752605604302
 30
0.0
 70
0
  0
VERTEX
  5
AD9
  8
TEXT
 10
-4.655348975581193
 20
-20.419940603782035
 30
0.0
 70
0
  0
VERTEX
  5
ADA
  8
TEXT
 10
-4.620586414923894
 20
-20.415985406049636
 30
0.0
 70
0
  0
VERTEX
  5
ADB
  8
TEXT
 10
-4.585448638040599
 20
-20.413887012407113
 30
0.0
 70
0
  0
VERTEX
  5
ADC
  8
TEXT
 10
-4.549935644931308
 20
-20.413645422854458
 30
0.0
 70
0
  0
VERTEX
  5
ADD
  8
TEXT
 10
-4.51404743559602
 20
-20.415260637391672
 30
0.0
 70
0
  0
VERTEX
  5
ADE
  8
TEXT
 10
-4.477784010034737
 20
-20.418732656018758
 30
0.0
 70
0
  0
VERTEX
  5
ADF
  8
TEXT
 10
-4.441145368247457
 20
-20.424061478735716
 30
0.0
 70
0
  0
VERTEX
  5
AE0
  8
TEXT
 10
-4.404131510234181
 20
-20.431247105542543
 30
0.0
 70
0
  0
VERTEX
  5
AE1
  8
TEXT
 10
-4.364397007552285
 20
-20.44089290191547
 30
0.0
 70
0
  0
VERTEX
  5
AE2
  8
TEXT
 10
-4.3260861224101665
 20
-20.452186763924153
 30
0.0
 70
0
  0
VERTEX
  5
AE3
  8
TEXT
 10
-4.289198854807825
 20
-20.465128691568594
 30
0.0
 70
0
  0
VERTEX
  5
AE4
  8
TEXT
 10
-4.2537352047452615
 20
-20.479718684848795
 30
0.0
 70
0
  0
VERTEX
  5
AE5
  8
TEXT
 10
-4.219695172222475
 20
-20.49595674376475
 30
0.0
 70
0
  0
VERTEX
  5
AE6
  8
TEXT
 10
-4.187078757239466
 20
-20.513842868316463
 30
0.0
 70
0
  0
VERTEX
  5
AE7
  8
TEXT
 10
-4.155885959796235
 20
-20.53337705850393
 30
0.0
 70
0
  0
VERTEX
  5
AE8
  8
TEXT
 10
-4.126116779892781
 20
-20.554559314327157
 30
0.0
 70
0
  0
VERTEX
  5
AE9
  8
TEXT
 10
-4.097771217529105
 20
-20.57738963578614
 30
0.0
 70
0
  0
VERTEX
  5
AEA
  8
TEXT
 10
-4.070849272705206
 20
-20.60186802288088
 30
0.0
 70
0
  0
VERTEX
  5
AEB
  8
TEXT
 10
-4.0453509454210845
 20
-20.627994475611377
 30
0.0
 70
0
  0
VERTEX
  5
AEC
  8
TEXT
 10
-4.0216187948633095
 20
-20.655393963937897
 30
0.0
 70
0
  0
VERTEX
  5
AED
  8
TEXT
 10
-3.99999538021845
 20
-20.68369145782071
 30
0.0
 70
0
  0
VERTEX
  5
AEE
  8
TEXT
 10
-3.9804807014865067
 20
-20.71288695725982
 30
0.0
 70
0
  0
VERTEX
  5
AEF
  8
TEXT
 10
-3.963074758667479
 20
-20.742980462255222
 30
0.0
 70
0
  0
VERTEX
  5
AF0
  8
TEXT
 10
-3.9477775517613667
 20
-20.773971972806915
 30
0.0
 70
0
  0
VERTEX
  5
AF1
  8
TEXT
 10
-3.9345890807681703
 20
-20.8058614889149
 30
0.0
 70
0
  0
VERTEX
  5
AF2
  8
TEXT
 10
-3.92350934568789
 20
-20.838649010579182
 30
0.0
 70
0
  0
VERTEX
  5
AF3
  8
TEXT
 10
-3.9145383465205255
 20
-20.872334537799755
 30
0.0
 70
0
  0
VERTEX
  5
AF4
  8
TEXT
 10
-3.907676083266076
 20
-20.90691807057662
 30
0.0
 70
0
  0
VERTEX
  5
AF5
  8
TEXT
 10
-3.9029225559245426
 20
-20.94239960890978
 30
0.0
 70
0
  0
VERTEX
  5
AF6
  8
TEXT
 10
-3.9002777644959252
 20
-20.978779152799234
 30
0.0
 70
0
  0
VERTEX
  5
AF7
  8
TEXT
 10
-4.156700706559623
 20
-21.02080531703686
 30
0.0
 70
0
  0
VERTEX
  5
AF8
  8
TEXT
 10
-4.161935946120833
 20
-20.982350071147863
 30
0.0
 70
0
  0
VERTEX
  5
AF9
  8
TEXT
 10
-4.170013305306851
 20
-20.945838259671294
 30
0.0
 70
0
  0
VERTEX
  5
AFA
  8
TEXT
 10
-4.180932784117679
 20
-20.911269882607158
 30
0.0
 70
0
  0
VERTEX
  5
AFB
  8
TEXT
 10
-4.194694382553315
 20
-20.87864493995545
 30
0.0
 70
0
  0
VERTEX
  5
AFC
  8
TEXT
 10
-4.21129810061376
 20
-20.847963431716174
 30
0.0
 70
0
  0
VERTEX
  5
AFD
  8
TEXT
 10
-4.230743938299014
 20
-20.819225357889323
 30
0.0
 70
0
  0
VERTEX
  5
AFE
  8
TEXT
 10
-4.253031895609077
 20
-20.792430718474904
 30
0.0
 70
0
  0
VERTEX
  5
AFF
  8
TEXT
 10
-4.277786736234301
 20
-20.76785481533689
 30
0.0
 70
0
  0
VERTEX
  5
B00
  8
TEXT
 10
-4.304633223865039
 20
-20.74577295033925
 30
0.0
 70
0
  0
VERTEX
  5
B01
  8
TEXT
 10
-4.333571358501291
 20
-20.72618512348199
 30
0.0
 70
0
  0
VERTEX
  5
B02
  8
TEXT
 10
-4.364601140143056
 20
-20.70909133476511
 30
0.0
 70
0
  0
VERTEX
  5
B03
  8
TEXT
 10
-4.397722568790335
 20
-20.6944915841886
 30
0.0
 70
0
  0
VERTEX
  5
B04
  8
TEXT
 10
-4.432935644443127
 20
-20.682385871752473
 30
0.0
 70
0
  0
VERTEX
  5
B05
  8
TEXT
 10
-4.470240367101433
 20
-20.67277419745672
 30
0.0
 70
0
  0
VERTEX
  5
B06
  8
TEXT
 10
-4.50787660610306
 20
-20.665975977907873
 30
0.0
 70
0
  0
VERTEX
  5
B07
  8
TEXT
 10
-4.544084230785817
 20
-20.662310629712447
 30
0.0
 70
0
  0
VERTEX
  5
B08
  8
TEXT
 10
-4.578863241149703
 20
-20.661778152870447
 30
0.0
 70
0
  0
VERTEX
  5
B09
  8
TEXT
 10
-4.612213637194718
 20
-20.664378547381872
 30
0.0
 70
0
  0
VERTEX
  5
B0A
  8
TEXT
 10
-4.644135418920863
 20
-20.67011181324672
 30
0.0
 70
0
  0
VERTEX
  5
B0B
  8
TEXT
 10
-4.6746285863281365
 20
-20.678977950464997
 30
0.0
 70
0
  0
VERTEX
  5
B0C
  8
TEXT
 10
-4.70369313941654
 20
-20.690976959036696
 30
0.0
 70
0
  0
VERTEX
  5
B0D
  8
TEXT
 10
-4.734638065685559
 20
-20.708354155715625
 30
0.0
 70
0
  0
VERTEX
  5
B0E
  8
TEXT
 10
-4.761322270658357
 20
-20.72883304250613
 30
0.0
 70
0
  0
VERTEX
  5
B0F
  8
TEXT
 10
-4.7837457543349355
 20
-20.7524136194082
 30
0.0
 70
0
  0
VERTEX
  5
B10
  8
TEXT
 10
-4.801908516715294
 20
-20.77909588642184
 30
0.0
 70
0
  0
VERTEX
  5
B11
  8
TEXT
 10
-4.815810557799431
 20
-20.80887984354705
 30
0.0
 70
0
  0
VERTEX
  5
B12
  8
TEXT
 10
-4.825451877587349
 20
-20.84176549078383
 30
0.0
 70
0
  0
VERTEX
  5
B13
  8
TEXT
 10
-4.830387200836381
 20
-20.879446319112926
 30
0.0
 70
0
  0
VERTEX
  5
B14
  8
TEXT
 10
-4.8282523941294615
 20
-20.91481817549874
 30
0.0
 70
0
  0
VERTEX
  5
B15
  8
TEXT
 10
-4.8190474574665885
 20
-20.94788105994127
 30
0.0
 70
0
  0
VERTEX
  5
B16
  8
TEXT
 10
-4.802772390847763
 20
-20.97863497244052
 30
0.0
 70
0
  0
VERTEX
  5
B17
  8
TEXT
 10
-4.784868023638128
 20
-21.001941450433375
 30
0.0
 70
0
  0
VERTEX
  5
B18
  8
TEXT
 10
-4.7628511325641085
 20
-21.024501801967777
 30
0.0
 70
0
  0
VERTEX
  5
B19
  8
TEXT
 10
-4.736721717625702
 20
-21.04631602704372
 30
0.0
 70
0
  0
VERTEX
  5
B1A
  8
TEXT
 10
-4.70647977882291
 20
-21.06738412566121
 30
0.0
 70
0
  0
VERTEX
  5
B1B
  8
TEXT
 10
-4.672125316155732
 20
-21.08770609782024
 30
0.0
 70
0
  0
VERTEX
  5
B1C
  8
TEXT
 10
-4.431333915859736
 20
-21.2223807669642
 30
0.0
 70
0
  0
VERTEX
  5
B1D
  8
TEXT
 10
-4.394640005894142
 20
-21.243910890078322
 30
0.0
 70
0
  0
VERTEX
  5
B1E
  8
TEXT
 10
-4.360327921910691
 20
-21.26634538546262
 30
0.0
 70
0
  0
VERTEX
  5
B1F
  8
TEXT
 10
-4.3283976639093815
 20
-21.2896842531171
 30
0.0
 70
0
  0
VERTEX
  5
B20
  8
TEXT
 10
-4.298849231890217
 20
-21.313927493041763
 30
0.0
 70
0
  0
VERTEX
  5
B21
  8
TEXT
 10
-4.271682625853194
 20
-21.339075105236606
 30
0.0
 70
0
  0
VERTEX
  5
B22
  8
TEXT
 10
-4.246897845798315
 20
-21.365127089701627
 30
0.0
 70
0
  0
VERTEX
  5
B23
  8
TEXT
 10
-4.224494891725577
 20
-21.39208344643683
 30
0.0
 70
0
  0
VERTEX
  5
B24
  8
TEXT
 10
-4.204473763634983
 20
-21.419944175442215
 30
0.0
 70
0
  0
VERTEX
  5
B25
  8
TEXT
 10
-4.186834461526532
 20
-21.44870927671778
 30
0.0
 70
0
  0
VERTEX
  5
B26
  8
TEXT
 10
-4.170008240695461
 20
-21.481916244000647
 30
0.0
 70
0
  0
VERTEX
  5
B27
  8
TEXT
 10
-4.1565384537163546
 20
-21.51579824917528
 30
0.0
 70
0
  0
VERTEX
  5
B28
  8
TEXT
 10
-4.1464251005892105
 20
-21.550355292241683
 30
0.0
 70
0
  0
VERTEX
  5
B29
  8
TEXT
 10
-4.13966818131403
 20
-21.58558737319985
 30
0.0
 70
0
  0
VERTEX
  5
B2A
  8
TEXT
 10
-4.136267695890813
 20
-21.621494492049784
 30
0.0
 70
0
  0
VERTEX
  5
B2B
  8
TEXT
 10
-4.136223644319559
 20
-21.658076648791486
 30
0.0
 70
0
  0
VERTEX
  5
B2C
  8
TEXT
 10
-4.139536026600268
 20
-21.695333843424955
 30
0.0
 70
0
  0
VERTEX
  5
B2D
  8
TEXT
 10
-4.146204842732941
 20
-21.733266075950187
 30
0.0
 70
0
  0
VERTEX
  5
B2E
  8
TEXT
 10
-4.155153648430318
 20
-21.768183030406433
 30
0.0
 70
0
  0
VERTEX
  5
B2F
  8
TEXT
 10
-4.166457314309783
 20
-21.801672977242752
 30
0.0
 70
0
  0
VERTEX
  5
B30
  8
TEXT
 10
-4.180115840371336
 20
-21.83373591645914
 30
0.0
 70
0
  0
VERTEX
  5
B31
  8
TEXT
 10
-4.196129226614977
 20
-21.864371848055598
 30
0.0
 70
0
  0
VERTEX
  5
B32
  8
TEXT
 10
-4.214497473040704
 20
-21.893580772032124
 30
0.0
 70
0
  0
VERTEX
  5
B33
  8
TEXT
 10
-4.23522057964852
 20
-21.921362688388722
 30
0.0
 70
0
  0
VERTEX
  5
B34
  8
TEXT
 10
-4.258298546438423
 20
-21.94771759712539
 30
0.0
 70
0
  0
VERTEX
  5
B35
  8
TEXT
 10
-4.283731373410414
 20
-21.97264549824213
 30
0.0
 70
0
  0
VERTEX
  5
B36
  8
TEXT
 10
-4.311130792709838
 20
-21.995922499997047
 30
0.0
 70
0
  0
VERTEX
  5
B37
  8
TEXT
 10
-4.340108536482036
 20
-22.01732471064825
 30
0.0
 70
0
  0
VERTEX
  5
B38
  8
TEXT
 10
-4.370664604727011
 20
-22.03685213019574
 30
0.0
 70
0
  0
VERTEX
  5
B39
  8
TEXT
 10
-4.402798997444762
 20
-22.054504758639517
 30
0.0
 70
0
  0
VERTEX
  5
B3A
  8
TEXT
 10
-4.436511714635289
 20
-22.070282595979577
 30
0.0
 70
0
  0
VERTEX
  5
B3B
  8
TEXT
 10
-4.471802756298593
 20
-22.084185642215928
 30
0.0
 70
0
  0
VERTEX
  5
B3C
  8
TEXT
 10
-4.508672122434672
 20
-22.096213897348562
 30
0.0
 70
0
  0
VERTEX
  5
B3D
  8
TEXT
 10
-4.547119813043527
 20
-22.106367361377483
 30
0.0
 70
0
  0
VERTEX
  5
B3E
  8
TEXT
 10
-4.582265786471147
 20
-22.113623070306378
 30
0.0
 70
0
  0
VERTEX
  5
B3F
  8
TEXT
 10
-4.6179493016957975
 20
-22.119006075356054
 30
0.0
 70
0
  0
VERTEX
  5
B40
  8
TEXT
 10
-4.654170358717478
 20
-22.122516376526512
 30
0.0
 70
0
  0
VERTEX
  5
B41
  8
TEXT
 10
-4.690928957536187
 20
-22.124153973817755
 30
0.0
 70
0
  0
VERTEX
  5
B42
  8
TEXT
 10
-4.728225098151927
 20
-22.123918867229783
 30
0.0
 70
0
  0
VERTEX
  5
B43
  8
TEXT
 10
-4.766058780564696
 20
-22.121811056762592
 30
0.0
 70
0
  0
VERTEX
  5
B44
  8
TEXT
 10
-4.804430004774495
 20
-22.117830542416186
 30
0.0
 70
0
  0
VERTEX
  5
B45
  8
TEXT
 10
-4.843338770781324
 20
-22.111977324190562
 30
0.0
 70
0
  0
SEQEND
  5
A75
  8
TEXT
  0
POLYLINE
  5
B46
  8
TEXT
 66
1
 10
0.0
 20
0.0
 30
0.0
 70
1
  0
VERTEX
  5
B48
  8
TEXT
 10
-2.3545382059609254
 20
-22.514267450000233
 30
0.0
 70
0
  0
VERTEX
  5
B49
  8
TEXT
 10
-2.3952044031914705
 20
-22.50916123537302
 30
0.0
 70
0
  0
VERTEX
  5
B4A
  8
TEXT
 10
-2.434852416811725
 20
-22.50240371176932
 30
0.0
 70
0
  0
VERTEX
  5
B4B
  8
TEXT
 10
-2.4734822468216886
 20
-22.49399487918912
 30
0.0
 70
0
  0
VERTEX
  5
B4C
  8
TEXT
 10
-2.511093893221361
 20
-22.483934737632435
 30
0.0
 70
0
  0
VERTEX
  5
B4D
  8
TEXT
 10
-2.547687356010743
 20
-22.47222328709925
 30
0.0
 70
0
  0
VERTEX
  5
B4E
  8
TEXT
 10
-2.583262635189834
 20
-22.45886052758958
 30
0.0
 70
0
  0
VERTEX
  5
B4F
  8
TEXT
 10
-2.617819730758634
 20
-22.443846459103412
 30
0.0
 70
0
  0
VERTEX
  5
B50
  8
TEXT
 10
-2.6513586427171436
 20
-22.427181081640754
 30
0.0
 70
0
  0
VERTEX
  5
B51
  8
TEXT
 10
-2.6838793710653617
 20
-22.408864395201604
 30
0.0
 70
0
  0
VERTEX
  5
B52
  8
TEXT
 10
-2.715381915803289
 20
-22.38889639978596
 30
0.0
 70
0
  0
VERTEX
  5
B53
  8
TEXT
 10
-2.745866276930926
 20
-22.367277095393824
 30
0.0
 70
0
  0
VERTEX
  5
B54
  8
TEXT
 10
-2.7751373161883754
 20
-22.34425763606681
 30
0.0
 70
0
  0
VERTEX
  5
B55
  8
TEXT
 10
-2.802999895315741
 20
-22.320089175846533
 30
0.0
 70
0
  0
VERTEX
  5
B56
  8
TEXT
 10
-2.829454014313022
 20
-22.294771714732995
 30
0.0
 70
0
  0
VERTEX
  5
B57
  8
TEXT
 10
-2.8544996731802197
 20
-22.26830525272619
 30
0.0
 70
0
  0
VERTEX
  5
B58
  8
TEXT
 10
-2.878136871917333
 20
-22.240689789826124
 30
0.0
 70
0
  0
VERTEX
  5
B59
  8
TEXT
 10
-2.9003656105243625
 20
-22.211925326032798
 30
0.0
 70
0
  0
VERTEX
  5
B5A
  8
TEXT
 10
-2.921185889001308
 20
-22.182011861346204
 30
0.0
 70
0
  0
VERTEX
  5
B5B
  8
TEXT
 10
-2.9405977073481697
 20
-22.15094939576635
 30
0.0
 70
0
  0
VERTEX
  5
B5C
  8
TEXT
 10
-2.9586010655649475
 20
-22.118737929293232
 30
0.0
 70
0
  0
VERTEX
  5
B5D
  8
TEXT
 10
-2.9751959636516414
 20
-22.08537746192685
 30
0.0
 70
0
  0
VERTEX
  5
B5E
  8
TEXT
 10
-2.990382401608251
 20
-22.050867993667204
 30
0.0
 70
0
  0
VERTEX
  5
B5F
  8
TEXT
 10
-3.0029372458314803
 20
-22.018437716894965
 30
0.0
 70
0
  0
VERTEX
  5
B60
  8
TEXT
 10
-3.0140510640332923
 20
-21.98546749587309
 30
0.0
 70
0
  0
VERTEX
  5
B61
  8
TEXT
 10
-3.023723856213688
 20
-21.951957330601566
 30
0.0
 70
0
  0
VERTEX
  5
B62
  8
TEXT
 10
-3.0319556223726667
 20
-21.91790722108041
 30
0.0
 70
0
  0
VERTEX
  5
B63
  8
TEXT
 10
-3.0387463625102287
 20
-21.88331716730961
 30
0.0
 70
0
  0
VERTEX
  5
B64
  8
TEXT
 10
-3.0440960766263743
 20
-21.848187169289172
 30
0.0
 70
0
  0
VERTEX
  5
B65
  8
TEXT
 10
-3.048004764721103
 20
-21.812517227019093
 30
0.0
 70
0
  0
VERTEX
  5
B66
  8
TEXT
 10
-3.050472426794415
 20
-21.776307340499375
 30
0.0
 70
0
  0
VERTEX
  5
B67
  8
TEXT
 10
-3.0514990628463106
 20
-21.739557509730016
 30
0.0
 70
0
  0
VERTEX
  5
B68
  8
TEXT
 10
-3.0510846728767893
 20
-21.702267734711018
 30
0.0
 70
0
  0
VERTEX
  5
B69
  8
TEXT
 10
-3.0492292568858517
 20
-21.664438015442382
 30
0.0
 70
0
  0
VERTEX
  5
B6A
  8
TEXT
 10
-3.045932814873497
 20
-21.626068351924104
 30
0.0
 70
0
  0
VERTEX
  5
B6B
  8
TEXT
 10
-3.041257882474018
 20
-21.587705338282852
 30
0.0
 70
0
  0
VERTEX
  5
B6C
  8
TEXT
 10
-3.0352776362621645
 20
-21.549997925296008
 30
0.0
 70
0
  0
VERTEX
  5
B6D
  8
TEXT
 10
-3.027992076237937
 20
-21.51294611296357
 30
0.0
 70
0
  0
VERTEX
  5
B6E
  8
TEXT
 10
-3.019401202401336
 20
-21.47654990128553
 30
0.0
 70
0
  0
VERTEX
  5
B6F
  8
TEXT
 10
-3.00950501475236
 20
-21.4408092902619
 30
0.0
 70
0
  0
VERTEX
  5
B70
  8
TEXT
 10
-2.9983035132910105
 20
-21.40572427989267
 30
0.0
 70
0
  0
VERTEX
  5
B71
  8
TEXT
 10
-2.9857966980172868
 20
-21.37129487017785
 30
0.0
 70
0
  0
VERTEX
  5
B72
  8
TEXT
 10
-2.971984568931189
 20
-21.33752106111743
 30
0.0
 70
0
  0
VERTEX
  5
B73
  8
TEXT
 10
-2.9568671260327166
 20
-21.304402852711416
 30
0.0
 70
0
  0
VERTEX
  5
B74
  8
TEXT
 10
-2.9404443693218707
 20
-21.271940244959808
 30
0.0
 70
0
  0
VERTEX
  5
B75
  8
TEXT
 10
-2.9208714395951656
 20
-21.236819409150776
 30
0.0
 70
0
  0
VERTEX
  5
B76
  8
TEXT
 10
-2.900098014008457
 20
-21.20286758488903
 30
0.0
 70
0
  0
VERTEX
  5
B77
  8
TEXT
 10
-2.8781240925617446
 20
-21.17008477217457
 30
0.0
 70
0
  0
VERTEX
  5
B78
  8
TEXT
 10
-2.8549496752550296
 20
-21.13847097100739
 30
0.0
 70
0
  0
VERTEX
  5
B79
  8
TEXT
 10
-2.8305747620883115
 20
-21.108026181387498
 30
0.0
 70
0
  0
VERTEX
  5
B7A
  8
TEXT
 10
-2.8049993530615893
 20
-21.078750403314892
 30
0.0
 70
0
  0
VERTEX
  5
B7B
  8
TEXT
 10
-2.778223448174864
 20
-21.050643636789566
 30
0.0
 70
0
  0
VERTEX
  5
B7C
  8
TEXT
 10
-2.7502470474281355
 20
-21.02370588181153
 30
0.0
 70
0
  0
VERTEX
  5
B7D
  8
TEXT
 10
-2.721070150821404
 20
-20.997937138380777
 30
0.0
 70
0
  0
VERTEX
  5
B7E
  8
TEXT
 10
-2.6908678567440605
 20
-20.97350122139045
 30
0.0
 70
0
  0
VERTEX
  5
B7F
  8
TEXT
 10
-2.6598152635854966
 20
-20.950561945733693
 30
0.0
 70
0
  0
VERTEX
  5
B80
  8
TEXT
 10
-2.627912371345712
 20
-20.929119311410503
 30
0.0
 70
0
  0
VERTEX
  5
B81
  8
TEXT
 10
-2.595159180024708
 20
-20.90917331842088
 30
0.0
 70
0
  0
VERTEX
  5
B82
  8
TEXT
 10
-2.561555689622483
 20
-20.890723966764824
 30
0.0
 70
0
  0
VERTEX
  5
B83
  8
TEXT
 10
-2.527101900139038
 20
-20.87377125644234
 30
0.0
 70
0
  0
VERTEX
  5
B84
  8
TEXT
 10
-2.491797811574373
 20
-20.85831518745342
 30
0.0
 70
0
  0
VERTEX
  5
B85
  8
TEXT
 10
-2.4556434239284877
 20
-20.84435575979807
 30
0.0
 70
0
  0
VERTEX
  5
B86
  8
TEXT
 10
-2.4186387372013822
 20
-20.831892973476286
 30
0.0
 70
0
  0
VERTEX
  5
B87
  8
TEXT
 10
-2.384786130730898
 20
-20.82206944034005
 30
0.0
 70
0
  0
VERTEX
  5
B88
  8
TEXT
 10
-2.3506020166013357
 20
-20.813684879110337
 30
0.0
 70
0
  0
VERTEX
  5
B89
  8
TEXT
 10
-2.316086394812694
 20
-20.806739289787146
 30
0.0
 70
0
  0
VERTEX
  5
B8A
  8
TEXT
 10
-2.2812392653649733
 20
-20.801232672370475
 30
0.0
 70
0
  0
VERTEX
  5
B8B
  8
TEXT
 10
-2.2460606282581734
 20
-20.797165026860327
 30
0.0
 70
0
  0
VERTEX
  5
B8C
  8
TEXT
 10
-2.2105504834922947
 20
-20.794536353256703
 30
0.0
 70
0
  0
VERTEX
  5
B8D
  8
TEXT
 10
-2.174708831067337
 20
-20.793346651559602
 30
0.0
 70
0
  0
VERTEX
  5
B8E
  8
TEXT
 10
-2.1385356709833
 20
-20.793595921769025
 30
0.0
 70
0
  0
VERTEX
  5
B8F
  8
TEXT
 10
-2.1020310032401843
 20
-20.79528416388497
 30
0.0
 70
0
  0
VERTEX
  5
B90
  8
TEXT
 10
-2.06519482783799
 20
-20.798411377907435
 30
0.0
 70
0
  0
VERTEX
  5
B91
  8
TEXT
 10
-2.0238866383459233
 20
-20.803602971440036
 30
0.0
 70
0
  0
VERTEX
  5
B92
  8
TEXT
 10
-1.9836386318253054
 20
-20.810478783213068
 30
0.0
 70
0
  0
VERTEX
  5
B93
  8
TEXT
 10
-1.9444508082761356
 20
-20.819038813226523
 30
0.0
 70
0
  0
VERTEX
  5
B94
  8
TEXT
 10
-1.9063231676984147
 20
-20.829283061480407
 30
0.0
 70
0
  0
VERTEX
  5
B95
  8
TEXT
 10
-1.869255710092142
 20
-20.841211527974714
 30
0.0
 70
0
  0
VERTEX
  5
B96
  8
TEXT
 10
-1.833248435457318
 20
-20.854824212709453
 30
0.0
 70
0
  0
VERTEX
  5
B97
  8
TEXT
 10
-1.7983013437939426
 20
-20.870121115684615
 30
0.0
 70
0
  0
VERTEX
  5
B98
  8
TEXT
 10
-1.7644144351020155
 20
-20.887102236900205
 30
0.0
 70
0
  0
VERTEX
  5
B99
  8
TEXT
 10
-1.7317344395130387
 20
-20.905546204923194
 30
0.0
 70
0
  0
VERTEX
  5
B9A
  8
TEXT
 10
-1.700408087158514
 20
-20.925231648320562
 30
0.0
 70
0
  0
VERTEX
  5
B9B
  8
TEXT
 10
-1.6704353780384418
 20
-20.9461585670923
 30
0.0
 70
0
  0
VERTEX
  5
B9C
  8
TEXT
 10
-1.6418163121528215
 20
-20.96832696123841
 30
0.0
 70
0
  0
VERTEX
  5
B9D
  8
TEXT
 10
-1.6145508895016536
 20
-20.9917368307589
 30
0.0
 70
0
  0
VERTEX
  5
B9E
  8
TEXT
 10
-1.5886391100849377
 20
-21.01638817565376
 30
0.0
 70
0
  0
VERTEX
  5
B9F
  8
TEXT
 10
-1.5640809739026742
 20
-21.042280995922994
 30
0.0
 70
0
  0
VERTEX
  5
BA0
  8
TEXT
 10
-1.5408764809548625
 20
-21.069415291566603
 30
0.0
 70
0
  0
VERTEX
  5
BA1
  8
TEXT
 10
-1.5192780591486788
 20
-21.097595076537292
 30
0.0
 70
0
  0
VERTEX
  5
BA2
  8
TEXT
 10
-1.499538136391297
 20
-21.126624364787762
 30
0.0
 70
0
  0
VERTEX
  5
BA3
  8
TEXT
 10
-1.4816567126827178
 20
-21.156503156318013
 30
0.0
 70
0
  0
VERTEX
  5
BA4
  8
TEXT
 10
-1.465633788022941
 20
-21.18723145112805
 30
0.0
 70
0
  0
VERTEX
  5
BA5
  8
TEXT
 10
-1.451469362411967
 20
-21.218809249217866
 30
0.0
 70
0
  0
VERTEX
  5
BA6
  8
TEXT
 10
-1.4391634358497951
 20
-21.251236550587468
 30
0.0
 70
0
  0
VERTEX
  5
BA7
  8
TEXT
 10
-1.4287160083364256
 20
-21.28451335523685
 30
0.0
 70
0
  0
VERTEX
  5
BA8
  8
TEXT
 10
-1.4201270798718588
 20
-21.318639663166014
 30
0.0
 70
0
  0
VERTEX
  5
BA9
  8
TEXT
 10
-1.6931874042520358
 20
-21.40742417192627
 30
0.0
 70
0
  0
VERTEX
  5
BAA
  8
TEXT
 10
-1.7043671598592858
 20
-21.369640823156168
 30
0.0
 70
0
  0
VERTEX
  5
BAB
  8
TEXT
 10
-1.7184614875406248
 20
-21.33369235797081
 30
0.0
 70
0
  0
VERTEX
  5
BAC
  8
TEXT
 10
-1.7354703872960517
 20
-21.299578776370208
 30
0.0
 70
0
  0
VERTEX
  5
BAD
  8
TEXT
 10
-1.7553938591255664
 20
-21.26730007835435
 30
0.0
 70
0
  0
VERTEX
  5
BAE
  8
TEXT
 10
-1.7782319030291696
 20
-21.23685626392324
 30
0.0
 70
0
  0
VERTEX
  5
BAF
  8
TEXT
 10
-1.8039845190068613
 20
-21.20824733307688
 30
0.0
 70
0
  0
VERTEX
  5
BB0
  8
TEXT
 10
-1.8326517070586408
 20
-21.181473285815265
 30
0.0
 70
0
  0
VERTEX
  5
BB1
  8
TEXT
 10
-1.8597861635506594
 20
-21.160010898128867
 30
0.0
 70
0
  0
VERTEX
  5
BB2
  8
TEXT
 10
-1.8884717033712735
 20
-21.140872794640835
 30
0.0
 70
0
  0
VERTEX
  5
BB3
  8
TEXT
 10
-1.9187083265204832
 20
-21.124058975351176
 30
0.0
 70
0
  0
VERTEX
  5
BB4
  8
TEXT
 10
-1.9504960329982883
 20
-21.10956944025988
 30
0.0
 70
0
  0
VERTEX
  5
BB5
  8
TEXT
 10
-1.983834822804689
 20
-21.097404189366955
 30
0.0
 70
0
  0
VERTEX
  5
BB6
  8
TEXT
 10
-2.018724695939685
 20
-21.087563222672397
 30
0.0
 70
0
  0
VERTEX
  5
BB7
  8
TEXT
 10
-2.055165652403277
 20
-21.08004654017621
 30
0.0
 70
0
  0
VERTEX
  5
BB8
  8
TEXT
 10
-2.093157692195464
 20
-21.07485414187839
 30
0.0
 70
0
  0
VERTEX
  5
BB9
  8
TEXT
 10
-2.1306668103325874
 20
-21.072080352607987
 30
0.0
 70
0
  0
VERTEX
  5
BBA
  8
TEXT
 10
-2.1674502432184144
 20
-21.07163328073603
 30
0.0
 70
0
  0
VERTEX
  5
BBB
  8
TEXT
 10
-2.2035079908529456
 20
-21.073512926262513
 30
0.0
 70
0
  0
VERTEX
  5
BBC
  8
TEXT
 10
-2.238840053236181
 20
-21.077719289187446
 30
0.0
 70
0
  0
VERTEX
  5
BBD
  8
TEXT
 10
-2.2734464303681206
 20
-21.08425236951082
 30
0.0
 70
0
  0
VERTEX
  5
BBE
  8
TEXT
 10
-2.307327122248765
 20
-21.09311216723264
 30
0.0
 70
0
  0
VERTEX
  5
BBF
  8
TEXT
 10
-2.340482128878113
 20
-21.1042986823529
 30
0.0
 70
0
  0
VERTEX
  5
BC0
  8
TEXT
 10
-2.372911450256165
 20
-21.11781191487161
 30
0.0
 70
0
  0
VERTEX
  5
BC1
  8
TEXT
 10
-2.4046150863829214
 20
-21.13365186478876
 30
0.0
 70
0
  0
VERTEX
  5
BC2
  8
TEXT
 10
-2.435317487321107
 20
-21.151425662697875
 30
0.0
 70
0
  0
VERTEX
  5
BC3
  8
TEXT
 10
-2.464743103133446
 20
-21.170740439192464
 30
0.0
 70
0
  0
VERTEX
  5
BC4
  8
TEXT
 10
-2.4928919338199393
 20
-21.191596194272535
 30
0.0
 70
0
  0
VERTEX
  5
BC5
  8
TEXT
 10
-2.519763979380587
 20
-21.21399292793808
 30
0.0
 70
0
  0
VERTEX
  5
BC6
  8
TEXT
 10
-2.5453592398153884
 20
-21.237930640189106
 30
0.0
 70
0
  0
VERTEX
  5
BC7
  8
TEXT
 10
-2.5696777151243433
 20
-21.26340933102561
 30
0.0
 70
0
  0
VERTEX
  5
BC8
  8
TEXT
 10
-2.5927194053074527
 20
-21.290429000447592
 30
0.0
 70
0
  0
VERTEX
  5
BC9
  8
TEXT
 10
-2.6144843103647157
 20
-21.31898964845505
 30
0.0
 70
0
  0
VERTEX
  5
BCA
  8
TEXT
 10
-2.634972430296133
 20
-21.349091275047993
 30
0.0
 70
0
  0
VERTEX
  5
BCB
  8
TEXT
 10
-2.6539371402035363
 20
-21.38034279373696
 30
0.0
 70
0
  0
VERTEX
  5
BCC
  8
TEXT
 10
-2.671131815188758
 20
-21.412353118032513
 30
0.0
 70
0
  0
VERTEX
  5
BCD
  8
TEXT
 10
-2.686556455251798
 20
-21.44512224793465
 30
0.0
 70
0
  0
VERTEX
  5
BCE
  8
TEXT
 10
-2.700211060392657
 20
-21.478650183443364
 30
0.0
 70
0
  0
VERTEX
  5
BCF
  8
TEXT
 10
-2.7120956306113344
 20
-21.512936924558662
 30
0.0
 70
0
  0
VERTEX
  5
BD0
  8
TEXT
 10
-2.72221016590783
 20
-21.547982471280545
 30
0.0
 70
0
  0
VERTEX
  5
BD1
  8
TEXT
 10
-2.7305546662821443
 20
-21.58378682360901
 30
0.0
 70
0
  0
VERTEX
  5
BD2
  8
TEXT
 10
-2.737129131734277
 20
-21.620349981544056
 30
0.0
 70
0
  0
VERTEX
  5
BD3
  8
TEXT
 10
-2.7419335622642285
 20
-21.657671945085685
 30
0.0
 70
0
  0
VERTEX
  5
BD4
  8
TEXT
 10
-2.744934868622792
 20
-21.695988766023945
 30
0.0
 70
0
  0
VERTEX
  5
BD5
  8
TEXT
 10
-2.7458782753012123
 20
-21.733404065925747
 30
0.0
 70
0
  0
VERTEX
  5
BD6
  8
TEXT
 10
-2.7447637822994886
 20
-21.7699178447911
 30
0.0
 70
0
  0
VERTEX
  5
BD7
  8
TEXT
 10
-2.741591389617621
 20
-21.805530102619997
 30
0.0
 70
0
  0
VERTEX
  5
BD8
  8
TEXT
 10
-2.7363610972556094
 20
-21.84024083941244
 30
0.0
 70
0
  0
VERTEX
  5
BD9
  8
TEXT
 10
-2.729072905213454
 20
-21.874050055168432
 30
0.0
 70
0
  0
VERTEX
  5
BDA
  8
TEXT
 10
-2.7197268134911545
 20
-21.90695774988797
 30
0.0
 70
0
  0
VERTEX
  5
BDB
  8
TEXT
 10
-2.708322822088711
 20
-21.938963923571055
 30
0.0
 70
0
  0
VERTEX
  5
BDC
  8
TEXT
 10
-2.6930097784752016
 20
-21.974080998431123
 30
0.0
 70
0
  0
VERTEX
  5
BDD
  8
TEXT
 10
-2.6754887990461373
 20
-22.00730556434881
 30
0.0
 70
0
  0
VERTEX
  5
BDE
  8
TEXT
 10
-2.6557598838015184
 20
-22.0386376213241
 30
0.0
 70
0
  0
VERTEX
  5
BDF
  8
TEXT
 10
-2.6338230327413443
 20
-22.068077169357004
 30
0.0
 70
0
  0
VERTEX
  5
BE0
  8
TEXT
 10
-2.609678245865615
 20
-22.095624208447514
 30
0.0
 70
0
  0
VERTEX
  5
BE1
  8
TEXT
 10
-2.583325523174331
 20
-22.12127873859564
 30
0.0
 70
0
  0
VERTEX
  5
BE2
  8
TEXT
 10
-2.554764864667492
 20
-22.145040759801375
 30
0.0
 70
0
  0
VERTEX
  5
BE3
  8
TEXT
 10
-2.524352109464129
 20
-22.166524883825883
 30
0.0
 70
0
  0
VERTEX
  5
BE4
  8
TEXT
 10
-2.4924430966832727
 20
-22.18534572243032
 30
0.0
 70
0
  0
VERTEX
  5
BE5
  8
TEXT
 10
-2.4590378263249235
 20
-22.20150327561469
 30
0.0
 70
0
  0
VERTEX
  5
BE6
  8
TEXT
 10
-2.4241362983890813
 20
-22.214997543378992
 30
0.0
 70
0
  0
VERTEX
  5
BE7
  8
TEXT
 10
-2.3877385128757456
 20
-22.225828525723223
 30
0.0
 70
0
  0
VERTEX
  5
BE8
  8
TEXT
 10
-2.3498444697849172
 20
-22.233996222647388
 30
0.0
 70
0
  0
VERTEX
  5
BE9
  8
TEXT
 10
-2.310454169116596
 20
-22.239500634151483
 30
0.0
 70
0
  0
VERTEX
  5
BEA
  8
TEXT
 10
-2.2707488771096966
 20
-22.24232498445864
 30
0.0
 70
0
  0
VERTEX
  5
BEB
  8
TEXT
 10
-2.2318550260831125
 20
-22.2424581982958
 30
0.0
 70
0
  0
VERTEX
  5
BEC
  8
TEXT
 10
-2.193772616036843
 20
-22.23990027566297
 30
0.0
 70
0
  0
VERTEX
  5
BED
  8
TEXT
 10
-2.156501646970888
 20
-22.23465121656014
 30
0.0
 70
0
  0
VERTEX
  5
BEE
  8
TEXT
 10
-2.120042118885247
 20
-22.22671102098732
 30
0.0
 70
0
  0
VERTEX
  5
BEF
  8
TEXT
 10
-2.0843940317799214
 20
-22.216079688944504
 30
0.0
 70
0
  0
VERTEX
  5
BF0
  8
TEXT
 10
-2.0495573856549103
 20
-22.202757220431696
 30
0.0
 70
0
  0
VERTEX
  5
BF1
  8
TEXT
 10
-2.0155321805102138
 20
-22.18674361544889
 30
0.0
 70
0
  0
VERTEX
  5
BF2
  8
TEXT
 10
-1.982726896369174
 20
-22.168469266319992
 30
0.0
 70
0
  0
VERTEX
  5
BF3
  8
TEXT
 10
-1.9515500132551329
 20
-22.148364565368897
 30
0.0
 70
0
  0
VERTEX
  5
BF4
  8
TEXT
 10
-1.9220015311680902
 20
-22.12642951259561
 30
0.0
 70
0
  0
VERTEX
  5
BF5
  8
TEXT
 10
-1.8940814501080465
 20
-22.102664108000127
 30
0.0
 70
0
  0
VERTEX
  5
BF6
  8
TEXT
 10
-1.867789770075001
 20
-22.077068351582447
 30
0.0
 70
0
  0
VERTEX
  5
BF7
  8
TEXT
 10
-1.8431264910689547
 20
-22.049642243342575
 30
0.0
 70
0
  0
VERTEX
  5
BF8
  8
TEXT
 10
-1.8200916130899065
 20
-22.020385783280506
 30
0.0
 70
0
  0
VERTEX
  5
BF9
  8
TEXT
 10
-1.7986851361378573
 20
-21.989298971396245
 30
0.0
 70
0
  0
VERTEX
  5
BFA
  8
TEXT
 10
-1.5633964555437891
 20
-22.15188239246181
 30
0.0
 70
0
  0
VERTEX
  5
BFB
  8
TEXT
 10
-1.5831927343720238
 20
-22.181942330891605
 30
0.0
 70
0
  0
VERTEX
  5
BFC
  8
TEXT
 10
-1.6044031082745227
 20
-22.21090954542455
 30
0.0
 70
0
  0
VERTEX
  5
BFD
  8
TEXT
 10
-1.6270275772512868
 20
-22.238784036060636
 30
0.0
 70
0
  0
VERTEX
  5
BFE
  8
TEXT
 10
-1.6510661413023149
 20
-22.26556580279987
 30
0.0
 70
0
  0
VERTEX
  5
BFF
  8
TEXT
 10
-1.6765188004276084
 20
-22.29125484564225
 30
0.0
 70
0
  0
VERTEX
  5
C00
  8
TEXT
 10
-1.7033855546271661
 20
-22.315851164587773
 30
0.0
 70
0
  0
VERTEX
  5
C01
  8
TEXT
 10
-1.7316664039009888
 20
-22.339354759636443
 30
0.0
 70
0
  0
VERTEX
  5
C02
  8
TEXT
 10
-1.761361348249076
 20
-22.36176563078826
 30
0.0
 70
0
  0
VERTEX
  5
C03
  8
TEXT
 10
-1.7922458987753767
 20
-22.382907060611704
 30
0.0
 70
0
  0
VERTEX
  5
C04
  8
TEXT
 10
-1.8240955665838394
 20
-22.40260233167527
 30
0.0
 70
0
  0
VERTEX
  5
C05
  8
TEXT
 10
-1.8569103516744647
 20
-22.420851443978947
 30
0.0
 70
0
  0
VERTEX
  5
C06
  8
TEXT
 10
-1.8906902540472517
 20
-22.437654397522742
 30
0.0
 70
0
  0
VERTEX
  5
C07
  8
TEXT
 10
-1.925435273702201
 20
-22.45301119230665
 30
0.0
 70
0
  0
VERTEX
  5
C08
  8
TEXT
 10
-1.9611454106393125
 20
-22.46692182833068
 30
0.0
 70
0
  0
VERTEX
  5
C09
  8
TEXT
 10
-1.997820664858586
 20
-22.479386305594822
 30
0.0
 70
0
  0
VERTEX
  5
C0A
  8
TEXT
 10
-2.0354610363600214
 20
-22.49040462409908
 30
0.0
 70
0
  0
VERTEX
  5
C0B
  8
TEXT
 10
-2.069522082023256
 20
-22.49883373681337
 30
0.0
 70
0
  0
VERTEX
  5
C0C
  8
TEXT
 10
-2.1039311209818177
 20
-22.50581842762412
 30
0.0
 70
0
  0
VERTEX
  5
C0D
  8
TEXT
 10
-2.138688153235707
 20
-22.51135869653133
 30
0.0
 70
0
  0
VERTEX
  5
C0E
  8
TEXT
 10
-2.1737931787849245
 20
-22.515454543535
 30
0.0
 70
0
  0
VERTEX
  5
C0F
  8
TEXT
 10
-2.2092461976294695
 20
-22.518105968635126
 30
0.0
 70
0
  0
VERTEX
  5
C10
  8
TEXT
 10
-2.245047209769342
 20
-22.519312971831713
 30
0.0
 70
0
  0
VERTEX
  5
C11
  8
TEXT
 10
-2.281196215204542
 20
-22.51907555312476
 30
0.0
 70
0
  0
VERTEX
  5
C12
  8
TEXT
 10
-2.31769321393507
 20
-22.517393712514266
 30
0.0
 70
0
  0
SEQEND
  5
B47
  8
TEXT
  0
POLYLINE
  5
C13
  8
TEXT
 66
1
 10
0.0
 20
0.0
 30
0.0
 70
1
  0
VERTEX
  5
C15
  8
TEXT
 10
-0.6363444297514733
 20
-22.629517203568103
 30
0.0
 70
0
  0
VERTEX
  5
C16
  8
TEXT
 10
-0.676486805093472
 20
-22.627797796571496
 30
0.0
 70
0
  0
VERTEX
  5
C17
  8
TEXT
 10
-0.7157750333640991
 20
-22.624013386403114
 30
0.0
 70
0
  0
VERTEX
  5
C18
  8
TEXT
 10
-0.7542091145633542
 20
-22.618163973062952
 30
0.0
 70
0
  0
VERTEX
  5
C19
  8
TEXT
 10
-0.7917890486912369
 20
-22.610249556551018
 30
0.0
 70
0
  0
VERTEX
  5
C1A
  8
TEXT
 10
-0.8285148357477479
 20
-22.600270136867305
 30
0.0
 70
0
  0
VERTEX
  5
C1B
  8
TEXT
 10
-0.8643864757328867
 20
-22.588225714011813
 30
0.0
 70
0
  0
VERTEX
  5
C1C
  8
TEXT
 10
-0.8994039686466534
 20
-22.57411628798455
 30
0.0
 70
0
  0
VERTEX
  5
C1D
  8
TEXT
 10
-0.933000883453033
 20
-22.557982956414595
 30
0.0
 70
0
  0
VERTEX
  5
C1E
  8
TEXT
 10
-0.9646107891160103
 20
-22.539866816931053
 30
0.0
 70
0
  0
VERTEX
  5
C1F
  8
TEXT
 10
-0.9942336856355849
 20
-22.519767869533915
 30
0.0
 70
0
  0
VERTEX
  5
C20
  8
TEXT
 10
-1.021869573011757
 20
-22.497686114223185
 30
0.0
 70
0
  0
VERTEX
  5
C21
  8
TEXT
 10
-1.0475184512445268
 20
-22.473621550998864
 30
0.0
 70
0
  0
VERTEX
  5
C22
  8
TEXT
 10
-1.071180320333894
 20
-22.447574179860947
 30
0.0
 70
0
  0
VERTEX
  5
C23
  8
TEXT
 10
-1.0928551802798587
 20
-22.41954400080944
 30
0.0
 70
0
  0
VERTEX
  5
C24
  8
TEXT
 10
-1.1120070314424124
 20
-22.38950858212315
 30
0.0
 70
0
  0
VERTEX
  5
C25
  8
TEXT
 10
-1.1280998741815458
 20
-22.357445492080878
 30
0.0
 70
0
  0
VERTEX
  5
C26
  8
TEXT
 10
-1.141133708497259
 20
-22.323354730682635
 30
0.0
 70
0
  0
VERTEX
  5
C27
  8
TEXT
 10
-1.151108534389552
 20
-22.28723629792841
 30
0.0
 70
0
  0
VERTEX
  5
C28
  8
TEXT
 10
-1.1580243518584252
 20
-22.24909019381821
 30
0.0
 70
0
  0
VERTEX
  5
C29
  8
TEXT
 10
-1.1618811609038782
 20
-22.208916418352032
 30
0.0
 70
0
  0
VERTEX
  5
C2A
  8
TEXT
 10
-1.162678961525911
 20
-22.166714971529878
 30
0.0
 70
0
  0
VERTEX
  5
C2B
  8
TEXT
 10
-1.1605079160258098
 20
-22.12595010216474
 30
0.0
 70
0
  0
VERTEX
  5
C2C
  8
TEXT
 10
-1.1553984557995813
 20
-22.08655828090633
 30
0.0
 70
0
  0
VERTEX
  5
C2D
  8
TEXT
 10
-1.1473505808472253
 20
-22.048539507754658
 30
0.0
 70
0
  0
VERTEX
  5
C2E
  8
TEXT
 10
-1.1363642911687415
 20
-22.011893782709713
 30
0.0
 70
0
  0
VERTEX
  5
C2F
  8
TEXT
 10
-1.1224395867641301
 20
-21.9766211057715
 30
0.0
 70
0
  0
VERTEX
  5
C30
  8
TEXT
 10
-1.1055764676333917
 20
-21.94272147694002
 30
0.0
 70
0
  0
VERTEX
  5
C31
  8
TEXT
 10
-1.0857749337765252
 20
-21.91019489621527
 30
0.0
 70
0
  0
VERTEX
  5
C32
  8
TEXT
 10
-1.0662090246026834
 20
-21.88297818674421
 30
0.0
 70
0
  0
VERTEX
  5
C33
  8
TEXT
 10
-1.0447350942160358
 20
-21.857048157505954
 30
0.0
 70
0
  0
VERTEX
  5
C34
  8
TEXT
 10
-1.0213531426165823
 20
-21.8324048085005
 30
0.0
 70
0
  0
VERTEX
  5
C35
  8
TEXT
 10
-0.9960631698043229
 20
-21.809048139727846
 30
0.0
 70
0
  0
VERTEX
  5
C36
  8
TEXT
 10
-0.9688651757792573
 20
-21.786978151187995
 30
0.0
 70
0
  0
VERTEX
  5
C37
  8
TEXT
 10
-0.9397591605413861
 20
-21.766194842880946
 30
0.0
 70
0
  0
VERTEX
  5
C38
  8
TEXT
 10
-0.908745124090709
 20
-21.746698214806703
 30
0.0
 70
0
  0
VERTEX
  5
C39
  8
TEXT
 10
-0.8758230664272257
 20
-21.728488266965257
 30
0.0
 70
0
  0
VERTEX
  5
C3A
  8
TEXT
 10
-0.8451296766628986
 20
-21.713436082146078
 30
0.0
 70
0
  0
VERTEX
  5
C3B
  8
TEXT
 10
-0.8132736287386032
 20
-21.699509052533056
 30
0.0
 70
0
  0
VERTEX
  5
C3C
  8
TEXT
 10
-0.7802549226543398
 20
-21.68670717812619
 30
0.0
 70
0
  0
VERTEX
  5
C3D
  8
TEXT
 10
-0.7460735584101085
 20
-21.675030458925487
 30
0.0
 70
0
  0
VERTEX
  5
C3E
  8
TEXT
 10
-0.7107295360059092
 20
-21.66447889493094
 30
0.0
 70
0
  0
VERTEX
  5
C3F
  8
TEXT
 10
-0.6742228554417414
 20
-21.655052486142555
 30
0.0
 70
0
  0
VERTEX
  5
C40
  8
TEXT
 10
-0.636553516717606
 20
-21.646751232560327
 30
0.0
 70
0
  0
VERTEX
  5
C41
  8
TEXT
 10
-0.5977215198335024
 20
-21.63957513418426
 30
0.0
 70
0
  0
VERTEX
  5
C42
  8
TEXT
 10
-0.5577268647894306
 20
-21.63352419101435
 30
0.0
 70
0
  0
VERTEX
  5
C43
  8
TEXT
 10
0.03964687333967842
 20
-21.547920264964585
 30
0.0
 70
0
  0
VERTEX
  5
C44
  8
TEXT
 10
0.04670898234144977
 20
-21.49554909387008
 30
0.0
 70
0
  0
VERTEX
  5
C45
  8
TEXT
 10
0.05225087666978828
 20
-21.45272402464493
 30
0.0
 70
0
  0
VERTEX
  5
C46
  8
TEXT
 10
0.052554672555989446
 20
-21.412897956881885
 30
0.0
 70
0
  0
VERTEX
  5
C47
  8
TEXT
 10
0.04762037000005381
 20
-21.376070890580948
 30
0.0
 70
0
  0
VERTEX
  5
C48
  8
TEXT
 10
0.037447969001981773
 20
-21.34224282574212
 30
0.0
 70
0
  0
VERTEX
  5
C49
  8
TEXT
 10
0.02203746956177205
 20
-21.311413762365394
 30
0.0
 70
0
  0
VERTEX
  5
C4A
  8
TEXT
 10
0.0025629032095579873
 20
-21.283541824858922
 30
0.0
 70
0
  0
VERTEX
  5
C4B
  8
TEXT
 10
-0.01980169852452962
 20
-21.258585137630856
 30
0.0
 70
0
  0
VERTEX
  5
C4C
  8
TEXT
 10
-0.045056335640489775
 20
-21.23654370068119
 30
0.0
 70
0
  0
VERTEX
  5
C4D
  8
TEXT
 10
-0.07320100813832314
 20
-21.217417514009927
 30
0.0
 70
0
  0
VERTEX
  5
C4E
  8
TEXT
 10
-0.10423571601802911
 20
-21.201206577617064
 30
0.0
 70
0
  0
VERTEX
  5
C4F
  8
TEXT
 10
-0.13717163610304817
 20
-21.187865880038228
 30
0.0
 70
0
  0
VERTEX
  5
C50
  8
TEXT
 10
-0.17101994521682057
 20
-21.177350409809033
 30
0.0
 70
0
  0
VERTEX
  5
C51
  8
TEXT
 10
-0.20578064335934584
 20
-21.169660166929486
 30
0.0
 70
0
  0
VERTEX
  5
C52
  8
TEXT
 10
-0.24145373053062422
 20
-21.16479515139958
 30
0.0
 70
0
  0
VERTEX
  5
C53
  8
TEXT
 10
-0.27803920673065574
 20
-21.162755363219322
 30
0.0
 70
0
  0
VERTEX
  5
C54
  8
TEXT
 10
-0.3153665656632476
 20
-21.163329480781698
 30
0.0
 70
0
  0
VERTEX
  5
C55
  8
TEXT
 10
-0.3517218980857735
 20
-21.166332314750758
 30
0.0
 70
0
  0
VERTEX
  5
C56
  8
TEXT
 10
-0.3871052039982332
 20
-21.171763865126504
 30
0.0
 70
0
  0
VERTEX
  5
C57
  8
TEXT
 10
-0.42151648340062714
 20
-21.179624131908938
 30
0.0
 70
0
  0
VERTEX
  5
C58
  8
TEXT
 10
-0.454955736292955
 20
-21.189913115098054
 30
0.0
 70
0
  0
VERTEX
  5
C59
  8
TEXT
 10
-0.4874229626752168
 20
-21.20263081469386
 30
0.0
 70
0
  0
VERTEX
  5
C5A
  8
TEXT
 10
-0.5189181625474126
 20
-21.21777723069635
 30
0.0
 70
0
  0
VERTEX
  5
C5B
  8
TEXT
 10
-0.5494413359095425
 20
-21.235352363105523
 30
0.0
 70
0
  0
VERTEX
  5
C5C
  8
TEXT
 10
-0.582680954316069
 20
-21.257663681072774
 30
0.0
 70
0
  0
VERTEX
  5
C5D
  8
TEXT
 10
-0.6137434435765703
 20
-21.281650227860204
 30
0.0
 70
0
  0
VERTEX
  5
C5E
  8
TEXT
 10
-0.6426288036910462
 20
-21.307312003467814
 30
0.0
 70
0
  0
VERTEX
  5
C5F
  8
TEXT
 10
-0.6693370346594967
 20
-21.334649007895603
 30
0.0
 70
0
  0
VERTEX
  5
C60
  8
TEXT
 10
-0.6938681364819218
 20
-21.363661241143568
 30
0.0
 70
0
  0
VERTEX
  5
C61
  8
TEXT
 10
-0.7162221091583219
 20
-21.394348703211715
 30
0.0
 70
0
  0
VERTEX
  5
C62
  8
TEXT
 10
-0.7363989526886963
 20
-21.426711394100035
 30
0.0
 70
0
  0
VERTEX
  5
C63
  8
TEXT
 10
-0.9747133788527176
 20
-21.277554882849927
 30
0.0
 70
0
  0
VERTEX
  5
C64
  8
TEXT
 10
-0.9556176009004834
 20
-21.245772521732345
 30
0.0
 70
0
  0
VERTEX
  5
C65
  8
TEXT
 10
-0.9347130704242268
 20
-21.215092025347417
 30
0.0
 70
0
  0
VERTEX
  5
C66
  8
TEXT
 10
-0.9119997874239472
 20
-21.185513393695146
 30
0.0
 70
0
  0
VERTEX
  5
C67
  8
TEXT
 10
-0.8874777518996446
 20
-21.157036626775536
 30
0.0
 70
0
  0
VERTEX
  5
C68
  8
TEXT
 10
-0.8611469638513194
 20
-21.129661724588583
 30
0.0
 70
0
  0
VERTEX
  5
C69
  8
TEXT
 10
-0.8330074232789716
 20
-21.103388687134284
 30
0.0
 70
0
  0
VERTEX
  5
C6A
  8
TEXT
 10
-0.8030591301826009
 20
-21.078217514412646
 30
0.0
 70
0
  0
VERTEX
  5
C6B
  8
TEXT
 10
-0.7755422993328275
 20
-21.057262563174838
 30
0.0
 70
0
  0
VERTEX
  5
C6C
  8
TEXT
 10
-0.7469839781606757
 20
-21.03748313008321
 30
0.0
 70
0
  0
VERTEX
  5
C6D
  8
TEXT
 10
-0.717384166666146
 20
-21.018879215137762
 30
0.0
 70
0
  0
VERTEX
  5
C6E
  8
TEXT
 10
-0.6867428648492379
 20
-21.00145081833849
 30
0.0
 70
0
  0
VERTEX
  5
C6F
  8
TEXT
 10
-0.6550600727099516
 20
-20.9851979396854
 30
0.0
 70
0
  0
VERTEX
  5
C70
  8
TEXT
 10
-0.6223357902482869
 20
-20.970120579178488
 30
0.0
 70
0
  0
VERTEX
  5
C71
  8
TEXT
 10
-0.5885700174642442
 20
-20.956218736817753
 30
0.0
 70
0
  0
VERTEX
  5
C72
  8
TEXT
 10
-0.5537627543578232
 20
-20.943492412603202
 30
0.0
 70
0
  0
VERTEX
  5
C73
  8
TEXT
 10
-0.51818294816106
 20
-20.93215415609008
 30
0.0
 70
0
  0
VERTEX
  5
C74
  8
TEXT
 10
-0.4820995461059909
 20
-20.922416516833643
 30
0.0
 70
0
  0
VERTEX
  5
C75
  8
TEXT
 10
-0.44551254819261565
 20
-20.914279494833895
 30
0.0
 70
0
  0
VERTEX
  5
C76
  8
TEXT
 10
-0.40842195442093443
 20
-20.907743090090833
 30
0.0
 70
0
  0
VERTEX
  5
C77
  8
TEXT
 10
-0.3708277647909471
 20
-20.902807302604458
 30
0.0
 70
0
  0
VERTEX
  5
C78
  8
TEXT
 10
-0.3327299793026537
 20
-20.89947213237477
 30
0.0
 70
0
  0
VERTEX
  5
C79
  8
TEXT
 10
-0.29412859795605434
 20
-20.897737579401767
 30
0.0
 70
0
  0
VERTEX
  5
C7A
  8
TEXT
 10
-0.2550236207511488
 20
-20.89760364368545
 30
0.0
 70
0
  0
VERTEX
  5
C7B
  8
TEXT
 10
-0.214358698811854
 20
-20.899245156599456
 30
0.0
 70
0
  0
VERTEX
  5
C7C
  8
TEXT
 10
-0.17467875680376513
 20
-20.902775974218283
 30
0.0
 70
0
  0
VERTEX
  5
C7D
  8
TEXT
 10
-0.13598379472688155
 20
-20.90819609654193
 30
0.0
 70
0
  0
VERTEX
  5
C7E
  8
TEXT
 10
-0.0982738125812046
 20
-20.915505523570395
 30
0.0
 70
0
  0
VERTEX
  5
C7F
  8
TEXT
 10
-0.061548810366732876
 20
-20.92470425530368
 30
0.0
 70
0
  0
VERTEX
  5
C80
  8
TEXT
 10
-0.025808788083467316
 20
-20.935792291741784
 30
0.0
 70
0
  0
VERTEX
  5
C81
  8
TEXT
 10
0.008946254268592524
 20
-20.94876963288471
 30
0.0
 70
0
  0
VERTEX
  5
C82
  8
TEXT
 10
0.042716316689446365
 20
-20.96363627873245
 30
0.0
 70
0
  0
VERTEX
  5
C83
  8
TEXT
 10
0.07550139917909432
 20
-20.980392229285012
 30
0.0
 70
0
  0
VERTEX
  5
C84
  8
TEXT
 10
0.10690523168047023
 20
-20.998802057220797
 30
0.0
 70
0
  0
VERTEX
  5
C85
  8
TEXT
 10
0.13653154413650703
 20
-21.0186303352182
 30
0.0
 70
0
  0
VERTEX
  5
C86
  8
TEXT
 10
0.16438033654720507
 20
-21.03987706327723
 30
0.0
 70
0
  0
VERTEX
  5
C87
  8
TEXT
 10
0.19045160891256396
 20
-21.062542241397882
 30
0.0
 70
0
  0
VERTEX
  5
C88
  8
TEXT
 10
0.21474536123258425
 20
-21.086625869580157
 30
0.0
 70
0
  0
VERTEX
  5
C89
  8
TEXT
 10
0.2372615935072655
 20
-21.112127947824057
 30
0.0
 70
0
  0
VERTEX
  5
C8A
  8
TEXT
 10
0.2580003057366078
 20
-21.139048476129574
 30
0.0
 70
0
  0
VERTEX
  5
C8B
  8
TEXT
 10
0.2769614979206113
 20
-21.16738745449672
 30
0.0
 70
0
  0
VERTEX
  5
C8C
  8
TEXT
 10
0.2941451700592761
 20
-21.197144882925485
 30
0.0
 70
0
  0
VERTEX
  5
C8D
  8
TEXT
 10
0.3091925155690012
 20
-21.22812408805026
 30
0.0
 70
0
  0
VERTEX
  5
C8E
  8
TEXT
 10
0.3217447278661866
 20
-21.26012839650544
 30
0.0
 70
0
  0
VERTEX
  5
C8F
  8
TEXT
 10
0.3318018069508324
 20
-21.29315780829102
 30
0.0
 70
0
  0
VERTEX
  5
C90
  8
TEXT
 10
0.3393637528229374
 20
-21.327212323407004
 30
0.0
 70
0
  0
VERTEX
  5
C91
  8
TEXT
 10
0.3444305654825034
 20
-21.362291941853385
 30
0.0
 70
0
  0
VERTEX
  5
C92
  8
TEXT
 10
0.347002244929529
 20
-21.39839666363017
 30
0.0
 70
0
  0
VERTEX
  5
C93
  8
TEXT
 10
0.3470787911640151
 20
-21.435526488737356
 30
0.0
 70
0
  0
VERTEX
  5
C94
  8
TEXT
 10
0.3446602041859612
 20
-21.47368141717494
 30
0.0
 70
0
  0
VERTEX
  5
C95
  8
TEXT
 10
0.3397464839953671
 20
-21.512861448942928
 30
0.0
 70
0
  0
VERTEX
  5
C96
  8
TEXT
 10
0.1668522768994709
 20
-22.606064313804843
 30
0.0
 70
0
  0
VERTEX
  5
C97
  8
TEXT
 10
-0.11713386524432368
 20
-22.60125597592982
 30
0.0
 70
0
  0
VERTEX
  5
C98
  8
TEXT
 10
-0.08925128103207708
 20
-22.413378932801873
 30
0.0
 70
0
  0
VERTEX
  5
C99
  8
TEXT
 10
-0.1150730300624424
 20
-22.439015562995323
 30
0.0
 70
0
  0
VERTEX
  5
C9A
  8
TEXT
 10
-0.14224346413758446
 20
-22.463257050773223
 30
0.0
 70
0
  0
VERTEX
  5
C9B
  8
TEXT
 10
-0.17076258325750318
 20
-22.486103396135572
 30
0.0
 70
0
  0
VERTEX
  5
C9C
  8
TEXT
 10
-0.19887662276558216
 20
-22.505287779309036
 30
0.0
 70
0
  0
VERTEX
  5
C9D
  8
TEXT
 10
-0.227851274348309
 20
-22.523197308983583
 30
0.0
 70
0
  0
VERTEX
  5
C9E
  8
TEXT
 10
-0.257686538005684
 20
-22.53983198515921
 30
0.0
 70
0
  0
VERTEX
  5
C9F
  8
TEXT
 10
-0.28838241373770657
 20
-22.555191807835918
 30
0.0
 70
0
  0
VERTEX
  5
CA0
  8
TEXT
 10
-0.3199389015443771
 20
-22.56927677701371
 30
0.0
 70
0
  0
VERTEX
  5
CA1
  8
TEXT
 10
-0.35235600142569556
 20
-22.58208689269258
 30
0.0
 70
0
  0
VERTEX
  5
CA2
  8
TEXT
 10
-0.38563371338166186
 20
-22.59362215487253
 30
0.0
 70
0
  0
VERTEX
  5
CA3
  8
TEXT
 10
-0.41964284546509045
 20
-22.603695708684292
 30
0.0
 70
0
  0
VERTEX
  5
CA4
  8
TEXT
 10
-0.4542542057287959
 20
-22.612120699258586
 30
0.0
 70
0
  0
VERTEX
  5
CA5
  8
TEXT
 10
-0.4894677941727782
 20
-22.618897126595417
 30
0.0
 70
0
  0
VERTEX
  5
CA6
  8
TEXT
 10
-0.5252836107970368
 20
-22.624024990694785
 30
0.0
 70
0
  0
VERTEX
  5
CA7
  8
TEXT
 10
-0.5617016556015721
 20
-22.62750429155669
 30
0.0
 70
0
  0
VERTEX
  5
CA8
  8
TEXT
 10
-0.5987219285863843
 20
-22.629335029181128
 30
0.0
 70
0
  0
SEQEND
  5
C14
  8
TEXT
  0
POLYLINE
  5
CA9
  8
TEXT
 66
1
 10
0.0
 20
0.0
 30
0.0
 70
1
  0
VERTEX
  5
CAB
  8
TEXT
 10
0.0015631096906735809
 20
-21.791203020537786
 30
0.0
 70
0
  0
VERTEX
  5
CAC
  8
TEXT
 10
-0.5123100757046583
 20
-21.868957671546184
 30
0.0
 70
0
  0
VERTEX
  5
CAD
  8
TEXT
 10
-0.5561172576733727
 20
-21.877132441059484
 30
0.0
 70
0
  0
VERTEX
  5
CAE
  8
TEXT
 10
-0.5973116713421952
 20
-21.88730488594927
 30
0.0
 70
0
  0
VERTEX
  5
CAF
  8
TEXT
 10
-0.6358933167111257
 20
-21.89947500621555
 30
0.0
 70
0
  0
VERTEX
  5
CB0
  8
TEXT
 10
-0.6718621937801638
 20
-21.913642801858312
 30
0.0
 70
0
  0
VERTEX
  5
CB1
  8
TEXT
 10
-0.70521830254931
 20
-21.929808272877565
 30
0.0
 70
0
  0
VERTEX
  5
CB2
  8
TEXT
 10
-0.7359616430185638
 20
-21.947971419273305
 30
0.0
 70
0
  0
VERTEX
  5
CB3
  8
TEXT
 10
-0.7640922151879256
 20
-21.968132241045534
 30
0.0
 70
0
  0
VERTEX
  5
CB4
  8
TEXT
 10
-0.7928329103769794
 20
-21.993933871802877
 30
0.0
 70
0
  0
VERTEX
  5
CB5
  8
TEXT
 10
-0.8164652238988376
 20
-22.0219662253338
 30
0.0
 70
0
  0
VERTEX
  5
CB6
  8
TEXT
 10
-0.8349891557535001
 20
-22.0522293016383
 30
0.0
 70
0
  0
VERTEX
  5
CB7
  8
TEXT
 10
-0.8484047059409667
 20
-22.08472310071638
 30
0.0
 70
0
  0
VERTEX
  5
CB8
  8
TEXT
 10
-0.856711874461238
 20
-22.119447622568043
 30
0.0
 70
0
  0
VERTEX
  5
CB9
  8
TEXT
 10
-0.8599106613143134
 20
-22.156402867193282
 30
0.0
 70
0
  0
VERTEX
  5
CBA
  8
TEXT
 10
-0.8582954542880918
 20
-22.19018039121182
 30
0.0
 70
0
  0
VERTEX
  5
CBB
  8
TEXT
 10
-0.8522651702547117
 20
-22.221545363029104
 30
0.0
 70
0
  0
VERTEX
  5
CBC
  8
TEXT
 10
-0.8418198092141731
 20
-22.25049778264514
 30
0.0
 70
0
  0
VERTEX
  5
CBD
  8
TEXT
 10
-0.8269593711664759
 20
-22.277037650059924
 30
0.0
 70
0
  0
VERTEX
  5
CBE
  8
TEXT
 10
-0.8076838561116201
 20
-22.301164965273458
 30
0.0
 70
0
  0
VERTEX
  5
CBF
  8
TEXT
 10
-0.7839932640496058
 20
-22.322879728285738
 30
0.0
 70
0
  0
VERTEX
  5
CC0
  8
TEXT
 10
-0.7567377820976016
 20
-22.341738698127728
 30
0.0
 70
0
  0
VERTEX
  5
CC1
  8
TEXT
 10
-0.7267675973727764
 20
-22.35729863383038
 30
0.0
 70
0
  0
VERTEX
  5
CC2
  8
TEXT
 10
-0.69408270987513
 20
-22.369559535393694
 30
0.0
 70
0
  0
VERTEX
  5
CC3
  8
TEXT
 10
-0.6586831196046624
 20
-22.37852140281767
 30
0.0
 70
0
  0
VERTEX
  5
CC4
  8
TEXT
 10
-0.6205688265613739
 20
-22.384184236102314
 30
0.0
 70
0
  0
VERTEX
  5
CC5
  8
TEXT
 10
-0.5797398307452644
 20
-22.386548035247618
 30
0.0
 70
0
  0
VERTEX
  5
CC6
  8
TEXT
 10
-0.5438618619753659
 20
-22.386094112707354
 30
0.0
 70
0
  0
VERTEX
  5
CC7
  8
TEXT
 10
-0.5087678941480531
 20
-22.38350412834674
 30
0.0
 70
0
  0
VERTEX
  5
CC8
  8
TEXT
 10
-0.4744579272633256
 20
-22.37877808216578
 30
0.0
 70
0
  0
VERTEX
  5
CC9
  8
TEXT
 10
-0.44093196132118384
 20
-22.371915974164473
 30
0.0
 70
0
  0
VERTEX
  5
CCA
  8
TEXT
 10
-0.40818999632162745
 20
-22.36291780434282
 30
0.0
 70
0
  0
VERTEX
  5
CCB
  8
TEXT
 10
-0.37623203226465673
 20
-22.35178357270082
 30
0.0
 70
0
  0
VERTEX
  5
CCC
  8
TEXT
 10
-0.34505806915027143
 20
-22.338513279238473
 30
0.0
 70
0
  0
VERTEX
  5
CCD
  8
TEXT
 10
-0.31466810697847164
 20
-22.32310692395578
 30
0.0
 70
0
  0
VERTEX
  5
CCE
  8
TEXT
 10
-0.2811871380187986
 20
-22.3032887493193
 30
0.0
 70
0
  0
VERTEX
  5
CCF
  8
TEXT
 10
-0.24931100074093884
 20
-22.281489965279267
 30
0.0
 70
0
  0
VERTEX
  5
CD0
  8
TEXT
 10
-0.21903969514489188
 20
-22.257710571835684
 30
0.0
 70
0
  0
VERTEX
  5
CD1
  8
TEXT
 10
-0.190373221230658
 20
-22.23195056898855
 30
0.0
 70
0
  0
VERTEX
  5
CD2
  8
TEXT
 10
-0.16331157899823695
 20
-22.204209956737866
 30
0.0
 70
0
  0
VERTEX
  5
CD3
  8
TEXT
 10
-0.13785476844762917
 20
-22.174488735083628
 30
0.0
 70
0
  0
VERTEX
  5
CD4
  8
TEXT
 10
-0.1140027895788342
 20
-22.14278690402584
 30
0.0
 70
0
  0
VERTEX
  5
CD5
  8
TEXT
 10
-0.09476880834888507
 20
-22.113803625817976
 30
0.0
 70
0
  0
VERTEX
  5
CD6
  8
TEXT
 10
-0.07740359995784263
 20
-22.084065028773615
 30
0.0
 70
0
  0
VERTEX
  5
CD7
  8
TEXT
 10
-0.06190716440570715
 20
-22.05357111289276
 30
0.0
 70
0
  0
VERTEX
  5
CD8
  8
TEXT
 10
-0.0482795016924783
 20
-22.02232187817541
 30
0.0
 70
0
  0
VERTEX
  5
CD9
  8
TEXT
 10
-0.03652061181815591
 20
-21.990317324621564
 30
0.0
 70
0
  0
VERTEX
  5
CDA
  8
TEXT
 10
-0.026630494782740488
 20
-21.957557452231224
 30
0.0
 70
0
  0
VERTEX
  5
CDB
  8
TEXT
 10
-0.018609150586231638
 20
-21.92404226100439
 30
0.0
 70
0
  0
VERTEX
  5
CDC
  8
TEXT
 10
-0.012456579228629583
 20
-21.889771750941062
 30
0.0
 70
0
  0
SEQEND
  5
CAA
  8
TEXT
  0
POLYLINE
  5
CDD
  8
TEXT
 66
1
 10
0.0
 20
0.0
 30
0.0
 70
1
  0
VERTEX
  5
CDF
  8
TEXT
 10
0.7315382550320935
 20
-22.592351352267755
 30
0.0
 70
0
  0
VERTEX
  5
CE0
  8
TEXT
 10
0.8799853378143321
 20
-20.918433656280808
 30
0.0
 70
0
  0
VERTEX
  5
CE1
  8
TEXT
 10
1.1636337470503828
 20
-20.903776610852283
 30
0.0
 70
0
  0
VERTEX
  5
CE2
  8
TEXT
 10
1.145763107196513
 20
-21.096364814998935
 30
0.0
 70
0
  0
VERTEX
  5
CE3
  8
TEXT
 10
1.1677422427238966
 20
-21.06637631984473
 30
0.0
 70
0
  0
VERTEX
  5
CE4
  8
TEXT
 10
1.191540441438178
 20
-21.038354739217425
 30
0.0
 70
0
  0
VERTEX
  5
CE5
  8
TEXT
 10
1.217157703339357
 20
-21.01230007311702
 30
0.0
 70
0
  0
VERTEX
  5
CE6
  8
TEXT
 10
1.244594028427434
 20
-20.988212321543518
 30
0.0
 70
0
  0
VERTEX
  5
CE7
  8
TEXT
 10
1.2738494167024088
 20
-20.966091484496914
 30
0.0
 70
0
  0
VERTEX
  5
CE8
  8
TEXT
 10
1.3049238681642814
 20
-20.94593756197721
 30
0.0
 70
0
  0
VERTEX
  5
CE9
  8
TEXT
 10
1.3371497485556736
 20
-20.928332482457535
 30
0.0
 70
0
  0
VERTEX
  5
CEA
  8
TEXT
 10
1.3708340300098147
 20
-20.912777357546275
 30
0.0
 70
0
  0
VERTEX
  5
CEB
  8
TEXT
 10
1.4059767125267046
 20
-20.899272187243444
 30
0.0
 70
0
  0
VERTEX
  5
CEC
  8
TEXT
 10
1.442577796106343
 20
-20.88781697154903
 30
0.0
 70
0
  0
VERTEX
  5
CED
  8
TEXT
 10
1.4806372807487302
 20
-20.87841171046304
 30
0.0
 70
0
  0
VERTEX
  5
CEE
  8
TEXT
 10
1.5201551664538662
 20
-20.87105640398547
 30
0.0
 70
0
  0
VERTEX
  5
CEF
  8
TEXT
 10
1.5611314532217508
 20
-20.865751052116323
 30
0.0
 70
0
  0
VERTEX
  5
CF0
  8
TEXT
 10
1.6035661410523843
 20
-20.8624956548556
 30
0.0
 70
0
  0
VERTEX
  5
CF1
  8
TEXT
 10
1.7053095921914023
 20
-20.85723823638667
 30
0.0
 70
0
  0
VERTEX
  5
CF2
  8
TEXT
 10
1.6792486212962001
 20
-21.130625210336056
 30
0.0
 70
0
  0
VERTEX
  5
CF3
  8
TEXT
 10
1.5343412817951738
 20
-21.138113048761497
 30
0.0
 70
0
  0
VERTEX
  5
CF4
  8
TEXT
 10
1.4960451714420073
 20
-21.14148495814543
 30
0.0
 70
0
  0
VERTEX
  5
CF5
  8
TEXT
 10
1.4592629240851878
 20
-21.147564688280678
 30
0.0
 70
0
  0
VERTEX
  5
CF6
  8
TEXT
 10
1.423994539724716
 20
-21.15635223916724
 30
0.0
 70
0
  0
VERTEX
  5
CF7
  8
TEXT
 10
1.390240018360591
 20
-21.167847610805122
 30
0.0
 70
0
  0
VERTEX
  5
CF8
  8
TEXT
 10
1.3579993599928135
 20
-21.18205080319432
 30
0.0
 70
0
  0
VERTEX
  5
CF9
  8
TEXT
 10
1.3272725646213834
 20
-21.19896181633483
 30
0.0
 70
0
  0
VERTEX
  5
CFA
  8
TEXT
 10
1.2980596322463003
 20
-21.218580650226656
 30
0.0
 70
0
  0
VERTEX
  5
CFB
  8
TEXT
 10
1.2703605628675645
 20
-21.2409073048698
 30
0.0
 70
0
  0
VERTEX
  5
CFC
  8
TEXT
 10
1.2441753564851763
 20
-21.265941780264257
 30
0.0
 70
0
  0
VERTEX
  5
CFD
  8
TEXT
 10
1.2222113370912038
 20
-21.290772063290525
 30
0.0
 70
0
  0
VERTEX
  5
CFE
  8
TEXT
 10
1.2020901737008727
 20
-21.317763817983128
 30
0.0
 70
0
  0
VERTEX
  5
CFF
  8
TEXT
 10
1.183811866314183
 20
-21.346917044342057
 30
0.0
 70
0
  0
VERTEX
  5
D00
  8
TEXT
 10
1.1673764149311348
 20
-21.378231742367316
 30
0.0
 70
0
  0
VERTEX
  5
D01
  8
TEXT
 10
1.1527838195517277
 20
-21.411707912058905
 30
0.0
 70
0
  0
VERTEX
  5
D02
  8
TEXT
 10
1.1400340801759623
 20
-21.447345553416824
 30
0.0
 70
0
  0
VERTEX
  5
D03
  8
TEXT
 10
1.1291271968038383
 20
-21.485144666441073
 30
0.0
 70
0
  0
VERTEX
  5
D04
  8
TEXT
 10
1.1200631694353558
 20
-21.525105251131652
 30
0.0
 70
0
  0
VERTEX
  5
D05
  8
TEXT
 10
1.1128419980705146
 20
-21.567227307488558
 30
0.0
 70
0
  0
VERTEX
  5
D06
  8
TEXT
 10
1.1074636827093147
 20
-21.611510835511798
 30
0.0
 70
0
  0
VERTEX
  5
D07
  8
TEXT
 10
1.024436068917146
 20
-22.57721635970569
 30
0.0
 70
0
  0
SEQEND
  5
CDE
  8
TEXT
  0
POLYLINE
  5
D08
  8
TEXT
 66
1
 10
0.0
 20
0.0
 30
0.0
 70
1
  0
VERTEX
  5
D0A
  8
TEXT
 10
2.7924317681025888
 20
-22.464201861787505
 30
0.0
 70
0
  0
VERTEX
  5
D0B
  8
TEXT
 10
2.751743750770787
 20
-22.46847620120471
 30
0.0
 70
0
  0
VERTEX
  5
D0C
  8
TEXT
 10
2.711542228238054
 20
-22.470953130383663
 30
0.0
 70
0
  0
VERTEX
  5
D0D
  8
TEXT
 10
2.6718272005043877
 20
-22.47163264932437
 30
0.0
 70
0
  0
VERTEX
  5
D0E
  8
TEXT
 10
2.6325986675697894
 20
-22.470514758026827
 30
0.0
 70
0
  0
VERTEX
  5
D0F
  8
TEXT
 10
2.5938566294342587
 20
-22.467599456491037
 30
0.0
 70
0
  0
VERTEX
  5
D10
  8
TEXT
 10
2.555601086097796
 20
-22.462886744716997
 30
0.0
 70
0
  0
VERTEX
  5
D11
  8
TEXT
 10
2.5178320375604
 20
-22.45637662270471
 30
0.0
 70
0
  0
VERTEX
  5
D12
  8
TEXT
 10
2.480549483822072
 20
-22.448069090454172
 30
0.0
 70
0
  0
VERTEX
  5
D13
  8
TEXT
 10
2.443753424882812
 20
-22.437964147965385
 30
0.0
 70
0
  0
VERTEX
  5
D14
  8
TEXT
 10
2.4074438607426196
 20
-22.42606179523835
 30
0.0
 70
0
  0
VERTEX
  5
D15
  8
TEXT
 10
2.3716207914014946
 20
-22.41236203227307
 30
0.0
 70
0
  0
VERTEX
  5
D16
  8
TEXT
 10
2.336576362351496
 20
-22.397014387870467
 30
0.0
 70
0
  0
VERTEX
  5
D17
  8
TEXT
 10
2.3026027190846823
 20
-22.380168390831475
 30
0.0
 70
0
  0
VERTEX
  5
D18
  8
TEXT
 10
2.2696998616010537
 20
-22.361824041156094
 30
0.0
 70
0
  0
VERTEX
  5
D19
  8
TEXT
 10
2.2378677899006094
 20
-22.341981338844324
 30
0.0
 70
0
  0
VERTEX
  5
D1A
  8
TEXT
 10
2.2071065039833506
 20
-22.320640283896168
 30
0.0
 70
0
  0
VERTEX
  5
D1B
  8
TEXT
 10
2.1774160038492765
 20
-22.29780087631162
 30
0.0
 70
0
  0
VERTEX
  5
D1C
  8
TEXT
 10
2.1487962894983874
 20
-22.273463116090685
 30
0.0
 70
0
  0
VERTEX
  5
D1D
  8
TEXT
 10
2.1212473609306834
 20
-22.24762700323336
 30
0.0
 70
0
  0
VERTEX
  5
D1E
  8
TEXT
 10
2.094769218146164
 20
-22.220292537739645
 30
0.0
 70
0
  0
VERTEX
  5
D1F
  8
TEXT
 10
2.06936186114483
 20
-22.191459719609544
 30
0.0
 70
0
  0
VERTEX
  5
D20
  8
TEXT
 10
2.04502528992668
 20
-22.161128548843052
 30
0.0
 70
0
  0
VERTEX
  5
D21
  8
TEXT
 10
2.023906937518155
 20
-22.132166265237952
 30
0.0
 70
0
  0
VERTEX
  5
D22
  8
TEXT
 10
2.004187373891267
 20
-22.102260050744576
 30
0.0
 70
0
  0
VERTEX
  5
D23
  8
TEXT
 10
1.9858665990460171
 20
-22.071409905362923
 30
0.0
 70
0
  0
VERTEX
  5
D24
  8
TEXT
 10
1.9689446129824046
 20
-22.039615829092995
 30
0.0
 70
0
  0
VERTEX
  5
D25
  8
TEXT
 10
1.9534214157004293
 20
-22.00687782193479
 30
0.0
 70
0
  0
VERTEX
  5
D26
  8
TEXT
 10
1.939297007200092
 20
-21.97319588388831
 30
0.0
 70
0
  0
VERTEX
  5
D27
  8
TEXT
 10
1.926571387481392
 20
-21.938570014953548
 30
0.0
 70
0
  0
VERTEX
  5
D28
  8
TEXT
 10
1.9152445565443292
 20
-21.903000215130515
 30
0.0
 70
0
  0
VERTEX
  5
D29
  8
TEXT
 10
1.9053165143889044
 20
-21.8664864844192
 30
0.0
 70
0
  0
VERTEX
  5
D2A
  8
TEXT
 10
1.8967872610151169
 20
-21.829028822819616
 30
0.0
 70
0
  0
VERTEX
  5
D2B
  8
TEXT
 10
1.8896567964229667
 20
-21.79062723033175
 30
0.0
 70
0
  0
VERTEX
  5
D2C
  8
TEXT
 10
1.883925120612454
 20
-21.751281706955613
 30
0.0
 70
0
  0
VERTEX
  5
D2D
  8
TEXT
 10
1.879882473303268
 20
-21.71375468447205
 30
0.0
 70
0
  0
VERTEX
  5
D2E
  8
TEXT
 10
1.8772771562160537
 20
-21.676520557404352
 30
0.0
 70
0
  0
VERTEX
  5
D2F
  8
TEXT
 10
1.8761091693508103
 20
-21.639579325752518
 30
0.0
 70
0
  0
VERTEX
  5
D30
  8
TEXT
 10
1.8763785127075385
 20
-21.602930989516548
 30
0.0
 70
0
  0
VERTEX
  5
D31
  8
TEXT
 10
1.8780851862862382
 20
-21.566575548696438
 30
0.0
 70
0
  0
VERTEX
  5
D32
  8
TEXT
 10
1.8812291900869094
 20
-21.530513003292196
 30
0.0
 70
0
  0
VERTEX
  5
D33
  8
TEXT
 10
1.8858105241095517
 20
-21.494743353303818
 30
0.0
 70
0
  0
VERTEX
  5
D34
  8
TEXT
 10
1.8918291883541658
 20
-21.4592665987313
 30
0.0
 70
0
  0
VERTEX
  5
D35
  8
TEXT
 10
1.899285182820751
 20
-21.42408273957465
 30
0.0
 70
0
  0
VERTEX
  5
D36
  8
TEXT
 10
1.9081785075093078
 20
-21.389191775833865
 30
0.0
 70
0
  0
VERTEX
  5
D37
  8
TEXT
 10
1.9195977320173214
 20
-21.351002360770284
 30
0.0
 70
0
  0
VERTEX
  5
D38
  8
TEXT
 10
1.932495428209045
 20
-21.313644151208113
 30
0.0
 70
0
  0
VERTEX
  5
D39
  8
TEXT
 10
1.946871596084479
 20
-21.27711714714735
 30
0.0
 70
0
  0
VERTEX
  5
D3A
  8
TEXT
 10
1.962726235643623
 20
-21.241421348588
 30
0.0
 70
0
  0
VERTEX
  5
D3B
  8
TEXT
 10
1.9800593468864771
 20
-21.206556755530052
 30
0.0
 70
0
  0
VERTEX
  5
D3C
  8
TEXT
 10
1.9988709298130416
 20
-21.172523367973515
 30
0.0
 70
0
  0
VERTEX
  5
D3D
  8
TEXT
 10
2.0191609844233165
 20
-21.139321185918387
 30
0.0
 70
0
  0
VERTEX
  5
D3E
  8
TEXT
 10
2.040929510717301
 20
-21.10695020936467
 30
0.0
 70
0
  0
VERTEX
  5
D3F
  8
TEXT
 10
2.064176508694996
 20
-21.07541043831236
 30
0.0
 70
0
  0
VERTEX
  5
D40
  8
TEXT
 10
2.0887385462321966
 20
-21.044890603896796
 30
0.0
 70
0
  0
VERTEX
  5
D41
  8
TEXT
 10
2.1144521912046974
 20
-21.01557943725331
 30
0.0
 70
0
  0
VERTEX
  5
D42
  8
TEXT
 10
2.1413174436124986
 20
-20.987476938381914
 30
0.0
 70
0
  0
VERTEX
  5
D43
  8
TEXT
 10
2.1693343034556007
 20
-20.960583107282595
 30
0.0
 70
0
  0
VERTEX
  5
D44
  8
TEXT
 10
2.1985027707340032
 20
-20.93489794395536
 30
0.0
 70
0
  0
VERTEX
  5
D45
  8
TEXT
 10
2.228822845447706
 20
-20.910421448400207
 30
0.0
 70
0
  0
VERTEX
  5
D46
  8
TEXT
 10
2.2602945275967095
 20
-20.887153620617138
 30
0.0
 70
0
  0
VERTEX
  5
D47
  8
TEXT
 10
2.2929178171810136
 20
-20.865094460606148
 30
0.0
 70
0
  0
VERTEX
  5
D48
  8
TEXT
 10
2.326692714200618
 20
-20.844243968367245
 30
0.0
 70
0
  0
VERTEX
  5
D49
  8
TEXT
 10
2.3579309224217684
 20
-20.82669737284739
 30
0.0
 70
0
  0
VERTEX
  5
D4A
  8
TEXT
 10
2.3898142857581615
 20
-20.810500671322984
 30
0.0
 70
0
  0
VERTEX
  5
D4B
  8
TEXT
 10
2.4223428042097965
 20
-20.795653863794026
 30
0.0
 70
0
  0
VERTEX
  5
D4C
  8
TEXT
 10
2.4555164777766745
 20
-20.782156950260518
 30
0.0
 70
0
  0
VERTEX
  5
D4D
  8
TEXT
 10
2.489335306458795
 20
-20.770009930722455
 30
0.0
 70
0
  0
VERTEX
  5
D4E
  8
TEXT
 10
2.5237992902561572
 20
-20.759212805179843
 30
0.0
 70
0
  0
VERTEX
  5
D4F
  8
TEXT
 10
2.5589084291687625
 20
-20.749765573632676
 30
0.0
 70
0
  0
VERTEX
  5
D50
  8
TEXT
 10
2.59466272319661
 20
-20.741668236080958
 30
0.0
 70
0
  0
VERTEX
  5
D51
  8
TEXT
 10
2.6310621723397
 20
-20.73492079252469
 30
0.0
 70
0
  0
VERTEX
  5
D52
  8
TEXT
 10
2.668106776598032
 20
-20.729523242963868
 30
0.0
 70
0
  0
VERTEX
  5
D53
  8
TEXT
 10
2.7061565231171585
 20
-20.725443705046704
 30
0.0
 70
0
  0
VERTEX
  5
D54
  8
TEXT
 10
2.743733668789386
 20
-20.722882555563842
 30
0.0
 70
0
  0
VERTEX
  5
D55
  8
TEXT
 10
2.7808382136147145
 20
-20.72183979451529
 30
0.0
 70
0
  0
VERTEX
  5
D56
  8
TEXT
 10
2.817470157593145
 20
-20.722315421901047
 30
0.0
 70
0
  0
VERTEX
  5
D57
  8
TEXT
 10
2.853629500724676
 20
-20.724309437721114
 30
0.0
 70
0
  0
VERTEX
  5
D58
  8
TEXT
 10
2.889316243009309
 20
-20.727821841975487
 30
0.0
 70
0
  0
VERTEX
  5
D59
  8
TEXT
 10
2.9245303844470434
 20
-20.732852634664166
 30
0.0
 70
0
  0
VERTEX
  5
D5A
  8
TEXT
 10
2.959271925037879
 20
-20.739401815787154
 30
0.0
 70
0
  0
VERTEX
  5
D5B
  8
TEXT
 10
2.9935408647818162
 20
-20.747469385344452
 30
0.0
 70
0
  0
VERTEX
  5
D5C
  8
TEXT
 10
3.027337203678855
 20
-20.757055343336056
 30
0.0
 70
0
  0
VERTEX
  5
D5D
  8
TEXT
 10
3.0606609417289943
 20
-20.768159689761966
 30
0.0
 70
0
  0
VERTEX
  5
D5E
  8
TEXT
 10
3.0935120789322355
 20
-20.780782424622185
 30
0.0
 70
0
  0
VERTEX
  5
D5F
  8
TEXT
 10
3.128541052171266
 20
-20.796109519652884
 30
0.0
 70
0
  0
VERTEX
  5
D60
  8
TEXT
 10
3.1624683280051764
 20
-20.812893868576158
 30
0.0
 70
0
  0
VERTEX
  5
D61
  8
TEXT
 10
3.195293906433966
 20
-20.831135471392006
 30
0.0
 70
0
  0
VERTEX
  5
D62
  8
TEXT
 10
3.227017787457635
 20
-20.850834328100436
 30
0.0
 70
0
  0
VERTEX
  5
D63
  8
TEXT
 10
3.257639971076184
 20
-20.87199043870144
 30
0.0
 70
0
  0
VERTEX
  5
D64
  8
TEXT
 10
3.287160457289612
 20
-20.89460380319502
 30
0.0
 70
0
  0
VERTEX
  5
D65
  8
TEXT
 10
3.3155792460979194
 20
-20.918674421581184
 30
0.0
 70
0
  0
VERTEX
  5
D66
  8
TEXT
 10
3.3428963375011067
 20
-20.94420229385992
 30
0.0
 70
0
  0
VERTEX
  5
D67
  8
TEXT
 10
3.3691117314991734
 20
-20.971187420031235
 30
0.0
 70
0
  0
VERTEX
  5
D68
  8
TEXT
 10
3.3942254280921187
 20
-20.999629800095125
 30
0.0
 70
0
  0
VERTEX
  5
D69
  8
TEXT
 10
3.4182374272799443
 20
-21.029529434051593
 30
0.0
 70
0
  0
VERTEX
  5
D6A
  8
TEXT
 10
3.4390557305828526
 20
-21.05808393749078
 30
0.0
 70
0
  0
VERTEX
  5
D6B
  8
TEXT
 10
3.4584985312685923
 20
-21.08759563615328
 30
0.0
 70
0
  0
VERTEX
  5
D6C
  8
TEXT
 10
3.476565829337163
 20
-21.1180645300391
 30
0.0
 70
0
  0
VERTEX
  5
D6D
  8
TEXT
 10
3.4932576247885647
 20
-21.149490619148235
 30
0.0
 70
0
  0
VERTEX
  5
D6E
  8
TEXT
 10
3.5085739176227966
 20
-21.18187390348069
 30
0.0
 70
0
  0
VERTEX
  5
D6F
  8
TEXT
 10
3.52251470783986
 20
-21.215214383036457
 30
0.0
 70
0
  0
VERTEX
  5
D70
  8
TEXT
 10
3.535079995439755
 20
-21.249512057815544
 30
0.0
 70
0
  0
VERTEX
  5
D71
  8
TEXT
 10
3.5462697804224805
 20
-21.284766927817948
 30
0.0
 70
0
  0
VERTEX
  5
D72
  8
TEXT
 10
3.556084062788037
 20
-21.320978993043667
 30
0.0
 70
0
  0
VERTEX
  5
D73
  8
TEXT
 10
3.5645228425364244
 20
-21.358148253492704
 30
0.0
 70
0
  0
VERTEX
  5
D74
  8
TEXT
 10
3.571586119667643
 20
-21.396274709165056
 30
0.0
 70
0
  0
VERTEX
  5
D75
  8
TEXT
 10
3.5772738941816917
 20
-21.435358360060725
 30
0.0
 70
0
  0
VERTEX
  5
D76
  8
TEXT
 10
3.5813060234232226
 20
-21.472894491373317
 30
0.0
 70
0
  0
VERTEX
  5
D77
  8
TEXT
 10
3.5838797863074694
 20
-21.5101559449281
 30
0.0
 70
0
  0
VERTEX
  5
D78
  8
TEXT
 10
3.5849951828344326
 20
-21.54714272072508
 30
0.0
 70
0
  0
VERTEX
  5
D79
  8
TEXT
 10
3.5846522130041127
 20
-21.58385481876425
 30
0.0
 70
0
  0
VERTEX
  5
D7A
  8
TEXT
 10
3.5828508768165106
 20
-21.620292239045618
 30
0.0
 70
0
  0
VERTEX
  5
D7B
  8
TEXT
 10
3.5795911742716244
 20
-21.656454981569176
 30
0.0
 70
0
  0
VERTEX
  5
D7C
  8
TEXT
 10
3.5748731053694547
 20
-21.69234304633493
 30
0.0
 70
0
  0
VERTEX
  5
D7D
  8
TEXT
 10
3.5686966701100022
 20
-21.72795643334288
 30
0.0
 70
0
  0
VERTEX
  5
D7E
  8
TEXT
 10
3.5610618684932667
 20
-21.76329514259302
 30
0.0
 70
0
  0
VERTEX
  5
D7F
  8
TEXT
 10
3.5519687005192475
 20
-21.798359174085356
 30
0.0
 70
0
  0
VERTEX
  5
D80
  8
TEXT
 10
3.5415499877007517
 20
-21.832968371494186
 30
0.0
 70
0
  0
VERTEX
  5
D81
  8
TEXT
 10
3.5299385515505843
 20
-21.86694257849382
 30
0.0
 70
0
  0
VERTEX
  5
D82
  8
TEXT
 10
3.517134392068746
 20
-21.900281795084258
 30
0.0
 70
0
  0
VERTEX
  5
D83
  8
TEXT
 10
3.5031375092552373
 20
-21.932986021265492
 30
0.0
 70
0
  0
VERTEX
  5
D84
  8
TEXT
 10
3.487947903110057
 20
-21.965055257037534
 30
0.0
 70
0
  0
VERTEX
  5
D85
  8
TEXT
 10
3.4715655736332063
 20
-21.996489502400372
 30
0.0
 70
0
  0
VERTEX
  5
D86
  8
TEXT
 10
3.4539905208246844
 20
-22.027288757354015
 30
0.0
 70
0
  0
VERTEX
  5
D87
  8
TEXT
 10
3.435222744684492
 20
-22.057453021898457
 30
0.0
 70
0
  0
VERTEX
  5
D88
  8
TEXT
 10
3.4152622452126287
 20
-22.086982296033703
 30
0.0
 70
0
  0
VERTEX
  5
D89
  8
TEXT
 10
3.3941090224090935
 20
-22.11587657975975
 30
0.0
 70
0
  0
VERTEX
  5
D8A
  8
TEXT
 10
3.369391192139886
 20
-22.1469875621665
 30
0.0
 70
0
  0
VERTEX
  5
D8B
  8
TEXT
 10
3.3435701112641967
 20
-22.17681653489465
 30
0.0
 70
0
  0
VERTEX
  5
D8C
  8
TEXT
 10
3.316645779782025
 20
-22.205363497944198
 30
0.0
 70
0
  0
VERTEX
  5
D8D
  8
TEXT
 10
3.288618197693371
 20
-22.232628451315144
 30
0.0
 70
0
  0
VERTEX
  5
D8E
  8
TEXT
 10
3.2594873649982357
 20
-22.258611395007488
 30
0.0
 70
0
  0
VERTEX
  5
D8F
  8
TEXT
 10
3.2292532816966184
 20
-22.28331232902123
 30
0.0
 70
0
  0
VERTEX
  5
D90
  8
TEXT
 10
3.197915947788519
 20
-22.30673125335637
 30
0.0
 70
0
  0
VERTEX
  5
D91
  8
TEXT
 10
3.1654753632739374
 20
-22.32886816801291
 30
0.0
 70
0
  0
VERTEX
  5
D92
  8
TEXT
 10
3.131931528152874
 20
-22.349723072990844
 30
0.0
 70
0
  0
VERTEX
  5
D93
  8
TEXT
 10
3.100919207608685
 20
-22.367241119991107
 30
0.0
 70
0
  0
VERTEX
  5
D94
  8
TEXT
 10
3.069254074739865
 20
-22.383410240742347
 30
0.0
 70
0
  0
VERTEX
  5
D95
  8
TEXT
 10
3.0369361295464135
 20
-22.398230435244564
 30
0.0
 70
0
  0
VERTEX
  5
D96
  8
TEXT
 10
3.0039653720283312
 20
-22.411701703497762
 30
0.0
 70
0
  0
VERTEX
  5
D97
  8
TEXT
 10
2.9703418021856183
 20
-22.423824045501938
 30
0.0
 70
0
  0
VERTEX
  5
D98
  8
TEXT
 10
2.936065420018274
 20
-22.434597461257095
 30
0.0
 70
0
  0
VERTEX
  5
D99
  8
TEXT
 10
2.901136225526299
 20
-22.44402195076323
 30
0.0
 70
0
  0
VERTEX
  5
D9A
  8
TEXT
 10
2.8655542187096934
 20
-22.45209751402034
 30
0.0
 70
0
  0
VERTEX
  5
D9B
  8
TEXT
 10
2.8293193995684565
 20
-22.458824151028434
 30
0.0
 70
0
  0
SEQEND
  5
D09
  8
TEXT
  0
POLYLINE
  5
D9C
  8
TEXT
 66
1
 10
0.0
 20
0.0
 30
0.0
 70
1
  0
VERTEX
  5
D9E
  8
TEXT
 10
2.756827175796627
 20
-22.188639098443648
 30
0.0
 70
0
  0
VERTEX
  5
D9F
  8
TEXT
 10
2.794034621447276
 20
-22.18282738246377
 30
0.0
 70
0
  0
VERTEX
  5
DA0
  8
TEXT
 10
2.8301058257658753
 20
-22.174940665935864
 30
0.0
 70
0
  0
VERTEX
  5
DA1
  8
TEXT
 10
2.865040788752425
 20
-22.164978948859932
 30
0.0
 70
0
  0
VERTEX
  5
DA2
  8
TEXT
 10
2.8988395104069244
 20
-22.152942231235972
 30
0.0
 70
0
  0
VERTEX
  5
DA3
  8
TEXT
 10
2.9315019907293736
 20
-22.138830513063986
 30
0.0
 70
0
  0
VERTEX
  5
DA4
  8
TEXT
 10
2.963028229719773
 20
-22.122643794343972
 30
0.0
 70
0
  0
VERTEX
  5
DA5
  8
TEXT
 10
2.9934182273781222
 20
-22.10438207507593
 30
0.0
 70
0
  0
VERTEX
  5
DA6
  8
TEXT
 10
3.022671983704422
 20
-22.08404535525986
 30
0.0
 70
0
  0
VERTEX
  5
DA7
  8
TEXT
 10
3.050789498698671
 20
-22.06163363489576
 30
0.0
 70
0
  0
VERTEX
  5
DA8
  8
TEXT
 10
3.0775538686500017
 20
-22.037558500743504
 30
0.0
 70
0
  0
VERTEX
  5
DA9
  8
TEXT
 10
3.102748189847544
 20
-22.012231539562954
 30
0.0
 70
0
  0
VERTEX
  5
DAA
  8
TEXT
 10
3.126372462291299
 20
-21.98565275135411
 30
0.0
 70
0
  0
VERTEX
  5
DAB
  8
TEXT
 10
3.1484266859812657
 20
-21.957822136116977
 30
0.0
 70
0
  0
VERTEX
  5
DAC
  8
TEXT
 10
3.1689108609174443
 20
-21.92873969385155
 30
0.0
 70
0
  0
VERTEX
  5
DAD
  8
TEXT
 10
3.187824987099835
 20
-21.89840542455783
 30
0.0
 70
0
  0
VERTEX
  5
DAE
  8
TEXT
 10
3.2051690645284383
 20
-21.86681932823582
 30
0.0
 70
0
  0
VERTEX
  5
DAF
  8
TEXT
 10
3.2209430932032537
 20
-21.833981404885517
 30
0.0
 70
0
  0
VERTEX
  5
DB0
  8
TEXT
 10
3.2351470731242804
 20
-21.79989165450692
 30
0.0
 70
0
  0
VERTEX
  5
DB1
  8
TEXT
 10
3.247549323188927
 20
-21.76495872931045
 30
0.0
 70
0
  0
VERTEX
  5
DB2
  8
TEXT
 10
3.2579181622946
 20
-21.729591281506526
 30
0.0
 70
0
  0
VERTEX
  5
DB3
  8
TEXT
 10
3.2662535904413006
 20
-21.693789311095145
 30
0.0
 70
0
  0
VERTEX
  5
DB4
  8
TEXT
 10
3.272555607629027
 20
-21.657552818076308
 30
0.0
 70
0
  0
VERTEX
  5
DB5
  8
TEXT
 10
3.2768242138577808
 20
-21.620881802450015
 30
0.0
 70
0
  0
VERTEX
  5
DB6
  8
TEXT
 10
3.2790594091275613
 20
-21.583776264216265
 30
0.0
 70
0
  0
VERTEX
  5
DB7
  8
TEXT
 10
3.2792611934383684
 20
-21.546236203375063
 30
0.0
 70
0
  0
VERTEX
  5
DB8
  8
TEXT
 10
3.2774295667902025
 20
-21.508261619926405
 30
0.0
 70
0
  0
VERTEX
  5
DB9
  8
TEXT
 10
3.273564529183063
 20
-21.46985251387029
 30
0.0
 70
0
  0
VERTEX
  5
DBA
  8
TEXT
 10
3.2677653953783627
 20
-21.43204643314149
 30
0.0
 70
0
  0
VERTEX
  5
DBB
  8
TEXT
 10
3.260093845554247
 20
-21.395583145309676
 30
0.0
 70
0
  0
VERTEX
  5
DBC
  8
TEXT
 10
3.2505498797107157
 20
-21.360462650374842
 30
0.0
 70
0
  0
VERTEX
  5
DBD
  8
TEXT
 10
3.239133497847769
 20
-21.326684948336986
 30
0.0
 70
0
  0
VERTEX
  5
DBE
  8
TEXT
 10
3.2258446999654073
 20
-21.294250039196115
 30
0.0
 70
0
  0
VERTEX
  5
DBF
  8
TEXT
 10
3.2106834860636297
 20
-21.263157922952225
 30
0.0
 70
0
  0
VERTEX
  5
DC0
  8
TEXT
 10
3.1936498561424367
 20
-21.233408599605315
 30
0.0
 70
0
  0
VERTEX
  5
DC1
  8
TEXT
 10
3.174743810201828
 20
-21.205002069155384
 30
0.0
 70
0
  0
VERTEX
  5
DC2
  8
TEXT
 10
3.1511825332935754
 20
-21.174472340382483
 30
0.0
 70
0
  0
VERTEX
  5
DC3
  8
TEXT
 10
3.125852425883824
 20
-21.146277746067057
 30
0.0
 70
0
  0
VERTEX
  5
DC4
  8
TEXT
 10
3.0987534879725747
 20
-21.120418286209112
 30
0.0
 70
0
  0
VERTEX
  5
DC5
  8
TEXT
 10
3.0698857195598275
 20
-21.096893960808647
 30
0.0
 70
0
  0
VERTEX
  5
DC6
  8
TEXT
 10
3.0392491206455823
 20
-21.075704769865663
 30
0.0
 70
0
  0
VERTEX
  5
DC7
  8
TEXT
 10
3.006843691229839
 20
-21.056850713380154
 30
0.0
 70
0
  0
VERTEX
  5
DC8
  8
TEXT
 10
2.972669431312598
 20
-21.040331791352127
 30
0.0
 70
0
  0
VERTEX
  5
DC9
  8
TEXT
 10
2.9416251634119712
 20
-21.028027694942605
 30
0.0
 70
0
  0
VERTEX
  5
DCA
  8
TEXT
 10
2.909845041254073
 20
-21.017980276612786
 30
0.0
 70
0
  0
VERTEX
  5
DCB
  8
TEXT
 10
2.877329064838904
 20
-21.010189536362677
 30
0.0
 70
0
  0
VERTEX
  5
DCC
  8
TEXT
 10
2.844077234166464
 20
-21.004655474192273
 30
0.0
 70
0
  0
VERTEX
  5
DCD
  8
TEXT
 10
2.810089549236753
 20
-21.001378090101575
 30
0.0
 70
0
  0
VERTEX
  5
DCE
  8
TEXT
 10
2.7753660100497712
 20
-21.000357384090584
 30
0.0
 70
0
  0
VERTEX
  5
DCF
  8
TEXT
 10
2.739906616605518
 20
-21.0015933561593
 30
0.0
 70
0
  0
VERTEX
  5
DD0
  8
TEXT
 10
2.703711368903994
 20
-21.005086006307724
 30
0.0
 70
0
  0
VERTEX
  5
DD1
  8
TEXT
 10
2.666979525048999
 20
-21.01082320746212
 30
0.0
 70
0
  0
VERTEX
  5
DD2
  8
TEXT
 10
2.631314164865559
 20
-21.0186154123705
 30
0.0
 70
0
  0
VERTEX
  5
DD3
  8
TEXT
 10
2.5967152883536757
 20
-21.02846262103286
 30
0.0
 70
0
  0
VERTEX
  5
DD4
  8
TEXT
 10
2.563182895513348
 20
-21.0403648334492
 30
0.0
 70
0
  0
VERTEX
  5
DD5
  8
TEXT
 10
2.5307169863445766
 20
-21.054322049619522
 30
0.0
 70
0
  0
VERTEX
  5
DD6
  8
TEXT
 10
2.4993175608473606
 20
-21.07033426954382
 30
0.0
 70
0
  0
VERTEX
  5
DD7
  8
TEXT
 10
2.468984619021701
 20
-21.088401493222108
 30
0.0
 70
0
  0
VERTEX
  5
DD8
  8
TEXT
 10
2.439718160867597
 20
-21.10852372065437
 30
0.0
 70
0
  0
VERTEX
  5
DD9
  8
TEXT
 10
2.411518186385049
 20
-21.13070095184062
 30
0.0
 70
0
  0
VERTEX
  5
DDA
  8
TEXT
 10
2.384639412664622
 20
-21.154516821026277
 30
0.0
 70
0
  0
VERTEX
  5
DDB
  8
TEXT
 10
2.3593365567968823
 20
-21.179554962456784
 30
0.0
 70
0
  0
VERTEX
  5
DDC
  8
TEXT
 10
2.3356096187818283
 20
-21.205815376132133
 30
0.0
 70
0
  0
VERTEX
  5
DDD
  8
TEXT
 10
2.3134585986194613
 20
-21.233298062052327
 30
0.0
 70
0
  0
VERTEX
  5
DDE
  8
TEXT
 10
2.292883496309781
 20
-21.262003020217367
 30
0.0
 70
0
  0
VERTEX
  5
DDF
  8
TEXT
 10
2.273884311852787
 20
-21.29193025062725
 30
0.0
 70
0
  0
VERTEX
  5
DE0
  8
TEXT
 10
2.25646104524848
 20
-21.32307975328198
 30
0.0
 70
0
  0
VERTEX
  5
DE1
  8
TEXT
 10
2.240613696496859
 20
-21.355451528181554
 30
0.0
 70
0
  0
VERTEX
  5
DE2
  8
TEXT
 10
2.226342265597925
 20
-21.38904557532597
 30
0.0
 70
0
  0
VERTEX
  5
DE3
  8
TEXT
 10
2.213882667596872
 20
-21.423524739966084
 30
0.0
 70
0
  0
VERTEX
  5
DE4
  8
TEXT
 10
2.2034708175388933
 20
-21.458551867352742
 30
0.0
 70
0
  0
VERTEX
  5
DE5
  8
TEXT
 10
2.19510671542399
 20
-21.494126957485946
 30
0.0
 70
0
  0
VERTEX
  5
DE6
  8
TEXT
 10
2.188790361252161
 20
-21.530250010365695
 30
0.0
 70
0
  0
VERTEX
  5
DE7
  8
TEXT
 10
2.1845217550234075
 20
-21.566921025991984
 30
0.0
 70
0
  0
VERTEX
  5
DE8
  8
TEXT
 10
2.182300896737729
 20
-21.604140004364822
 30
0.0
 70
0
  0
VERTEX
  5
DE9
  8
TEXT
 10
2.1821277863951254
 20
-21.641906945484205
 30
0.0
 70
0
  0
VERTEX
  5
DEA
  8
TEXT
 10
2.1840024239955964
 20
-21.68022184935013
 30
0.0
 70
0
  0
VERTEX
  5
DEB
  8
TEXT
 10
2.1879248095391426
 20
-21.7190847159626
 30
0.0
 70
0
  0
VERTEX
  5
DEC
  8
TEXT
 10
2.1937262114995306
 20
-21.756908743275904
 30
0.0
 70
0
  0
VERTEX
  5
DED
  8
TEXT
 10
2.2014045657907104
 20
-21.793425870861235
 30
0.0
 70
0
  0
VERTEX
  5
DEE
  8
TEXT
 10
2.210959872412681
 20
-21.82863609871859
 30
0.0
 70
0
  0
VERTEX
  5
DEF
  8
TEXT
 10
2.2223921313654436
 20
-21.862539426847974
 30
0.0
 70
0
  0
VERTEX
  5
DF0
  8
TEXT
 10
2.2357013426489973
 20
-21.895135855249386
 30
0.0
 70
0
  0
VERTEX
  5
DF1
  8
TEXT
 10
2.2508875062633424
 20
-21.926425383922822
 30
0.0
 70
0
  0
VERTEX
  5
DF2
  8
TEXT
 10
2.267950622208479
 20
-21.95640801286829
 30
0.0
 70
0
  0
VERTEX
  5
DF3
  8
TEXT
 10
2.2868906904844066
 20
-21.985083742085784
 30
0.0
 70
0
  0
VERTEX
  5
DF4
  8
TEXT
 10
2.31047781528159
 20
-22.015943611968044
 30
0.0
 70
0
  0
VERTEX
  5
DF5
  8
TEXT
 10
2.3358025166643994
 20
-22.044472297378242
 30
0.0
 70
0
  0
VERTEX
  5
DF6
  8
TEXT
 10
2.362864794632835
 20
-22.070669798316377
 30
0.0
 70
0
  0
VERTEX
  5
DF7
  8
TEXT
 10
2.391664649186898
 20
-22.09453611478245
 30
0.0
 70
0
  0
VERTEX
  5
DF8
  8
TEXT
 10
2.422202080326587
 20
-22.116071246776457
 30
0.0
 70
0
  0
VERTEX
  5
DF9
  8
TEXT
 10
2.454477088051903
 20
-22.1352751942984
 30
0.0
 70
0
  0
VERTEX
  5
DFA
  8
TEXT
 10
2.488489672362845
 20
-22.152147957348284
 30
0.0
 70
0
  0
VERTEX
  5
DFB
  8
TEXT
 10
2.519388496753748
 20
-22.16474393408225
 30
0.0
 70
0
  0
VERTEX
  5
DFC
  8
TEXT
 10
2.551042567869885
 20
-22.17504431535992
 30
0.0
 70
0
  0
VERTEX
  5
DFD
  8
TEXT
 10
2.5834518857112565
 20
-22.18304910118129
 30
0.0
 70
0
  0
VERTEX
  5
DFE
  8
TEXT
 10
2.6166164502778626
 20
-22.18875829154636
 30
0.0
 70
0
  0
VERTEX
  5
DFF
  8
TEXT
 10
2.650536261569702
 20
-22.19217188645513
 30
0.0
 70
0
  0
VERTEX
  5
E00
  8
TEXT
 10
2.6852113195867764
 20
-22.193289885907603
 30
0.0
 70
0
  0
VERTEX
  5
E01
  8
TEXT
 10
2.7206416243290845
 20
-22.192112289903775
 30
0.0
 70
0
  0
SEQEND
  5
D9D
  8
TEXT
  0
POLYLINE
  5
E02
  8
TEXT
 66
1
 10
0.0
 20
0.0
 30
0.0
 70
1
  0
VERTEX
  5
E04
  8
TEXT
 10
4.059250221304845
 20
-22.234022477315886
 30
0.0
 70
0
  0
VERTEX
  5
E05
  8
TEXT
 10
3.933992710480472
 20
-19.877501608231494
 30
0.0
 70
0
  0
VERTEX
  5
E06
  8
TEXT
 10
4.22112177064078
 20
-19.82161808177495
 30
0.0
 70
0
  0
VERTEX
  5
E07
  8
TEXT
 10
4.346379281465153
 20
-22.178138950859342
 30
0.0
 70
0
  0
SEQEND
  5
E03
  8
TEXT
  0
POLYLINE
  5
E08
  8
TEXT
 66
1
 10
0.0
 20
0.0
 30
0.0
 70
1
  0
VERTEX
  5
E0A
  8
TEXT
 10
4.900084156704764
 20
-22.06396254388958
 30
0.0
 70
0
  0
VERTEX
  5
E0B
  8
TEXT
 10
4.746966293234439
 20
-20.392323873753796
 30
0.0
 70
0
  0
VERTEX
  5
E0C
  8
TEXT
 10
5.031767806925221
 20
-20.325584353848424
 30
0.0
 70
0
  0
VERTEX
  5
E0D
  8
TEXT
 10
5.184885670395547
 20
-21.997223023984205
 30
0.0
 70
0
  0
SEQEND
  5
E09
  8
TEXT
  0
POLYLINE
  5
E0E
  8
TEXT
 66
1
 10
0.0
 20
0.0
 30
0.0
 70
1
  0
VERTEX
  5
E10
  8
TEXT
 10
4.722859169972139
 20
-20.123691788760727
 30
0.0
 70
0
  0
VERTEX
  5
E11
  8
TEXT
 10
4.687930226301985
 20
-19.751371116240065
 30
0.0
 70
0
  0
VERTEX
  5
E12
  8
TEXT
 10
4.972731739992767
 20
-19.684631596334693
 30
0.0
 70
0
  0
VERTEX
  5
E13
  8
TEXT
 10
5.007660683662921
 20
-20.05695226885535
 30
0.0
 70
0
  0
SEQEND
  5
E0F
  8
TEXT
  0
POLYLINE
  5
E14
  8
TEXT
 66
1
 10
0.0
 20
0.0
 30
0.0
 70
1
  0
VERTEX
  5
E16
  8
TEXT
 10
5.7365279076777655
 20
-21.874114333576667
 30
0.0
 70
0
  0
VERTEX
  5
E17
  8
TEXT
 10
5.483149190371429
 20
-20.212838855234498
 30
0.0
 70
0
  0
VERTEX
  5
E18
  8
TEXT
 10
5.752242477607933
 20
-20.13211797748895
 30
0.0
 70
0
  0
VERTEX
  5
E19
  8
TEXT
 10
5.783582566864329
 20
-20.32255260200134
 30
0.0
 70
0
  0
VERTEX
  5
E1A
  8
TEXT
 10
5.798056484617001
 20
-20.2890233186859
 30
0.0
 70
0
  0
VERTEX
  5
E1B
  8
TEXT
 10
5.814666019982505
 20
-20.256644050080418
 30
0.0
 70
0
  0
VERTEX
  5
E1C
  8
TEXT
 10
5.833411172960843
 20
-20.225414796184893
 30
0.0
 70
0
  0
VERTEX
  5
E1D
  8
TEXT
 10
5.854291943552014
 20
-20.19533555699932
 30
0.0
 70
0
  0
VERTEX
  5
E1E
  8
TEXT
 10
5.877308331756018
 20
-20.16640633252371
 30
0.0
 70
0
  0
VERTEX
  5
E1F
  8
TEXT
 10
5.9024603375728555
 20
-20.138627122758056
 30
0.0
 70
0
  0
VERTEX
  5
E20
  8
TEXT
 10
5.929118226862041
 20
-20.11168943031518
 30
0.0
 70
0
  0
VERTEX
  5
E21
  8
TEXT
 10
5.95704650664424
 20
-20.08659901073702
 30
0.0
 70
0
  0
VERTEX
  5
E22
  8
TEXT
 10
5.9862451769194545
 20
-20.063355864023578
 30
0.0
 70
0
  0
VERTEX
  5
E23
  8
TEXT
 10
6.016714237687683
 20
-20.04195999017485
 30
0.0
 70
0
  0
VERTEX
  5
E24
  8
TEXT
 10
6.048453688948926
 20
-20.02241138919084
 30
0.0
 70
0
  0
VERTEX
  5
E25
  8
TEXT
 10
6.081463530703182
 20
-20.004710061071545
 30
0.0
 70
0
  0
VERTEX
  5
E26
  8
TEXT
 10
6.115743762950452
 20
-19.988856005816967
 30
0.0
 70
0
  0
VERTEX
  5
E27
  8
TEXT
 10
6.151294385690738
 20
-19.974849223427103
 30
0.0
 70
0
  0
VERTEX
  5
E28
  8
TEXT
 10
6.188115398924037
 20
-19.96268971390196
 30
0.0
 70
0
  0
VERTEX
  5
E29
  8
TEXT
 10
6.226608379934247
 20
-19.95225701466451
 30
0.0
 70
0
  0
VERTEX
  5
E2A
  8
TEXT
 10
6.264546400147033
 20
-19.944219145460046
 30
0.0
 70
0
  0
VERTEX
  5
E2B
  8
TEXT
 10
6.301929459562394
 20
-19.93857610628856
 30
0.0
 70
0
  0
VERTEX
  5
E2C
  8
TEXT
 10
6.33875755818033
 20
-19.935327897150056
 30
0.0
 70
0
  0
VERTEX
  5
E2D
  8
TEXT
 10
6.375030696000841
 20
-19.93447451804453
 30
0.0
 70
0
  0
VERTEX
  5
E2E
  8
TEXT
 10
6.410748873023927
 20
-19.93601596897199
 30
0.0
 70
0
  0
VERTEX
  5
E2F
  8
TEXT
 10
6.445912089249589
 20
-19.93995224993243
 30
0.0
 70
0
  0
VERTEX
  5
E30
  8
TEXT
 10
6.480520344677826
 20
-19.946283360925847
 30
0.0
 70
0
  0
VERTEX
  5
E31
  8
TEXT
 10
6.514573639308639
 20
-19.955009301952245
 30
0.0
 70
0
  0
VERTEX
  5
E32
  8
TEXT
 10
6.547752543899031
 20
-19.965927452749938
 30
0.0
 70
0
  0
VERTEX
  5
E33
  8
TEXT
 10
6.5797376292060035
 20
-19.978835193057222
 30
0.0
 70
0
  0
VERTEX
  5
E34
  8
TEXT
 10
6.610528895229558
 20
-19.993732522874108
 30
0.0
 70
0
  0
VERTEX
  5
E35
  8
TEXT
 10
6.640126341969695
 20
-20.01061944220059
 30
0.0
 70
0
  0
VERTEX
  5
E36
  8
TEXT
 10
6.668529969426413
 20
-20.029495951036672
 30
0.0
 70
0
  0
VERTEX
  5
E37
  8
TEXT
 10
6.695739777599714
 20
-20.05036204938235
 30
0.0
 70
0
  0
VERTEX
  5
E38
  8
TEXT
 10
6.721755766489596
 20
-20.073217737237627
 30
0.0
 70
0
  0
VERTEX
  5
E39
  8
TEXT
 10
6.7465779360960605
 20
-20.098063014602502
 30
0.0
 70
0
  0
VERTEX
  5
E3A
  8
TEXT
 10
6.770206286419106
 20
-20.124897881476976
 30
0.0
 70
0
  0
VERTEX
  5
E3B
  8
TEXT
 10
6.792308610274516
 20
-20.15354344668394
 30
0.0
 70
0
  0
VERTEX
  5
E3C
  8
TEXT
 10
6.8125527004780695
 20
-20.183820819046296
 30
0.0
 70
0
  0
VERTEX
  5
E3D
  8
TEXT
 10
6.830938557029769
 20
-20.21572999856404
 30
0.0
 70
0
  0
VERTEX
  5
E3E
  8
TEXT
 10
6.847466179929613
 20
-20.24927098523717
 30
0.0
 70
0
  0
VERTEX
  5
E3F
  8
TEXT
 10
6.862135569177602
 20
-20.284443779065697
 30
0.0
 70
0
  0
VERTEX
  5
E40
  8
TEXT
 10
6.874946724773736
 20
-20.321248380049607
 30
0.0
 70
0
  0
VERTEX
  5
E41
  8
TEXT
 10
6.8858996467180145
 20
-20.359684788188908
 30
0.0
 70
0
  0
VERTEX
  5
E42
  8
TEXT
 10
6.894994335010439
 20
-20.399753003483596
 30
0.0
 70
0
  0
VERTEX
  5
E43
  8
TEXT
 10
6.902230789651007
 20
-20.441453025933676
 30
0.0
 70
0
  0
VERTEX
  5
E44
  8
TEXT
 10
7.061294860226708
 20
-21.47671924313704
 30
0.0
 70
0
  0
VERTEX
  5
E45
  8
TEXT
 10
6.783330365718671
 20
-21.560101248720354
 30
0.0
 70
0
  0
VERTEX
  5
E46
  8
TEXT
 10
6.628405566953166
 20
-20.549378626853667
 30
0.0
 70
0
  0
VERTEX
  5
E47
  8
TEXT
 10
6.620524734857941
 20
-20.509045766964128
 30
0.0
 70
0
  0
VERTEX
  5
E48
  8
TEXT
 10
6.610416925969513
 20
-20.47137054526079
 30
0.0
 70
0
  0
VERTEX
  5
E49
  8
TEXT
 10
6.598082140287882
 20
-20.43635296174365
 30
0.0
 70
0
  0
VERTEX
  5
E4A
  8
TEXT
 10
6.58352037781305
 20
-20.403993016412713
 30
0.0
 70
0
  0
VERTEX
  5
E4B
  8
TEXT
 10
6.566731638545014
 20
-20.374290709267978
 30
0.0
 70
0
  0
VERTEX
  5
E4C
  8
TEXT
 10
6.547715922483776
 20
-20.347246040309443
 30
0.0
 70
0
  0
VERTEX
  5
E4D
  8
TEXT
 10
6.526473229629334
 20
-20.322859009537108
 30
0.0
 70
0
  0
VERTEX
  5
E4E
  8
TEXT
 10
6.50300355998169
 20
-20.301129616950973
 30
0.0
 70
0
  0
VERTEX
  5
E4F
  8
TEXT
 10
6.477306913540843
 20
-20.282057862551042
 30
0.0
 70
0
  0
VERTEX
  5
E50
  8
TEXT
 10
6.446443164000276
 20
-20.264120772755632
 30
0.0
 70
0
  0
VERTEX
  5
E51
  8
TEXT
 10
6.41417471876283
 20
-20.25023110780978
 30
0.0
 70
0
  0
VERTEX
  5
E52
  8
TEXT
 10
6.380501577828506
 20
-20.240388867713474
 30
0.0
 70
0
  0
VERTEX
  5
E53
  8
TEXT
 10
6.345423741197303
 20
-20.234594052466722
 30
0.0
 70
0
  0
VERTEX
  5
E54
  8
TEXT
 10
6.308941208869222
 20
-20.232846662069527
 30
0.0
 70
0
  0
VERTEX
  5
E55
  8
TEXT
 10
6.271053980844264
 20
-20.23514669652188
 30
0.0
 70
0
  0
VERTEX
  5
E56
  8
TEXT
 10
6.231762057122427
 20
-20.24149415582379
 30
0.0
 70
0
  0
VERTEX
  5
E57
  8
TEXT
 10
6.191065437703711
 20
-20.251889039975254
 30
0.0
 70
0
  0
VERTEX
  5
E58
  8
TEXT
 10
6.153588656049529
 20
-20.264697897608407
 30
0.0
 70
0
  0
VERTEX
  5
E59
  8
TEXT
 10
6.118042107440271
 20
-20.280061362580565
 30
0.0
 70
0
  0
VERTEX
  5
E5A
  8
TEXT
 10
6.084425791875936
 20
-20.29797943489173
 30
0.0
 70
0
  0
VERTEX
  5
E5B
  8
TEXT
 10
6.052739709356524
 20
-20.318452114541905
 30
0.0
 70
0
  0
VERTEX
  5
E5C
  8
TEXT
 10
6.022983859882035
 20
-20.341479401531082
 30
0.0
 70
0
  0
VERTEX
  5
E5D
  8
TEXT
 10
5.99515824345247
 20
-20.36706129585927
 30
0.0
 70
0
  0
VERTEX
  5
E5E
  8
TEXT
 10
5.9695585734864265
 20
-20.39484049477568
 30
0.0
 70
0
  0
VERTEX
  5
E5F
  8
TEXT
 10
5.946480563402503
 20
-20.42445969552953
 30
0.0
 70
0
  0
VERTEX
  5
E60
  8
TEXT
 10
5.925924213200698
 20
-20.45591889812082
 30
0.0
 70
0
  0
VERTEX
  5
E61
  8
TEXT
 10
5.907889522881013
 20
-20.489218102549554
 30
0.0
 70
0
  0
VERTEX
  5
E62
  8
TEXT
 10
5.892376492443448
 20
-20.524357308815727
 30
0.0
 70
0
  0
VERTEX
  5
E63
  8
TEXT
 10
5.879385121888003
 20
-20.561336516919344
 30
0.0
 70
0
  0
VERTEX
  5
E64
  8
TEXT
 10
5.870422658772886
 20
-20.594283241207947
 30
0.0
 70
0
  0
VERTEX
  5
E65
  8
TEXT
 10
5.863644767623625
 20
-20.628153341464046
 30
0.0
 70
0
  0
VERTEX
  5
E66
  8
TEXT
 10
5.85905144844022
 20
-20.66294681768764
 30
0.0
 70
0
  0
VERTEX
  5
E67
  8
TEXT
 10
5.856642701222672
 20
-20.698663669878727
 30
0.0
 70
0
  0
VERTEX
  5
E68
  8
TEXT
 10
5.8564185259709785
 20
-20.73530389803731
 30
0.0
 70
0
  0
VERTEX
  5
E69
  8
TEXT
 10
5.858378922685142
 20
-20.772867502163383
 30
0.0
 70
0
  0
VERTEX
  5
E6A
  8
TEXT
 10
5.862523891365161
 20
-20.811354482256952
 30
0.0
 70
0
  0
VERTEX
  5
E6B
  8
TEXT
 10
6.014492402185803
 20
-21.79073232799335
 30
0.0
 70
0
  0
SEQEND
  5
E15
  8
TEXT
  0
POLYLINE
  5
E6C
  8
TEXT
 66
1
 10
0.0
 20
0.0
 30
0.0
 70
1
  0
VERTEX
  5
E6E
  8
TEXT
 10
8.35495252780439
 20
-21.03879155290781
 30
0.0
 70
0
  0
VERTEX
  5
E6F
  8
TEXT
 10
8.315938636643793
 20
-21.053369739229854
 30
0.0
 70
0
  0
VERTEX
  5
E70
  8
TEXT
 10
8.277137263595531
 20
-21.065996341653413
 30
0.0
 70
0
  0
VERTEX
  5
E71
  8
TEXT
 10
8.238548408659607
 20
-21.07667136017848
 30
0.0
 70
0
  0
VERTEX
  5
E72
  8
TEXT
 10
8.20017207183602
 20
-21.085394794805058
 30
0.0
 70
0
  0
VERTEX
  5
E73
  8
TEXT
 10
8.162008253124771
 20
-21.09216664553315
 30
0.0
 70
0
  0
VERTEX
  5
E74
  8
TEXT
 10
8.124056952525857
 20
-21.096986912362752
 30
0.0
 70
0
  0
VERTEX
  5
E75
  8
TEXT
 10
8.08631817003928
 20
-21.099855595293864
 30
0.0
 70
0
  0
VERTEX
  5
E76
  8
TEXT
 10
8.048791905665041
 20
-21.100772694326487
 30
0.0
 70
0
  0
VERTEX
  5
E77
  8
TEXT
 10
8.01147815940314
 20
-21.09973820946062
 30
0.0
 70
0
  0
VERTEX
  5
E78
  8
TEXT
 10
7.974376931253573
 20
-21.09675214069627
 30
0.0
 70
0
  0
VERTEX
  5
E79
  8
TEXT
 10
7.937488221216345
 20
-21.091814488033428
 30
0.0
 70
0
  0
VERTEX
  5
E7A
  8
TEXT
 10
7.901046265528856
 20
-21.085065506270933
 30
0.0
 70
0
  0
VERTEX
  5
E7B
  8
TEXT
 10
7.86528530042851
 20
-21.076645450207618
 30
0.0
 70
0
  0
VERTEX
  5
E7C
  8
TEXT
 10
7.830205325915307
 20
-21.06655431984349
 30
0.0
 70
0
  0
VERTEX
  5
E7D
  8
TEXT
 10
7.7958063419892465
 20
-21.054792115178543
 30
0.0
 70
0
  0
VERTEX
  5
E7E
  8
TEXT
 10
7.762088348650329
 20
-21.04135883621278
 30
0.0
 70
0
  0
VERTEX
  5
E7F
  8
TEXT
 10
7.729051345898554
 20
-21.026254482946197
 30
0.0
 70
0
  0
VERTEX
  5
E80
  8
TEXT
 10
7.696695333733923
 20
-21.009479055378797
 30
0.0
 70
0
  0
VERTEX
  5
E81
  8
TEXT
 10
7.665020312156434
 20
-20.991032553510582
 30
0.0
 70
0
  0
VERTEX
  5
E82
  8
TEXT
 10
7.634026281166088
 20
-20.97091497734155
 30
0.0
 70
0
  0
VERTEX
  5
E83
  8
TEXT
 10
7.603713240762885
 20
-20.949126326871703
 30
0.0
 70
0
  0
VERTEX
  5
E84
  8
TEXT
 10
7.574081190946825
 20
-20.925666602101035
 30
0.0
 70
0
  0
VERTEX
  5
E85
  8
TEXT
 10
7.547747377386686
 20
-20.902809794668922
 30
0.0
 70
0
  0
VERTEX
  5
E86
  8
TEXT
 10
7.522447119997495
 20
-20.878780685894558
 30
0.0
 70
0
  0
VERTEX
  5
E87
  8
TEXT
 10
7.4981804187792545
 20
-20.85357927577794
 30
0.0
 70
0
  0
VERTEX
  5
E88
  8
TEXT
 10
7.474947273731963
 20
-20.82720556431907
 30
0.0
 70
0
  0
VERTEX
  5
E89
  8
TEXT
 10
7.452747684855622
 20
-20.799659551517948
 30
0.0
 70
0
  0
VERTEX
  5
E8A
  8
TEXT
 10
7.4315816521502285
 20
-20.770941237374572
 30
0.0
 70
0
  0
VERTEX
  5
E8B
  8
TEXT
 10
7.411449175615786
 20
-20.74105062188894
 30
0.0
 70
0
  0
VERTEX
  5
E8C
  8
TEXT
 10
7.392350255252293
 20
-20.70998770506106
 30
0.0
 70
0
  0
VERTEX
  5
E8D
  8
TEXT
 10
7.374284891059749
 20
-20.677752486890927
 30
0.0
 70
0
  0
VERTEX
  5
E8E
  8
TEXT
 10
7.357253083038154
 20
-20.64434496737854
 30
0.0
 70
0
  0
VERTEX
  5
E8F
  8
TEXT
 10
7.34125483118751
 20
-20.609765146523902
 30
0.0
 70
0
  0
VERTEX
  5
E90
  8
TEXT
 10
7.326290135507815
 20
-20.57401302432701
 30
0.0
 70
0
  0
VERTEX
  5
E91
  8
TEXT
 10
7.313042459627819
 20
-20.538980518564177
 30
0.0
 70
0
  0
VERTEX
  5
E92
  8
TEXT
 10
7.301130683774591
 20
-20.503881990063547
 30
0.0
 70
0
  0
VERTEX
  5
E93
  8
TEXT
 10
7.290554807948134
 20
-20.46871743882512
 30
0.0
 70
0
  0
VERTEX
  5
E94
  8
TEXT
 10
7.281314832148446
 20
-20.43348686484889
 30
0.0
 70
0
  0
VERTEX
  5
E95
  8
TEXT
 10
7.273410756375528
 20
-20.39819026813487
 30
0.0
 70
0
  0
VERTEX
  5
E96
  8
TEXT
 10
7.266842580629378
 20
-20.362827648683044
 30
0.0
 70
0
  0
VERTEX
  5
E97
  8
TEXT
 10
7.261610304909999
 20
-20.327399006493426
 30
0.0
 70
0
  0
VERTEX
  5
E98
  8
TEXT
 10
7.257713929217387
 20
-20.291904341566006
 30
0.0
 70
0
  0
VERTEX
  5
E99
  8
TEXT
 10
7.2551534535515465
 20
-20.256343653900792
 30
0.0
 70
0
  0
VERTEX
  5
E9A
  8
TEXT
 10
7.253928877912474
 20
-20.220716943497777
 30
0.0
 70
0
  0
VERTEX
  5
E9B
  8
TEXT
 10
7.254116900046462
 20
-20.18126656721877
 30
0.0
 70
0
  0
VERTEX
  5
E9C
  8
TEXT
 10
7.2559179122832855
 20
-20.142159264541558
 30
0.0
 70
0
  0
VERTEX
  5
E9D
  8
TEXT
 10
7.259331914622946
 20
-20.10339503546614
 30
0.0
 70
0
  0
VERTEX
  5
E9E
  8
TEXT
 10
7.264358907065443
 20
-20.064973879992515
 30
0.0
 70
0
  0
VERTEX
  5
E9F
  8
TEXT
 10
7.270998889610775
 20
-20.026895798120684
 30
0.0
 70
0
  0
VERTEX
  5
EA0
  8
TEXT
 10
7.279251862258944
 20
-19.989160789850644
 30
0.0
 70
0
  0
VERTEX
  5
EA1
  8
TEXT
 10
7.289117825009948
 20
-19.9517688551824
 30
0.0
 70
0
  0
VERTEX
  5
EA2
  8
TEXT
 10
7.30059677786379
 20
-19.914719994115952
 30
0.0
 70
0
  0
VERTEX
  5
EA3
  8
TEXT
 10
7.313688720820467
 20
-19.878014206651297
 30
0.0
 70
0
  0
VERTEX
  5
EA4
  8
TEXT
 10
7.328272681001963
 20
-19.841966196764268
 30
0.0
 70
0
  0
VERTEX
  5
EA5
  8
TEXT
 10
7.344227685530262
 20
-19.806890668430707
 30
0.0
 70
0
  0
VERTEX
  5
EA6
  8
TEXT
 10
7.361553734405362
 20
-19.772787621650615
 30
0.0
 70
0
  0
VERTEX
  5
EA7
  8
TEXT
 10
7.380250827627263
 20
-19.739657056423983
 30
0.0
 70
0
  0
VERTEX
  5
EA8
  8
TEXT
 10
7.400318965195966
 20
-19.70749897275082
 30
0.0
 70
0
  0
VERTEX
  5
EA9
  8
TEXT
 10
7.421758147111472
 20
-19.676313370631117
 30
0.0
 70
0
  0
VERTEX
  5
EAA
  8
TEXT
 10
7.444568373373778
 20
-19.646100250064883
 30
0.0
 70
0
  0
VERTEX
  5
EAB
  8
TEXT
 10
7.468749643982887
 20
-19.616859611052114
 30
0.0
 70
0
  0
VERTEX
  5
EAC
  8
TEXT
 10
7.494301958938798
 20
-19.588591453592812
 30
0.0
 70
0
  0
VERTEX
  5
EAD
  8
TEXT
 10
7.518485284404055
 20
-19.564142133534542
 30
0.0
 70
0
  0
VERTEX
  5
EAE
  8
TEXT
 10
7.543807153967069
 20
-19.54080162338837
 30
0.0
 70
0
  0
VERTEX
  5
EAF
  8
TEXT
 10
7.570267567627837
 20
-19.51856992315429
 30
0.0
 70
0
  0
VERTEX
  5
EB0
  8
TEXT
 10
7.597866525386361
 20
-19.4974470328323
 30
0.0
 70
0
  0
VERTEX
  5
EB1
  8
TEXT
 10
7.62660402724264
 20
-19.477432952422408
 30
0.0
 70
0
  0
VERTEX
  5
EB2
  8
TEXT
 10
7.656480073196674
 20
-19.458527681924604
 30
0.0
 70
0
  0
VERTEX
  5
EB3
  8
TEXT
 10
7.687494663248463
 20
-19.440731221338897
 30
0.0
 70
0
  0
VERTEX
  5
EB4
  8
TEXT
 10
7.719647797398009
 20
-19.424043570665283
 30
0.0
 70
0
  0
VERTEX
  5
EB5
  8
TEXT
 10
7.752939475645309
 20
-19.408464729903763
 30
0.0
 70
0
  0
VERTEX
  5
EB6
  8
TEXT
 10
7.787369697990365
 20
-19.393994699054335
 30
0.0
 70
0
  0
VERTEX
  5
EB7
  8
TEXT
 10
7.8267866452441055
 20
-19.379256259622828
 30
0.0
 70
0
  0
VERTEX
  5
EB8
  8
TEXT
 10
7.865753982566012
 20
-19.36656367062479
 30
0.0
 70
0
  0
VERTEX
  5
EB9
  8
TEXT
 10
7.904271709956088
 20
-19.35591693206021
 30
0.0
 70
0
  0
VERTEX
  5
EBA
  8
TEXT
 10
7.94233982741433
 20
-19.347316043929105
 30
0.0
 70
0
  0
VERTEX
  5
EBB
  8
TEXT
 10
7.979958334940741
 20
-19.340761006231464
 30
0.0
 70
0
  0
VERTEX
  5
EBC
  8
TEXT
 10
8.01712723253532
 20
-19.336251818967288
 30
0.0
 70
0
  0
VERTEX
  5
EBD
  8
TEXT
 10
8.053846520198064
 20
-19.333788482136576
 30
0.0
 70
0
  0
VERTEX
  5
EBE
  8
TEXT
 10
8.090116197928978
 20
-19.333370995739333
 30
0.0
 70
0
  0
VERTEX
  5
EBF
  8
TEXT
 10
8.125936265728058
 20
-19.33499935977556
 30
0.0
 70
0
  0
VERTEX
  5
EC0
  8
TEXT
 10
8.161306723595306
 20
-19.338673574245245
 30
0.0
 70
0
  0
VERTEX
  5
EC1
  8
TEXT
 10
8.196227571530722
 20
-19.344393639148404
 30
0.0
 70
0
  0
VERTEX
  5
EC2
  8
TEXT
 10
8.23390984418321
 20
-19.352684190806848
 30
0.0
 70
0
  0
VERTEX
  5
EC3
  8
TEXT
 10
8.27062536760777
 20
-19.36272126751842
 30
0.0
 70
0
  0
VERTEX
  5
EC4
  8
TEXT
 10
8.306374141804408
 20
-19.37450486928313
 30
0.0
 70
0
  0
VERTEX
  5
EC5
  8
TEXT
 10
8.341156166773121
 20
-19.388034996100966
 30
0.0
 70
0
  0
VERTEX
  5
EC6
  8
TEXT
 10
8.37497144251391
 20
-19.403311647971936
 30
0.0
 70
0
  0
VERTEX
  5
EC7
  8
TEXT
 10
8.407819969026775
 20
-19.420334824896035
 30
0.0
 70
0
  0
VERTEX
  5
EC8
  8
TEXT
 10
8.439701746311714
 20
-19.43910452687327
 30
0.0
 70
0
  0
VERTEX
  5
EC9
  8
TEXT
 10
8.470616774368729
 20
-19.459620753903632
 30
0.0
 70
0
  0
VERTEX
  5
ECA
  8
TEXT
 10
8.500565053197818
 20
-19.481883505987124
 30
0.0
 70
0
  0
VERTEX
  5
ECB
  8
TEXT
 10
8.529546582798984
 20
-19.505892783123752
 30
0.0
 70
0
  0
VERTEX
  5
ECC
  8
TEXT
 10
8.557349830083693
 20
-19.531367234853956
 30
0.0
 70
0
  0
VERTEX
  5
ECD
  8
TEXT
 10
8.583763261963414
 20
-19.558025510718192
 30
0.0
 70
0
  0
VERTEX
  5
ECE
  8
TEXT
 10
8.608786878438144
 20
-19.585867610716456
 30
0.0
 70
0
  0
VERTEX
  5
ECF
  8
TEXT
 10
8.632420679507888
 20
-19.614893534848743
 30
0.0
 70
0
  0
VERTEX
  5
ED0
  8
TEXT
 10
8.654664665172643
 20
-19.64510328311506
 30
0.0
 70
0
  0
VERTEX
  5
ED1
  8
TEXT
 10
8.675518835432408
 20
-19.676496855515406
 30
0.0
 70
0
  0
VERTEX
  5
ED2
  8
TEXT
 10
8.694983190287186
 20
-19.709074252049778
 30
0.0
 70
0
  0
VERTEX
  5
ED3
  8
TEXT
 10
8.713057729736976
 20
-19.74283547271818
 30
0.0
 70
0
  0
VERTEX
  5
ED4
  8
TEXT
 10
8.729742453781775
 20
-19.77778051752061
 30
0.0
 70
0
  0
VERTEX
  5
ED5
  8
TEXT
 10
8.745037362421588
 20
-19.813909386457066
 30
0.0
 70
0
  0
VERTEX
  5
ED6
  8
TEXT
 10
8.7572616484847
 20
-19.84744029988739
 30
0.0
 70
0
  0
VERTEX
  5
ED7
  8
TEXT
 10
8.76808033834754
 20
-19.88300665715137
 30
0.0
 70
0
  0
VERTEX
  5
ED8
  8
TEXT
 10
8.777493432010104
 20
-19.920608458249013
 30
0.0
 70
0
  0
VERTEX
  5
ED9
  8
TEXT
 10
8.785443310857048
 20
-19.957315440586225
 30
0.0
 70
0
  0
VERTEX
  5
EDA
  8
TEXT
 10
8.79187235627302
 20
-19.990197341568905
 30
0.0
 70
0
  0
VERTEX
  5
EDB
  8
TEXT
 10
8.79678056825802
 20
-20.019254161197058
 30
0.0
 70
0
  0
VERTEX
  5
EDC
  8
TEXT
 10
7.611961618692899
 20
-20.490332316440195
 30
0.0
 70
0
  0
VERTEX
  5
EDD
  8
TEXT
 10
7.615383493912583
 20
-20.498938749487884
 30
0.0
 70
0
  0
VERTEX
  5
EDE
  8
TEXT
 10
7.618805369132267
 20
-20.507545182535573
 30
0.0
 70
0
  0
VERTEX
  5
EDF
  8
TEXT
 10
7.633795234280269
 20
-20.542439414261132
 30
0.0
 70
0
  0
VERTEX
  5
EE0
  8
TEXT
 10
7.650249202893578
 20
-20.57540183404041
 30
0.0
 70
0
  0
VERTEX
  5
EE1
  8
TEXT
 10
7.668167274972193
 20
-20.606432441873405
 30
0.0
 70
0
  0
VERTEX
  5
EE2
  8
TEXT
 10
7.687549450516115
 20
-20.635531237760116
 30
0.0
 70
0
  0
VERTEX
  5
EE3
  8
TEXT
 10
7.708395729525343
 20
-20.66269822170055
 30
0.0
 70
0
  0
VERTEX
  5
EE4
  8
TEXT
 10
7.730706111999877
 20
-20.687933393694692
 30
0.0
 70
0
  0
VERTEX
  5
EE5
  8
TEXT
 10
7.754480597939717
 20
-20.711236753742558
 30
0.0
 70
0
  0
VERTEX
  5
EE6
  8
TEXT
 10
7.779719187344865
 20
-20.732608301844138
 30
0.0
 70
0
  0
VERTEX
  5
EE7
  8
TEXT
 10
7.8098414878482485
 20
-20.75456692843297
 30
0.0
 70
0
  0
VERTEX
  5
EE8
  8
TEXT
 10
7.840846923900572
 20
-20.773801340477306
 30
0.0
 70
0
  0
VERTEX
  5
EE9
  8
TEXT
 10
7.872735495501834
 20
-20.790311537977157
 30
0.0
 70
0
  0
VERTEX
  5
EEA
  8
TEXT
 10
7.905507202652036
 20
-20.80409752093252
 30
0.0
 70
0
  0
VERTEX
  5
EEB
  8
TEXT
 10
7.939162045351176
 20
-20.81515928934339
 30
0.0
 70
0
  0
VERTEX
  5
EEC
  8
TEXT
 10
7.973700023599255
 20
-20.823496843209774
 30
0.0
 70
0
  0
VERTEX
  5
EED
  8
TEXT
 10
8.009121137396273
 20
-20.829110182531668
 30
0.0
 70
0
  0
VERTEX
  5
EEE
  8
TEXT
 10
8.044998274053459
 20
-20.832033520389565
 30
0.0
 70
0
  0
VERTEX
  5
EEF
  8
TEXT
 10
8.080904320882043
 20
-20.83230106986396
 30
0.0
 70
0
  0
VERTEX
  5
EF0
  8
TEXT
 10
8.116839277882022
 20
-20.829912830954854
 30
0.0
 70
0
  0
VERTEX
  5
EF1
  8
TEXT
 10
8.152803145053399
 20
-20.824868803662245
 30
0.0
 70
0
  0
VERTEX
  5
EF2
  8
TEXT
 10
8.188795922396173
 20
-20.817168987986133
 30
0.0
 70
0
  0
VERTEX
  5
EF3
  8
TEXT
 10
8.224817609910344
 20
-20.80681338392652
 30
0.0
 70
0
  0
VERTEX
  5
EF4
  8
TEXT
 10
8.260868207595912
 20
-20.793801991483406
 30
0.0
 70
0
  0
VERTEX
  5
EF5
  8
TEXT
 10
8.299165101093958
 20
-20.7772515999723
 30
0.0
 70
0
  0
VERTEX
  5
EF6
  8
TEXT
 10
8.33516347865095
 20
-20.758967614952745
 30
0.0
 70
0
  0
VERTEX
  5
EF7
  8
TEXT
 10
8.36886334026689
 20
-20.73895003642474
 30
0.0
 70
0
  0
VERTEX
  5
EF8
  8
TEXT
 10
8.400264685941776
 20
-20.71719886438829
 30
0.0
 70
0
  0
VERTEX
  5
EF9
  8
TEXT
 10
8.429367515675608
 20
-20.693714098843394
 30
0.0
 70
0
  0
VERTEX
  5
EFA
  8
TEXT
 10
8.456171829468389
 20
-20.66849573979005
 30
0.0
 70
0
  0
VERTEX
  5
EFB
  8
TEXT
 10
8.480677627320116
 20
-20.641543787228255
 30
0.0
 70
0
  0
VERTEX
  5
EFC
  8
TEXT
 10
8.502884909230788
 20
-20.612858241158015
 30
0.0
 70
0
  0
VERTEX
  5
EFD
  8
TEXT
 10
8.523052367573762
 20
-20.58295918137804
 30
0.0
 70
0
  0
VERTEX
  5
EFE
  8
TEXT
 10
8.54143869472239
 20
-20.552366687687037
 30
0.0
 70
0
  0
VERTEX
  5
EFF
  8
TEXT
 10
8.558043890676672
 20
-20.521080760085013
 30
0.0
 70
0
  0
VERTEX
  5
F00
  8
TEXT
 10
8.572867955436607
 20
-20.48910139857196
 30
0.0
 70
0
  0
VERTEX
  5
F01
  8
TEXT
 10
8.585910889002196
 20
-20.456428603147884
 30
0.0
 70
0
  0
VERTEX
  5
F02
  8
TEXT
 10
8.59717269137344
 20
-20.423062373812783
 30
0.0
 70
0
  0
VERTEX
  5
F03
  8
TEXT
 10
8.606653362550338
 20
-20.38900271056666
 30
0.0
 70
0
  0
VERTEX
  5
F04
  8
TEXT
 10
8.61435290253289
 20
-20.35424961340951
 30
0.0
 70
0
  0
VERTEX
  5
F05
  8
TEXT
 10
8.883157603832469
 20
-20.3869115454386
 30
0.0
 70
0
  0
VERTEX
  5
F06
  8
TEXT
 10
8.878554032780904
 20
-20.42342283330148
 30
0.0
 70
0
  0
VERTEX
  5
F07
  8
TEXT
 10
8.871774337679124
 20
-20.4599179060447
 30
0.0
 70
0
  0
VERTEX
  5
F08
  8
TEXT
 10
8.862818518527126
 20
-20.496396763668262
 30
0.0
 70
0
  0
VERTEX
  5
F09
  8
TEXT
 10
8.85168657532491
 20
-20.53285940617216
 30
0.0
 70
0
  0
VERTEX
  5
F0A
  8
TEXT
 10
8.838378508072477
 20
-20.5693058335564
 30
0.0
 70
0
  0
VERTEX
  5
F0B
  8
TEXT
 10
8.822894316769828
 20
-20.60573604582098
 30
0.0
 70
0
  0
VERTEX
  5
F0C
  8
TEXT
 10
8.805234001416961
 20
-20.6421500429659
 30
0.0
 70
0
  0
VERTEX
  5
F0D
  8
TEXT
 10
8.788059579677752
 20
-20.673636336316477
 30
0.0
 70
0
  0
VERTEX
  5
F0E
  8
TEXT
 10
8.769345974871584
 20
-20.70438490959431
 30
0.0
 70
0
  0
VERTEX
  5
F0F
  8
TEXT
 10
8.749093186998456
 20
-20.734395762799394
 30
0.0
 70
0
  0
VERTEX
  5
F10
  8
TEXT
 10
8.727301216058367
 20
-20.76366889593173
 30
0.0
 70
0
  0
VERTEX
  5
F11
  8
TEXT
 10
8.703970062051319
 20
-20.79220430899132
 30
0.0
 70
0
  0
VERTEX
  5
F12
  8
TEXT
 10
8.679099724977311
 20
-20.820002001978164
 30
0.0
 70
0
  0
VERTEX
  5
F13
  8
TEXT
 10
8.652690204836343
 20
-20.84706197489226
 30
0.0
 70
0
  0
VERTEX
  5
F14
  8
TEXT
 10
8.624741501628415
 20
-20.873384227733606
 30
0.0
 70
0
  0
VERTEX
  5
F15
  8
TEXT
 10
8.598719775242314
 20
-20.895932677914995
 30
0.0
 70
0
  0
VERTEX
  5
F16
  8
TEXT
 10
8.57170934229096
 20
-20.91743866347254
 30
0.0
 70
0
  0
VERTEX
  5
F17
  8
TEXT
 10
8.543710202774355
 20
-20.937902184406248
 30
0.0
 70
0
  0
VERTEX
  5
F18
  8
TEXT
 10
8.514722356692493
 20
-20.957323240716114
 30
0.0
 70
0
  0
VERTEX
  5
F19
  8
TEXT
 10
8.48474580404538
 20
-20.975701832402137
 30
0.0
 70
0
  0
VERTEX
  5
F1A
  8
TEXT
 10
8.453780544833013
 20
-20.993037959464317
 30
0.0
 70
0
  0
VERTEX
  5
F1B
  8
TEXT
 10
8.421826579055391
 20
-21.009331621902657
 30
0.0
 70
0
  0
VERTEX
  5
F1C
  8
TEXT
 10
8.388883906712518
 20
-21.024582819717153
 30
0.0
 70
0
  0
SEQEND
  5
E6D
  8
TEXT
  0
POLYLINE
  5
F1D
  8
TEXT
 66
1
 10
0.0
 20
0.0
 30
0.0
 70
1
  0
VERTEX
  5
F1F
  8
TEXT
 10
7.549399722993627
 20
-20.24942118443622
 30
0.0
 70
0
  0
VERTEX
  5
F20
  8
TEXT
 10
8.450206381985026
 20
-19.89126491144265
 30
0.0
 70
0
  0
VERTEX
  5
F21
  8
TEXT
 10
8.437619400643094
 20
-19.856933188991007
 30
0.0
 70
0
  0
VERTEX
  5
F22
  8
TEXT
 10
8.422643360749335
 20
-19.82461448613475
 30
0.0
 70
0
  0
VERTEX
  5
F23
  8
TEXT
 10
8.405278262303748
 20
-19.794308802873875
 30
0.0
 70
0
  0
VERTEX
  5
F24
  8
TEXT
 10
8.385524105306335
 20
-19.76601613920839
 30
0.0
 70
0
  0
VERTEX
  5
F25
  8
TEXT
 10
8.363380889757092
 20
-19.73973649513829
 30
0.0
 70
0
  0
VERTEX
  5
F26
  8
TEXT
 10
8.33693752216565
 20
-19.712450405862377
 30
0.0
 70
0
  0
VERTEX
  5
F27
  8
TEXT
 10
8.308920444100343
 20
-19.68802749549368
 30
0.0
 70
0
  0
VERTEX
  5
F28
  8
TEXT
 10
8.279329655561174
 20
-19.666467764032205
 30
0.0
 70
0
  0
VERTEX
  5
F29
  8
TEXT
 10
8.24816515654814
 20
-19.64777121147795
 30
0.0
 70
0
  0
VERTEX
  5
F2A
  8
TEXT
 10
8.21542694706124
 20
-19.631937837830908
 30
0.0
 70
0
  0
VERTEX
  5
F2B
  8
TEXT
 10
8.18111502710048
 20
-19.61896764309109
 30
0.0
 70
0
  0
VERTEX
  5
F2C
  8
TEXT
 10
8.145229396665854
 20
-19.608860627258483
 30
0.0
 70
0
  0
VERTEX
  5
F2D
  8
TEXT
 10
8.112994890001483
 20
-19.602599535361886
 30
0.0
 70
0
  0
VERTEX
  5
F2E
  8
TEXT
 10
8.080468219933593
 20
-19.598998255835333
 30
0.0
 70
0
  0
VERTEX
  5
F2F
  8
TEXT
 10
8.047649386462187
 20
-19.598056788678825
 30
0.0
 70
0
  0
VERTEX
  5
F30
  8
TEXT
 10
8.014538389587262
 20
-19.59977513389236
 30
0.0
 70
0
  0
VERTEX
  5
F31
  8
TEXT
 10
7.98113522930882
 20
-19.604153291475942
 30
0.0
 70
0
  0
VERTEX
  5
F32
  8
TEXT
 10
7.94743990562686
 20
-19.611191261429564
 30
0.0
 70
0
  0
VERTEX
  5
F33
  8
TEXT
 10
7.913452418541382
 20
-19.620889043753234
 30
0.0
 70
0
  0
VERTEX
  5
F34
  8
TEXT
 10
7.879172768052387
 20
-19.633246638446945
 30
0.0
 70
0
  0
VERTEX
  5
F35
  8
TEXT
 10
7.84142591089229
 20
-19.64946458216759
 30
0.0
 70
0
  0
VERTEX
  5
F36
  8
TEXT
 10
7.805961993620738
 20
-19.667194800233116
 30
0.0
 70
0
  0
VERTEX
  5
F37
  8
TEXT
 10
7.772781016237731
 20
-19.68643729264352
 30
0.0
 70
0
  0
VERTEX
  5
F38
  8
TEXT
 10
7.74188297874327
 20
-19.707192059398814
 30
0.0
 70
0
  0
VERTEX
  5
F39
  8
TEXT
 10
7.713267881137355
 20
-19.72945910049899
 30
0.0
 70
0
  0
VERTEX
  5
F3A
  8
TEXT
 10
7.686935723419985
 20
-19.753238415944047
 30
0.0
 70
0
  0
VERTEX
  5
F3B
  8
TEXT
 10
7.66288650559116
 20
-19.778530005733987
 30
0.0
 70
0
  0
VERTEX
  5
F3C
  8
TEXT
 10
7.641120227650882
 20
-19.80533386986881
 30
0.0
 70
0
  0
VERTEX
  5
F3D
  8
TEXT
 10
7.621636889599149
 20
-19.83365000834852
 30
0.0
 70
0
  0
VERTEX
  5
F3E
  8
TEXT
 10
7.604352000689796
 20
-19.86326591665341
 30
0.0
 70
0
  0
VERTEX
  5
F3F
  8
TEXT
 10
7.589181070176659
 20
-19.8939690902638
 30
0.0
 70
0
  0
VERTEX
  5
F40
  8
TEXT
 10
7.576124098059738
 20
-19.925759529179675
 30
0.0
 70
0
  0
VERTEX
  5
F41
  8
TEXT
 10
7.565181084339032
 20
-19.958637233401042
 30
0.0
 70
0
  0
VERTEX
  5
F42
  8
TEXT
 10
7.556352029014541
 20
-19.9926022029279
 30
0.0
 70
0
  0
VERTEX
  5
F43
  8
TEXT
 10
7.549636932086266
 20
-20.027654437760248
 30
0.0
 70
0
  0
VERTEX
  5
F44
  8
TEXT
 10
7.545035793554207
 20
-20.06379393789809
 30
0.0
 70
0
  0
VERTEX
  5
F45
  8
TEXT
 10
7.542548613418363
 20
-20.10102070334142
 30
0.0
 70
0
  0
VERTEX
  5
F46
  8
TEXT
 10
7.542175391678734
 20
-20.139334734090244
 30
0.0
 70
0
  0
VERTEX
  5
F47
  8
TEXT
 10
7.5421640169627775
 20
-20.175515607136212
 30
0.0
 70
0
  0
VERTEX
  5
F48
  8
TEXT
 10
7.544572127401075
 20
-20.21221109058487
 30
0.0
 70
0
  0
SEQEND
  5
F1E
  8
TEXT
  0
POLYLINE
  5
F49
  8
TEXT
 66
1
 10
0.0
 20
0.0
 30
0.0
 70
1
  0
VERTEX
  5
F4B
  8
TEXT
 10
9.436780228434266
 20
-20.550713107680277
 30
0.0
 70
0
  0
VERTEX
  5
F4C
  8
TEXT
 10
8.899625551183538
 20
-18.95838718563025
 30
0.0
 70
0
  0
VERTEX
  5
F4D
  8
TEXT
 10
9.150681189285732
 20
-18.832299422874065
 30
0.0
 70
0
  0
VERTEX
  5
F4E
  8
TEXT
 10
9.214516312209533
 20
-19.014432957647536
 30
0.0
 70
0
  0
VERTEX
  5
F4F
  8
TEXT
 10
9.222967055244174
 20
-18.978904207642493
 30
0.0
 70
0
  0
VERTEX
  5
F50
  8
TEXT
 10
9.23372026104352
 20
-18.944138387279374
 30
0.0
 70
0
  0
VERTEX
  5
F51
  8
TEXT
 10
9.246775929607566
 20
-18.910135496558166
 30
0.0
 70
0
  0
VERTEX
  5
F52
  8
TEXT
 10
9.262134060936317
 20
-18.876895535478877
 30
0.0
 70
0
  0
VERTEX
  5
F53
  8
TEXT
 10
9.279794655029772
 20
-18.844418504041506
 30
0.0
 70
0
  0
VERTEX
  5
F54
  8
TEXT
 10
9.299757711887928
 20
-18.81270440224605
 30
0.0
 70
0
  0
VERTEX
  5
F55
  8
TEXT
 10
9.321349598604964
 20
-18.78155841111557
 30
0.0
 70
0
  0
VERTEX
  5
F56
  8
TEXT
 10
9.34451249552417
 20
-18.75201186863576
 30
0.0
 70
0
  0
VERTEX
  5
F57
  8
TEXT
 10
9.369246402645542
 20
-18.72406477480662
 30
0.0
 70
0
  0
VERTEX
  5
F58
  8
TEXT
 10
9.395551319969085
 20
-18.69771712962816
 30
0.0
 70
0
  0
VERTEX
  5
F59
  8
TEXT
 10
9.423427247494796
 20
-18.672968933100368
 30
0.0
 70
0
  0
VERTEX
  5
F5A
  8
TEXT
 10
9.452874185222676
 20
-18.64982018522325
 30
0.0
 70
0
  0
VERTEX
  5
F5B
  8
TEXT
 10
9.483892133152724
 20
-18.628270885996805
 30
0.0
 70
0
  0
VERTEX
  5
F5C
  8
TEXT
 10
9.516481091284941
 20
-18.60832103542103
 30
0.0
 70
0
  0
VERTEX
  5
F5D
  8
TEXT
 10
9.550641059619327
 20
-18.589970633495934
 30
0.0
 70
0
  0
VERTEX
  5
F5E
  8
TEXT
 10
9.586746697227802
 20
-18.57303151506206
 30
0.0
 70
0
  0
VERTEX
  5
F5F
  8
TEXT
 10
9.62272034925699
 20
-18.55854714145818
 30
0.0
 70
0
  0
VERTEX
  5
F60
  8
TEXT
 10
9.658562015706892
 20
-18.5465175126843
 30
0.0
 70
0
  0
VERTEX
  5
F61
  8
TEXT
 10
9.694271696577506
 20
-18.53694262874042
 30
0.0
 70
0
  0
VERTEX
  5
F62
  8
TEXT
 10
9.729849391868832
 20
-18.529822489626536
 30
0.0
 70
0
  0
VERTEX
  5
F63
  8
TEXT
 10
9.765295101580872
 20
-18.525157095342653
 30
0.0
 70
0
  0
VERTEX
  5
F64
  8
TEXT
 10
9.800608825713626
 20
-18.52294644588877
 30
0.0
 70
0
  0
VERTEX
  5
F65
  8
TEXT
 10
9.835790564267091
 20
-18.523190541264885
 30
0.0
 70
0
  0
VERTEX
  5
F66
  8
TEXT
 10
9.87084031724127
 20
-18.525889381470996
 30
0.0
 70
0
  0
VERTEX
  5
F67
  8
TEXT
 10
9.905408400757675
 20
-18.530898705643203
 30
0.0
 70
0
  0
VERTEX
  5
F68
  8
TEXT
 10
9.939145130937817
 20
-18.538074252917596
 30
0.0
 70
0
  0
VERTEX
  5
F69
  8
TEXT
 10
9.972050507781695
 20
-18.547416023294176
 30
0.0
 70
0
  0
VERTEX
  5
F6A
  8
TEXT
 10
10.00412453128931
 20
-18.55892401677294
 30
0.0
 70
0
  0
VERTEX
  5
F6B
  8
TEXT
 10
10.035367201460662
 20
-18.572598233353894
 30
0.0
 70
0
  0
VERTEX
  5
F6C
  8
TEXT
 10
10.065778518295751
 20
-18.588438673037032
 30
0.0
 70
0
  0
VERTEX
  5
F6D
  8
TEXT
 10
10.095358481794577
 20
-18.606445335822357
 30
0.0
 70
0
  0
VERTEX
  5
F6E
  8
TEXT
 10
10.124107091957141
 20
-18.626618221709872
 30
0.0
 70
0
  0
VERTEX
  5
F6F
  8
TEXT
 10
10.15202434878344
 20
-18.64895733069957
 30
0.0
 70
0
  0
VERTEX
  5
F70
  8
TEXT
 10
10.178752091398968
 20
-18.673343984847158
 30
0.0
 70
0
  0
VERTEX
  5
F71
  8
TEXT
 10
10.203932158929213
 20
-18.699659506208338
 30
0.0
 70
0
  0
VERTEX
  5
F72
  8
TEXT
 10
10.227564551374176
 20
-18.727903894783104
 30
0.0
 70
0
  0
VERTEX
  5
F73
  8
TEXT
 10
10.249649268733858
 20
-18.758077150571463
 30
0.0
 70
0
  0
VERTEX
  5
F74
  8
TEXT
 10
10.270186311008258
 20
-18.790179273573415
 30
0.0
 70
0
  0
VERTEX
  5
F75
  8
TEXT
 10
10.289175678197376
 20
-18.824210263788952
 30
0.0
 70
0
  0
VERTEX
  5
F76
  8
TEXT
 10
10.306617370301213
 20
-18.860170121218083
 30
0.0
 70
0
  0
VERTEX
  5
F77
  8
TEXT
 10
10.322511387319766
 20
-18.898058845860803
 30
0.0
 70
0
  0
VERTEX
  5
F78
  8
TEXT
 10
10.336857729253039
 20
-18.93787643771711
 30
0.0
 70
0
  0
VERTEX
  5
F79
  8
TEXT
 10
10.67274644678353
 20
-19.92997335257291
 30
0.0
 70
0
  0
VERTEX
  5
F7A
  8
TEXT
 10
10.413414249183461
 20
-20.06021785476062
 30
0.0
 70
0
  0
VERTEX
  5
F7B
  8
TEXT
 10
10.085851316971073
 20
-19.091577345042992
 30
0.0
 70
0
  0
VERTEX
  5
F7C
  8
TEXT
 10
10.07110701201943
 20
-19.053217827672782
 30
0.0
 70
0
  0
VERTEX
  5
F7D
  8
TEXT
 10
10.054629449659302
 20
-19.017861356276605
 30
0.0
 70
0
  0
VERTEX
  5
F7E
  8
TEXT
 10
10.036418629890687
 20
-18.985507930854457
 30
0.0
 70
0
  0
VERTEX
  5
F7F
  8
TEXT
 10
10.016474552713584
 20
-18.956157551406342
 30
0.0
 70
0
  0
VERTEX
  5
F80
  8
TEXT
 10
9.994797218127992
 20
-18.929810217932253
 30
0.0
 70
0
  0
VERTEX
  5
F81
  8
TEXT
 10
9.971386626133917
 20
-18.906465930432198
 30
0.0
 70
0
  0
VERTEX
  5
F82
  8
TEXT
 10
9.946242776731353
 20
-18.886124688906172
 30
0.0
 70
0
  0
VERTEX
  5
F83
  8
TEXT
 10
9.919365669920301
 20
-18.86878649335418
 30
0.0
 70
0
  0
VERTEX
  5
F84
  8
TEXT
 10
9.890755305700765
 20
-18.854451343776216
 30
0.0
 70
0
  0
VERTEX
  5
F85
  8
TEXT
 10
9.85725229320625
 20
-18.842128260565268
 30
0.0
 70
0
  0
VERTEX
  5
F86
  8
TEXT
 10
9.823066489801215
 20
-18.834034670762062
 30
0.0
 70
0
  0
VERTEX
  5
F87
  8
TEXT
 10
9.788197895485661
 20
-18.830170574366594
 30
0.0
 70
0
  0
VERTEX
  5
F88
  8
TEXT
 10
9.752646510259588
 20
-18.83053597137887
 30
0.0
 70
0
  0
VERTEX
  5
F89
  8
TEXT
 10
9.716412334122994
 20
-18.83513086179888
 30
0.0
 70
0
  0
VERTEX
  5
F8A
  8
TEXT
 10
9.679495367075878
 20
-18.843955245626635
 30
0.0
 70
0
  0
VERTEX
  5
F8B
  8
TEXT
 10
9.641895609118246
 20
-18.85700912286213
 30
0.0
 70
0
  0
VERTEX
  5
F8C
  8
TEXT
 10
9.60361306025009
 20
-18.874292493505365
 30
0.0
 70
0
  0
VERTEX
  5
F8D
  8
TEXT
 10
9.568919641099928
 20
-18.893395966087407
 30
0.0
 70
0
  0
VERTEX
  5
F8E
  8
TEXT
 10
9.536569565964356
 20
-18.914681308760336
 30
0.0
 70
0
  0
VERTEX
  5
F8F
  8
TEXT
 10
9.506562834843374
 20
-18.938148521524152
 30
0.0
 70
0
  0
VERTEX
  5
F90
  8
TEXT
 10
9.47889944773698
 20
-18.963797604378854
 30
0.0
 70
0
  0
VERTEX
  5
F91
  8
TEXT
 10
9.453579404645177
 20
-18.991628557324443
 30
0.0
 70
0
  0
VERTEX
  5
F92
  8
TEXT
 10
9.430602705567962
 20
-19.021641380360922
 30
0.0
 70
0
  0
VERTEX
  5
F93
  8
TEXT
 10
9.410198742166873
 20
-19.053432971581476
 30
0.0
 70
0
  0
VERTEX
  5
F94
  8
TEXT
 10
9.392596906103446
 20
-19.0866002290793
 30
0.0
 70
0
  0
VERTEX
  5
F95
  8
TEXT
 10
9.377797197377678
 20
-19.121143152854387
 30
0.0
 70
0
  0
VERTEX
  5
F96
  8
TEXT
 10
9.365799615989571
 20
-19.15706174290674
 30
0.0
 70
0
  0
VERTEX
  5
F97
  8
TEXT
 10
9.356604161939126
 20
-19.194355999236365
 30
0.0
 70
0
  0
VERTEX
  5
F98
  8
TEXT
 10
9.350210835226342
 20
-19.233025921843257
 30
0.0
 70
0
  0
VERTEX
  5
F99
  8
TEXT
 10
9.34708747360974
 20
-19.26702676004838
 30
0.0
 70
0
  0
VERTEX
  5
F9A
  8
TEXT
 10
9.346275553978135
 20
-19.30155883624286
 30
0.0
 70
0
  0
VERTEX
  5
F9B
  8
TEXT
 10
9.34777507633153
 20
-19.33662215042669
 30
0.0
 70
0
  0
VERTEX
  5
F9C
  8
TEXT
 10
9.351586040669925
 20
-19.372216702599875
 30
0.0
 70
0
  0
VERTEX
  5
F9D
  8
TEXT
 10
9.35770844699332
 20
-19.40834249276241
 30
0.0
 70
0
  0
VERTEX
  5
F9E
  8
TEXT
 10
9.366142295301712
 20
-19.4449995209143
 30
0.0
 70
0
  0
VERTEX
  5
F9F
  8
TEXT
 10
9.376887585595105
 20
-19.48218778705554
 30
0.0
 70
0
  0
VERTEX
  5
FA0
  8
TEXT
 10
9.696112426034334
 20
-20.420468605492573
 30
0.0
 70
0
  0
SEQEND
  5
F4A
  8
TEXT
  0
POLYLINE
  5
FA1
  8
TEXT
 66
1
 10
0.0
 20
0.0
 30
0.0
 70
1
  0
VERTEX
  5
FA3
  8
TEXT
 10
11.688966471744585
 20
-19.385757219997718
 30
0.0
 70
0
  0
VERTEX
  5
FA4
  8
TEXT
 10
11.653874638278905
 20
-19.406000126291538
 30
0.0
 70
0
  0
VERTEX
  5
FA5
  8
TEXT
 10
11.618547958362488
 20
-19.42429797156489
 30
0.0
 70
0
  0
VERTEX
  5
FA6
  8
TEXT
 10
11.582986431995334
 20
-19.440650755817767
 30
0.0
 70
0
  0
VERTEX
  5
FA7
  8
TEXT
 10
11.547190059177442
 20
-19.455058479050177
 30
0.0
 70
0
  0
VERTEX
  5
FA8
  8
TEXT
 10
11.511158839908814
 20
-19.46752114126211
 30
0.0
 70
0
  0
VERTEX
  5
FA9
  8
TEXT
 10
11.474892774189449
 20
-19.478038742453577
 30
0.0
 70
0
  0
VERTEX
  5
FAA
  8
TEXT
 10
11.438391862019348
 20
-19.486611282624573
 30
0.0
 70
0
  0
VERTEX
  5
FAB
  8
TEXT
 10
11.401656103398508
 20
-19.493238761775096
 30
0.0
 70
0
  0
VERTEX
  5
FAC
  8
TEXT
 10
11.364984264408458
 20
-19.497902154583237
 30
0.0
 70
0
  0
VERTEX
  5
FAD
  8
TEXT
 10
11.328675111130721
 20
-19.50058243572708
 30
0.0
 70
0
  0
VERTEX
  5
FAE
  8
TEXT
 10
11.292728643565297
 20
-19.50127960520663
 30
0.0
 70
0
  0
VERTEX
  5
FAF
  8
TEXT
 10
11.257144861712188
 20
-19.499993663021886
 30
0.0
 70
0
  0
VERTEX
  5
FB0
  8
TEXT
 10
11.221923765571391
 20
-19.496724609172844
 30
0.0
 70
0
  0
VERTEX
  5
FB1
  8
TEXT
 10
11.18706535514291
 20
-19.491472443659507
 30
0.0
 70
0
  0
VERTEX
  5
FB2
  8
TEXT
 10
11.15256963042674
 20
-19.48423716648188
 30
0.0
 70
0
  0
VERTEX
  5
FB3
  8
TEXT
 10
11.118436591422885
 20
-19.475018777639953
 30
0.0
 70
0
  0
VERTEX
  5
FB4
  8
TEXT
 10
11.084965514510612
 20
-19.463903728681636
 30
0.0
 70
0
  0
VERTEX
  5
FB5
  8
TEXT
 10
11.052455676069194
 20
-19.450978471154833
 30
0.0
 70
0
  0
VERTEX
  5
FB6
  8
TEXT
 10
11.020907076098627
 20
-19.43624300505955
 30
0.0
 70
0
  0
VERTEX
  5
FB7
  8
TEXT
 10
10.990319714598913
 20
-19.41969733039578
 30
0.0
 70
0
  0
VERTEX
  5
FB8
  8
TEXT
 10
10.96069359157005
 20
-19.401341447163528
 30
0.0
 70
0
  0
VERTEX
  5
FB9
  8
TEXT
 10
10.932028707012043
 20
-19.38117535536279
 30
0.0
 70
0
  0
VERTEX
  5
FBA
  8
TEXT
 10
10.904325060924887
 20
-19.359199054993564
 30
0.0
 70
0
  0
VERTEX
  5
FBB
  8
TEXT
 10
10.877582653308584
 20
-19.335412546055856
 30
0.0
 70
0
  0
VERTEX
  5
FBC
  8
TEXT
 10
11.031194053125812
 20
-19.130295915764382
 30
0.0
 70
0
  0
VERTEX
  5
FBD
  8
TEXT
 10
11.062263943500028
 20
-19.153171118602444
 30
0.0
 70
0
  0
VERTEX
  5
FBE
  8
TEXT
 10
11.094019688963876
 20
-19.17331708624331
 30
0.0
 70
0
  0
VERTEX
  5
FBF
  8
TEXT
 10
11.126461289517351
 20
-19.190733818686976
 30
0.0
 70
0
  0
VERTEX
  5
FC0
  8
TEXT
 10
11.159588745160459
 20
-19.205421315933453
 30
0.0
 70
0
  0
VERTEX
  5
FC1
  8
TEXT
 10
11.193402055893197
 20
-19.217379577982733
 30
0.0
 70
0
  0
VERTEX
  5
FC2
  8
TEXT
 10
11.227901221715564
 20
-19.22660860483482
 30
0.0
 70
0
  0
VERTEX
  5
FC3
  8
TEXT
 10
11.263086242627564
 20
-19.233108396489712
 30
0.0
 70
0
  0
VERTEX
  5
FC4
  8
TEXT
 10
11.298957118629193
 20
-19.236878952947407
 30
0.0
 70
0
  0
VERTEX
  5
FC5
  8
TEXT
 10
11.335000662425324
 20
-19.23786484678606
 30
0.0
 70
0
  0
VERTEX
  5
FC6
  8
TEXT
 10
11.370703686720828
 20
-19.23601065058382
 30
0.0
 70
0
  0
VERTEX
  5
FC7
  8
TEXT
 10
11.406066191515706
 20
-19.23131636434069
 30
0.0
 70
0
  0
VERTEX
  5
FC8
  8
TEXT
 10
11.441088176809956
 20
-19.22378198805667
 30
0.0
 70
0
  0
VERTEX
  5
FC9
  8
TEXT
 10
11.47576964260358
 20
-19.213407521731753
 30
0.0
 70
0
  0
VERTEX
  5
FCA
  8
TEXT
 10
11.510110588896579
 20
-19.200192965365947
 30
0.0
 70
0
  0
VERTEX
  5
FCB
  8
TEXT
 10
11.54411101568895
 20
-19.18413831895925
 30
0.0
 70
0
  0
VERTEX
  5
FCC
  8
TEXT
 10
11.577770922980694
 20
-19.16524358251166
 30
0.0
 70
0
  0
VERTEX
  5
FCD
  8
TEXT
 10
11.61184540419703
 20
-19.14283309945498
 30
0.0
 70
0
  0
VERTEX
  5
FCE
  8
TEXT
 10
11.64242315570955
 20
-19.119061844277066
 30
0.0
 70
0
  0
VERTEX
  5
FCF
  8
TEXT
 10
11.66950417751825
 20
-19.093929816977926
 30
0.0
 70
0
  0
VERTEX
  5
FD0
  8
TEXT
 10
11.693088469623138
 20
-19.067437017557555
 30
0.0
 70
0
  0
VERTEX
  5
FD1
  8
TEXT
 10
11.713176032024206
 20
-19.03958344601596
 30
0.0
 70
0
  0
VERTEX
  5
FD2
  8
TEXT
 10
11.729766864721459
 20
-19.01036910235313
 30
0.0
 70
0
  0
VERTEX
  5
FD3
  8
TEXT
 10
11.742860967714895
 20
-18.979793986569078
 30
0.0
 70
0
  0
VERTEX
  5
FD4
  8
TEXT
 10
11.753426796901694
 20
-18.9437833768427
 30
0.0
 70
0
  0
VERTEX
  5
FD5
  8
TEXT
 10
11.758650895465198
 20
-18.90868105196779
 30
0.0
 70
0
  0
VERTEX
  5
FD6
  8
TEXT
 10
11.758533263405404
 20
-18.87448701194435
 30
0.0
 70
0
  0
VERTEX
  5
FD7
  8
TEXT
 10
11.753073900722313
 20
-18.84120125677238
 30
0.0
 70
0
  0
VERTEX
  5
FD8
  8
TEXT
 10
11.742272807415926
 20
-18.808823786451878
 30
0.0
 70
0
  0
VERTEX
  5
FD9
  8
TEXT
 10
11.72612998348624
 20
-18.777354600982846
 30
0.0
 70
0
  0
VERTEX
  5
FDA
  8
TEXT
 10
11.703393041397925
 20
-18.746801138238762
 30
0.0
 70
0
  0
VERTEX
  5
FDB
  8
TEXT
 10
11.67641221495973
 20
-18.72310988688863
 30
0.0
 70
0
  0
VERTEX
  5
FDC
  8
TEXT
 10
11.645187504171654
 20
-18.70628084693244
 30
0.0
 70
0
  0
VERTEX
  5
FDD
  8
TEXT
 10
11.609718909033697
 20
-18.696314018370202
 30
0.0
 70
0
  0
VERTEX
  5
FDE
  8
TEXT
 10
11.578445069063
 20
-18.6928252501059
 30
0.0
 70
0
  0
VERTEX
  5
FDF
  8
TEXT
 10
11.544768408851537
 20
-18.692816101897424
 30
0.0
 70
0
  0
VERTEX
  5
FE0
  8
TEXT
 10
11.50868892839931
 20
-18.696286573744768
 30
0.0
 70
0
  0
VERTEX
  5
FE1
  8
TEXT
 10
11.470206627706322
 20
-18.703236665647932
 30
0.0
 70
0
  0
VERTEX
  5
FE2
  8
TEXT
 10
11.429321506772569
 20
-18.713666377606923
 30
0.0
 70
0
  0
VERTEX
  5
FE3
  8
TEXT
 10
11.185168912215971
 20
-18.781427802487944
 30
0.0
 70
0
  0
VERTEX
  5
FE4
  8
TEXT
 10
11.143617620797441
 20
-18.792122528369845
 30
0.0
 70
0
  0
VERTEX
  5
FE5
  8
TEXT
 10
11.103209906892316
 20
-18.80038500742052
 30
0.0
 70
0
  0
VERTEX
  5
FE6
  8
TEXT
 10
11.063945770500592
 20
-18.806215239639975
 30
0.0
 70
0
  0
VERTEX
  5
FE7
  8
TEXT
 10
11.025825211622273
 20
-18.809613225028205
 30
0.0
 70
0
  0
VERTEX
  5
FE8
  8
TEXT
 10
10.988848230257357
 20
-18.81057896358521
 30
0.0
 70
0
  0
VERTEX
  5
FE9
  8
TEXT
 10
10.953014826405845
 20
-18.809112455310995
 30
0.0
 70
0
  0
VERTEX
  5
FEA
  8
TEXT
 10
10.918325000067734
 20
-18.805213700205556
 30
0.0
 70
0
  0
VERTEX
  5
FEB
  8
TEXT
 10
10.884778751243028
 20
-18.798882698268894
 30
0.0
 70
0
  0
VERTEX
  5
FEC
  8
TEXT
 10
10.852376079931725
 20
-18.790119449501006
 30
0.0
 70
0
  0
VERTEX
  5
FED
  8
TEXT
 10
10.817541026696611
 20
-18.77751153828196
 30
0.0
 70
0
  0
VERTEX
  5
FEE
  8
TEXT
 10
10.784655352739124
 20
-18.76214139203769
 30
0.0
 70
0
  0
VERTEX
  5
FEF
  8
TEXT
 10
10.75371905805926
 20
-18.744009010768195
 30
0.0
 70
0
  0
VERTEX
  5
FF0
  8
TEXT
 10
10.724732142657025
 20
-18.72311439447348
 30
0.0
 70
0
  0
VERTEX
  5
FF1
  8
TEXT
 10
10.697694606532412
 20
-18.69945754315354
 30
0.0
 70
0
  0
VERTEX
  5
FF2
  8
TEXT
 10
10.672606449685427
 20
-18.673038456808374
 30
0.0
 70
0
  0
VERTEX
  5
FF3
  8
TEXT
 10
10.649467672116067
 20
-18.64385713543799
 30
0.0
 70
0
  0
VERTEX
  5
FF4
  8
TEXT
 10
10.628278273824332
 20
-18.61191357904238
 30
0.0
 70
0
  0
VERTEX
  5
FF5
  8
TEXT
 10
10.610497017544128
 20
-18.58012416237669
 30
0.0
 70
0
  0
VERTEX
  5
FF6
  8
TEXT
 10
10.595381064076864
 20
-18.547775840265473
 30
0.0
 70
0
  0
VERTEX
  5
FF7
  8
TEXT
 10
10.582930413422538
 20
-18.51486861270872
 30
0.0
 70
0
  0
VERTEX
  5
FF8
  8
TEXT
 10
10.573145065581153
 20
-18.48140247970644
 30
0.0
 70
0
  0
VERTEX
  5
FF9
  8
TEXT
 10
10.566025020552708
 20
-18.447377441258627
 30
0.0
 70
0
  0
VERTEX
  5
FFA
  8
TEXT
 10
10.5615702783372
 20
-18.412793497365286
 30
0.0
 70
0
  0
VERTEX
  5
FFB
  8
TEXT
 10
10.559780838934634
 20
-18.377650648026414
 30
0.0
 70
0
  0
VERTEX
  5
FFC
  8
TEXT
 10
10.560656702345007
 20
-18.34194889324201
 30
0.0
 70
0
  0
VERTEX
  5
FFD
  8
TEXT
 10
10.564034595927591
 20
-18.306139895393244
 30
0.0
 70
0
  0
VERTEX
  5
FFE
  8
TEXT
 10
10.569751247041658
 20
-18.270675316861293
 30
0.0
 70
0
  0
VERTEX
  5
FFF
  8
TEXT
 10
10.577806655687212
 20
-18.235555157646154
 30
0.0
 70
0
  0
VERTEX
  5
1000
  8
TEXT
 10
10.588200821864248
 20
-18.200779417747828
 30
0.0
 70
0
  0
VERTEX
  5
1001
  8
TEXT
 10
10.60093374557277
 20
-18.166348097166313
 30
0.0
 70
0
  0
VERTEX
  5
1002
  8
TEXT
 10
10.616005426812775
 20
-18.13226119590161
 30
0.0
 70
0
  0
VERTEX
  5
1003
  8
TEXT
 10
10.633415865584263
 20
-18.098518713953716
 30
0.0
 70
0
  0
VERTEX
  5
1004
  8
TEXT
 10
10.653165061887236
 20
-18.065120651322637
 30
0.0
 70
0
  0
VERTEX
  5
1005
  8
TEXT
 10
10.672534934615166
 20
-18.036130248088533
 30
0.0
 70
0
  0
VERTEX
  5
1006
  8
TEXT
 10
10.693455974899015
 20
-18.008227221448745
 30
0.0
 70
0
  0
VERTEX
  5
1007
  8
TEXT
 10
10.715928182738782
 20
-17.981411571403278
 30
0.0
 70
0
  0
VERTEX
  5
1008
  8
TEXT
 10
10.739951558134472
 20
-17.95568329795213
 30
0.0
 70
0
  0
VERTEX
  5
1009
  8
TEXT
 10
10.76552610108608
 20
-17.931042401095304
 30
0.0
 70
0
  0
VERTEX
  5
100A
  8
TEXT
 10
10.792651811593606
 20
-17.907488880832794
 30
0.0
 70
0
  0
VERTEX
  5
100B
  8
TEXT
 10
10.821328689657054
 20
-17.885022737164604
 30
0.0
 70
0
  0
VERTEX
  5
100C
  8
TEXT
 10
10.851556735276422
 20
-17.86364397009073
 30
0.0
 70
0
  0
VERTEX
  5
100D
  8
TEXT
 10
10.883335948451707
 20
-17.843352579611178
 30
0.0
 70
0
  0
VERTEX
  5
100E
  8
TEXT
 10
10.91878204599508
 20
-17.822970080745943
 30
0.0
 70
0
  0
VERTEX
  5
100F
  8
TEXT
 10
10.95433165237551
 20
-17.804762919362567
 30
0.0
 70
0
  0
VERTEX
  5
1010
  8
TEXT
 10
10.989984767592997
 20
-17.78873109546105
 30
0.0
 70
0
  0
VERTEX
  5
1011
  8
TEXT
 10
11.02574139164754
 20
-17.774874609041387
 30
0.0
 70
0
  0
VERTEX
  5
1012
  8
TEXT
 10
11.06160152453914
 20
-17.763193460103587
 30
0.0
 70
0
  0
VERTEX
  5
1013
  8
TEXT
 10
11.097565166267797
 20
-17.75368764864764
 30
0.0
 70
0
  0
VERTEX
  5
1014
  8
TEXT
 10
11.133632316833511
 20
-17.746357174673552
 30
0.0
 70
0
  0
VERTEX
  5
1015
  8
TEXT
 10
11.169802976236284
 20
-17.741202038181324
 30
0.0
 70
0
  0
VERTEX
  5
1016
  8
TEXT
 10
11.206077144476112
 20
-17.738222239170952
 30
0.0
 70
0
  0
VERTEX
  5
1017
  8
TEXT
 10
11.242454821552997
 20
-17.737417777642438
 30
0.0
 70
0
  0
VERTEX
  5
1018
  8
TEXT
 10
11.278936007466939
 20
-17.738788653595783
 30
0.0
 70
0
  0
VERTEX
  5
1019
  8
TEXT
 10
11.315014036576489
 20
-17.74229903053032
 30
0.0
 70
0
  0
VERTEX
  5
101A
  8
TEXT
 10
11.3501822432402
 20
-17.74791307194537
 30
0.0
 70
0
  0
VERTEX
  5
101B
  8
TEXT
 10
11.384440627458073
 20
-17.755630777840942
 30
0.0
 70
0
  0
VERTEX
  5
101C
  8
TEXT
 10
11.417789189230106
 20
-17.765452148217037
 30
0.0
 70
0
  0
VERTEX
  5
101D
  8
TEXT
 10
11.450227928556298
 20
-17.77737718307365
 30
0.0
 70
0
  0
VERTEX
  5
101E
  8
TEXT
 10
11.481756845436653
 20
-17.791405882410782
 30
0.0
 70
0
  0
VERTEX
  5
101F
  8
TEXT
 10
11.512375939871168
 20
-17.807538246228432
 30
0.0
 70
0
  0
VERTEX
  5
1020
  8
TEXT
 10
11.542085211859844
 20
-17.825774274526605
 30
0.0
 70
0
  0
VERTEX
  5
1021
  8
TEXT
 10
11.57088466140268
 20
-17.846113967305296
 30
0.0
 70
0
  0
VERTEX
  5
1022
  8
TEXT
 10
11.598774288499676
 20
-17.86855732456451
 30
0.0
 70
0
  0
VERTEX
  5
1023
  8
TEXT
 10
11.625754093150833
 20
-17.89310434630424
 30
0.0
 70
0
  0
VERTEX
  5
1024
  8
TEXT
 10
11.468843220669424
 20
-18.100222432897986
 30
0.0
 70
0
  0
VERTEX
  5
1025
  8
TEXT
 10
11.438555771637445
 20
-18.075955498588485
 30
0.0
 70
0
  0
VERTEX
  5
1026
  8
TEXT
 10
11.40754714159499
 20
-18.05505523611141
 30
0.0
 70
0
  0
VERTEX
  5
1027
  8
TEXT
 10
11.375817330542061
 20
-18.037521645466768
 30
0.0
 70
0
  0
VERTEX
  5
1028
  8
TEXT
 10
11.343366338478658
 20
-18.023354726654553
 30
0.0
 70
0
  0
VERTEX
  5
1029
  8
TEXT
 10
11.310194165404779
 20
-18.01255447967477
 30
0.0
 70
0
  0
VERTEX
  5
102A
  8
TEXT
 10
11.276300811320427
 20
-18.005120904527413
 30
0.0
 70
0
  0
VERTEX
  5
102B
  8
TEXT
 10
11.241686276225602
 20
-18.001054001212484
 30
0.0
 70
0
  0
VERTEX
  5
102C
  8
TEXT
 10
11.206812205987893
 20
-18.000294807900634
 30
0.0
 70
0
  0
VERTEX
  5
102D
  8
TEXT
 10
11.172140246474894
 20
-18.00278436276251
 30
0.0
 70
0
  0
VERTEX
  5
102E
  8
TEXT
 10
11.137670397686607
 20
-18.008522665798115
 30
0.0
 70
0
  0
VERTEX
  5
102F
  8
TEXT
 10
11.103402659623029
 20
-18.017509717007442
 30
0.0
 70
0
  0
VERTEX
  5
1030
  8
TEXT
 10
11.069337032284162
 20
-18.0297455163905
 30
0.0
 70
0
  0
VERTEX
  5
1031
  8
TEXT
 10
11.035473515670004
 20
-18.04523006394728
 30
0.0
 70
0
  0
VERTEX
  5
1032
  8
TEXT
 10
11.001812109780557
 20
-18.063963359677786
 30
0.0
 70
0
  0
VERTEX
  5
1033
  8
TEXT
 10
10.969848668992046
 20
-18.084964329374
 30
0.0
 70
0
  0
VERTEX
  5
1034
  8
TEXT
 10
10.941079047680699
 20
-18.107251898827908
 30
0.0
 70
0
  0
VERTEX
  5
1035
  8
TEXT
 10
10.915503245846512
 20
-18.130826068039504
 30
0.0
 70
0
  0
VERTEX
  5
1036
  8
TEXT
 10
10.893121263489489
 20
-18.15568683700879
 30
0.0
 70
0
  0
VERTEX
  5
1037
  8
TEXT
 10
10.873933100609628
 20
-18.18183420573577
 30
0.0
 70
0
  0
VERTEX
  5
1038
  8
TEXT
 10
10.857938757206929
 20
-18.20926817422044
 30
0.0
 70
0
  0
VERTEX
  5
1039
  8
TEXT
 10
10.845138233281393
 20
-18.2379887424628
 30
0.0
 70
0
  0
VERTEX
  5
103A
  8
TEXT
 10
10.834679920961516
 20
-18.271903033397937
 30
0.0
 70
0
  0
VERTEX
  5
103B
  8
TEXT
 10
10.829446750438112
 20
-18.30513021392054
 30
0.0
 70
0
  0
VERTEX
  5
103C
  8
TEXT
 10
10.829438721711181
 20
-18.3376702840306
 30
0.0
 70
0
  0
VERTEX
  5
103D
  8
TEXT
 10
10.834655834780726
 20
-18.369523243728125
 30
0.0
 70
0
  0
VERTEX
  5
103E
  8
TEXT
 10
10.845098089646743
 20
-18.400689093013114
 30
0.0
 70
0
  0
VERTEX
  5
103F
  8
TEXT
 10
10.860765486309234
 20
-18.431167831885563
 30
0.0
 70
0
  0
VERTEX
  5
1040
  8
TEXT
 10
10.883147462927354
 20
-18.46188019685157
 30
0.0
 70
0
  0
VERTEX
  5
1041
  8
TEXT
 10
10.90906339295496
 20
-18.486048154867483
 30
0.0
 70
0
  0
VERTEX
  5
1042
  8
TEXT
 10
10.938513276392055
 20
-18.503671705933293
 30
0.0
 70
0
  0
VERTEX
  5
1043
  8
TEXT
 10
10.971497113238636
 20
-18.514750850049005
 30
0.0
 70
0
  0
VERTEX
  5
1044
  8
TEXT
 10
11.000531197500912
 20
-18.51930938409625
 30
0.0
 70
0
  0
VERTEX
  5
1045
  8
TEXT
 10
11.032032148605627
 20
-18.520493881212925
 30
0.0
 70
0
  0
VERTEX
  5
1046
  8
TEXT
 10
11.065999966552777
 20
-18.518304341399034
 30
0.0
 70
0
  0
VERTEX
  5
1047
  8
TEXT
 10
11.102434651342364
 20
-18.512740764654573
 30
0.0
 70
0
  0
VERTEX
  5
1048
  8
TEXT
 10
11.141336202974387
 20
-18.503803150979547
 30
0.0
 70
0
  0
VERTEX
  5
1049
  8
TEXT
 10
11.40865042429153
 20
-18.435532571319264
 30
0.0
 70
0
  0
VERTEX
  5
104A
  8
TEXT
 10
11.450080009175554
 20
-18.425858961537504
 30
0.0
 70
0
  0
VERTEX
  5
104B
  8
TEXT
 10
11.490406213178971
 20
-18.418481769584577
 30
0.0
 70
0
  0
VERTEX
  5
104C
  8
TEXT
 10
11.529629036301785
 20
-18.41340099546049
 30
0.0
 70
0
  0
VERTEX
  5
104D
  8
TEXT
 10
11.567748478543992
 20
-18.410616639165234
 30
0.0
 70
0
  0
VERTEX
  5
104E
  8
TEXT
 10
11.604764539905595
 20
-18.41012870069882
 30
0.0
 70
0
  0
VERTEX
  5
104F
  8
TEXT
 10
11.640677220386593
 20
-18.411937180061237
 30
0.0
 70
0
  0
VERTEX
  5
1050
  8
TEXT
 10
11.675486519986986
 20
-18.416042077252495
 30
0.0
 70
0
  0
VERTEX
  5
1051
  8
TEXT
 10
11.709192438706774
 20
-18.422443392272587
 30
0.0
 70
0
  0
VERTEX
  5
1052
  8
TEXT
 10
11.741794976545956
 20
-18.431141125121517
 30
0.0
 70
0
  0
VERTEX
  5
1053
  8
TEXT
 10
11.776868278503715
 20
-18.443618619796386
 30
0.0
 70
0
  0
VERTEX
  5
1054
  8
TEXT
 10
11.809973777729509
 20
-18.458897734853462
 30
0.0
 70
0
  0
VERTEX
  5
1055
  8
TEXT
 10
11.841111474223341
 20
-18.47697847029275
 30
0.0
 70
0
  0
VERTEX
  5
1056
  8
TEXT
 10
11.87028136798521
 20
-18.49786082611424
 30
0.0
 70
0
  0
VERTEX
  5
1057
  8
TEXT
 10
11.897483459015117
 20
-18.521544802317944
 30
0.0
 70
0
  0
VERTEX
  5
1058
  8
TEXT
 10
11.92271774731306
 20
-18.548030398903855
 30
0.0
 70
0
  0
VERTEX
  5
1059
  8
TEXT
 10
11.94598423287904
 20
-18.577317615871973
 30
0.0
 70
0
  0
VERTEX
  5
105A
  8
TEXT
 10
11.967282915713056
 20
-18.6094064532223
 30
0.0
 70
0
  0
VERTEX
  5
105B
  8
TEXT
 10
11.984851687360393
 20
-18.640880459874026
 30
0.0
 70
0
  0
VERTEX
  5
105C
  8
TEXT
 10
11.999730478189507
 20
-18.67294244647619
 30
0.0
 70
0
  0
VERTEX
  5
105D
  8
TEXT
 10
12.0119192882004
 20
-18.705592413028796
 30
0.0
 70
0
  0
VERTEX
  5
105E
  8
TEXT
 10
12.021418117393072
 20
-18.73883035953184
 30
0.0
 70
0
  0
VERTEX
  5
105F
  8
TEXT
 10
12.028226965767521
 20
-18.772656285985327
 30
0.0
 70
0
  0
VERTEX
  5
1060
  8
TEXT
 10
12.032345833323749
 20
-18.80707019238925
 30
0.0
 70
0
  0
VERTEX
  5
1061
  8
TEXT
 10
12.033774720061755
 20
-18.84207207874362
 30
0.0
 70
0
  0
VERTEX
  5
1062
  8
TEXT
 10
12.03251362598154
 20
-18.877661945048423
 30
0.0
 70
0
  0
VERTEX
  5
1063
  8
TEXT
 10
12.028689735741565
 20
-18.913410019850804
 30
0.0
 70
0
  0
VERTEX
  5
1064
  8
TEXT
 10
12.022430234000298
 20
-18.948886531697894
 30
0.0
 70
0
  0
VERTEX
  5
1065
  8
TEXT
 10
12.013735120757733
 20
-18.984091480589694
 30
0.0
 70
0
  0
VERTEX
  5
1066
  8
TEXT
 10
12.002604396013874
 20
-19.019024866526205
 30
0.0
 70
0
  0
VERTEX
  5
1067
  8
TEXT
 10
11.98903805976872
 20
-19.053686689507423
 30
0.0
 70
0
  0
VERTEX
  5
1068
  8
TEXT
 10
11.973036112022271
 20
-19.088076949533352
 30
0.0
 70
0
  0
VERTEX
  5
1069
  8
TEXT
 10
11.954598552774526
 20
-19.122195646603988
 30
0.0
 70
0
  0
VERTEX
  5
106A
  8
TEXT
 10
11.933725382025486
 20
-19.156042780719336
 30
0.0
 70
0
  0
VERTEX
  5
106B
  8
TEXT
 10
11.913249068367945
 20
-19.18551489193034
 30
0.0
 70
0
  0
VERTEX
  5
106C
  8
TEXT
 10
11.891092974505874
 20
-19.213999931985214
 30
0.0
 70
0
  0
VERTEX
  5
106D
  8
TEXT
 10
11.867257100439275
 20
-19.24149790088396
 30
0.0
 70
0
  0
VERTEX
  5
106E
  8
TEXT
 10
11.841741446168148
 20
-19.268008798626575
 30
0.0
 70
0
  0
VERTEX
  5
106F
  8
TEXT
 10
11.814546011692492
 20
-19.29353262521306
 30
0.0
 70
0
  0
VERTEX
  5
1070
  8
TEXT
 10
11.785670797012308
 20
-19.31806938064342
 30
0.0
 70
0
  0
VERTEX
  5
1071
  8
TEXT
 10
11.755115802127596
 20
-19.341619064917648
 30
0.0
 70
0
  0
VERTEX
  5
1072
  8
TEXT
 10
11.722881027038355
 20
-19.36418167803575
 30
0.0
 70
0
  0
SEQEND
  5
FA2
  8
TEXT
  0
POLYLINE
  5
1073
  8
TEXT
 66
1
 10
0.0
 20
0.0
 30
0.0
 70
1
  0
VERTEX
  5
1075
  8
TEXT
 10
12.577404448885375
 20
-18.77866249790197
 30
0.0
 70
0
  0
VERTEX
  5
1076
  8
TEXT
 10
11.827738827721687
 20
-17.27672295848891
 30
0.0
 70
0
  0
VERTEX
  5
1077
  8
TEXT
 10
12.068866699201706
 20
-17.111122791480312
 30
0.0
 70
0
  0
VERTEX
  5
1078
  8
TEXT
 10
12.818532320365394
 20
-18.613062330893367
 30
0.0
 70
0
  0
SEQEND
  5
1074
  8
TEXT
  0
POLYLINE
  5
1079
  8
TEXT
 66
1
 10
0.0
 20
0.0
 30
0.0
 70
1
  0
VERTEX
  5
107B
  8
TEXT
 10
11.707732516158483
 20
-17.035180341825303
 30
0.0
 70
0
  0
VERTEX
  5
107C
  8
TEXT
 10
11.539992039518783
 20
-16.70095609556415
 30
0.0
 70
0
  0
VERTEX
  5
107D
  8
TEXT
 10
11.7811199109988
 20
-16.53535592855555
 30
0.0
 70
0
  0
VERTEX
  5
107E
  8
TEXT
 10
11.9488603876385
 20
-16.8695801748167
 30
0.0
 70
0
  0
SEQEND
  5
107A
  8
TEXT
  0
POLYLINE
  5
107F
  8
TEXT
 66
1
 10
0.0
 20
0.0
 30
0.0
 70
1
  0
VERTEX
  5
1081
  8
TEXT
 10
13.801648357939774
 20
-17.943077293876907
 30
0.0
 70
0
  0
VERTEX
  5
1082
  8
TEXT
 10
13.769064656241
 20
-17.967150399509723
 30
0.0
 70
0
  0
VERTEX
  5
1083
  8
TEXT
 10
13.736028143427792
 20
-17.98931736314273
 30
0.0
 70
0
  0
VERTEX
  5
1084
  8
TEXT
 10
13.70253881950015
 20
-18.009578184775936
 30
0.0
 70
0
  0
VERTEX
  5
1085
  8
TEXT
 10
13.668596684458075
 20
-18.027932864409333
 30
0.0
 70
0
  0
VERTEX
  5
1086
  8
TEXT
 10
13.634201738301567
 20
-18.044381402042927
 30
0.0
 70
0
  0
VERTEX
  5
1087
  8
TEXT
 10
13.599353981030625
 20
-18.058923797676712
 30
0.0
 70
0
  0
VERTEX
  5
1088
  8
TEXT
 10
13.564053412645249
 20
-18.07156005131069
 30
0.0
 70
0
  0
VERTEX
  5
1089
  8
TEXT
 10
13.528300033145442
 20
-18.08229016294486
 30
0.0
 70
0
  0
VERTEX
  5
108A
  8
TEXT
 10
13.492388554071997
 20
-18.09106151849306
 30
0.0
 70
0
  0
VERTEX
  5
108B
  8
TEXT
 10
13.456613686965719
 20
-18.097821503869106
 30
0.0
 70
0
  0
VERTEX
  5
108C
  8
TEXT
 10
13.420975431826607
 20
-18.102570119073004
 30
0.0
 70
0
  0
VERTEX
  5
108D
  8
TEXT
 10
13.385473788654657
 20
-18.105307364104757
 30
0.0
 70
0
  0
VERTEX
  5
108E
  8
TEXT
 10
13.350108757449874
 20
-18.106033238964358
 30
0.0
 70
0
  0
VERTEX
  5
108F
  8
TEXT
 10
13.314880338212255
 20
-18.104747743651814
 30
0.0
 70
0
  0
VERTEX
  5
1090
  8
TEXT
 10
13.2797885309418
 20
-18.10145087816712
 30
0.0
 70
0
  0
VERTEX
  5
1091
  8
TEXT
 10
13.24483333563851
 20
-18.096142642510276
 30
0.0
 70
0
  0
VERTEX
  5
1092
  8
TEXT
 10
13.210321872007134
 20
-18.088875168325043
 30
0.0
 70
0
  0
VERTEX
  5
1093
  8
TEXT
 10
13.176561259752411
 20
-18.079700587255168
 30
0.0
 70
0
  0
VERTEX
  5
1094
  8
TEXT
 10
13.143551498874347
 20
-18.06861889930066
 30
0.0
 70
0
  0
VERTEX
  5
1095
  8
TEXT
 10
13.11129258937294
 20
-18.05563010446151
 30
0.0
 70
0
  0
VERTEX
  5
1096
  8
TEXT
 10
13.07978453124819
 20
-18.04073420273772
 30
0.0
 70
0
  0
VERTEX
  5
1097
  8
TEXT
 10
13.049027324500097
 20
-18.023931194129297
 30
0.0
 70
0
  0
VERTEX
  5
1098
  8
TEXT
 10
13.019020969128661
 20
-18.005221078636232
 30
0.0
 70
0
  0
VERTEX
  5
1099
  8
TEXT
 10
12.989765465133882
 20
-17.98460385625853
 30
0.0
 70
0
  0
VERTEX
  5
109A
  8
TEXT
 10
13.119252282287517
 20
-17.763464853910776
 30
0.0
 70
0
  0
VERTEX
  5
109B
  8
TEXT
 10
13.152704810140154
 20
-17.78268831283514
 30
0.0
 70
0
  0
VERTEX
  5
109C
  8
TEXT
 10
13.186530869299316
 20
-17.79912257898585
 30
0.0
 70
0
  0
VERTEX
  5
109D
  8
TEXT
 10
13.220730459765003
 20
-17.812767652362897
 30
0.0
 70
0
  0
VERTEX
  5
109E
  8
TEXT
 10
13.255303581537214
 20
-17.823623532966288
 30
0.0
 70
0
  0
VERTEX
  5
109F
  8
TEXT
 10
13.290250234615952
 20
-17.831690220796023
 30
0.0
 70
0
  0
VERTEX
  5
10A0
  8
TEXT
 10
13.325570419001213
 20
-17.836967715852097
 30
0.0
 70
0
  0
VERTEX
  5
10A1
  8
TEXT
 10
13.361264134693
 20
-17.839456018134516
 30
0.0
 70
0
  0
VERTEX
  5
10A2
  8
TEXT
 10
13.39733138169131
 20
-17.839155127643277
 30
0.0
 70
0
  0
VERTEX
  5
10A3
  8
TEXT
 10
13.433255995886105
 20
-17.83606787465722
 30
0.0
 70
0
  0
VERTEX
  5
10A4
  8
TEXT
 10
13.468521813167339
 20
-17.83019708945519
 30
0.0
 70
0
  0
VERTEX
  5
10A5
  8
TEXT
 10
13.503128833535014
 20
-17.821542772037187
 30
0.0
 70
0
  0
VERTEX
  5
10A6
  8
TEXT
 10
13.537077056989128
 20
-17.810104922403212
 30
0.0
 70
0
  0
VERTEX
  5
10A7
  8
TEXT
 10
13.570366483529684
 20
-17.79588354055326
 30
0.0
 70
0
  0
VERTEX
  5
10A8
  8
TEXT
 10
13.602997113156679
 20
-17.778878626487337
 30
0.0
 70
0
  0
VERTEX
  5
10A9
  8
TEXT
 10
13.634968945870114
 20
-17.759090180205437
 30
0.0
 70
0
  0
VERTEX
  5
10AA
  8
TEXT
 10
13.66628198166999
 20
-17.736518201707565
 30
0.0
 70
0
  0
VERTEX
  5
10AB
  8
TEXT
 10
13.697610256631288
 20
-17.710406150678477
 30
0.0
 70
0
  0
VERTEX
  5
10AC
  8
TEXT
 10
13.725310593462392
 20
-17.683336558887355
 30
0.0
 70
0
  0
VERTEX
  5
10AD
  8
TEXT
 10
13.749382992163305
 20
-17.655309426334192
 30
0.0
 70
0
  0
VERTEX
  5
10AE
  8
TEXT
 10
13.769827452734024
 20
-17.626324753018995
 30
0.0
 70
0
  0
VERTEX
  5
10AF
  8
TEXT
 10
13.786643975174552
 20
-17.59638253894176
 30
0.0
 70
0
  0
VERTEX
  5
10B0
  8
TEXT
 10
13.799832559484887
 20
-17.56548278410249
 30
0.0
 70
0
  0
VERTEX
  5
10B1
  8
TEXT
 10
13.80939320566503
 20
-17.53362548850118
 30
0.0
 70
0
  0
VERTEX
  5
10B2
  8
TEXT
 10
13.815828427755196
 20
-17.496652678546827
 30
0.0
 70
0
  0
VERTEX
  5
10B3
  8
TEXT
 10
13.81705851409059
 20
-17.46118506930921
 30
0.0
 70
0
  0
VERTEX
  5
10B4
  8
TEXT
 10
13.813083464671207
 20
-17.427222660788324
 30
0.0
 70
0
  0
VERTEX
  5
10B5
  8
TEXT
 10
13.803903279497053
 20
-17.39476545298417
 30
0.0
 70
0
  0
VERTEX
  5
10B6
  8
TEXT
 10
13.789517958568123
 20
-17.363813445896746
 30
0.0
 70
0
  0
VERTEX
  5
10B7
  8
TEXT
 10
13.76992750188442
 20
-17.334366639526056
 30
0.0
 70
0
  0
VERTEX
  5
10B8
  8
TEXT
 10
13.743888358728919
 20
-17.306573733148547
 30
0.0
 70
0
  0
VERTEX
  5
10B9
  8
TEXT
 10
13.714406706492046
 20
-17.286078061234523
 30
0.0
 70
0
  0
VERTEX
  5
10BA
  8
TEXT
 10
13.681482545173797
 20
-17.27287962378398
 30
0.0
 70
0
  0
VERTEX
  5
10BB
  8
TEXT
 10
13.645115874774174
 20
-17.26697842079692
 30
0.0
 70
0
  0
VERTEX
  5
10BC
  8
TEXT
 10
13.613648102321449
 20
-17.267040609046635
 30
0.0
 70
0
  0
VERTEX
  5
10BD
  8
TEXT
 10
13.580185464867773
 20
-17.270831311004287
 30
0.0
 70
0
  0
VERTEX
  5
10BE
  8
TEXT
 10
13.544727962413143
 20
-17.27835052666988
 30
0.0
 70
0
  0
VERTEX
  5
10BF
  8
TEXT
 10
13.507275594957559
 20
-17.289598256043405
 30
0.0
 70
0
  0
VERTEX
  5
10C0
  8
TEXT
 10
13.467828362501024
 20
-17.30457449912487
 30
0.0
 70
0
  0
VERTEX
  5
10C1
  8
TEXT
 10
13.232880526632261
 20
-17.399451337980356
 30
0.0
 70
0
  0
VERTEX
  5
10C2
  8
TEXT
 10
13.192801279720081
 20
-17.414766067726227
 30
0.0
 70
0
  0
VERTEX
  5
10C3
  8
TEXT
 10
13.153583873254806
 20
-17.42753505097623
 30
0.0
 70
0
  0
VERTEX
  5
10C4
  8
TEXT
 10
13.115228307236436
 20
-17.43775828773036
 30
0.0
 70
0
  0
VERTEX
  5
10C5
  8
TEXT
 10
13.07773458166497
 20
-17.44543577798862
 30
0.0
 70
0
  0
VERTEX
  5
10C6
  8
TEXT
 10
13.04110269654041
 20
-17.45056752175101
 30
0.0
 70
0
  0
VERTEX
  5
10C7
  8
TEXT
 10
13.005332651862753
 20
-17.45315351901753
 30
0.0
 70
0
  0
VERTEX
  5
10C8
  8
TEXT
 10
12.970424447632002
 20
-17.45319376978818
 30
0.0
 70
0
  0
VERTEX
  5
10C9
  8
TEXT
 10
12.936378083848156
 20
-17.45068827406296
 30
0.0
 70
0
  0
VERTEX
  5
10CA
  8
TEXT
 10
12.903193560511214
 20
-17.445637031841866
 30
0.0
 70
0
  0
VERTEX
  5
10CB
  8
TEXT
 10
12.867158388689775
 20
-17.437040128271395
 30
0.0
 70
0
  0
VERTEX
  5
10CC
  8
TEXT
 10
12.832748480230812
 20
-17.42547867736529
 30
0.0
 70
0
  0
VERTEX
  5
10CD
  8
TEXT
 10
12.799963835134324
 20
-17.410952679123554
 30
0.0
 70
0
  0
VERTEX
  5
10CE
  8
TEXT
 10
12.768804453400312
 20
-17.393462133546187
 30
0.0
 70
0
  0
VERTEX
  5
10CF
  8
TEXT
 10
12.739270335028774
 20
-17.373007040633187
 30
0.0
 70
0
  0
VERTEX
  5
10D0
  8
TEXT
 10
12.711361480019711
 20
-17.349587400384557
 30
0.0
 70
0
  0
VERTEX
  5
10D1
  8
TEXT
 10
12.685077888373124
 20
-17.323203212800294
 30
0.0
 70
0
  0
VERTEX
  5
10D2
  8
TEXT
 10
12.660419560089013
 20
-17.293854477880398
 30
0.0
 70
0
  0
VERTEX
  5
10D3
  8
TEXT
 10
12.639165001678993
 20
-17.264274352227485
 30
0.0
 70
0
  0
VERTEX
  5
10D4
  8
TEXT
 10
12.620495663589022
 20
-17.23383815982571
 30
0.0
 70
0
  0
VERTEX
  5
10D5
  8
TEXT
 10
12.604411545819099
 20
-17.202545900675066
 30
0.0
 70
0
  0
VERTEX
  5
10D6
  8
TEXT
 10
12.590912648369226
 20
-17.170397574775556
 30
0.0
 70
0
  0
VERTEX
  5
10D7
  8
TEXT
 10
12.579998971239402
 20
-17.13739318212718
 30
0.0
 70
0
  0
VERTEX
  5
10D8
  8
TEXT
 10
12.571670514429625
 20
-17.10353272272994
 30
0.0
 70
0
  0
VERTEX
  5
10D9
  8
TEXT
 10
12.565927277939899
 20
-17.068816196583835
 30
0.0
 70
0
  0
VERTEX
  5
10DA
  8
TEXT
 10
12.562769261770221
 20
-17.033243603688863
 30
0.0
 70
0
  0
VERTEX
  5
10DB
  8
TEXT
 10
12.562085197711697
 20
-16.997282144481094
 30
0.0
 70
0
  0
VERTEX
  5
10DC
  8
TEXT
 10
12.563763817555433
 20
-16.961399019396605
 30
0.0
 70
0
  0
VERTEX
  5
10DD
  8
TEXT
 10
12.56780512130143
 20
-16.925594228435394
 30
0.0
 70
0
  0
VERTEX
  5
10DE
  8
TEXT
 10
12.574209108949685
 20
-16.889867771597455
 30
0.0
 70
0
  0
VERTEX
  5
10DF
  8
TEXT
 10
12.5829757805002
 20
-16.854219648882797
 30
0.0
 70
0
  0
VERTEX
  5
10E0
  8
TEXT
 10
12.594105135952976
 20
-16.818649860291412
 30
0.0
 70
0
  0
VERTEX
  5
10E1
  8
TEXT
 10
12.607597175308012
 20
-16.783158405823304
 30
0.0
 70
0
  0
VERTEX
  5
10E2
  8
TEXT
 10
12.623451898565307
 20
-16.747745285478473
 30
0.0
 70
0
  0
VERTEX
  5
10E3
  8
TEXT
 10
12.639427043861042
 20
-16.716754477454927
 30
0.0
 70
0
  0
VERTEX
  5
10E4
  8
TEXT
 10
12.657066141599936
 20
-16.68666908144329
 30
0.0
 70
0
  0
VERTEX
  5
10E5
  8
TEXT
 10
12.676369191781987
 20
-16.657489097443573
 30
0.0
 70
0
  0
VERTEX
  5
10E6
  8
TEXT
 10
12.697336194407198
 20
-16.62921452545577
 30
0.0
 70
0
  0
VERTEX
  5
10E7
  8
TEXT
 10
12.719967149475567
 20
-16.601845365479875
 30
0.0
 70
0
  0
VERTEX
  5
10E8
  8
TEXT
 10
12.744262056987093
 20
-16.575381617515898
 30
0.0
 70
0
  0
VERTEX
  5
10E9
  8
TEXT
 10
12.77022091694178
 20
-16.54982328156383
 30
0.0
 70
0
  0
VERTEX
  5
10EA
  8
TEXT
 10
12.797843729339625
 20
-16.525170357623683
 30
0.0
 70
0
  0
VERTEX
  5
10EB
  8
TEXT
 10
12.827130494180627
 20
-16.501422845695444
 30
0.0
 70
0
  0
VERTEX
  5
10EC
  8
TEXT
 10
12.860050447216349
 20
-16.477171066726235
 30
0.0
 70
0
  0
VERTEX
  5
10ED
  8
TEXT
 10
12.893318694922076
 20
-16.4550690547356
 30
0.0
 70
0
  0
VERTEX
  5
10EE
  8
TEXT
 10
12.926935237297808
 20
-16.435116809723535
 30
0.0
 70
0
  0
VERTEX
  5
10EF
  8
TEXT
 10
12.960900074343545
 20
-16.41731433169005
 30
0.0
 70
0
  0
VERTEX
  5
10F0
  8
TEXT
 10
12.995213206059287
 20
-16.40166162063514
 30
0.0
 70
0
  0
VERTEX
  5
10F1
  8
TEXT
 10
13.029874632445033
 20
-16.388158676558803
 30
0.0
 70
0
  0
VERTEX
  5
10F2
  8
TEXT
 10
13.064884353500783
 20
-16.376805499461042
 30
0.0
 70
0
  0
VERTEX
  5
10F3
  8
TEXT
 10
13.10024236922654
 20
-16.367602089341855
 30
0.0
 70
0
  0
VERTEX
  5
10F4
  8
TEXT
 10
13.135948679622302
 20
-16.360548446201243
 30
0.0
 70
0
  0
VERTEX
  5
10F5
  8
TEXT
 10
13.172003284688069
 20
-16.355644570039207
 30
0.0
 70
0
  0
VERTEX
  5
10F6
  8
TEXT
 10
13.20840618442384
 20
-16.352890460855743
 30
0.0
 70
0
  0
VERTEX
  5
10F7
  8
TEXT
 10
13.244649905201937
 20
-16.352307678897013
 30
0.0
 70
0
  0
VERTEX
  5
10F8
  8
TEXT
 10
13.280226973394681
 20
-16.353917784409177
 30
0.0
 70
0
  0
VERTEX
  5
10F9
  8
TEXT
 10
13.315137389002071
 20
-16.357720777392235
 30
0.0
 70
0
  0
VERTEX
  5
10FA
  8
TEXT
 10
13.34938115202411
 20
-16.36371665784618
 30
0.0
 70
0
  0
VERTEX
  5
10FB
  8
TEXT
 10
13.382958262460793
 20
-16.371905425771022
 30
0.0
 70
0
  0
VERTEX
  5
10FC
  8
TEXT
 10
13.415868720312124
 20
-16.38228708116675
 30
0.0
 70
0
  0
VERTEX
  5
10FD
  8
TEXT
 10
13.448112525578102
 20
-16.394861624033375
 30
0.0
 70
0
  0
VERTEX
  5
10FE
  8
TEXT
 10
13.479689678258726
 20
-16.409629054370892
 30
0.0
 70
0
  0
VERTEX
  5
10FF
  8
TEXT
 10
13.510600178353997
 20
-16.4265893721793
 30
0.0
 70
0
  0
VERTEX
  5
1100
  8
TEXT
 10
13.540844025863914
 20
-16.4457425774586
 30
0.0
 70
0
  0
VERTEX
  5
1101
  8
TEXT
 10
13.570421220788477
 20
-16.467088670208792
 30
0.0
 70
0
  0
VERTEX
  5
1102
  8
TEXT
 10
13.437881828527148
 20
-16.690588632616237
 30
0.0
 70
0
  0
VERTEX
  5
1103
  8
TEXT
 10
13.40504971414284
 20
-16.669894045529215
 30
0.0
 70
0
  0
VERTEX
  5
1104
  8
TEXT
 10
13.37188089111909
 20
-16.65262600314047
 30
0.0
 70
0
  0
VERTEX
  5
1105
  8
TEXT
 10
13.338375359455899
 20
-16.638784505449998
 30
0.0
 70
0
  0
VERTEX
  5
1106
  8
TEXT
 10
13.304533119153266
 20
-16.628369552457798
 30
0.0
 70
0
  0
VERTEX
  5
1107
  8
TEXT
 10
13.27035417021119
 20
-16.621381144163873
 30
0.0
 70
0
  0
VERTEX
  5
1108
  8
TEXT
 10
13.235838512629671
 20
-16.61781928056822
 30
0.0
 70
0
  0
VERTEX
  5
1109
  8
TEXT
 10
13.200986146408711
 20
-16.617683961670842
 30
0.0
 70
0
  0
VERTEX
  5
110A
  8
TEXT
 10
13.166249116644734
 20
-16.62086451391941
 30
0.0
 70
0
  0
VERTEX
  5
110B
  8
TEXT
 10
13.132079468434162
 20
-16.627250263761606
 30
0.0
 70
0
  0
VERTEX
  5
110C
  8
TEXT
 10
13.098477201777
 20
-16.636841211197428
 30
0.0
 70
0
  0
VERTEX
  5
110D
  8
TEXT
 10
13.065442316673241
 20
-16.649637356226876
 30
0.0
 70
0
  0
VERTEX
  5
110E
  8
TEXT
 10
13.032974813122893
 20
-16.66563869884995
 30
0.0
 70
0
  0
VERTEX
  5
110F
  8
TEXT
 10
13.00107469112595
 20
-16.68484523906665
 30
0.0
 70
0
  0
VERTEX
  5
1110
  8
TEXT
 10
12.969741950682414
 20
-16.707256976876973
 30
0.0
 70
0
  0
VERTEX
  5
1111
  8
TEXT
 10
12.940352197647325
 20
-16.731730323435187
 30
0.0
 70
0
  0
VERTEX
  5
1112
  8
TEXT
 10
12.91428103787572
 20
-16.757121689895552
 30
0.0
 70
0
  0
VERTEX
  5
1113
  8
TEXT
 10
12.8915284713676
 20
-16.78343107625807
 30
0.0
 70
0
  0
VERTEX
  5
1114
  8
TEXT
 10
12.872094498122964
 20
-16.810658482522737
 30
0.0
 70
0
  0
VERTEX
  5
1115
  8
TEXT
 10
12.855979118141814
 20
-16.838803908689552
 30
0.0
 70
0
  0
VERTEX
  5
1116
  8
TEXT
 10
12.843182331424147
 20
-16.867867354758523
 30
0.0
 70
0
  0
VERTEX
  5
1117
  8
TEXT
 10
12.833704137969967
 20
-16.897848820729642
 30
0.0
 70
0
  0
VERTEX
  5
1118
  8
TEXT
 10
12.827139215135846
 20
-16.932726567422847
 30
0.0
 70
0
  0
VERTEX
  5
1119
  8
TEXT
 10
12.825688539219172
 20
-16.96633203035067
 30
0.0
 70
0
  0
VERTEX
  5
111A
  8
TEXT
 10
12.829352110219947
 20
-16.99866520951311
 30
0.0
 70
0
  0
VERTEX
  5
111B
  8
TEXT
 10
12.838129928138168
 20
-17.02972610491017
 30
0.0
 70
0
  0
VERTEX
  5
111C
  8
TEXT
 10
12.852021992973837
 20
-17.059514716541848
 30
0.0
 70
0
  0
VERTEX
  5
111D
  8
TEXT
 10
12.871028304726954
 20
-17.088031044408147
 30
0.0
 70
0
  0
VERTEX
  5
111E
  8
TEXT
 10
12.896732678370938
 20
-17.116021889602777
 30
0.0
 70
0
  0
VERTEX
  5
111F
  8
TEXT
 10
12.925210022073266
 20
-17.13711137796817
 30
0.0
 70
0
  0
VERTEX
  5
1120
  8
TEXT
 10
12.956460335833937
 20
-17.15129950950433
 30
0.0
 70
0
  0
VERTEX
  5
1121
  8
TEXT
 10
12.99048361965295
 20
-17.15858628421125
 30
0.0
 70
0
  0
VERTEX
  5
1122
  8
TEXT
 10
13.01984664259293
 20
-17.159839745592844
 30
0.0
 70
0
  0
VERTEX
  5
1123
  8
TEXT
 10
13.051280081255772
 20
-17.157462375669947
 30
0.0
 70
0
  0
VERTEX
  5
1124
  8
TEXT
 10
13.084783935641479
 20
-17.15145417444256
 30
0.0
 70
0
  0
VERTEX
  5
1125
  8
TEXT
 10
13.120358205750048
 20
-17.14181514191068
 30
0.0
 70
0
  0
VERTEX
  5
1126
  8
TEXT
 10
13.158002891581479
 20
-17.12854527807431
 30
0.0
 70
0
  0
VERTEX
  5
1127
  8
TEXT
 10
13.415906998189323
 20
-17.030549172231517
 30
0.0
 70
0
  0
VERTEX
  5
1128
  8
TEXT
 10
13.455980529942025
 20
-17.016262770209405
 30
0.0
 70
0
  0
VERTEX
  5
1129
  8
TEXT
 10
13.495216835385078
 20
-17.004382617617157
 30
0.0
 70
0
  0
VERTEX
  5
112A
  8
TEXT
 10
13.533615914518478
 20
-16.99490871445477
 30
0.0
 70
0
  0
VERTEX
  5
112B
  8
TEXT
 10
13.571177767342228
 20
-16.987841060722243
 30
0.0
 70
0
  0
VERTEX
  5
112C
  8
TEXT
 10
13.607902393856328
 20
-16.98317965641958
 30
0.0
 70
0
  0
VERTEX
  5
112D
  8
TEXT
 10
13.643789794060776
 20
-16.980924501546777
 30
0.0
 70
0
  0
VERTEX
  5
112E
  8
TEXT
 10
13.678839967955572
 20
-16.98107559610384
 30
0.0
 70
0
  0
VERTEX
  5
112F
  8
TEXT
 10
13.713052915540718
 20
-16.98363294009076
 30
0.0
 70
0
  0
VERTEX
  5
1130
  8
TEXT
 10
13.746428636816214
 20
-16.988596533507543
 30
0.0
 70
0
  0
VERTEX
  5
1131
  8
TEXT
 10
13.782685820825098
 20
-16.99703697137103
 30
0.0
 70
0
  0
VERTEX
  5
1132
  8
TEXT
 10
13.817303879580246
 20
-17.00848316916513
 30
0.0
 70
0
  0
VERTEX
  5
1133
  8
TEXT
 10
13.850282813081657
 20
-17.02293512688985
 30
0.0
 70
0
  0
VERTEX
  5
1134
  8
TEXT
 10
13.881622621329331
 20
-17.040392844545178
 30
0.0
 70
0
  0
VERTEX
  5
1135
  8
TEXT
 10
13.911323304323268
 20
-17.060856322131123
 30
0.0
 70
0
  0
VERTEX
  5
1136
  8
TEXT
 10
13.93938486206347
 20
-17.08432555964768
 30
0.0
 70
0
  0
VERTEX
  5
1137
  8
TEXT
 10
13.965807294549933
 20
-17.110800557094855
 30
0.0
 70
0
  0
VERTEX
  5
1138
  8
TEXT
 10
13.99059060178266
 20
-17.140281314472645
 30
0.0
 70
0
  0
VERTEX
  5
1139
  8
TEXT
 10
14.011598444240988
 20
-17.169572019263672
 30
0.0
 70
0
  0
VERTEX
  5
113A
  8
TEXT
 10
14.029999826487817
 20
-17.199750464101335
 30
0.0
 70
0
  0
VERTEX
  5
113B
  8
TEXT
 10
14.04579474852315
 20
-17.230816648985638
 30
0.0
 70
0
  0
VERTEX
  5
113C
  8
TEXT
 10
14.058983210346987
 20
-17.262770573916576
 30
0.0
 70
0
  0
VERTEX
  5
113D
  8
TEXT
 10
14.069565211959326
 20
-17.295612238894154
 30
0.0
 70
0
  0
VERTEX
  5
113E
  8
TEXT
 10
14.077540753360168
 20
-17.329341643918365
 30
0.0
 70
0
  0
VERTEX
  5
113F
  8
TEXT
 10
14.082909834549513
 20
-17.363958788989216
 30
0.0
 70
0
  0
VERTEX
  5
1140
  8
TEXT
 10
14.08567245552736
 20
-17.399463674106702
 30
0.0
 70
0
  0
VERTEX
  5
1141
  8
TEXT
 10
14.085906496962366
 20
-17.435414921835406
 30
0.0
 70
0
  0
VERTEX
  5
1142
  8
TEXT
 10
14.083689839523183
 20
-17.47137115473991
 30
0.0
 70
0
  0
VERTEX
  5
1143
  8
TEXT
 10
14.07902248320981
 20
-17.507332372820215
 30
0.0
 70
0
  0
VERTEX
  5
1144
  8
TEXT
 10
14.071904428022249
 20
-17.54329857607632
 30
0.0
 70
0
  0
VERTEX
  5
1145
  8
TEXT
 10
14.062335673960499
 20
-17.579269764508226
 30
0.0
 70
0
  0
VERTEX
  5
1146
  8
TEXT
 10
14.050316221024561
 20
-17.615245938115933
 30
0.0
 70
0
  0
VERTEX
  5
1147
  8
TEXT
 10
14.035846069214434
 20
-17.65122709689944
 30
0.0
 70
0
  0
VERTEX
  5
1148
  8
TEXT
 10
14.018925218530118
 20
-17.687213240858746
 30
0.0
 70
0
  0
VERTEX
  5
1149
  8
TEXT
 10
14.001905049784925
 20
-17.71880752224195
 30
0.0
 70
0
  0
VERTEX
  5
114A
  8
TEXT
 10
13.9831044548763
 20
-17.749610568085412
 30
0.0
 70
0
  0
VERTEX
  5
114B
  8
TEXT
 10
13.96252343380424
 20
-17.77962237838913
 30
0.0
 70
0
  0
VERTEX
  5
114C
  8
TEXT
 10
13.940161986568746
 20
-17.808842953153114
 30
0.0
 70
0
  0
VERTEX
  5
114D
  8
TEXT
 10
13.91602011316982
 20
-17.837272292377353
 30
0.0
 70
0
  0
VERTEX
  5
114E
  8
TEXT
 10
13.89009781360746
 20
-17.864910396061852
 30
0.0
 70
0
  0
VERTEX
  5
114F
  8
TEXT
 10
13.862395087881664
 20
-17.89175726420661
 30
0.0
 70
0
  0
VERTEX
  5
1150
  8
TEXT
 10
13.832911935992437
 20
-17.91781289681163
 30
0.0
 70
0
  0
SEQEND
  5
1080
  8
TEXT
  0
POLYLINE
  5
1151
  8
LOGO
 66
1
 10
0.0
 20
0.0
 30
0.0
 70
1
  0
VERTEX
  5
1153
  8
LOGO
 10
-19.844357596482656
 20
2.3558133854421106
 30
0.0
 70
0
  0
VERTEX
  5
1154
  8
LOGO
 10
-19.93580850024426
 20
2.3456521739130434
 30
0.0
 70
0
  0
VERTEX
  5
1155
  8
LOGO
 10
-20.02725940400586
 20
2.3304103566194434
 30
0.0
 70
0
  0
VERTEX
  5
1156
  8
LOGO
 10
-20.1180752320469
 20
2.310723009281876
 30
0.0
 70
0
  0
VERTEX
  5
1157
  8
LOGO
 10
-20.208891060087932
 20
2.286590131900342
 30
0.0
 70
0
  0
VERTEX
  5
1158
  8
LOGO
 10
-20.2990718124084
 20
2.2573766487542746
 30
0.0
 70
0
  0
VERTEX
  5
1159
  8
LOGO
 10
-20.389887640449437
 20
2.223717635564241
 30
0.0
 70
0
  0
VERTEX
  5
115A
  8
LOGO
 10
-20.481338544211038
 20
2.184342940889106
 30
0.0
 70
0
  0
VERTEX
  5
115B
  8
LOGO
 10
-20.574059599413776
 20
2.140522716170005
 30
0.0
 70
0
  0
VERTEX
  5
115C
  8
LOGO
 10
-20.64201270151441
 20
2.104958475818271
 30
0.0
 70
0
  0
VERTEX
  5
115D
  8
LOGO
 10
-20.708060576453345
 20
2.0674890083048365
 30
0.0
 70
0
  0
VERTEX
  5
115E
  8
LOGO
 10
-20.771568148510013
 20
2.028114313629702
 30
0.0
 70
0
  0
VERTEX
  5
115F
  8
LOGO
 10
-20.83380556912555
 20
1.9868343917928677
 30
0.0
 70
0
  0
VERTEX
  5
1160
  8
LOGO
 10
-20.894137762579383
 20
1.9430141670737666
 30
0.0
 70
0
  0
VERTEX
  5
1161
  8
LOGO
 10
-20.953199804592085
 20
1.8966536394723992
 30
0.0
 70
0
  0
VERTEX
  5
1162
  8
LOGO
 10
-21.01162677088422
 20
1.847752808988764
 30
0.0
 70
0
  0
VERTEX
  5
1163
  8
LOGO
 10
-21.068783585735222
 20
1.7956765999022968
 30
0.0
 70
0
  0
VERTEX
  5
1164
  8
LOGO
 10
-21.12085979482169
 20
1.7448705422569621
 30
0.0
 70
0
  0
VERTEX
  5
1165
  8
LOGO
 10
-21.169760625305322
 20
1.6934294088910606
 30
0.0
 70
0
  0
VERTEX
  5
1166
  8
LOGO
 10
-21.215486077186124
 20
1.6407181240840254
 30
0.0
 70
0
  0
VERTEX
  5
1167
  8
LOGO
 10
-21.25867122618466
 20
1.586101612115291
 30
0.0
 70
0
  0
VERTEX
  5
1168
  8
LOGO
 10
-21.29868099658036
 20
1.5302149487054229
 30
0.0
 70
0
  0
VERTEX
  5
1169
  8
LOGO
 10
-21.336150464093794
 20
1.4717879824132885
 30
0.0
 70
0
  0
VERTEX
  5
116A
  8
LOGO
 10
-21.37171470444553
 20
1.4108207132388866
 30
0.0
 70
0
  0
VERTEX
  5
116B
  8
LOGO
 10
-21.405373717635563
 20
1.3466780654616515
 30
0.0
 70
0
  0
VERTEX
  5
116C
  8
LOGO
 10
-21.418710307767462
 20
1.3187347337567177
 30
0.0
 70
0
  0
VERTEX
  5
116D
  8
LOGO
 10
-21.43204689789936
 20
1.2869809477283836
 30
0.0
 70
0
  0
VERTEX
  5
116E
  8
LOGO
 10
-21.444748412310698
 20
1.2526868588177829
 30
0.0
 70
0
  0
VERTEX
  5
116F
  8
LOGO
 10
-21.456814851001464
 20
1.2171226184660484
 30
0.0
 70
0
  0
VERTEX
  5
1170
  8
LOGO
 10
-21.467611138251097
 20
1.181558378114314
 30
0.0
 70
0
  0
VERTEX
  5
1171
  8
LOGO
 10
-21.477772349780164
 20
1.1466292134831464
 30
0.0
 70
0
  0
VERTEX
  5
1172
  8
LOGO
 10
-21.485393258426964
 20
1.1142403517342454
 30
0.0
 70
0
  0
VERTEX
  5
1173
  8
LOGO
 10
-21.491108939912067
 20
1.0843917928676117
 30
0.0
 70
0
  0
VERTEX
  5
1174
  8
LOGO
 10
-21.496824621397167
 20
1.0412066438690768
 30
0.0
 70
0
  0
VERTEX
  5
1175
  8
LOGO
 10
-21.5
 20
0.9986565705911097
 30
0.0
 70
0
  0
VERTEX
  5
1176
  8
LOGO
 10
-21.5
 20
0.9567415730337083
 30
0.0
 70
0
  0
VERTEX
  5
1177
  8
LOGO
 10
-21.497459697117733
 20
0.9160967269174408
 30
0.0
 70
0
  0
VERTEX
  5
1178
  8
LOGO
 10
-21.493014167073767
 20
0.8779921836834398
 30
0.0
 70
0
  0
VERTEX
  5
1179
  8
LOGO
 10
-21.485393258426964
 20
0.8411577918905718
 30
0.0
 70
0
  0
VERTEX
  5
117A
  8
LOGO
 10
-21.475232046897897
 20
0.807498778700538
 30
0.0
 70
0
  0
VERTEX
  5
117B
  8
LOGO
 10
-21.462530532486564
 20
0.7763800683927705
 30
0.0
 70
0
  0
VERTEX
  5
117C
  8
LOGO
 10
-21.453004396678065
 20
0.7573277967757701
 30
0.0
 70
0
  0
VERTEX
  5
117D
  8
LOGO
 10
-21.441573033707865
 20
0.7376404494382027
 30
0.0
 70
0
  0
VERTEX
  5
117E
  8
LOGO
 10
-21.429506595017095
 20
0.7173180263800686
 30
0.0
 70
0
  0
VERTEX
  5
117F
  8
LOGO
 10
-21.416170004885196
 20
0.6982657547630682
 30
0.0
 70
0
  0
VERTEX
  5
1180
  8
LOGO
 10
-21.403468490473863
 20
0.6798485588666344
 30
0.0
 70
0
  0
VERTEX
  5
1181
  8
LOGO
 10
-21.390131900341963
 20
0.6633365901319006
 30
0.0
 70
0
  0
VERTEX
  5
1182
  8
LOGO
 10
-21.378065461651197
 20
0.6500000000000001
 30
0.0
 70
0
  0
VERTEX
  5
1183
  8
LOGO
 10
-21.36726917440156
 20
0.6392037127503669
 30
0.0
 70
0
  0
VERTEX
  5
1184
  8
LOGO
 10
-21.353297508549094
 20
0.628407425500733
 30
0.0
 70
0
  0
VERTEX
  5
1185
  8
LOGO
 10
-21.337420615534928
 20
0.6176111382510999
 30
0.0
 70
0
  0
VERTEX
  5
1186
  8
LOGO
 10
-21.32027357107963
 20
0.6068148510014659
 30
0.0
 70
0
  0
VERTEX
  5
1187
  8
LOGO
 10
-21.301856375183192
 20
0.5966536394723989
 30
0.0
 70
0
  0
VERTEX
  5
1188
  8
LOGO
 10
-21.284074255007326
 20
0.5877625793844654
 30
0.0
 70
0
  0
VERTEX
  5
1189
  8
LOGO
 10
-21.265657059110893
 20
0.5795065950170989
 30
0.0
 70
0
  0
VERTEX
  5
118A
  8
LOGO
 10
-21.248510014655594
 20
0.5731558378114321
 30
0.0
 70
0
  0
VERTEX
  5
118B
  8
LOGO
 10
-21.231998045920857
 20
0.5680752320468981
 30
0.0
 70
0
  0
VERTEX
  5
118C
  8
LOGO
 10
-21.21040547142159
 20
0.562994626282365
 30
0.0
 70
0
  0
VERTEX
  5
118D
  8
LOGO
 10
-21.186907669760625
 20
0.5598192476795315
 30
0.0
 70
0
  0
VERTEX
  5
118E
  8
LOGO
 10
-21.161504640937956
 20
0.5579140205178311
 30
0.0
 70
0
  0
VERTEX
  5
118F
  8
LOGO
 10
-21.135466536394723
 20
0.5572789447972649
 30
0.0
 70
0
  0
VERTEX
  5
1190
  8
LOGO
 10
-21.10879335613092
 20
0.5585490962383979
 30
0.0
 70
0
  0
VERTEX
  5
1191
  8
LOGO
 10
-21.081485100146555
 20
0.5610893991206645
 30
0.0
 70
0
  0
VERTEX
  5
1192
  8
LOGO
 10
-21.054811919882752
 20
0.5655349291646316
 30
0.0
 70
0
  0
VERTEX
  5
1193
  8
LOGO
 10
-21.02877381533952
 20
0.5706155349291647
 30
0.0
 70
0
  0
VERTEX
  5
1194
  8
LOGO
 10
-21.003370786516854
 20
0.5776013678553984
 30
0.0
 70
0
  0
VERTEX
  5
1195
  8
LOGO
 10
-20.975427454811918
 20
0.5864924279433318
 30
0.0
 70
0
  0
VERTEX
  5
1196
  8
LOGO
 10
-20.945578895945285
 20
0.5966536394723989
 30
0.0
 70
0
  0
VERTEX
  5
1197
  8
LOGO
 10
-20.915095261358083
 20
0.6087200781631658
 30
0.0
 70
0
  0
VERTEX
  5
1198
  8
LOGO
 10
-20.883976551050317
 20
0.6214215925744994
 30
0.0
 70
0
  0
VERTEX
  5
1199
  8
LOGO
 10
-20.852857840742548
 20
0.6347581827063998
 30
0.0
 70
0
  0
VERTEX
  5
119A
  8
LOGO
 10
-20.823009281875915
 20
0.6487298485588672
 30
0.0
 70
0
  0
VERTEX
  5
119B
  8
LOGO
 10
-20.795701025891546
 20
0.6627015144113338
 30
0.0
 70
0
  0
VERTEX
  5
119C
  8
LOGO
 10
-20.70742550073278
 20
0.7128724963361023
 30
0.0
 70
0
  0
VERTEX
  5
119D
  8
LOGO
 10
-20.610258915486074
 20
0.7744748412310701
 30
0.0
 70
0
  0
VERTEX
  5
119E
  8
LOGO
 10
-20.506741573033707
 20
0.8443331704934052
 30
0.0
 70
0
  0
VERTEX
  5
119F
  8
LOGO
 10
-20.39877870053737
 20
0.9224474841231077
 30
0.0
 70
0
  0
VERTEX
  5
11A0
  8
LOGO
 10
-20.2895456765999
 20
1.0050073277967764
 30
0.0
 70
0
  0
VERTEX
  5
11A1
  8
LOGO
 10
-20.18221787982413
 20
1.0913776257938448
 30
0.0
 70
0
  0
VERTEX
  5
11A2
  8
LOGO
 10
-20.078700537371763
 20
1.1790180752320474
 30
0.0
 70
0
  0
VERTEX
  5
11A3
  8
LOGO
 10
-19.982169027845625
 20
1.2653883732291165
 30
0.0
 70
0
  0
VERTEX
  5
11A4
  8
LOGO
 10
-19.88373229115779
 20
1.360014655593552
 30
0.0
 70
0
  0
VERTEX
  5
11A5
  8
LOGO
 10
-19.792916463116754
 20
1.4546409379579879
 30
0.0
 70
0
  0
VERTEX
  5
11A6
  8
LOGO
 10
-19.708451392281386
 20
1.5492672203224234
 30
0.0
 70
0
  0
VERTEX
  5
11A7
  8
LOGO
 10
-19.632242305813385
 20
1.642623351245726
 30
0.0
 70
0
  0
VERTEX
  5
11A8
  8
LOGO
 10
-19.56428920371275
 20
1.734074255007328
 30
0.0
 70
0
  0
VERTEX
  5
11A9
  8
LOGO
 10
-19.50522716170005
 20
1.8229848558866637
 30
0.0
 70
0
  0
VERTEX
  5
11AA
  8
LOGO
 10
-19.456326331216413
 20
1.908085002442599
 30
0.0
 70
0
  0
VERTEX
  5
11AB
  8
LOGO
 10
-19.417586712261844
 20
1.988739618954568
 30
0.0
 70
0
  0
VERTEX
  5
11AC
  8
LOGO
 10
-19.404250122129945
 20
2.0243038593063027
 30
0.0
 70
0
  0
VERTEX
  5
11AD
  8
LOGO
 10
-19.39345383488031
 20
2.0585979482169035
 30
0.0
 70
0
  0
VERTEX
  5
11AE
  8
LOGO
 10
-19.385832926233512
 20
2.0916218856863704
 30
0.0
 70
0
  0
VERTEX
  5
11AF
  8
LOGO
 10
-19.382022471910112
 20
2.1233756717147045
 30
0.0
 70
0
  0
VERTEX
  5
11B0
  8
LOGO
 10
-19.38075232046898
 20
2.1532242305813387
 30
0.0
 70
0
  0
VERTEX
  5
11B1
  8
LOGO
 10
-19.383292623351245
 20
2.180532486565706
 30
0.0
 70
0
  0
VERTEX
  5
11B2
  8
LOGO
 10
-19.38837322911578
 20
2.2053004396678073
 30
0.0
 70
0
  0
VERTEX
  5
11B3
  8
LOGO
 10
-19.39726428920371
 20
2.226893014167074
 30
0.0
 70
0
  0
VERTEX
  5
11B4
  8
LOGO
 10
-19.413141182217878
 20
2.2516609672691748
 30
0.0
 70
0
  0
VERTEX
  5
11B5
  8
LOGO
 10
-19.43536883243771
 20
2.2738886174890087
 30
0.0
 70
0
  0
VERTEX
  5
11B6
  8
LOGO
 10
-19.46267708842208
 20
2.2942110405471428
 30
0.0
 70
0
  0
VERTEX
  5
11B7
  8
LOGO
 10
-19.495065950170982
 20
2.3119931607230098
 30
0.0
 70
0
  0
VERTEX
  5
11B8
  8
LOGO
 10
-19.532535417684414
 20
2.32723497801661
 30
0.0
 70
0
  0
VERTEX
  5
11B9
  8
LOGO
 10
-19.574450415241817
 20
2.3399364924279435
 30
0.0
 70
0
  0
VERTEX
  5
11BA
  8
LOGO
 10
-19.620810942843185
 20
2.3494626282364437
 30
0.0
 70
0
  0
VERTEX
  5
11BB
  8
LOGO
 10
-19.67098192476795
 20
2.3564484611626773
 30
0.0
 70
0
  0
VERTEX
  5
11BC
  8
LOGO
 10
-19.695749877870053
 20
2.358353688324377
 30
0.0
 70
0
  0
VERTEX
  5
11BD
  8
LOGO
 10
-19.716707376648753
 20
2.3602589154860776
 30
0.0
 70
0
  0
VERTEX
  5
11BE
  8
LOGO
 10
-19.735759648265752
 20
2.3615290669272104
 30
0.0
 70
0
  0
VERTEX
  5
11BF
  8
LOGO
 10
-19.75354176844162
 20
2.3615290669272104
 30
0.0
 70
0
  0
VERTEX
  5
11C0
  8
LOGO
 10
-19.77259404005862
 20
2.3615290669272104
 30
0.0
 70
0
  0
VERTEX
  5
11C1
  8
LOGO
 10
-19.792916463116754
 20
2.3602589154860776
 30
0.0
 70
0
  0
VERTEX
  5
11C2
  8
LOGO
 10
-19.816414264777723
 20
2.358353688324377
 30
0.0
 70
0
  0
SEQEND
  5
1152
  8
LOGO
  0
POLYLINE
  5
11C3
  8
LOGO
 66
1
 10
0.0
 20
0.0
 30
0.0
 70
1
  0
VERTEX
  5
11C5
  8
LOGO
 10
-17.58221787982413
 20
2.224987787005374
 30
0.0
 70
0
  0
VERTEX
  5
11C6
  8
LOGO
 10
-17.609526135808498
 20
2.222447484123107
 30
0.0
 70
0
  0
VERTEX
  5
11C7
  8
LOGO
 10
-17.643185148998533
 20
2.218637029799707
 30
0.0
 70
0
  0
VERTEX
  5
11C8
  8
LOGO
 10
-17.681289692232536
 20
2.212921348314607
 30
0.0
 70
0
  0
VERTEX
  5
11C9
  8
LOGO
 10
-17.7219345383488
 20
2.20657059110894
 30
0.0
 70
0
  0
VERTEX
  5
11CA
  8
LOGO
 10
-17.763214460185637
 20
2.2002198339032732
 30
0.0
 70
0
  0
VERTEX
  5
11CB
  8
LOGO
 10
-17.803859306301902
 20
2.1932340009770397
 30
0.0
 70
0
  0
VERTEX
  5
11CC
  8
LOGO
 10
-17.84069369809477
 20
2.18561309233024
 30
0.0
 70
0
  0
VERTEX
  5
11CD
  8
LOGO
 10
-17.872447484123107
 20
2.179262335124573
 30
0.0
 70
0
  0
VERTEX
  5
11CE
  8
LOGO
 10
-17.969614069369808
 20
2.1551294577430387
 30
0.0
 70
0
  0
VERTEX
  5
11CF
  8
LOGO
 10
-18.06360527601368
 20
2.1290913531998052
 30
0.0
 70
0
  0
VERTEX
  5
11D0
  8
LOGO
 10
-18.155691255495846
 20
2.0992427943331706
 30
0.0
 70
0
  0
VERTEX
  5
11D1
  8
LOGO
 10
-18.248412310698583
 20
2.065583781143137
 30
0.0
 70
0
  0
VERTEX
  5
11D2
  8
LOGO
 10
-18.34240351734245
 20
2.027479237909136
 30
0.0
 70
0
  0
VERTEX
  5
11D3
  8
LOGO
 10
-18.438935026868588
 20
1.984929164631168
 30
0.0
 70
0
  0
VERTEX
  5
11D4
  8
LOGO
 10
-18.53991206643869
 20
1.936028334147533
 30
0.0
 70
0
  0
VERTEX
  5
11D5
  8
LOGO
 10
-18.645969711773326
 20
1.8820468978993652
 30
0.0
 70
0
  0
VERTEX
  5
11D6
  8
LOGO
 10
-18.68915486077186
 20
1.859184171958965
 30
0.0
 70
0
  0
VERTEX
  5
11D7
  8
LOGO
 10
-18.72916463116756
 20
1.836956521739131
 30
0.0
 70
0
  0
VERTEX
  5
11D8
  8
LOGO
 10
-18.767269174401562
 20
1.8159990229604301
 30
0.0
 70
0
  0
VERTEX
  5
11D9
  8
LOGO
 10
-18.805373717635565
 20
1.7937713727405962
 30
0.0
 70
0
  0
VERTEX
  5
11DA
  8
LOGO
 10
-18.84411333659013
 20
1.7702735710796296
 30
0.0
 70
0
  0
VERTEX
  5
11DB
  8
LOGO
 10
-18.8847581827064
 20
1.7455056179775281
 30
0.0
 70
0
  0
VERTEX
  5
11DC
  8
LOGO
 10
-18.928578407425498
 20
1.718197361993161
 30
0.0
 70
0
  0
VERTEX
  5
11DD
  8
LOGO
 10
-18.976209086468
 20
1.6870786516853937
 30
0.0
 70
0
  0
VERTEX
  5
11DE
  8
LOGO
 10
-19.090522716170003
 20
1.6108695652173919
 30
0.0
 70
0
  0
VERTEX
  5
11DF
  8
LOGO
 10
-19.211187103077673
 20
1.5257694186614565
 30
0.0
 70
0
  0
VERTEX
  5
11E0
  8
LOGO
 10
-19.337567171470443
 20
1.431778212017587
 30
0.0
 70
0
  0
VERTEX
  5
11E1
  8
LOGO
 10
-19.47029799706888
 20
1.3288959452857847
 30
0.0
 70
0
  0
VERTEX
  5
11E2
  8
LOGO
 10
-19.61001465559355
 20
1.2164875427454815
 30
0.0
 70
0
  0
VERTEX
  5
11E3
  8
LOGO
 10
-19.75608207132389
 20
1.095188080117245
 30
0.0
 70
0
  0
VERTEX
  5
11E4
  8
LOGO
 10
-19.909135319980457
 20
0.963727405959942
 30
0.0
 70
0
  0
VERTEX
  5
11E5
  8
LOGO
 10
-20.069174401563263
 20
0.8227405959941382
 30
0.0
 70
0
  0
VERTEX
  5
11E6
  8
LOGO
 10
-20.263507572056668
 20
0.6461895456766006
 30
0.0
 70
0
  0
VERTEX
  5
11E7
  8
LOGO
 10
-20.43751831949194
 20
0.47979970688812934
 30
0.0
 70
0
  0
VERTEX
  5
11E8
  8
LOGO
 10
-20.59374694675134
 20
0.32103077674645863
 30
0.0
 70
0
  0
VERTEX
  5
11E9
  8
LOGO
 10
-20.734098680996578
 20
0.16797752808988792
 30
0.0
 70
0
  0
VERTEX
  5
11EA
  8
LOGO
 10
-20.859208597948214
 20
0.018734733756717435
 30
0.0
 70
0
  0
VERTEX
  5
11EB
  8
LOGO
 10
-20.97288715192965
 20
-0.1292379091353194
 30
0.0
 70
0
  0
VERTEX
  5
11EC
  8
LOGO
 10
-21.07513434294089
 20
-0.27784562774792304
 30
0.0
 70
0
  0
VERTEX
  5
11ED
  8
LOGO
 10
-21.169760625305322
 20
-0.428993649242794
 30
0.0
 70
0
  0
VERTEX
  5
11EE
  8
LOGO
 10
-21.190718124084025
 20
-0.4664631167562282
 30
0.0
 70
0
  0
VERTEX
  5
11EF
  8
LOGO
 10
-21.212945774303858
 20
-0.5077430385930626
 30
0.0
 70
0
  0
VERTEX
  5
11F0
  8
LOGO
 10
-21.234538348803124
 20
-0.5515632633121635
 30
0.0
 70
0
  0
VERTEX
  5
11F1
  8
LOGO
 10
-21.256130923302393
 20
-0.5966536394723981
 30
0.0
 70
0
  0
VERTEX
  5
11F2
  8
LOGO
 10
-21.277088422081093
 20
-0.641108939912066
 30
0.0
 70
0
  0
VERTEX
  5
11F3
  8
LOGO
 10
-21.295505617977526
 20
-0.6849291646311669
 30
0.0
 70
0
  0
VERTEX
  5
11F4
  8
LOGO
 10
-21.312017586712262
 20
-0.7249389350268681
 30
0.0
 70
0
  0
VERTEX
  5
11F5
  8
LOGO
 10
-21.325989252564728
 20
-0.7617733268197358
 30
0.0
 70
0
  0
VERTEX
  5
11F6
  8
LOGO
 10
-21.34440644846116
 20
-0.8189301416707372
 30
0.0
 70
0
  0
VERTEX
  5
11F7
  8
LOGO
 10
-21.360283341475327
 20
-0.8760869565217387
 30
0.0
 70
0
  0
VERTEX
  5
11F8
  8
LOGO
 10
-21.37361993160723
 20
-0.9326086956521733
 30
0.0
 70
0
  0
VERTEX
  5
11F9
  8
LOGO
 10
-21.383781143136297
 20
-0.9891304347826082
 30
0.0
 70
0
  0
VERTEX
  5
11FA
  8
LOGO
 10
-21.391402051783096
 20
-1.0456521739130429
 30
0.0
 70
0
  0
VERTEX
  5
11FB
  8
LOGO
 10
-21.395847581827063
 20
-1.1015388373229111
 30
0.0
 70
0
  0
VERTEX
  5
11FC
  8
LOGO
 10
-21.397752808988763
 20
-1.1574255007327794
 30
0.0
 70
0
  0
VERTEX
  5
11FD
  8
LOGO
 10
-21.397117733268196
 20
-1.2126770884220806
 30
0.0
 70
0
  0
VERTEX
  5
11FE
  8
LOGO
 10
-21.393942354665363
 20
-1.2666585246702486
 30
0.0
 70
0
  0
VERTEX
  5
11FF
  8
LOGO
 10
-21.38886174890083
 20
-1.3180996580361501
 30
0.0
 70
0
  0
VERTEX
  5
1200
  8
LOGO
 10
-21.38124084025403
 20
-1.3682706399609181
 30
0.0
 70
0
  0
VERTEX
  5
1201
  8
LOGO
 10
-21.371079628724964
 20
-1.4165363947239862
 30
0.0
 70
0
  0
VERTEX
  5
1202
  8
LOGO
 10
-21.359013190034194
 20
-1.4635319980459203
 30
0.0
 70
0
  0
VERTEX
  5
1203
  8
LOGO
 10
-21.343771372740594
 20
-1.5092574499267215
 30
0.0
 70
0
  0
VERTEX
  5
1204
  8
LOGO
 10
-21.326624328285295
 20
-1.5537127503663892
 30
0.0
 70
0
  0
VERTEX
  5
1205
  8
LOGO
 10
-21.306936980947725
 20
-1.5981680508060572
 30
0.0
 70
0
  0
VERTEX
  5
1206
  8
LOGO
 10
-21.299951148021492
 20
-1.6134098680996576
 30
0.0
 70
0
  0
VERTEX
  5
1207
  8
LOGO
 10
-21.291695163654126
 20
-1.6292867611138246
 30
0.0
 70
0
  0
VERTEX
  5
1208
  8
LOGO
 10
-21.282804103566193
 20
-1.6457987298485584
 30
0.0
 70
0
  0
VERTEX
  5
1209
  8
LOGO
 10
-21.274548119198826
 20
-1.6616756228627254
 30
0.0
 70
0
  0
VERTEX
  5
120A
  8
LOGO
 10
-21.265657059110893
 20
-1.6775525158768925
 30
0.0
 70
0
  0
VERTEX
  5
120B
  8
LOGO
 10
-21.257401074743527
 20
-1.6921592574499262
 30
0.0
 70
0
  0
VERTEX
  5
120C
  8
LOGO
 10
-21.249780166096727
 20
-1.7048607718612598
 30
0.0
 70
0
  0
VERTEX
  5
120D
  8
LOGO
 10
-21.24342940889106
 20
-1.7156570591108935
 30
0.0
 70
0
  0
VERTEX
  5
120E
  8
LOGO
 10
-21.217391304347824
 20
-1.7537616023448943
 30
0.0
 70
0
  0
VERTEX
  5
120F
  8
LOGO
 10
-21.188812896922325
 20
-1.7918661455788956
 30
0.0
 70
0
  0
VERTEX
  5
1210
  8
LOGO
 10
-21.157694186614556
 20
-1.8299706888128964
 30
0.0
 70
0
  0
VERTEX
  5
1211
  8
LOGO
 10
-21.12467024914509
 20
-1.8680752320468974
 30
0.0
 70
0
  0
VERTEX
  5
1212
  8
LOGO
 10
-21.090376160234488
 20
-1.904274548119198
 30
0.0
 70
0
  0
VERTEX
  5
1213
  8
LOGO
 10
-21.05544699560332
 20
-1.9385686370297992
 30
0.0
 70
0
  0
VERTEX
  5
1214
  8
LOGO
 10
-21.020517830972153
 20
-1.9709574987787
 30
0.0
 70
0
  0
VERTEX
  5
1215
  8
LOGO
 10
-20.98622374206155
 20
-2.0001709819247675
 30
0.0
 70
0
  0
VERTEX
  5
1216
  8
LOGO
 10
-20.962725940400585
 20
-2.017318026380068
 30
0.0
 70
0
  0
VERTEX
  5
1217
  8
LOGO
 10
-20.936052760136786
 20
-2.0370053737176352
 30
0.0
 70
0
  0
VERTEX
  5
1218
  8
LOGO
 10
-20.906839276990716
 20
-2.0566927210552017
 30
0.0
 70
0
  0
VERTEX
  5
1219
  8
LOGO
 10
-20.87572056668295
 20
-2.077015144113336
 30
0.0
 70
0
  0
VERTEX
  5
121A
  8
LOGO
 10
-20.845236932095748
 20
-2.096702491450903
 30
0.0
 70
0
  0
VERTEX
  5
121B
  8
LOGO
 10
-20.81475329750855
 20
-2.11448461162677
 30
0.0
 70
0
  0
VERTEX
  5
121C
  8
LOGO
 10
-20.786809965803613
 20
-2.1309965803615043
 30
0.0
 70
0
  0
VERTEX
  5
121D
  8
LOGO
 10
-20.76267708842208
 20
-2.143698094772838
 30
0.0
 70
0
  0
VERTEX
  5
121E
  8
LOGO
 10
-20.68456277479238
 20
-2.1798974108451388
 30
0.0
 70
0
  0
VERTEX
  5
121F
  8
LOGO
 10
-20.60136785539814
 20
-2.212921348314606
 30
0.0
 70
0
  0
VERTEX
  5
1220
  8
LOGO
 10
-20.51372740595994
 20
-2.2427699071812404
 30
0.0
 70
0
  0
VERTEX
  5
1221
  8
LOGO
 10
-20.42164142647777
 20
-2.268808011724474
 30
0.0
 70
0
  0
VERTEX
  5
1222
  8
LOGO
 10
-20.32447484123107
 20
-2.291670737664875
 30
0.0
 70
0
  0
VERTEX
  5
1223
  8
LOGO
 10
-20.2228627259404
 20
-2.310723009281875
 30
0.0
 70
0
  0
VERTEX
  5
1224
  8
LOGO
 10
-20.116170004885195
 20
-2.3272349780166093
 30
0.0
 70
0
  0
VERTEX
  5
1225
  8
LOGO
 10
-20.005031753786028
 20
-2.339301416707376
 30
0.0
 70
0
  0
VERTEX
  5
1226
  8
LOGO
 10
-19.932633121641427
 20
-2.345652173913043
 30
0.0
 70
0
  0
VERTEX
  5
1227
  8
LOGO
 10
-19.85705911089399
 20
-2.350732779677576
 30
0.0
 70
0
  0
VERTEX
  5
1228
  8
LOGO
 10
-19.773864191499754
 20
-2.3545432340009764
 30
0.0
 70
0
  0
VERTEX
  5
1229
  8
LOGO
 10
-19.679872984855884
 20
-2.3577186126038097
 30
0.0
 70
0
  0
VERTEX
  5
122A
  8
LOGO
 10
-19.571275036638983
 20
-2.35962383976551
 30
0.0
 70
0
  0
VERTEX
  5
122B
  8
LOGO
 10
-19.444894968246214
 20
-2.3608939912066433
 30
0.0
 70
0
  0
VERTEX
  5
122C
  8
LOGO
 10
-19.296287249633608
 20
-2.3615290669272095
 30
0.0
 70
0
  0
VERTEX
  5
122D
  8
LOGO
 10
-19.12227650219834
 20
-2.3615290669272095
 30
0.0
 70
0
  0
VERTEX
  5
122E
  8
LOGO
 10
-18.80156326331216
 20
-2.3602589154860762
 30
0.0
 70
0
  0
VERTEX
  5
122F
  8
LOGO
 10
-18.53610161211529
 20
-2.357083536883243
 30
0.0
 70
0
  0
VERTEX
  5
1230
  8
LOGO
 10
-18.317000488519785
 20
-2.3526380068392765
 30
0.0
 70
0
  0
VERTEX
  5
1231
  8
LOGO
 10
-18.134733756717146
 20
-2.345652173913043
 30
0.0
 70
0
  0
VERTEX
  5
1232
  8
LOGO
 10
-17.981680508060574
 20
-2.335490962383976
 30
0.0
 70
0
  0
VERTEX
  5
1233
  8
LOGO
 10
-17.847679531021004
 20
-2.3227894479726423
 30
0.0
 70
0
  0
VERTEX
  5
1234
  8
LOGO
 10
-17.7238397655105
 20
-2.3062774792379086
 30
0.0
 70
0
  0
VERTEX
  5
1235
  8
LOGO
 10
-17.601905227161698
 20
-2.285319980459208
 30
0.0
 70
0
  0
VERTEX
  5
1236
  8
LOGO
 10
-17.539032730825596
 20
-2.272618466047874
 30
0.0
 70
0
  0
VERTEX
  5
1237
  8
LOGO
 10
-17.479335613092328
 20
-2.259281875915974
 30
0.0
 70
0
  0
VERTEX
  5
1238
  8
LOGO
 10
-17.42344894968246
 20
-2.2446751343429403
 30
0.0
 70
0
  0
VERTEX
  5
1239
  8
LOGO
 10
-17.37200781631656
 20
-2.22943331704934
 30
0.0
 70
0
  0
VERTEX
  5
123A
  8
LOGO
 10
-17.325012212994626
 20
-2.213556424035173
 30
0.0
 70
0
  0
VERTEX
  5
123B
  8
LOGO
 10
-17.28373229115779
 20
-2.197044455300439
 30
0.0
 70
0
  0
VERTEX
  5
123C
  8
LOGO
 10
-17.248168050806058
 20
-2.181167562286272
 30
0.0
 70
0
  0
VERTEX
  5
123D
  8
LOGO
 10
-17.21895456765999
 20
-2.1646555935515384
 30
0.0
 70
0
  0
VERTEX
  5
123E
  8
LOGO
 10
-17.197361993160722
 20
-2.149413776257938
 30
0.0
 70
0
  0
VERTEX
  5
123F
  8
LOGO
 10
-17.178944797264286
 20
-2.133536883243771
 30
0.0
 70
0
  0
VERTEX
  5
1240
  8
LOGO
 10
-17.162432828529553
 20
-2.1163898387884705
 30
0.0
 70
0
  0
VERTEX
  5
1241
  8
LOGO
 10
-17.149096238397654
 20
-2.098607718612603
 30
0.0
 70
0
  0
VERTEX
  5
1242
  8
LOGO
 10
-17.138935026868587
 20
-2.0801905227161694
 30
0.0
 70
0
  0
VERTEX
  5
1243
  8
LOGO
 10
-17.131314118221788
 20
-2.061138251099169
 30
0.0
 70
0
  0
VERTEX
  5
1244
  8
LOGO
 10
-17.12686858817782
 20
-2.042085979482169
 30
0.0
 70
0
  0
VERTEX
  5
1245
  8
LOGO
 10
-17.12496336101612
 20
-2.021763556424035
 30
0.0
 70
0
  0
VERTEX
  5
1246
  8
LOGO
 10
-17.126233512457254
 20
-2.0096971177332676
 30
0.0
 70
0
  0
VERTEX
  5
1247
  8
LOGO
 10
-17.130043966780654
 20
-1.9957254518808007
 30
0.0
 70
0
  0
VERTEX
  5
1248
  8
LOGO
 10
-17.13639472398632
 20
-1.9804836345872
 30
0.0
 70
0
  0
VERTEX
  5
1249
  8
LOGO
 10
-17.144650708353687
 20
-1.964606741573033
 30
0.0
 70
0
  0
VERTEX
  5
124A
  8
LOGO
 10
-17.154811919882754
 20
-1.948729848558866
 30
0.0
 70
0
  0
VERTEX
  5
124B
  8
LOGO
 10
-17.16687835857352
 20
-1.932852955544699
 30
0.0
 70
0
  0
VERTEX
  5
124C
  8
LOGO
 10
-17.180214948705423
 20
-1.9176111382510987
 30
0.0
 70
0
  0
VERTEX
  5
124D
  8
LOGO
 10
-17.194821690278456
 20
-1.9030043966780648
 30
0.0
 70
0
  0
VERTEX
  5
124E
  8
LOGO
 10
-17.21704934049829
 20
-1.8839521250610645
 30
0.0
 70
0
  0
VERTEX
  5
124F
  8
LOGO
 10
-17.251978505129458
 20
-1.8553737176355636
 30
0.0
 70
0
  0
VERTEX
  5
1250
  8
LOGO
 10
-17.29897410845139
 20
-1.8191744015632627
 30
0.0
 70
0
  0
VERTEX
  5
1251
  8
LOGO
 10
-17.357401074743525
 20
-1.7747191011235948
 30
0.0
 70
0
  0
VERTEX
  5
1252
  8
LOGO
 10
-17.42535417684416
 20
-1.7239130434782601
 30
0.0
 70
0
  0
VERTEX
  5
1253
  8
LOGO
 10
-17.50219833903273
 20
-1.6667562286272588
 30
0.0
 70
0
  0
VERTEX
  5
1254
  8
LOGO
 10
-17.587298485588665
 20
-1.6038837322911572
 30
0.0
 70
0
  0
VERTEX
  5
1255
  8
LOGO
 10
-17.6800195407914
 20
-1.536565705911089
 30
0.0
 70
0
  0
VERTEX
  5
1256
  8
LOGO
 10
-17.88133854421104
 20
-1.3904982901807519
 30
0.0
 70
0
  0
VERTEX
  5
1257
  8
LOGO
 10
-18.040742550073276
 20
-1.2730092818759156
 30
0.0
 70
0
  0
VERTEX
  5
1258
  8
LOGO
 10
-18.165852467024912
 20
-1.1802882266731796
 30
0.0
 70
0
  0
VERTEX
  5
1259
  8
LOGO
 10
-18.26238397655105
 20
-1.1059843673668777
 30
0.0
 70
0
  0
VERTEX
  5
125A
  8
LOGO
 10
-18.337957987298484
 20
-1.0456521739130429
 30
0.0
 70
0
  0
VERTEX
  5
125B
  8
LOGO
 10
-18.39829018075232
 20
-0.9935759648265751
 30
0.0
 70
0
  0
VERTEX
  5
125C
  8
LOGO
 10
-18.44973131411822
 20
-0.9446751343429405
 30
0.0
 70
0
  0
VERTEX
  5
125D
  8
LOGO
 10
-18.49990229604299
 20
-0.8945041524181724
 30
0.0
 70
0
  0
VERTEX
  5
125E
  8
LOGO
 10
-18.52657547630679
 20
-0.8665608207132385
 30
0.0
 70
0
  0
VERTEX
  5
125F
  8
LOGO
 10
-18.550073277967755
 20
-0.839252564728871
 30
0.0
 70
0
  0
VERTEX
  5
1260
  8
LOGO
 10
-18.571030776746458
 20
-0.8132144601856373
 30
0.0
 70
0
  0
VERTEX
  5
1261
  8
LOGO
 10
-18.590083048363457
 20
-0.7878114313629699
 30
0.0
 70
0
  0
VERTEX
  5
1262
  8
LOGO
 10
-18.60659501709819
 20
-0.7624084025403026
 30
0.0
 70
0
  0
VERTEX
  5
1263
  8
LOGO
 10
-18.621201758671226
 20
-0.7376404494382017
 30
0.0
 70
0
  0
VERTEX
  5
1264
  8
LOGO
 10
-18.63390327308256
 20
-0.7122374206155344
 30
0.0
 70
0
  0
VERTEX
  5
1265
  8
LOGO
 10
-18.644699560332192
 20
-0.6861993160723007
 30
0.0
 70
0
  0
VERTEX
  5
1266
  8
LOGO
 10
-18.650415241817292
 20
-0.6722276502198332
 30
0.0
 70
0
  0
VERTEX
  5
1267
  8
LOGO
 10
-18.65486077186126
 20
-0.6588910600879332
 30
0.0
 70
0
  0
VERTEX
  5
1268
  8
LOGO
 10
-18.65867122618466
 20
-0.6474596971177328
 30
0.0
 70
0
  0
VERTEX
  5
1269
  8
LOGO
 10
-18.661211529066925
 20
-0.6360283341475325
 30
0.0
 70
0
  0
VERTEX
  5
126A
  8
LOGO
 10
-18.66248168050806
 20
-0.6239618954567656
 30
0.0
 70
0
  0
VERTEX
  5
126B
  8
LOGO
 10
-18.66375183194919
 20
-0.6106253053248651
 30
0.0
 70
0
  0
VERTEX
  5
126C
  8
LOGO
 10
-18.66438690766976
 20
-0.5953834880312648
 30
0.0
 70
0
  0
VERTEX
  5
126D
  8
LOGO
 10
-18.66438690766976
 20
-0.5776013678553976
 30
0.0
 70
0
  0
VERTEX
  5
126E
  8
LOGO
 10
-18.66438690766976
 20
-0.5598192476795305
 30
0.0
 70
0
  0
VERTEX
  5
126F
  8
LOGO
 10
-18.66438690766976
 20
-0.5445774303859302
 30
0.0
 70
0
  0
VERTEX
  5
1270
  8
LOGO
 10
-18.663116756228625
 20
-0.5312408402540297
 30
0.0
 70
0
  0
VERTEX
  5
1271
  8
LOGO
 10
-18.661846604787492
 20
-0.5191744015632629
 30
0.0
 70
0
  0
VERTEX
  5
1272
  8
LOGO
 10
-18.659306301905225
 20
-0.5077430385930626
 30
0.0
 70
0
  0
VERTEX
  5
1273
  8
LOGO
 10
-18.656130923302392
 20
-0.49567659990229573
 30
0.0
 70
0
  0
VERTEX
  5
1274
  8
LOGO
 10
-18.651685393258425
 20
-0.4823400097703952
 30
0.0
 70
0
  0
VERTEX
  5
1275
  8
LOGO
 10
-18.646604787493892
 20
-0.46773326819736183
 30
0.0
 70
0
  0
VERTEX
  5
1276
  8
LOGO
 10
-18.642159257449926
 20
-0.4569369809477279
 30
0.0
 70
0
  0
VERTEX
  5
1277
  8
LOGO
 10
-18.637078651685393
 20
-0.44423546653639423
 30
0.0
 70
0
  0
VERTEX
  5
1278
  8
LOGO
 10
-18.631362970200293
 20
-0.43153395212506057
 30
0.0
 70
0
  0
VERTEX
  5
1279
  8
LOGO
 10
-18.62437713727406
 20
-0.41819736199316015
 30
0.0
 70
0
  0
VERTEX
  5
127A
  8
LOGO
 10
-18.617391304347823
 20
-0.4048607718612596
 30
0.0
 70
0
  0
VERTEX
  5
127B
  8
LOGO
 10
-18.61040547142159
 20
-0.39215925744992597
 30
0.0
 70
0
  0
VERTEX
  5
127C
  8
LOGO
 10
-18.603419638495357
 20
-0.3800928187591592
 30
0.0
 70
0
  0
VERTEX
  5
127D
  8
LOGO
 10
-18.596433805569124
 20
-0.36929653150952596
 30
0.0
 70
0
  0
VERTEX
  5
127E
  8
LOGO
 10
-18.567220322423058
 20
-0.3280166096726916
 30
0.0
 70
0
  0
VERTEX
  5
127F
  8
LOGO
 10
-18.531021006350755
 20
-0.28610161211529034
 30
0.0
 70
0
  0
VERTEX
  5
1280
  8
LOGO
 10
-18.48847093307279
 20
-0.24228138739618937
 30
0.0
 70
0
  0
VERTEX
  5
1281
  8
LOGO
 10
-18.44020517830972
 20
-0.1984611626770877
 30
0.0
 70
0
  0
VERTEX
  5
1282
  8
LOGO
 10
-18.385588666340986
 20
-0.1533707865168538
 30
0.0
 70
0
  0
VERTEX
  5
1283
  8
LOGO
 10
-18.326526624328284
 20
-0.10828041035661916
 30
0.0
 70
0
  0
VERTEX
  5
1284
  8
LOGO
 10
-18.261748900830483
 20
-0.0625549584758177
 30
0.0
 70
0
  0
VERTEX
  5
1285
  8
LOGO
 10
-18.19189057156815
 20
-0.01746458231558306
 30
0.0
 70
0
  0
VERTEX
  5
1286
  8
LOGO
 10
-18.137274059599413
 20
0.01555935515388402
 30
0.0
 70
0
  0
VERTEX
  5
1287
  8
LOGO
 10
-18.079482169027845
 20
0.049853444064484755
 30
0.0
 70
0
  0
VERTEX
  5
1288
  8
LOGO
 10
-18.016609672691743
 20
0.08605276013678598
 30
0.0
 70
0
  0
VERTEX
  5
1289
  8
LOGO
 10
-17.94675134342941
 20
0.12479237909135378
 30
0.0
 70
0
  0
VERTEX
  5
128A
  8
LOGO
 10
-17.86800195407914
 20
0.16734245236932108
 30
0.0
 70
0
  0
VERTEX
  5
128B
  8
LOGO
 10
-17.77972642892037
 20
0.21370297997068938
 30
0.0
 70
0
  0
VERTEX
  5
128C
  8
LOGO
 10
-17.6800195407914
 20
0.2657791890571569
 30
0.0
 70
0
  0
VERTEX
  5
128D
  8
LOGO
 10
-17.566340986809966
 20
0.32420615534929204
 30
0.0
 70
0
  0
VERTEX
  5
128E
  8
LOGO
 10
-17.410747435271126
 20
0.40422569614069426
 30
0.0
 70
0
  0
VERTEX
  5
128F
  8
LOGO
 10
-17.279286761113823
 20
0.4715437225207628
 30
0.0
 70
0
  0
VERTEX
  5
1290
  8
LOGO
 10
-17.170053737176353
 20
0.5274303859306306
 30
0.0
 70
0
  0
VERTEX
  5
1291
  8
LOGO
 10
-17.08114313629702
 20
0.5731558378114321
 30
0.0
 70
0
  0
VERTEX
  5
1292
  8
LOGO
 10
-17.01001465559355
 20
0.6106253053248661
 30
0.0
 70
0
  0
VERTEX
  5
1293
  8
LOGO
 10
-16.95476306790425
 20
0.6392037127503669
 30
0.0
 70
0
  0
VERTEX
  5
1294
  8
LOGO
 10
-16.913483146067414
 20
0.6614313629702008
 30
0.0
 70
0
  0
VERTEX
  5
1295
  8
LOGO
 10
-16.88363458720078
 20
0.6779433317049348
 30
0.0
 70
0
  0
VERTEX
  5
1296
  8
LOGO
 10
-16.801709819247677
 20
0.7249389350268691
 30
0.0
 70
0
  0
VERTEX
  5
1297
  8
LOGO
 10
-16.731216414264775
 20
0.7668539325842704
 30
0.0
 70
0
  0
VERTEX
  5
1298
  8
LOGO
 10
-16.669614069369807
 20
0.8055935515388375
 30
0.0
 70
0
  0
VERTEX
  5
1299
  8
LOGO
 10
-16.61626770884221
 20
0.8411577918905718
 30
0.0
 70
0
  0
VERTEX
  5
129A
  8
LOGO
 10
-16.569272105520273
 20
0.8754518808011725
 30
0.0
 70
0
  0
VERTEX
  5
129B
  8
LOGO
 10
-16.526722032242304
 20
0.909745969711774
 30
0.0
 70
0
  0
VERTEX
  5
129C
  8
LOGO
 10
-16.486712261846602
 20
0.9446751343429416
 30
0.0
 70
0
  0
VERTEX
  5
129D
  8
LOGO
 10
-16.447972642892037
 20
0.9815095261358089
 30
0.0
 70
0
  0
VERTEX
  5
129E
  8
LOGO
 10
-16.425109916951634
 20
1.0043722520762097
 30
0.0
 70
0
  0
VERTEX
  5
129F
  8
LOGO
 10
-16.4066927210552
 20
1.02342452369321
 30
0.0
 70
0
  0
VERTEX
  5
12A0
  8
LOGO
 10
-16.3914509037616
 20
1.039936492427944
 30
0.0
 70
0
  0
VERTEX
  5
12A1
  8
LOGO
 10
-16.379384465070835
 20
1.0545432340009775
 30
0.0
 70
0
  0
VERTEX
  5
12A2
  8
LOGO
 10
-16.36922325354177
 20
1.0685148998534446
 30
0.0
 70
0
  0
VERTEX
  5
12A3
  8
LOGO
 10
-16.359697117733266
 20
1.0824865657059113
 30
0.0
 70
0
  0
VERTEX
  5
12A4
  8
LOGO
 10
-16.3514411333659
 20
1.0983634587200783
 30
0.0
 70
0
  0
VERTEX
  5
12A5
  8
LOGO
 10
-16.3419149975574
 20
1.116145578895946
 30
0.0
 70
0
  0
VERTEX
  5
12A6
  8
LOGO
 10
-16.3361993160723
 20
1.1282120175867127
 30
0.0
 70
0
  0
VERTEX
  5
12A7
  8
LOGO
 10
-16.3304836345872
 20
1.1415486077186132
 30
0.0
 70
0
  0
VERTEX
  5
12A8
  8
LOGO
 10
-16.3247679531021
 20
1.154885197850513
 30
0.0
 70
0
  0
VERTEX
  5
12A9
  8
LOGO
 10
-16.319687347337567
 20
1.1682217879824135
 30
0.0
 70
0
  0
VERTEX
  5
12AA
  8
LOGO
 10
-16.314606741573034
 20
1.180923302393747
 30
0.0
 70
0
  0
VERTEX
  5
12AB
  8
LOGO
 10
-16.31079628724963
 20
1.1923546653639479
 30
0.0
 70
0
  0
VERTEX
  5
12AC
  8
LOGO
 10
-16.307620908646797
 20
1.2025158768930142
 30
0.0
 70
0
  0
VERTEX
  5
12AD
  8
LOGO
 10
-16.305715681485097
 20
1.2114069369809484
 30
0.0
 70
0
  0
VERTEX
  5
12AE
  8
LOGO
 10
-16.30127015144113
 20
1.2406204201270152
 30
0.0
 70
0
  0
VERTEX
  5
12AF
  8
LOGO
 10
-16.299999999999997
 20
1.2755495847581828
 30
0.0
 70
0
  0
VERTEX
  5
12B0
  8
LOGO
 10
-16.30127015144113
 20
1.3136541279921838
 30
0.0
 70
0
  0
VERTEX
  5
12B1
  8
LOGO
 10
-16.304445530043964
 20
1.3542989741084521
 30
0.0
 70
0
  0
VERTEX
  5
12B2
  8
LOGO
 10
-16.310161211529067
 20
1.3955788959452864
 30
0.0
 70
0
  0
VERTEX
  5
12B3
  8
LOGO
 10
-16.317782120175867
 20
1.4362237420615538
 30
0.0
 70
0
  0
VERTEX
  5
12B4
  8
LOGO
 10
-16.327308255984367
 20
1.474328285295555
 30
0.0
 70
0
  0
VERTEX
  5
12B5
  8
LOGO
 10
-16.338739618954566
 20
1.5086223742061557
 30
0.0
 70
0
  0
VERTEX
  5
12B6
  8
LOGO
 10
-16.346995603321933
 20
1.5283097215437231
 30
0.0
 70
0
  0
VERTEX
  5
12B7
  8
LOGO
 10
-16.357791890571566
 20
1.5524425989252566
 30
0.0
 70
0
  0
VERTEX
  5
12B8
  8
LOGO
 10
-16.37112848070347
 20
1.578480703468491
 30
0.0
 70
0
  0
VERTEX
  5
12B9
  8
LOGO
 10
-16.385100146555935
 20
1.6064240351734247
 30
0.0
 70
0
  0
VERTEX
  5
12BA
  8
LOGO
 10
-16.400341963849534
 20
1.6343673668783587
 30
0.0
 70
0
  0
VERTEX
  5
12BB
  8
LOGO
 10
-16.415583781143134
 20
1.6604054714215926
 30
0.0
 70
0
  0
VERTEX
  5
12BC
  8
LOGO
 10
-16.4295554469956
 20
1.6845383488031271
 30
0.0
 70
0
  0
VERTEX
  5
12BD
  8
LOGO
 10
-16.442256961406937
 20
1.7035906204201274
 30
0.0
 70
0
  0
VERTEX
  5
12BE
  8
LOGO
 10
-16.476551050317536
 20
1.7512212994626288
 30
0.0
 70
0
  0
VERTEX
  5
12BF
  8
LOGO
 10
-16.511480214948705
 20
1.7963116756228628
 30
0.0
 70
0
  0
VERTEX
  5
12C0
  8
LOGO
 10
-16.547044455300437
 20
1.838226673180264
 30
0.0
 70
0
  0
VERTEX
  5
12C1
  8
LOGO
 10
-16.583878847093306
 20
1.8788715192965315
 30
0.0
 70
0
  0
VERTEX
  5
12C2
  8
LOGO
 10
-16.62198339032731
 20
1.9169760625305323
 30
0.0
 70
0
  0
VERTEX
  5
12C3
  8
LOGO
 10
-16.661993160723007
 20
1.9531753786028339
 30
0.0
 70
0
  0
VERTEX
  5
12C4
  8
LOGO
 10
-16.703273082559843
 20
1.9881045432340012
 30
0.0
 70
0
  0
VERTEX
  5
12C5
  8
LOGO
 10
-16.747093307278945
 20
2.0217635564240353
 30
0.0
 70
0
  0
VERTEX
  5
12C6
  8
LOGO
 10
-16.760429897410845
 20
2.0312896922325354
 30
0.0
 70
0
  0
VERTEX
  5
12C7
  8
LOGO
 10
-16.775671714704444
 20
2.041450903761602
 30
0.0
 70
0
  0
VERTEX
  5
12C8
  8
LOGO
 10
-16.792818759159744
 20
2.0522471910112365
 30
0.0
 70
0
  0
VERTEX
  5
12C9
  8
LOGO
 10
-16.810600879335613
 20
2.0636785539814366
 30
0.0
 70
0
  0
VERTEX
  5
12CA
  8
LOGO
 10
-16.829653150952613
 20
2.075109916951637
 30
0.0
 70
0
  0
VERTEX
  5
12CB
  8
LOGO
 10
-16.848070346849045
 20
2.08590620420127
 30
0.0
 70
0
  0
VERTEX
  5
12CC
  8
LOGO
 10
-16.866487542745478
 20
2.0954323400097707
 30
0.0
 70
0
  0
VERTEX
  5
12CD
  8
LOGO
 10
-16.88363458720078
 20
2.104958475818271
 30
0.0
 70
0
  0
VERTEX
  5
12CE
  8
LOGO
 10
-16.94904738641915
 20
2.1354421104054717
 30
0.0
 70
0
  0
VERTEX
  5
12CF
  8
LOGO
 10
-17.01382510991695
 20
2.162115290669272
 30
0.0
 70
0
  0
VERTEX
  5
12D0
  8
LOGO
 10
-17.079872984855886
 20
2.1837078651685395
 30
0.0
 70
0
  0
VERTEX
  5
12D1
  8
LOGO
 10
-17.147191011235954
 20
2.20085490962384
 30
0.0
 70
0
  0
VERTEX
  5
12D2
  8
LOGO
 10
-17.216414264777722
 20
2.2135564240351737
 30
0.0
 70
0
  0
VERTEX
  5
12D3
  8
LOGO
 10
-17.288812896922323
 20
2.222447484123107
 30
0.0
 70
0
  0
VERTEX
  5
12D4
  8
LOGO
 10
-17.36438690766976
 20
2.2275280898876413
 30
0.0
 70
0
  0
VERTEX
  5
12D5
  8
LOGO
 10
-17.444406448461162
 20
2.2281631656082075
 30
0.0
 70
0
  0
VERTEX
  5
12D6
  8
LOGO
 10
-17.466634098680995
 20
2.2281631656082075
 30
0.0
 70
0
  0
VERTEX
  5
12D7
  8
LOGO
 10
-17.488861748900828
 20
2.2275280898876413
 30
0.0
 70
0
  0
VERTEX
  5
12D8
  8
LOGO
 10
-17.510454323400097
 20
2.2275280898876413
 30
0.0
 70
0
  0
VERTEX
  5
12D9
  8
LOGO
 10
-17.530141670737663
 20
2.226893014167074
 30
0.0
 70
0
  0
VERTEX
  5
12DA
  8
LOGO
 10
-17.547288715192963
 20
2.2262579384465075
 30
0.0
 70
0
  0
VERTEX
  5
12DB
  8
LOGO
 10
-17.562530532486566
 20
2.2262579384465075
 30
0.0
 70
0
  0
VERTEX
  5
12DC
  8
LOGO
 10
-17.573961895456765
 20
2.225622862725941
 30
0.0
 70
0
  0
SEQEND
  5
11C4
  8
LOGO
  0
POLYLINE
  5
12DD
  8
LOGO
 66
1
 10
0.0
 20
0.0
 30
0.0
 70
1
  0
VERTEX
  5
12DF
  8
LOGO
 10
-17.396140693698094
 20
1.762652662432829
 30
0.0
 70
0
  0
VERTEX
  5
12E0
  8
LOGO
 10
-17.38153395212506
 20
1.7582071323888617
 30
0.0
 70
0
  0
VERTEX
  5
12E1
  8
LOGO
 10
-17.366927210552028
 20
1.7531265266243286
 30
0.0
 70
0
  0
VERTEX
  5
12E2
  8
LOGO
 10
-17.353590620420125
 20
1.7467757694186619
 30
0.0
 70
0
  0
VERTEX
  5
12E3
  8
LOGO
 10
-17.340254030288225
 20
1.739789936492428
 30
0.0
 70
0
  0
VERTEX
  5
12E4
  8
LOGO
 10
-17.32818759159746
 20
1.7321690278456283
 30
0.0
 70
0
  0
VERTEX
  5
12E5
  8
LOGO
 10
-17.316121152906693
 20
1.723913043478261
 30
0.0
 70
0
  0
VERTEX
  5
12E6
  8
LOGO
 10
-17.305324865657056
 20
1.7143869076697609
 30
0.0
 70
0
  0
VERTEX
  5
12E7
  8
LOGO
 10
-17.29516365412799
 20
1.7048607718612605
 30
0.0
 70
0
  0
VERTEX
  5
12E8
  8
LOGO
 10
-17.29135319980459
 20
1.7004152418172942
 30
0.0
 70
0
  0
VERTEX
  5
12E9
  8
LOGO
 10
-17.286907669760623
 20
1.6946995603321935
 30
0.0
 70
0
  0
VERTEX
  5
12EA
  8
LOGO
 10
-17.282462139716657
 20
1.6877137274059604
 30
0.0
 70
0
  0
VERTEX
  5
12EB
  8
LOGO
 10
-17.27801660967269
 20
1.6807278944797268
 30
0.0
 70
0
  0
VERTEX
  5
12EC
  8
LOGO
 10
-17.273571079628724
 20
1.6724719101123595
 30
0.0
 70
0
  0
VERTEX
  5
12ED
  8
LOGO
 10
-17.26849047386419
 20
1.6648510014655598
 30
0.0
 70
0
  0
VERTEX
  5
12EE
  8
LOGO
 10
-17.26468001954079
 20
1.6565950170981925
 30
0.0
 70
0
  0
VERTEX
  5
12EF
  8
LOGO
 10
-17.26086956521739
 20
1.648339032730826
 30
0.0
 70
0
  0
VERTEX
  5
12F0
  8
LOGO
 10
-17.255788959452858
 20
1.6369076697606257
 30
0.0
 70
0
  0
VERTEX
  5
12F1
  8
LOGO
 10
-17.251978505129458
 20
1.626746458231559
 30
0.0
 70
0
  0
VERTEX
  5
12F2
  8
LOGO
 10
-17.248803126526624
 20
1.6172203224230586
 30
0.0
 70
0
  0
VERTEX
  5
12F3
  8
LOGO
 10
-17.246262823644358
 20
1.6076941866145584
 30
0.0
 70
0
  0
VERTEX
  5
12F4
  8
LOGO
 10
-17.244992672203225
 20
1.5975329750854914
 30
0.0
 70
0
  0
VERTEX
  5
12F5
  8
LOGO
 10
-17.24372252076209
 20
1.586101612115291
 30
0.0
 70
0
  0
VERTEX
  5
12F6
  8
LOGO
 10
-17.24372252076209
 20
1.5734000977039577
 30
0.0
 70
0
  0
VERTEX
  5
12F7
  8
LOGO
 10
-17.24372252076209
 20
1.5581582804103566
 30
0.0
 70
0
  0
VERTEX
  5
12F8
  8
LOGO
 10
-17.24372252076209
 20
1.5422813873961896
 30
0.0
 70
0
  0
VERTEX
  5
12F9
  8
LOGO
 10
-17.244357596482654
 20
1.5289447972642898
 30
0.0
 70
0
  0
VERTEX
  5
12FA
  8
LOGO
 10
-17.24562774792379
 20
1.518148510014656
 30
0.0
 70
0
  0
VERTEX
  5
12FB
  8
LOGO
 10
-17.246897899364924
 20
1.507352222765022
 30
0.0
 70
0
  0
VERTEX
  5
12FC
  8
LOGO
 10
-17.250073277967758
 20
1.4978260869565219
 30
0.0
 70
0
  0
VERTEX
  5
12FD
  8
LOGO
 10
-17.25324865657059
 20
1.4876648754274555
 30
0.0
 70
0
  0
VERTEX
  5
12FE
  8
LOGO
 10
-17.258329262335124
 20
1.4768685881778216
 30
0.0
 70
0
  0
VERTEX
  5
12FF
  8
LOGO
 10
-17.264044943820224
 20
1.4648021494870547
 30
0.0
 70
0
  0
VERTEX
  5
1300
  8
LOGO
 10
-17.27230092818759
 20
1.4489252564728876
 30
0.0
 70
0
  0
VERTEX
  5
1301
  8
LOGO
 10
-17.28182706399609
 20
1.4343185148998536
 30
0.0
 70
0
  0
VERTEX
  5
1302
  8
LOGO
 10
-17.292623351245723
 20
1.420346849047387
 30
0.0
 70
0
  0
VERTEX
  5
1303
  8
LOGO
 10
-17.30468978993649
 20
1.4070102589154865
 30
0.0
 70
0
  0
VERTEX
  5
1304
  8
LOGO
 10
-17.317391304347826
 20
1.3949438202247195
 30
0.0
 70
0
  0
VERTEX
  5
1305
  8
LOGO
 10
-17.33199804592086
 20
1.383512457254519
 30
0.0
 70
0
  0
VERTEX
  5
1306
  8
LOGO
 10
-17.34660478749389
 20
1.3733512457254526
 30
0.0
 70
0
  0
VERTEX
  5
1307
  8
LOGO
 10
-17.363116756228624
 20
1.3638251099169525
 30
0.0
 70
0
  0
VERTEX
  5
1308
  8
LOGO
 10
-17.370737664875428
 20
1.360014655593552
 30
0.0
 70
0
  0
VERTEX
  5
1309
  8
LOGO
 10
-17.378358573522227
 20
1.3568392769907187
 30
0.0
 70
0
  0
VERTEX
  5
130A
  8
LOGO
 10
-17.386614557889594
 20
1.3542989741084521
 30
0.0
 70
0
  0
VERTEX
  5
130B
  8
LOGO
 10
-17.39487054225696
 20
1.3523937469467515
 30
0.0
 70
0
  0
VERTEX
  5
130C
  8
LOGO
 10
-17.405666829506593
 20
1.3511235955056187
 30
0.0
 70
0
  0
VERTEX
  5
130D
  8
LOGO
 10
-17.417098192476793
 20
1.350488519785052
 30
0.0
 70
0
  0
VERTEX
  5
130E
  8
LOGO
 10
-17.431704934049826
 20
1.349853444064485
 30
0.0
 70
0
  0
VERTEX
  5
130F
  8
LOGO
 10
-17.44885197850513
 20
1.349853444064485
 30
0.0
 70
0
  0
VERTEX
  5
1310
  8
LOGO
 10
-17.46599902296043
 20
1.349853444064485
 30
0.0
 70
0
  0
VERTEX
  5
1311
  8
LOGO
 10
-17.48060576453346
 20
1.350488519785052
 30
0.0
 70
0
  0
VERTEX
  5
1312
  8
LOGO
 10
-17.49267220322423
 20
1.3511235955056187
 30
0.0
 70
0
  0
VERTEX
  5
1313
  8
LOGO
 10
-17.503468490473864
 20
1.3523937469467515
 30
0.0
 70
0
  0
VERTEX
  5
1314
  8
LOGO
 10
-17.512359550561797
 20
1.3542989741084521
 30
0.0
 70
0
  0
VERTEX
  5
1315
  8
LOGO
 10
-17.520615534929163
 20
1.3568392769907187
 30
0.0
 70
0
  0
VERTEX
  5
1316
  8
LOGO
 10
-17.528236443575963
 20
1.3606497313141188
 30
0.0
 70
0
  0
VERTEX
  5
1317
  8
LOGO
 10
-17.53649242794333
 20
1.3644601856375185
 30
0.0
 70
0
  0
VERTEX
  5
1318
  8
LOGO
 10
-17.552369320957496
 20
1.3739863214460188
 30
0.0
 70
0
  0
VERTEX
  5
1319
  8
LOGO
 10
-17.5676111382511
 20
1.3841475329750856
 30
0.0
 70
0
  0
VERTEX
  5
131A
  8
LOGO
 10
-17.58221787982413
 20
1.3962139716658526
 30
0.0
 70
0
  0
VERTEX
  5
131B
  8
LOGO
 10
-17.59555446995603
 20
1.4089154860771864
 30
0.0
 70
0
  0
VERTEX
  5
131C
  8
LOGO
 10
-17.608255984367364
 20
1.4228871519296535
 30
0.0
 70
0
  0
VERTEX
  5
131D
  8
LOGO
 10
-17.619687347337567
 20
1.4368588177821209
 30
0.0
 70
0
  0
VERTEX
  5
131E
  8
LOGO
 10
-17.629213483146067
 20
1.4514655593551542
 30
0.0
 70
0
  0
VERTEX
  5
131F
  8
LOGO
 10
-17.637469467513434
 20
1.4667073766487544
 30
0.0
 70
0
  0
VERTEX
  5
1320
  8
LOGO
 10
-17.642550073277967
 20
1.4775036638983885
 30
0.0
 70
0
  0
VERTEX
  5
1321
  8
LOGO
 10
-17.646995603321933
 20
1.4870297997068884
 30
0.0
 70
0
  0
VERTEX
  5
1322
  8
LOGO
 10
-17.650170981924767
 20
1.4965559355153888
 30
0.0
 70
0
  0
VERTEX
  5
1323
  8
LOGO
 10
-17.652076209086466
 20
1.506717147044456
 30
0.0
 70
0
  0
VERTEX
  5
1324
  8
LOGO
 10
-17.653981436248166
 20
1.5168783585735224
 30
0.0
 70
0
  0
VERTEX
  5
1325
  8
LOGO
 10
-17.654616511968733
 20
1.529579872984856
 30
0.0
 70
0
  0
VERTEX
  5
1326
  8
LOGO
 10
-17.6552515876893
 20
1.5448216902784568
 30
0.0
 70
0
  0
VERTEX
  5
1327
  8
LOGO
 10
-17.6552515876893
 20
1.5626038104543238
 30
0.0
 70
0
  0
VERTEX
  5
1328
  8
LOGO
 10
-17.6552515876893
 20
1.5797508549096244
 30
0.0
 70
0
  0
VERTEX
  5
1329
  8
LOGO
 10
-17.654616511968733
 20
1.594357596482658
 30
0.0
 70
0
  0
VERTEX
  5
132A
  8
LOGO
 10
-17.653981436248166
 20
1.6064240351734247
 30
0.0
 70
0
  0
VERTEX
  5
132B
  8
LOGO
 10
-17.652711284807033
 20
1.6165852467024917
 30
0.0
 70
0
  0
VERTEX
  5
132C
  8
LOGO
 10
-17.650806057645333
 20
1.6254763067904254
 30
0.0
 70
0
  0
VERTEX
  5
132D
  8
LOGO
 10
-17.648265754763067
 20
1.6337322911577925
 30
0.0
 70
0
  0
VERTEX
  5
132E
  8
LOGO
 10
-17.645090376160233
 20
1.641988275525159
 30
0.0
 70
0
  0
VERTEX
  5
132F
  8
LOGO
 10
-17.640644846116267
 20
1.6502442598925258
 30
0.0
 70
0
  0
VERTEX
  5
1330
  8
LOGO
 10
-17.633023937469467
 20
1.6635808500244262
 30
0.0
 70
0
  0
VERTEX
  5
1331
  8
LOGO
 10
-17.624132877381534
 20
1.67628236443576
 30
0.0
 70
0
  0
VERTEX
  5
1332
  8
LOGO
 10
-17.613971665852464
 20
1.6896189545676603
 30
0.0
 70
0
  0
VERTEX
  5
1333
  8
LOGO
 10
-17.603810454323398
 20
1.7016853932584273
 30
0.0
 70
0
  0
VERTEX
  5
1334
  8
LOGO
 10
-17.592379091353198
 20
1.7137518319491938
 30
0.0
 70
0
  0
VERTEX
  5
1335
  8
LOGO
 10
-17.580947728383
 20
1.7245481191988281
 30
0.0
 70
0
  0
VERTEX
  5
1336
  8
LOGO
 10
-17.570151441133365
 20
1.7334391792867614
 30
0.0
 70
0
  0
VERTEX
  5
1337
  8
LOGO
 10
-17.558720078163162
 20
1.7410600879335616
 30
0.0
 70
0
  0
VERTEX
  5
1338
  8
LOGO
 10
-17.548558866634096
 20
1.7467757694186619
 30
0.0
 70
0
  0
VERTEX
  5
1339
  8
LOGO
 10
-17.535857352222763
 20
1.752491450903762
 30
0.0
 70
0
  0
VERTEX
  5
133A
  8
LOGO
 10
-17.52315583781143
 20
1.7575720566682957
 30
0.0
 70
0
  0
VERTEX
  5
133B
  8
LOGO
 10
-17.509184171958964
 20
1.7620175867122618
 30
0.0
 70
0
  0
VERTEX
  5
133C
  8
LOGO
 10
-17.49457743038593
 20
1.7658280410356624
 30
0.0
 70
0
  0
VERTEX
  5
133D
  8
LOGO
 10
-17.48060576453346
 20
1.7690034196384956
 30
0.0
 70
0
  0
VERTEX
  5
133E
  8
LOGO
 10
-17.46726917440156
 20
1.7709086468001956
 30
0.0
 70
0
  0
VERTEX
  5
133F
  8
LOGO
 10
-17.455202735710795
 20
1.7715437225207622
 30
0.0
 70
0
  0
VERTEX
  5
1340
  8
LOGO
 10
-17.449487054225695
 20
1.7715437225207622
 30
0.0
 70
0
  0
VERTEX
  5
1341
  8
LOGO
 10
-17.44313629702003
 20
1.7709086468001956
 30
0.0
 70
0
  0
VERTEX
  5
1342
  8
LOGO
 10
-17.436150464093796
 20
1.7702735710796296
 30
0.0
 70
0
  0
VERTEX
  5
1343
  8
LOGO
 10
-17.428529555446993
 20
1.7690034196384956
 30
0.0
 70
0
  0
VERTEX
  5
1344
  8
LOGO
 10
-17.420273571079626
 20
1.767733268197362
 30
0.0
 70
0
  0
VERTEX
  5
1345
  8
LOGO
 10
-17.41201758671226
 20
1.766463116756229
 30
0.0
 70
0
  0
VERTEX
  5
1346
  8
LOGO
 10
-17.403761602344893
 20
1.7645578895945284
 30
0.0
 70
0
  0
SEQEND
  5
12DE
  8
LOGO
  0
POLYLINE
  5
1347
  8
LOGO
 66
1
 10
0.0
 20
0.0
 30
0.0
 70
1
  0
VERTEX
  5
1349
  8
LOGO
 10
17.95564240351734
 20
2.3558133854421106
 30
0.0
 70
0
  0
VERTEX
  5
134A
  8
LOGO
 10
17.864191499755737
 20
2.3456521739130434
 30
0.0
 70
0
  0
VERTEX
  5
134B
  8
LOGO
 10
17.772740595994136
 20
2.3304103566194434
 30
0.0
 70
0
  0
VERTEX
  5
134C
  8
LOGO
 10
17.6819247679531
 20
2.310723009281876
 30
0.0
 70
0
  0
VERTEX
  5
134D
  8
LOGO
 10
17.591108939912065
 20
2.286590131900342
 30
0.0
 70
0
  0
VERTEX
  5
134E
  8
LOGO
 10
17.500928187591597
 20
2.2573766487542746
 30
0.0
 70
0
  0
VERTEX
  5
134F
  8
LOGO
 10
17.41011235955056
 20
2.223717635564241
 30
0.0
 70
0
  0
VERTEX
  5
1350
  8
LOGO
 10
17.31866145578896
 20
2.184342940889106
 30
0.0
 70
0
  0
VERTEX
  5
1351
  8
LOGO
 10
17.22594040058622
 20
2.140522716170005
 30
0.0
 70
0
  0
VERTEX
  5
1352
  8
LOGO
 10
17.157987298485587
 20
2.104958475818271
 30
0.0
 70
0
  0
VERTEX
  5
1353
  8
LOGO
 10
17.091939423546652
 20
2.0674890083048365
 30
0.0
 70
0
  0
VERTEX
  5
1354
  8
LOGO
 10
17.028431851489984
 20
2.028114313629702
 30
0.0
 70
0
  0
VERTEX
  5
1355
  8
LOGO
 10
16.96619443087445
 20
1.9868343917928677
 30
0.0
 70
0
  0
VERTEX
  5
1356
  8
LOGO
 10
16.905862237420614
 20
1.9430141670737666
 30
0.0
 70
0
  0
VERTEX
  5
1357
  8
LOGO
 10
16.846800195407912
 20
1.8966536394723992
 30
0.0
 70
0
  0
VERTEX
  5
1358
  8
LOGO
 10
16.788373229115777
 20
1.847752808988764
 30
0.0
 70
0
  0
VERTEX
  5
1359
  8
LOGO
 10
16.731216414264775
 20
1.7956765999022968
 30
0.0
 70
0
  0
VERTEX
  5
135A
  8
LOGO
 10
16.679140205178307
 20
1.7448705422569621
 30
0.0
 70
0
  0
VERTEX
  5
135B
  8
LOGO
 10
16.630239374694675
 20
1.6934294088910606
 30
0.0
 70
0
  0
VERTEX
  5
135C
  8
LOGO
 10
16.584513922813873
 20
1.6407181240840254
 30
0.0
 70
0
  0
VERTEX
  5
135D
  8
LOGO
 10
16.541328773815337
 20
1.586101612115291
 30
0.0
 70
0
  0
VERTEX
  5
135E
  8
LOGO
 10
16.50131900341964
 20
1.5302149487054229
 30
0.0
 70
0
  0
VERTEX
  5
135F
  8
LOGO
 10
16.463849535906203
 20
1.4717879824132885
 30
0.0
 70
0
  0
VERTEX
  5
1360
  8
LOGO
 10
16.428285295554467
 20
1.4108207132388866
 30
0.0
 70
0
  0
VERTEX
  5
1361
  8
LOGO
 10
16.394626282364435
 20
1.3466780654616515
 30
0.0
 70
0
  0
VERTEX
  5
1362
  8
LOGO
 10
16.381289692232535
 20
1.3187347337567177
 30
0.0
 70
0
  0
VERTEX
  5
1363
  8
LOGO
 10
16.367953102100635
 20
1.2869809477283836
 30
0.0
 70
0
  0
VERTEX
  5
1364
  8
LOGO
 10
16.3552515876893
 20
1.2526868588177829
 30
0.0
 70
0
  0
VERTEX
  5
1365
  8
LOGO
 10
16.343185148998533
 20
1.2171226184660484
 30
0.0
 70
0
  0
VERTEX
  5
1366
  8
LOGO
 10
16.3323888617489
 20
1.181558378114314
 30
0.0
 70
0
  0
VERTEX
  5
1367
  8
LOGO
 10
16.322227650219833
 20
1.1466292134831464
 30
0.0
 70
0
  0
VERTEX
  5
1368
  8
LOGO
 10
16.314606741573034
 20
1.1142403517342454
 30
0.0
 70
0
  0
VERTEX
  5
1369
  8
LOGO
 10
16.30889106008793
 20
1.0843917928676117
 30
0.0
 70
0
  0
VERTEX
  5
136A
  8
LOGO
 10
16.30317537860283
 20
1.0412066438690768
 30
0.0
 70
0
  0
VERTEX
  5
136B
  8
LOGO
 10
16.299999999999997
 20
0.9986565705911097
 30
0.0
 70
0
  0
VERTEX
  5
136C
  8
LOGO
 10
16.299999999999997
 20
0.9567415730337083
 30
0.0
 70
0
  0
VERTEX
  5
136D
  8
LOGO
 10
16.302540302882264
 20
0.9160967269174408
 30
0.0
 70
0
  0
VERTEX
  5
136E
  8
LOGO
 10
16.30698583292623
 20
0.8779921836834398
 30
0.0
 70
0
  0
VERTEX
  5
136F
  8
LOGO
 10
16.314606741573034
 20
0.8411577918905718
 30
0.0
 70
0
  0
VERTEX
  5
1370
  8
LOGO
 10
16.3247679531021
 20
0.807498778700538
 30
0.0
 70
0
  0
VERTEX
  5
1371
  8
LOGO
 10
16.337469467513433
 20
0.7763800683927705
 30
0.0
 70
0
  0
VERTEX
  5
1372
  8
LOGO
 10
16.346995603321933
 20
0.7573277967757701
 30
0.0
 70
0
  0
VERTEX
  5
1373
  8
LOGO
 10
16.358426966292132
 20
0.7376404494382027
 30
0.0
 70
0
  0
VERTEX
  5
1374
  8
LOGO
 10
16.370493404982902
 20
0.7173180263800686
 30
0.0
 70
0
  0
VERTEX
  5
1375
  8
LOGO
 10
16.3838299951148
 20
0.6982657547630682
 30
0.0
 70
0
  0
VERTEX
  5
1376
  8
LOGO
 10
16.396531509526135
 20
0.6798485588666344
 30
0.0
 70
0
  0
VERTEX
  5
1377
  8
LOGO
 10
16.409868099658034
 20
0.6633365901319006
 30
0.0
 70
0
  0
VERTEX
  5
1378
  8
LOGO
 10
16.4219345383488
 20
0.6500000000000001
 30
0.0
 70
0
  0
VERTEX
  5
1379
  8
LOGO
 10
16.432730825598437
 20
0.6392037127503669
 30
0.0
 70
0
  0
VERTEX
  5
137A
  8
LOGO
 10
16.446702491450903
 20
0.628407425500733
 30
0.0
 70
0
  0
VERTEX
  5
137B
  8
LOGO
 10
16.46257938446507
 20
0.6176111382510999
 30
0.0
 70
0
  0
VERTEX
  5
137C
  8
LOGO
 10
16.47972642892037
 20
0.6068148510014659
 30
0.0
 70
0
  0
VERTEX
  5
137D
  8
LOGO
 10
16.498143624816805
 20
0.5966536394723989
 30
0.0
 70
0
  0
VERTEX
  5
137E
  8
LOGO
 10
16.51592574499267
 20
0.5877625793844654
 30
0.0
 70
0
  0
VERTEX
  5
137F
  8
LOGO
 10
16.534342940889104
 20
0.5795065950170989
 30
0.0
 70
0
  0
VERTEX
  5
1380
  8
LOGO
 10
16.551489985344404
 20
0.5731558378114321
 30
0.0
 70
0
  0
VERTEX
  5
1381
  8
LOGO
 10
16.56800195407914
 20
0.5680752320468981
 30
0.0
 70
0
  0
VERTEX
  5
1382
  8
LOGO
 10
16.589594528578406
 20
0.562994626282365
 30
0.0
 70
0
  0
VERTEX
  5
1383
  8
LOGO
 10
16.613092330239372
 20
0.5598192476795315
 30
0.0
 70
0
  0
VERTEX
  5
1384
  8
LOGO
 10
16.63849535906204
 20
0.5579140205178311
 30
0.0
 70
0
  0
VERTEX
  5
1385
  8
LOGO
 10
16.664533463605274
 20
0.5572789447972649
 30
0.0
 70
0
  0
VERTEX
  5
1386
  8
LOGO
 10
16.691206643869076
 20
0.5585490962383979
 30
0.0
 70
0
  0
VERTEX
  5
1387
  8
LOGO
 10
16.718514899853442
 20
0.5610893991206645
 30
0.0
 70
0
  0
VERTEX
  5
1388
  8
LOGO
 10
16.745188080117245
 20
0.5655349291646316
 30
0.0
 70
0
  0
VERTEX
  5
1389
  8
LOGO
 10
16.771226184660478
 20
0.5706155349291647
 30
0.0
 70
0
  0
VERTEX
  5
138A
  8
LOGO
 10
16.796629213483143
 20
0.5776013678553984
 30
0.0
 70
0
  0
VERTEX
  5
138B
  8
LOGO
 10
16.82457254518808
 20
0.5864924279433318
 30
0.0
 70
0
  0
VERTEX
  5
138C
  8
LOGO
 10
16.854421104054712
 20
0.5966536394723989
 30
0.0
 70
0
  0
VERTEX
  5
138D
  8
LOGO
 10
16.884904738641914
 20
0.6087200781631658
 30
0.0
 70
0
  0
VERTEX
  5
138E
  8
LOGO
 10
16.91602344894968
 20
0.6214215925744994
 30
0.0
 70
0
  0
VERTEX
  5
138F
  8
LOGO
 10
16.94714215925745
 20
0.6347581827063998
 30
0.0
 70
0
  0
VERTEX
  5
1390
  8
LOGO
 10
16.976990718124082
 20
0.6487298485588672
 30
0.0
 70
0
  0
VERTEX
  5
1391
  8
LOGO
 10
17.00429897410845
 20
0.6627015144113338
 30
0.0
 70
0
  0
VERTEX
  5
1392
  8
LOGO
 10
17.09257449926722
 20
0.7128724963361023
 30
0.0
 70
0
  0
VERTEX
  5
1393
  8
LOGO
 10
17.189741084513923
 20
0.7744748412310701
 30
0.0
 70
0
  0
VERTEX
  5
1394
  8
LOGO
 10
17.29325842696629
 20
0.8443331704934052
 30
0.0
 70
0
  0
VERTEX
  5
1395
  8
LOGO
 10
17.401221299462627
 20
0.9224474841231077
 30
0.0
 70
0
  0
VERTEX
  5
1396
  8
LOGO
 10
17.510454323400097
 20
1.0050073277967764
 30
0.0
 70
0
  0
VERTEX
  5
1397
  8
LOGO
 10
17.617782120175868
 20
1.0913776257938448
 30
0.0
 70
0
  0
VERTEX
  5
1398
  8
LOGO
 10
17.721299462628235
 20
1.1790180752320474
 30
0.0
 70
0
  0
VERTEX
  5
1399
  8
LOGO
 10
17.817830972154372
 20
1.2653883732291165
 30
0.0
 70
0
  0
VERTEX
  5
139A
  8
LOGO
 10
17.916267708842206
 20
1.360014655593552
 30
0.0
 70
0
  0
VERTEX
  5
139B
  8
LOGO
 10
18.007083536883243
 20
1.4546409379579879
 30
0.0
 70
0
  0
VERTEX
  5
139C
  8
LOGO
 10
18.09154860771861
 20
1.5492672203224234
 30
0.0
 70
0
  0
VERTEX
  5
139D
  8
LOGO
 10
18.167757694186612
 20
1.642623351245726
 30
0.0
 70
0
  0
VERTEX
  5
139E
  8
LOGO
 10
18.235710796287247
 20
1.734074255007328
 30
0.0
 70
0
  0
VERTEX
  5
139F
  8
LOGO
 10
18.29477283829995
 20
1.8229848558866637
 30
0.0
 70
0
  0
VERTEX
  5
13A0
  8
LOGO
 10
18.343673668783584
 20
1.908085002442599
 30
0.0
 70
0
  0
VERTEX
  5
13A1
  8
LOGO
 10
18.382413287738153
 20
1.988739618954568
 30
0.0
 70
0
  0
VERTEX
  5
13A2
  8
LOGO
 10
18.395749877870053
 20
2.0243038593063027
 30
0.0
 70
0
  0
VERTEX
  5
13A3
  8
LOGO
 10
18.406546165119686
 20
2.0585979482169035
 30
0.0
 70
0
  0
VERTEX
  5
13A4
  8
LOGO
 10
18.414167073766485
 20
2.0916218856863704
 30
0.0
 70
0
  0
VERTEX
  5
13A5
  8
LOGO
 10
18.417977528089885
 20
2.1233756717147045
 30
0.0
 70
0
  0
VERTEX
  5
13A6
  8
LOGO
 10
18.41924767953102
 20
2.1532242305813387
 30
0.0
 70
0
  0
VERTEX
  5
13A7
  8
LOGO
 10
18.416707376648752
 20
2.180532486565706
 30
0.0
 70
0
  0
VERTEX
  5
13A8
  8
LOGO
 10
18.41162677088422
 20
2.2053004396678073
 30
0.0
 70
0
  0
VERTEX
  5
13A9
  8
LOGO
 10
18.402735710796286
 20
2.226893014167074
 30
0.0
 70
0
  0
VERTEX
  5
13AA
  8
LOGO
 10
18.38685881778212
 20
2.2516609672691748
 30
0.0
 70
0
  0
VERTEX
  5
13AB
  8
LOGO
 10
18.364631167562287
 20
2.2738886174890087
 30
0.0
 70
0
  0
VERTEX
  5
13AC
  8
LOGO
 10
18.337322911577917
 20
2.2942110405471428
 30
0.0
 70
0
  0
VERTEX
  5
13AD
  8
LOGO
 10
18.304934049829015
 20
2.3119931607230098
 30
0.0
 70
0
  0
VERTEX
  5
13AE
  8
LOGO
 10
18.267464582315583
 20
2.32723497801661
 30
0.0
 70
0
  0
VERTEX
  5
13AF
  8
LOGO
 10
18.22554958475818
 20
2.3399364924279435
 30
0.0
 70
0
  0
VERTEX
  5
13B0
  8
LOGO
 10
18.17918905715681
 20
2.3494626282364437
 30
0.0
 70
0
  0
VERTEX
  5
13B1
  8
LOGO
 10
18.129018075232047
 20
2.3564484611626773
 30
0.0
 70
0
  0
VERTEX
  5
13B2
  8
LOGO
 10
18.104250122129944
 20
2.358353688324377
 30
0.0
 70
0
  0
VERTEX
  5
13B3
  8
LOGO
 10
18.083292623351245
 20
2.3602589154860776
 30
0.0
 70
0
  0
VERTEX
  5
13B4
  8
LOGO
 10
18.064240351734245
 20
2.3615290669272104
 30
0.0
 70
0
  0
VERTEX
  5
13B5
  8
LOGO
 10
18.046458231558375
 20
2.3615290669272104
 30
0.0
 70
0
  0
VERTEX
  5
13B6
  8
LOGO
 10
18.027405959941376
 20
2.3615290669272104
 30
0.0
 70
0
  0
VERTEX
  5
13B7
  8
LOGO
 10
18.007083536883243
 20
2.3602589154860776
 30
0.0
 70
0
  0
VERTEX
  5
13B8
  8
LOGO
 10
17.983585735222274
 20
2.358353688324377
 30
0.0
 70
0
  0
SEQEND
  5
1348
  8
LOGO
  0
POLYLINE
  5
13B9
  8
LOGO
 66
1
 10
0.0
 20
0.0
 30
0.0
 70
1
  0
VERTEX
  5
13BB
  8
LOGO
 10
20.217782120175865
 20
2.224987787005374
 30
0.0
 70
0
  0
VERTEX
  5
13BC
  8
LOGO
 10
20.1904738641915
 20
2.222447484123107
 30
0.0
 70
0
  0
VERTEX
  5
13BD
  8
LOGO
 10
20.156814851001464
 20
2.218637029799707
 30
0.0
 70
0
  0
VERTEX
  5
13BE
  8
LOGO
 10
20.11871030776746
 20
2.212921348314607
 30
0.0
 70
0
  0
VERTEX
  5
13BF
  8
LOGO
 10
20.078065461651196
 20
2.20657059110894
 30
0.0
 70
0
  0
VERTEX
  5
13C0
  8
LOGO
 10
20.03678553981436
 20
2.2002198339032732
 30
0.0
 70
0
  0
VERTEX
  5
13C1
  8
LOGO
 10
19.996140693698095
 20
2.1932340009770397
 30
0.0
 70
0
  0
VERTEX
  5
13C2
  8
LOGO
 10
19.959306301905226
 20
2.18561309233024
 30
0.0
 70
0
  0
VERTEX
  5
13C3
  8
LOGO
 10
19.92755251587689
 20
2.179262335124573
 30
0.0
 70
0
  0
VERTEX
  5
13C4
  8
LOGO
 10
19.83038593063019
 20
2.1551294577430387
 30
0.0
 70
0
  0
VERTEX
  5
13C5
  8
LOGO
 10
19.73639472398632
 20
2.1290913531998052
 30
0.0
 70
0
  0
VERTEX
  5
13C6
  8
LOGO
 10
19.64430874450415
 20
2.0992427943331706
 30
0.0
 70
0
  0
VERTEX
  5
13C7
  8
LOGO
 10
19.551587689301414
 20
2.065583781143137
 30
0.0
 70
0
  0
VERTEX
  5
13C8
  8
LOGO
 10
19.457596482657546
 20
2.027479237909136
 30
0.0
 70
0
  0
VERTEX
  5
13C9
  8
LOGO
 10
19.36106497313141
 20
1.984929164631168
 30
0.0
 70
0
  0
VERTEX
  5
13CA
  8
LOGO
 10
19.26008793356131
 20
1.936028334147533
 30
0.0
 70
0
  0
VERTEX
  5
13CB
  8
LOGO
 10
19.15403028822667
 20
1.8820468978993652
 30
0.0
 70
0
  0
VERTEX
  5
13CC
  8
LOGO
 10
19.110845139228136
 20
1.859184171958965
 30
0.0
 70
0
  0
VERTEX
  5
13CD
  8
LOGO
 10
19.070835368832437
 20
1.836956521739131
 30
0.0
 70
0
  0
VERTEX
  5
13CE
  8
LOGO
 10
19.032730825598435
 20
1.8159990229604301
 30
0.0
 70
0
  0
VERTEX
  5
13CF
  8
LOGO
 10
18.994626282364433
 20
1.7937713727405962
 30
0.0
 70
0
  0
VERTEX
  5
13D0
  8
LOGO
 10
18.955886663409867
 20
1.7702735710796296
 30
0.0
 70
0
  0
VERTEX
  5
13D1
  8
LOGO
 10
18.915241817293598
 20
1.7455056179775281
 30
0.0
 70
0
  0
VERTEX
  5
13D2
  8
LOGO
 10
18.8714215925745
 20
1.718197361993161
 30
0.0
 70
0
  0
VERTEX
  5
13D3
  8
LOGO
 10
18.823790913531997
 20
1.6870786516853937
 30
0.0
 70
0
  0
VERTEX
  5
13D4
  8
LOGO
 10
18.709477283829994
 20
1.6108695652173919
 30
0.0
 70
0
  0
VERTEX
  5
13D5
  8
LOGO
 10
18.588812896922324
 20
1.5257694186614565
 30
0.0
 70
0
  0
VERTEX
  5
13D6
  8
LOGO
 10
18.462432828529554
 20
1.431778212017587
 30
0.0
 70
0
  0
VERTEX
  5
13D7
  8
LOGO
 10
18.329702002931118
 20
1.3288959452857847
 30
0.0
 70
0
  0
VERTEX
  5
13D8
  8
LOGO
 10
18.18998534440645
 20
1.2164875427454815
 30
0.0
 70
0
  0
VERTEX
  5
13D9
  8
LOGO
 10
18.04391792867611
 20
1.095188080117245
 30
0.0
 70
0
  0
VERTEX
  5
13DA
  8
LOGO
 10
17.89086468001954
 20
0.963727405959942
 30
0.0
 70
0
  0
VERTEX
  5
13DB
  8
LOGO
 10
17.730825598436734
 20
0.8227405959941382
 30
0.0
 70
0
  0
VERTEX
  5
13DC
  8
LOGO
 10
17.53649242794333
 20
0.6461895456766006
 30
0.0
 70
0
  0
VERTEX
  5
13DD
  8
LOGO
 10
17.362481680508058
 20
0.47979970688812934
 30
0.0
 70
0
  0
VERTEX
  5
13DE
  8
LOGO
 10
17.206253053248656
 20
0.32103077674645863
 30
0.0
 70
0
  0
VERTEX
  5
13DF
  8
LOGO
 10
17.06590131900342
 20
0.16797752808988792
 30
0.0
 70
0
  0
VERTEX
  5
13E0
  8
LOGO
 10
16.940791402051783
 20
0.018734733756717435
 30
0.0
 70
0
  0
VERTEX
  5
13E1
  8
LOGO
 10
16.827112848070346
 20
-0.1292379091353194
 30
0.0
 70
0
  0
VERTEX
  5
13E2
  8
LOGO
 10
16.72486565705911
 20
-0.27784562774792304
 30
0.0
 70
0
  0
VERTEX
  5
13E3
  8
LOGO
 10
16.630239374694675
 20
-0.428993649242794
 30
0.0
 70
0
  0
VERTEX
  5
13E4
  8
LOGO
 10
16.609281875915972
 20
-0.4664631167562282
 30
0.0
 70
0
  0
VERTEX
  5
13E5
  8
LOGO
 10
16.58705422569614
 20
-0.5077430385930626
 30
0.0
 70
0
  0
VERTEX
  5
13E6
  8
LOGO
 10
16.565461651196873
 20
-0.5515632633121635
 30
0.0
 70
0
  0
VERTEX
  5
13E7
  8
LOGO
 10
16.543869076697604
 20
-0.5966536394723981
 30
0.0
 70
0
  0
VERTEX
  5
13E8
  8
LOGO
 10
16.522911577918904
 20
-0.641108939912066
 30
0.0
 70
0
  0
VERTEX
  5
13E9
  8
LOGO
 10
16.50449438202247
 20
-0.6849291646311669
 30
0.0
 70
0
  0
VERTEX
  5
13EA
  8
LOGO
 10
16.487982413287735
 20
-0.7249389350268681
 30
0.0
 70
0
  0
VERTEX
  5
13EB
  8
LOGO
 10
16.47401074743527
 20
-0.7617733268197358
 30
0.0
 70
0
  0
VERTEX
  5
13EC
  8
LOGO
 10
16.455593551538836
 20
-0.8189301416707372
 30
0.0
 70
0
  0
VERTEX
  5
13ED
  8
LOGO
 10
16.43971665852467
 20
-0.8760869565217387
 30
0.0
 70
0
  0
VERTEX
  5
13EE
  8
LOGO
 10
16.426380068392767
 20
-0.9326086956521733
 30
0.0
 70
0
  0
VERTEX
  5
13EF
  8
LOGO
 10
16.4162188568637
 20
-0.9891304347826082
 30
0.0
 70
0
  0
VERTEX
  5
13F0
  8
LOGO
 10
16.4085979482169
 20
-1.0456521739130429
 30
0.0
 70
0
  0
VERTEX
  5
13F1
  8
LOGO
 10
16.404152418172934
 20
-1.1015388373229111
 30
0.0
 70
0
  0
VERTEX
  5
13F2
  8
LOGO
 10
16.402247191011234
 20
-1.1574255007327794
 30
0.0
 70
0
  0
VERTEX
  5
13F3
  8
LOGO
 10
16.4028822667318
 20
-1.2126770884220806
 30
0.0
 70
0
  0
VERTEX
  5
13F4
  8
LOGO
 10
16.406057645334634
 20
-1.2666585246702486
 30
0.0
 70
0
  0
VERTEX
  5
13F5
  8
LOGO
 10
16.411138251099167
 20
-1.3180996580361501
 30
0.0
 70
0
  0
VERTEX
  5
13F6
  8
LOGO
 10
16.418759159745967
 20
-1.3682706399609181
 30
0.0
 70
0
  0
VERTEX
  5
13F7
  8
LOGO
 10
16.428920371275034
 20
-1.4165363947239862
 30
0.0
 70
0
  0
VERTEX
  5
13F8
  8
LOGO
 10
16.440986809965803
 20
-1.4635319980459203
 30
0.0
 70
0
  0
VERTEX
  5
13F9
  8
LOGO
 10
16.456228627259403
 20
-1.5092574499267215
 30
0.0
 70
0
  0
VERTEX
  5
13FA
  8
LOGO
 10
16.473375671714702
 20
-1.5537127503663892
 30
0.0
 70
0
  0
VERTEX
  5
13FB
  8
LOGO
 10
16.493063019052272
 20
-1.5981680508060572
 30
0.0
 70
0
  0
VERTEX
  5
13FC
  8
LOGO
 10
16.500048851978505
 20
-1.6134098680996576
 30
0.0
 70
0
  0
VERTEX
  5
13FD
  8
LOGO
 10
16.50830483634587
 20
-1.6292867611138246
 30
0.0
 70
0
  0
VERTEX
  5
13FE
  8
LOGO
 10
16.517195896433805
 20
-1.6457987298485584
 30
0.0
 70
0
  0
VERTEX
  5
13FF
  8
LOGO
 10
16.52545188080117
 20
-1.6616756228627254
 30
0.0
 70
0
  0
VERTEX
  5
1400
  8
LOGO
 10
16.534342940889104
 20
-1.6775525158768925
 30
0.0
 70
0
  0
VERTEX
  5
1401
  8
LOGO
 10
16.54259892525647
 20
-1.6921592574499262
 30
0.0
 70
0
  0
VERTEX
  5
1402
  8
LOGO
 10
16.55021983390327
 20
-1.7048607718612598
 30
0.0
 70
0
  0
VERTEX
  5
1403
  8
LOGO
 10
16.556570591108937
 20
-1.7156570591108935
 30
0.0
 70
0
  0
VERTEX
  5
1404
  8
LOGO
 10
16.582608695652173
 20
-1.7537616023448943
 30
0.0
 70
0
  0
VERTEX
  5
1405
  8
LOGO
 10
16.611187103077672
 20
-1.7918661455788956
 30
0.0
 70
0
  0
VERTEX
  5
1406
  8
LOGO
 10
16.64230581338544
 20
-1.8299706888128964
 30
0.0
 70
0
  0
VERTEX
  5
1407
  8
LOGO
 10
16.675329750854907
 20
-1.8680752320468974
 30
0.0
 70
0
  0
VERTEX
  5
1408
  8
LOGO
 10
16.70962383976551
 20
-1.904274548119198
 30
0.0
 70
0
  0
VERTEX
  5
1409
  8
LOGO
 10
16.74455300439668
 20
-1.9385686370297992
 30
0.0
 70
0
  0
VERTEX
  5
140A
  8
LOGO
 10
16.779482169027844
 20
-1.9709574987787
 30
0.0
 70
0
  0
VERTEX
  5
140B
  8
LOGO
 10
16.813776257938446
 20
-2.0001709819247675
 30
0.0
 70
0
  0
VERTEX
  5
140C
  8
LOGO
 10
16.837274059599412
 20
-2.017318026380068
 30
0.0
 70
0
  0
VERTEX
  5
140D
  8
LOGO
 10
16.86394723986321
 20
-2.0370053737176352
 30
0.0
 70
0
  0
VERTEX
  5
140E
  8
LOGO
 10
16.89316072300928
 20
-2.0566927210552017
 30
0.0
 70
0
  0
VERTEX
  5
140F
  8
LOGO
 10
16.924279433317047
 20
-2.077015144113336
 30
0.0
 70
0
  0
VERTEX
  5
1410
  8
LOGO
 10
16.95476306790425
 20
-2.096702491450903
 30
0.0
 70
0
  0
VERTEX
  5
1411
  8
LOGO
 10
16.985246702491448
 20
-2.11448461162677
 30
0.0
 70
0
  0
VERTEX
  5
1412
  8
LOGO
 10
17.013190034196384
 20
-2.1309965803615043
 30
0.0
 70
0
  0
VERTEX
  5
1413
  8
LOGO
 10
17.037322911577917
 20
-2.143698094772838
 30
0.0
 70
0
  0
VERTEX
  5
1414
  8
LOGO
 10
17.115437225207618
 20
-2.1798974108451388
 30
0.0
 70
0
  0
VERTEX
  5
1415
  8
LOGO
 10
17.198632144601856
 20
-2.212921348314606
 30
0.0
 70
0
  0
VERTEX
  5
1416
  8
LOGO
 10
17.286272594040057
 20
-2.2427699071812404
 30
0.0
 70
0
  0
VERTEX
  5
1417
  8
LOGO
 10
17.378358573522227
 20
-2.268808011724474
 30
0.0
 70
0
  0
VERTEX
  5
1418
  8
LOGO
 10
17.475525158768928
 20
-2.291670737664875
 30
0.0
 70
0
  0
VERTEX
  5
1419
  8
LOGO
 10
17.5771372740596
 20
-2.310723009281875
 30
0.0
 70
0
  0
VERTEX
  5
141A
  8
LOGO
 10
17.683829995114802
 20
-2.3272349780166093
 30
0.0
 70
0
  0
VERTEX
  5
141B
  8
LOGO
 10
17.79496824621397
 20
-2.339301416707376
 30
0.0
 70
0
  0
VERTEX
  5
141C
  8
LOGO
 10
17.86736687835857
 20
-2.345652173913043
 30
0.0
 70
0
  0
VERTEX
  5
141D
  8
LOGO
 10
17.94294088910601
 20
-2.350732779677576
 30
0.0
 70
0
  0
VERTEX
  5
141E
  8
LOGO
 10
18.026135808500243
 20
-2.3545432340009764
 30
0.0
 70
0
  0
VERTEX
  5
141F
  8
LOGO
 10
18.120127015144114
 20
-2.3577186126038097
 30
0.0
 70
0
  0
VERTEX
  5
1420
  8
LOGO
 10
18.228724963361014
 20
-2.35962383976551
 30
0.0
 70
0
  0
VERTEX
  5
1421
  8
LOGO
 10
18.355105031753784
 20
-2.3608939912066433
 30
0.0
 70
0
  0
VERTEX
  5
1422
  8
LOGO
 10
18.50371275036639
 20
-2.3615290669272095
 30
0.0
 70
0
  0
VERTEX
  5
1423
  8
LOGO
 10
18.677723497801658
 20
-2.3615290669272095
 30
0.0
 70
0
  0
VERTEX
  5
1424
  8
LOGO
 10
18.998436736687836
 20
-2.3602589154860762
 30
0.0
 70
0
  0
VERTEX
  5
1425
  8
LOGO
 10
19.26389838788471
 20
-2.357083536883243
 30
0.0
 70
0
  0
VERTEX
  5
1426
  8
LOGO
 10
19.482999511480212
 20
-2.3526380068392765
 30
0.0
 70
0
  0
VERTEX
  5
1427
  8
LOGO
 10
19.66526624328285
 20
-2.345652173913043
 30
0.0
 70
0
  0
VERTEX
  5
1428
  8
LOGO
 10
19.818319491939423
 20
-2.335490962383976
 30
0.0
 70
0
  0
VERTEX
  5
1429
  8
LOGO
 10
19.952320468978993
 20
-2.3227894479726423
 30
0.0
 70
0
  0
VERTEX
  5
142A
  8
LOGO
 10
20.076160234489496
 20
-2.3062774792379086
 30
0.0
 70
0
  0
VERTEX
  5
142B
  8
LOGO
 10
20.1980947728383
 20
-2.285319980459208
 30
0.0
 70
0
  0
VERTEX
  5
142C
  8
LOGO
 10
20.2609672691744
 20
-2.272618466047874
 30
0.0
 70
0
  0
VERTEX
  5
142D
  8
LOGO
 10
20.32066438690767
 20
-2.259281875915974
 30
0.0
 70
0
  0
VERTEX
  5
142E
  8
LOGO
 10
20.376551050317538
 20
-2.2446751343429403
 30
0.0
 70
0
  0
VERTEX
  5
142F
  8
LOGO
 10
20.427992183683436
 20
-2.22943331704934
 30
0.0
 70
0
  0
VERTEX
  5
1430
  8
LOGO
 10
20.47498778700537
 20
-2.213556424035173
 30
0.0
 70
0
  0
VERTEX
  5
1431
  8
LOGO
 10
20.516267708842207
 20
-2.197044455300439
 30
0.0
 70
0
  0
VERTEX
  5
1432
  8
LOGO
 10
20.55183194919394
 20
-2.181167562286272
 30
0.0
 70
0
  0
VERTEX
  5
1433
  8
LOGO
 10
20.58104543234001
 20
-2.1646555935515384
 30
0.0
 70
0
  0
VERTEX
  5
1434
  8
LOGO
 10
20.602638006839275
 20
-2.149413776257938
 30
0.0
 70
0
  0
VERTEX
  5
1435
  8
LOGO
 10
20.62105520273571
 20
-2.133536883243771
 30
0.0
 70
0
  0
VERTEX
  5
1436
  8
LOGO
 10
20.637567171470444
 20
-2.1163898387884705
 30
0.0
 70
0
  0
VERTEX
  5
1437
  8
LOGO
 10
20.650903761602343
 20
-2.098607718612603
 30
0.0
 70
0
  0
VERTEX
  5
1438
  8
LOGO
 10
20.66106497313141
 20
-2.0801905227161694
 30
0.0
 70
0
  0
VERTEX
  5
1439
  8
LOGO
 10
20.66868588177821
 20
-2.061138251099169
 30
0.0
 70
0
  0
VERTEX
  5
143A
  8
LOGO
 10
20.673131411822176
 20
-2.042085979482169
 30
0.0
 70
0
  0
VERTEX
  5
143B
  8
LOGO
 10
20.675036638983876
 20
-2.021763556424035
 30
0.0
 70
0
  0
VERTEX
  5
143C
  8
LOGO
 10
20.673766487542743
 20
-2.0096971177332676
 30
0.0
 70
0
  0
VERTEX
  5
143D
  8
LOGO
 10
20.669956033219343
 20
-1.9957254518808007
 30
0.0
 70
0
  0
VERTEX
  5
143E
  8
LOGO
 10
20.663605276013676
 20
-1.9804836345872
 30
0.0
 70
0
  0
VERTEX
  5
143F
  8
LOGO
 10
20.65534929164631
 20
-1.964606741573033
 30
0.0
 70
0
  0
VERTEX
  5
1440
  8
LOGO
 10
20.645188080117244
 20
-1.948729848558866
 30
0.0
 70
0
  0
VERTEX
  5
1441
  8
LOGO
 10
20.633121641426477
 20
-1.932852955544699
 30
0.0
 70
0
  0
VERTEX
  5
1442
  8
LOGO
 10
20.619785051294574
 20
-1.9176111382510987
 30
0.0
 70
0
  0
VERTEX
  5
1443
  8
LOGO
 10
20.60517830972154
 20
-1.9030043966780648
 30
0.0
 70
0
  0
VERTEX
  5
1444
  8
LOGO
 10
20.58295065950171
 20
-1.8839521250610645
 30
0.0
 70
0
  0
VERTEX
  5
1445
  8
LOGO
 10
20.54802149487054
 20
-1.8553737176355636
 30
0.0
 70
0
  0
VERTEX
  5
1446
  8
LOGO
 10
20.501025891548608
 20
-1.8191744015632627
 30
0.0
 70
0
  0
VERTEX
  5
1447
  8
LOGO
 10
20.442598925256473
 20
-1.7747191011235948
 30
0.0
 70
0
  0
VERTEX
  5
1448
  8
LOGO
 10
20.374645823155838
 20
-1.7239130434782601
 30
0.0
 70
0
  0
VERTEX
  5
1449
  8
LOGO
 10
20.297801660967266
 20
-1.6667562286272588
 30
0.0
 70
0
  0
VERTEX
  5
144A
  8
LOGO
 10
20.212701514411332
 20
-1.6038837322911572
 30
0.0
 70
0
  0
VERTEX
  5
144B
  8
LOGO
 10
20.1199804592086
 20
-1.536565705911089
 30
0.0
 70
0
  0
VERTEX
  5
144C
  8
LOGO
 10
19.918661455788957
 20
-1.3904982901807519
 30
0.0
 70
0
  0
VERTEX
  5
144D
  8
LOGO
 10
19.75925744992672
 20
-1.2730092818759156
 30
0.0
 70
0
  0
VERTEX
  5
144E
  8
LOGO
 10
19.634147532975085
 20
-1.1802882266731796
 30
0.0
 70
0
  0
VERTEX
  5
144F
  8
LOGO
 10
19.537616023448948
 20
-1.1059843673668777
 30
0.0
 70
0
  0
VERTEX
  5
1450
  8
LOGO
 10
19.462042012701513
 20
-1.0456521739130429
 30
0.0
 70
0
  0
VERTEX
  5
1451
  8
LOGO
 10
19.401709819247678
 20
-0.9935759648265751
 30
0.0
 70
0
  0
VERTEX
  5
1452
  8
LOGO
 10
19.350268685881776
 20
-0.9446751343429405
 30
0.0
 70
0
  0
VERTEX
  5
1453
  8
LOGO
 10
19.300097703957007
 20
-0.8945041524181724
 30
0.0
 70
0
  0
VERTEX
  5
1454
  8
LOGO
 10
19.27342452369321
 20
-0.8665608207132385
 30
0.0
 70
0
  0
VERTEX
  5
1455
  8
LOGO
 10
19.249926722032242
 20
-0.839252564728871
 30
0.0
 70
0
  0
VERTEX
  5
1456
  8
LOGO
 10
19.22896922325354
 20
-0.8132144601856373
 30
0.0
 70
0
  0
VERTEX
  5
1457
  8
LOGO
 10
19.20991695163654
 20
-0.7878114313629699
 30
0.0
 70
0
  0
VERTEX
  5
1458
  8
LOGO
 10
19.193404982901807
 20
-0.7624084025403026
 30
0.0
 70
0
  0
VERTEX
  5
1459
  8
LOGO
 10
19.17879824132877
 20
-0.7376404494382017
 30
0.0
 70
0
  0
VERTEX
  5
145A
  8
LOGO
 10
19.166096726917438
 20
-0.7122374206155344
 30
0.0
 70
0
  0
VERTEX
  5
145B
  8
LOGO
 10
19.155300439667805
 20
-0.6861993160723007
 30
0.0
 70
0
  0
VERTEX
  5
145C
  8
LOGO
 10
19.149584758182705
 20
-0.6722276502198332
 30
0.0
 70
0
  0
VERTEX
  5
145D
  8
LOGO
 10
19.14513922813874
 20
-0.6588910600879332
 30
0.0
 70
0
  0
VERTEX
  5
145E
  8
LOGO
 10
19.14132877381534
 20
-0.6474596971177328
 30
0.0
 70
0
  0
VERTEX
  5
145F
  8
LOGO
 10
19.138788470933072
 20
-0.6360283341475325
 30
0.0
 70
0
  0
VERTEX
  5
1460
  8
LOGO
 10
19.13751831949194
 20
-0.6239618954567656
 30
0.0
 70
0
  0
VERTEX
  5
1461
  8
LOGO
 10
19.136248168050805
 20
-0.6106253053248651
 30
0.0
 70
0
  0
VERTEX
  5
1462
  8
LOGO
 10
19.13561309233024
 20
-0.5953834880312648
 30
0.0
 70
0
  0
VERTEX
  5
1463
  8
LOGO
 10
19.13561309233024
 20
-0.5776013678553976
 30
0.0
 70
0
  0
VERTEX
  5
1464
  8
LOGO
 10
19.13561309233024
 20
-0.5598192476795305
 30
0.0
 70
0
  0
VERTEX
  5
1465
  8
LOGO
 10
19.13561309233024
 20
-0.5445774303859302
 30
0.0
 70
0
  0
VERTEX
  5
1466
  8
LOGO
 10
19.136883243771372
 20
-0.5312408402540297
 30
0.0
 70
0
  0
VERTEX
  5
1467
  8
LOGO
 10
19.138153395212505
 20
-0.5191744015632629
 30
0.0
 70
0
  0
VERTEX
  5
1468
  8
LOGO
 10
19.140693698094772
 20
-0.5077430385930626
 30
0.0
 70
0
  0
VERTEX
  5
1469
  8
LOGO
 10
19.143869076697605
 20
-0.49567659990229573
 30
0.0
 70
0
  0
VERTEX
  5
146A
  8
LOGO
 10
19.14831460674157
 20
-0.4823400097703952
 30
0.0
 70
0
  0
VERTEX
  5
146B
  8
LOGO
 10
19.153395212506105
 20
-0.46773326819736183
 30
0.0
 70
0
  0
VERTEX
  5
146C
  8
LOGO
 10
19.15784074255007
 20
-0.4569369809477279
 30
0.0
 70
0
  0
VERTEX
  5
146D
  8
LOGO
 10
19.162921348314605
 20
-0.44423546653639423
 30
0.0
 70
0
  0
VERTEX
  5
146E
  8
LOGO
 10
19.168637029799704
 20
-0.43153395212506057
 30
0.0
 70
0
  0
VERTEX
  5
146F
  8
LOGO
 10
19.175622862725938
 20
-0.41819736199316015
 30
0.0
 70
0
  0
VERTEX
  5
1470
  8
LOGO
 10
19.182608695652174
 20
-0.4048607718612596
 30
0.0
 70
0
  0
VERTEX
  5
1471
  8
LOGO
 10
19.189594528578407
 20
-0.39215925744992597
 30
0.0
 70
0
  0
VERTEX
  5
1472
  8
LOGO
 10
19.19658036150464
 20
-0.3800928187591592
 30
0.0
 70
0
  0
VERTEX
  5
1473
  8
LOGO
 10
19.203566194430874
 20
-0.36929653150952596
 30
0.0
 70
0
  0
VERTEX
  5
1474
  8
LOGO
 10
19.23277967757694
 20
-0.3280166096726916
 30
0.0
 70
0
  0
VERTEX
  5
1475
  8
LOGO
 10
19.26897899364924
 20
-0.28610161211529034
 30
0.0
 70
0
  0
VERTEX
  5
1476
  8
LOGO
 10
19.311529066927207
 20
-0.24228138739618937
 30
0.0
 70
0
  0
VERTEX
  5
1477
  8
LOGO
 10
19.359794821690276
 20
-0.1984611626770877
 30
0.0
 70
0
  0
VERTEX
  5
1478
  8
LOGO
 10
19.41441133365901
 20
-0.1533707865168538
 30
0.0
 70
0
  0
VERTEX
  5
1479
  8
LOGO
 10
19.473473375671713
 20
-0.10828041035661916
 30
0.0
 70
0
  0
VERTEX
  5
147A
  8
LOGO
 10
19.538251099169514
 20
-0.0625549584758177
 30
0.0
 70
0
  0
VERTEX
  5
147B
  8
LOGO
 10
19.60810942843185
 20
-0.01746458231558306
 30
0.0
 70
0
  0
VERTEX
  5
147C
  8
LOGO
 10
19.662725940400584
 20
0.01555935515388402
 30
0.0
 70
0
  0
VERTEX
  5
147D
  8
LOGO
 10
19.720517830972152
 20
0.049853444064484755
 30
0.0
 70
0
  0
VERTEX
  5
147E
  8
LOGO
 10
19.783390327308254
 20
0.08605276013678598
 30
0.0
 70
0
  0
VERTEX
  5
147F
  8
LOGO
 10
19.85324865657059
 20
0.12479237909135378
 30
0.0
 70
0
  0
VERTEX
  5
1480
  8
LOGO
 10
19.931998045920857
 20
0.16734245236932108
 30
0.0
 70
0
  0
VERTEX
  5
1481
  8
LOGO
 10
20.020273571079628
 20
0.21370297997068938
 30
0.0
 70
0
  0
VERTEX
  5
1482
  8
LOGO
 10
20.1199804592086
 20
0.2657791890571569
 30
0.0
 70
0
  0
VERTEX
  5
1483
  8
LOGO
 10
20.23365901319003
 20
0.32420615534929204
 30
0.0
 70
0
  0
VERTEX
  5
1484
  8
LOGO
 10
20.38925256472887
 20
0.40422569614069426
 30
0.0
 70
0
  0
VERTEX
  5
1485
  8
LOGO
 10
20.520713238886174
 20
0.4715437225207628
 30
0.0
 70
0
  0
VERTEX
  5
1486
  8
LOGO
 10
20.629946262823644
 20
0.5274303859306306
 30
0.0
 70
0
  0
VERTEX
  5
1487
  8
LOGO
 10
20.718856863702978
 20
0.5731558378114321
 30
0.0
 70
0
  0
VERTEX
  5
1488
  8
LOGO
 10
20.789985344406446
 20
0.6106253053248661
 30
0.0
 70
0
  0
VERTEX
  5
1489
  8
LOGO
 10
20.845236932095748
 20
0.6392037127503669
 30
0.0
 70
0
  0
VERTEX
  5
148A
  8
LOGO
 10
20.886516853932584
 20
0.6614313629702008
 30
0.0
 70
0
  0
VERTEX
  5
148B
  8
LOGO
 10
20.916365412799216
 20
0.6779433317049348
 30
0.0
 70
0
  0
VERTEX
  5
148C
  8
LOGO
 10
20.99829018075232
 20
0.7249389350268691
 30
0.0
 70
0
  0
VERTEX
  5
148D
  8
LOGO
 10
21.068783585735222
 20
0.7668539325842704
 30
0.0
 70
0
  0
VERTEX
  5
148E
  8
LOGO
 10
21.13038593063019
 20
0.8055935515388375
 30
0.0
 70
0
  0
VERTEX
  5
148F
  8
LOGO
 10
21.18373229115779
 20
0.8411577918905718
 30
0.0
 70
0
  0
VERTEX
  5
1490
  8
LOGO
 10
21.230727894479724
 20
0.8754518808011725
 30
0.0
 70
0
  0
VERTEX
  5
1491
  8
LOGO
 10
21.273277967757693
 20
0.909745969711774
 30
0.0
 70
0
  0
VERTEX
  5
1492
  8
LOGO
 10
21.313287738153395
 20
0.9446751343429416
 30
0.0
 70
0
  0
VERTEX
  5
1493
  8
LOGO
 10
21.35202735710796
 20
0.9815095261358089
 30
0.0
 70
0
  0
VERTEX
  5
1494
  8
LOGO
 10
21.374890083048363
 20
1.0043722520762097
 30
0.0
 70
0
  0
VERTEX
  5
1495
  8
LOGO
 10
21.393307278944796
 20
1.02342452369321
 30
0.0
 70
0
  0
VERTEX
  5
1496
  8
LOGO
 10
21.408549096238396
 20
1.039936492427944
 30
0.0
 70
0
  0
VERTEX
  5
1497
  8
LOGO
 10
21.420615534929162
 20
1.0545432340009775
 30
0.0
 70
0
  0
VERTEX
  5
1498
  8
LOGO
 10
21.43077674645823
 20
1.0685148998534446
 30
0.0
 70
0
  0
VERTEX
  5
1499
  8
LOGO
 10
21.44030288226673
 20
1.0824865657059113
 30
0.0
 70
0
  0
VERTEX
  5
149A
  8
LOGO
 10
21.448558866634098
 20
1.0983634587200783
 30
0.0
 70
0
  0
VERTEX
  5
149B
  8
LOGO
 10
21.458085002442598
 20
1.116145578895946
 30
0.0
 70
0
  0
VERTEX
  5
149C
  8
LOGO
 10
21.463800683927698
 20
1.1282120175867127
 30
0.0
 70
0
  0
VERTEX
  5
149D
  8
LOGO
 10
21.469516365412797
 20
1.1415486077186132
 30
0.0
 70
0
  0
VERTEX
  5
149E
  8
LOGO
 10
21.475232046897897
 20
1.154885197850513
 30
0.0
 70
0
  0
VERTEX
  5
149F
  8
LOGO
 10
21.48031265266243
 20
1.1682217879824135
 30
0.0
 70
0
  0
VERTEX
  5
14A0
  8
LOGO
 10
21.485393258426964
 20
1.180923302393747
 30
0.0
 70
0
  0
VERTEX
  5
14A1
  8
LOGO
 10
21.489203712750367
 20
1.1923546653639479
 30
0.0
 70
0
  0
VERTEX
  5
14A2
  8
LOGO
 10
21.4923790913532
 20
1.2025158768930142
 30
0.0
 70
0
  0
VERTEX
  5
14A3
  8
LOGO
 10
21.4942843185149
 20
1.2114069369809484
 30
0.0
 70
0
  0
VERTEX
  5
14A4
  8
LOGO
 10
21.498729848558867
 20
1.2406204201270152
 30
0.0
 70
0
  0
VERTEX
  5
14A5
  8
LOGO
 10
21.5
 20
1.2755495847581828
 30
0.0
 70
0
  0
VERTEX
  5
14A6
  8
LOGO
 10
21.498729848558867
 20
1.3136541279921838
 30
0.0
 70
0
  0
VERTEX
  5
14A7
  8
LOGO
 10
21.495554469956033
 20
1.3542989741084521
 30
0.0
 70
0
  0
VERTEX
  5
14A8
  8
LOGO
 10
21.48983878847093
 20
1.3955788959452864
 30
0.0
 70
0
  0
VERTEX
  5
14A9
  8
LOGO
 10
21.48221787982413
 20
1.4362237420615538
 30
0.0
 70
0
  0
VERTEX
  5
14AA
  8
LOGO
 10
21.47269174401563
 20
1.474328285295555
 30
0.0
 70
0
  0
VERTEX
  5
14AB
  8
LOGO
 10
21.46126038104543
 20
1.5086223742061557
 30
0.0
 70
0
  0
VERTEX
  5
14AC
  8
LOGO
 10
21.453004396678065
 20
1.5283097215437231
 30
0.0
 70
0
  0
VERTEX
  5
14AD
  8
LOGO
 10
21.44220810942843
 20
1.5524425989252566
 30
0.0
 70
0
  0
VERTEX
  5
14AE
  8
LOGO
 10
21.42887151929653
 20
1.578480703468491
 30
0.0
 70
0
  0
VERTEX
  5
14AF
  8
LOGO
 10
21.414899853444062
 20
1.6064240351734247
 30
0.0
 70
0
  0
VERTEX
  5
14B0
  8
LOGO
 10
21.399658036150463
 20
1.6343673668783587
 30
0.0
 70
0
  0
VERTEX
  5
14B1
  8
LOGO
 10
21.384416218856863
 20
1.6604054714215926
 30
0.0
 70
0
  0
VERTEX
  5
14B2
  8
LOGO
 10
21.370444553004397
 20
1.6845383488031271
 30
0.0
 70
0
  0
VERTEX
  5
14B3
  8
LOGO
 10
21.35774303859306
 20
1.7035906204201274
 30
0.0
 70
0
  0
VERTEX
  5
14B4
  8
LOGO
 10
21.32344894968246
 20
1.7512212994626288
 30
0.0
 70
0
  0
VERTEX
  5
14B5
  8
LOGO
 10
21.288519785051292
 20
1.7963116756228628
 30
0.0
 70
0
  0
VERTEX
  5
14B6
  8
LOGO
 10
21.25295554469956
 20
1.838226673180264
 30
0.0
 70
0
  0
VERTEX
  5
14B7
  8
LOGO
 10
21.21612115290669
 20
1.8788715192965315
 30
0.0
 70
0
  0
VERTEX
  5
14B8
  8
LOGO
 10
21.17801660967269
 20
1.9169760625305323
 30
0.0
 70
0
  0
VERTEX
  5
14B9
  8
LOGO
 10
21.13800683927699
 20
1.9531753786028339
 30
0.0
 70
0
  0
VERTEX
  5
14BA
  8
LOGO
 10
21.096726917440154
 20
1.9881045432340012
 30
0.0
 70
0
  0
VERTEX
  5
14BB
  8
LOGO
 10
21.052906692721052
 20
2.0217635564240353
 30
0.0
 70
0
  0
VERTEX
  5
14BC
  8
LOGO
 10
21.039570102589153
 20
2.0312896922325354
 30
0.0
 70
0
  0
VERTEX
  5
14BD
  8
LOGO
 10
21.024328285295553
 20
2.041450903761602
 30
0.0
 70
0
  0
VERTEX
  5
14BE
  8
LOGO
 10
21.007181240840254
 20
2.0522471910112365
 30
0.0
 70
0
  0
VERTEX
  5
14BF
  8
LOGO
 10
20.989399120664384
 20
2.0636785539814366
 30
0.0
 70
0
  0
VERTEX
  5
14C0
  8
LOGO
 10
20.970346849047385
 20
2.075109916951637
 30
0.0
 70
0
  0
VERTEX
  5
14C1
  8
LOGO
 10
20.951929653150952
 20
2.08590620420127
 30
0.0
 70
0
  0
VERTEX
  5
14C2
  8
LOGO
 10
20.93351245725452
 20
2.0954323400097707
 30
0.0
 70
0
  0
VERTEX
  5
14C3
  8
LOGO
 10
20.916365412799216
 20
2.104958475818271
 30
0.0
 70
0
  0
VERTEX
  5
14C4
  8
LOGO
 10
20.850952613580848
 20
2.1354421104054717
 30
0.0
 70
0
  0
VERTEX
  5
14C5
  8
LOGO
 10
20.786174890083046
 20
2.162115290669272
 30
0.0
 70
0
  0
VERTEX
  5
14C6
  8
LOGO
 10
20.72012701514411
 20
2.1837078651685395
 30
0.0
 70
0
  0
VERTEX
  5
14C7
  8
LOGO
 10
20.652808988764043
 20
2.20085490962384
 30
0.0
 70
0
  0
VERTEX
  5
14C8
  8
LOGO
 10
20.583585735222275
 20
2.2135564240351737
 30
0.0
 70
0
  0
VERTEX
  5
14C9
  8
LOGO
 10
20.511187103077674
 20
2.222447484123107
 30
0.0
 70
0
  0
VERTEX
  5
14CA
  8
LOGO
 10
20.435613092330236
 20
2.2275280898876413
 30
0.0
 70
0
  0
VERTEX
  5
14CB
  8
LOGO
 10
20.355593551538835
 20
2.2281631656082075
 30
0.0
 70
0
  0
VERTEX
  5
14CC
  8
LOGO
 10
20.333365901319002
 20
2.2281631656082075
 30
0.0
 70
0
  0
VERTEX
  5
14CD
  8
LOGO
 10
20.31113825109917
 20
2.2275280898876413
 30
0.0
 70
0
  0
VERTEX
  5
14CE
  8
LOGO
 10
20.2895456765999
 20
2.2275280898876413
 30
0.0
 70
0
  0
VERTEX
  5
14CF
  8
LOGO
 10
20.269858329262334
 20
2.226893014167074
 30
0.0
 70
0
  0
VERTEX
  5
14D0
  8
LOGO
 10
20.252711284807035
 20
2.2262579384465075
 30
0.0
 70
0
  0
VERTEX
  5
14D1
  8
LOGO
 10
20.23746946751343
 20
2.2262579384465075
 30
0.0
 70
0
  0
VERTEX
  5
14D2
  8
LOGO
 10
20.226038104543232
 20
2.225622862725941
 30
0.0
 70
0
  0
SEQEND
  5
13BA
  8
LOGO
  0
POLYLINE
  5
14D3
  8
LOGO
 66
1
 10
0.0
 20
0.0
 30
0.0
 70
1
  0
VERTEX
  5
14D5
  8
LOGO
 10
20.403859306301904
 20
1.762652662432829
 30
0.0
 70
0
  0
VERTEX
  5
14D6
  8
LOGO
 10
20.418466047874936
 20
1.7582071323888617
 30
0.0
 70
0
  0
VERTEX
  5
14D7
  8
LOGO
 10
20.43307278944797
 20
1.7531265266243286
 30
0.0
 70
0
  0
VERTEX
  5
14D8
  8
LOGO
 10
20.446409379579872
 20
1.7467757694186619
 30
0.0
 70
0
  0
VERTEX
  5
14D9
  8
LOGO
 10
20.459745969711772
 20
1.739789936492428
 30
0.0
 70
0
  0
VERTEX
  5
14DA
  8
LOGO
 10
20.47181240840254
 20
1.7321690278456283
 30
0.0
 70
0
  0
VERTEX
  5
14DB
  8
LOGO
 10
20.483878847093305
 20
1.723913043478261
 30
0.0
 70
0
  0
VERTEX
  5
14DC
  8
LOGO
 10
20.49467513434294
 20
1.7143869076697609
 30
0.0
 70
0
  0
VERTEX
  5
14DD
  8
LOGO
 10
20.504836345872008
 20
1.7048607718612605
 30
0.0
 70
0
  0
VERTEX
  5
14DE
  8
LOGO
 10
20.508646800195407
 20
1.7004152418172942
 30
0.0
 70
0
  0
VERTEX
  5
14DF
  8
LOGO
 10
20.513092330239374
 20
1.6946995603321935
 30
0.0
 70
0
  0
VERTEX
  5
14E0
  8
LOGO
 10
20.51753786028334
 20
1.6877137274059604
 30
0.0
 70
0
  0
VERTEX
  5
14E1
  8
LOGO
 10
20.521983390327307
 20
1.6807278944797268
 30
0.0
 70
0
  0
VERTEX
  5
14E2
  8
LOGO
 10
20.526428920371274
 20
1.6724719101123595
 30
0.0
 70
0
  0
VERTEX
  5
14E3
  8
LOGO
 10
20.531509526135807
 20
1.6648510014655598
 30
0.0
 70
0
  0
VERTEX
  5
14E4
  8
LOGO
 10
20.535319980459207
 20
1.6565950170981925
 30
0.0
 70
0
  0
VERTEX
  5
14E5
  8
LOGO
 10
20.539130434782606
 20
1.648339032730826
 30
0.0
 70
0
  0
VERTEX
  5
14E6
  8
LOGO
 10
20.54421104054714
 20
1.6369076697606257
 30
0.0
 70
0
  0
VERTEX
  5
14E7
  8
LOGO
 10
20.54802149487054
 20
1.626746458231559
 30
0.0
 70
0
  0
VERTEX
  5
14E8
  8
LOGO
 10
20.551196873473373
 20
1.6172203224230586
 30
0.0
 70
0
  0
VERTEX
  5
14E9
  8
LOGO
 10
20.55373717635564
 20
1.6076941866145584
 30
0.0
 70
0
  0
VERTEX
  5
14EA
  8
LOGO
 10
20.555007327796773
 20
1.5975329750854914
 30
0.0
 70
0
  0
VERTEX
  5
14EB
  8
LOGO
 10
20.556277479237906
 20
1.586101612115291
 30
0.0
 70
0
  0
VERTEX
  5
14EC
  8
LOGO
 10
20.556277479237906
 20
1.5734000977039577
 30
0.0
 70
0
  0
VERTEX
  5
14ED
  8
LOGO
 10
20.556277479237906
 20
1.5581582804103566
 30
0.0
 70
0
  0
VERTEX
  5
14EE
  8
LOGO
 10
20.556277479237906
 20
1.5422813873961896
 30
0.0
 70
0
  0
VERTEX
  5
14EF
  8
LOGO
 10
20.555642403517343
 20
1.5289447972642898
 30
0.0
 70
0
  0
VERTEX
  5
14F0
  8
LOGO
 10
20.554372252076206
 20
1.518148510014656
 30
0.0
 70
0
  0
VERTEX
  5
14F1
  8
LOGO
 10
20.553102100635073
 20
1.507352222765022
 30
0.0
 70
0
  0
VERTEX
  5
14F2
  8
LOGO
 10
20.54992672203224
 20
1.4978260869565219
 30
0.0
 70
0
  0
VERTEX
  5
14F3
  8
LOGO
 10
20.546751343429406
 20
1.4876648754274555
 30
0.0
 70
0
  0
VERTEX
  5
14F4
  8
LOGO
 10
20.541670737664873
 20
1.4768685881778216
 30
0.0
 70
0
  0
VERTEX
  5
14F5
  8
LOGO
 10
20.535955056179773
 20
1.4648021494870547
 30
0.0
 70
0
  0
VERTEX
  5
14F6
  8
LOGO
 10
20.527699071812407
 20
1.4489252564728876
 30
0.0
 70
0
  0
VERTEX
  5
14F7
  8
LOGO
 10
20.518172936003907
 20
1.4343185148998536
 30
0.0
 70
0
  0
VERTEX
  5
14F8
  8
LOGO
 10
20.507376648754274
 20
1.420346849047387
 30
0.0
 70
0
  0
VERTEX
  5
14F9
  8
LOGO
 10
20.495310210063508
 20
1.4070102589154865
 30
0.0
 70
0
  0
VERTEX
  5
14FA
  8
LOGO
 10
20.48260869565217
 20
1.3949438202247195
 30
0.0
 70
0
  0
VERTEX
  5
14FB
  8
LOGO
 10
20.46800195407914
 20
1.383512457254519
 30
0.0
 70
0
  0
VERTEX
  5
14FC
  8
LOGO
 10
20.453395212506106
 20
1.3733512457254526
 30
0.0
 70
0
  0
VERTEX
  5
14FD
  8
LOGO
 10
20.436883243771373
 20
1.3638251099169525
 30
0.0
 70
0
  0
VERTEX
  5
14FE
  8
LOGO
 10
20.42926233512457
 20
1.360014655593552
 30
0.0
 70
0
  0
VERTEX
  5
14FF
  8
LOGO
 10
20.42164142647777
 20
1.3568392769907187
 30
0.0
 70
0
  0
VERTEX
  5
1500
  8
LOGO
 10
20.413385442110403
 20
1.3542989741084521
 30
0.0
 70
0
  0
VERTEX
  5
1501
  8
LOGO
 10
20.405129457743037
 20
1.3523937469467515
 30
0.0
 70
0
  0
VERTEX
  5
1502
  8
LOGO
 10
20.394333170493404
 20
1.3511235955056187
 30
0.0
 70
0
  0
VERTEX
  5
1503
  8
LOGO
 10
20.382901807523204
 20
1.350488519785052
 30
0.0
 70
0
  0
VERTEX
  5
1504
  8
LOGO
 10
20.36829506595017
 20
1.349853444064485
 30
0.0
 70
0
  0
VERTEX
  5
1505
  8
LOGO
 10
20.35114802149487
 20
1.349853444064485
 30
0.0
 70
0
  0
VERTEX
  5
1506
  8
LOGO
 10
20.33400097703957
 20
1.349853444064485
 30
0.0
 70
0
  0
VERTEX
  5
1507
  8
LOGO
 10
20.319394235466536
 20
1.350488519785052
 30
0.0
 70
0
  0
VERTEX
  5
1508
  8
LOGO
 10
20.307327796775766
 20
1.3511235955056187
 30
0.0
 70
0
  0
VERTEX
  5
1509
  8
LOGO
 10
20.296531509526133
 20
1.3523937469467515
 30
0.0
 70
0
  0
VERTEX
  5
150A
  8
LOGO
 10
20.2876404494382
 20
1.3542989741084521
 30
0.0
 70
0
  0
VERTEX
  5
150B
  8
LOGO
 10
20.279384465070834
 20
1.3568392769907187
 30
0.0
 70
0
  0
VERTEX
  5
150C
  8
LOGO
 10
20.271763556424034
 20
1.3606497313141188
 30
0.0
 70
0
  0
VERTEX
  5
150D
  8
LOGO
 10
20.263507572056668
 20
1.3644601856375185
 30
0.0
 70
0
  0
VERTEX
  5
150E
  8
LOGO
 10
20.2476306790425
 20
1.3739863214460188
 30
0.0
 70
0
  0
VERTEX
  5
150F
  8
LOGO
 10
20.2323888617489
 20
1.3841475329750856
 30
0.0
 70
0
  0
VERTEX
  5
1510
  8
LOGO
 10
20.217782120175865
 20
1.3962139716658526
 30
0.0
 70
0
  0
VERTEX
  5
1511
  8
LOGO
 10
20.204445530043966
 20
1.4089154860771864
 30
0.0
 70
0
  0
VERTEX
  5
1512
  8
LOGO
 10
20.191744015632633
 20
1.4228871519296535
 30
0.0
 70
0
  0
VERTEX
  5
1513
  8
LOGO
 10
20.18031265266243
 20
1.4368588177821209
 30
0.0
 70
0
  0
VERTEX
  5
1514
  8
LOGO
 10
20.17078651685393
 20
1.4514655593551542
 30
0.0
 70
0
  0
VERTEX
  5
1515
  8
LOGO
 10
20.162530532486564
 20
1.4667073766487544
 30
0.0
 70
0
  0
VERTEX
  5
1516
  8
LOGO
 10
20.15744992672203
 20
1.4775036638983885
 30
0.0
 70
0
  0
VERTEX
  5
1517
  8
LOGO
 10
20.153004396678064
 20
1.4870297997068884
 30
0.0
 70
0
  0
VERTEX
  5
1518
  8
LOGO
 10
20.14982901807523
 20
1.4965559355153888
 30
0.0
 70
0
  0
VERTEX
  5
1519
  8
LOGO
 10
20.14792379091353
 20
1.506717147044456
 30
0.0
 70
0
  0
VERTEX
  5
151A
  8
LOGO
 10
20.14601856375183
 20
1.5168783585735224
 30
0.0
 70
0
  0
VERTEX
  5
151B
  8
LOGO
 10
20.145383488031264
 20
1.529579872984856
 30
0.0
 70
0
  0
VERTEX
  5
151C
  8
LOGO
 10
20.144748412310697
 20
1.5448216902784568
 30
0.0
 70
0
  0
VERTEX
  5
151D
  8
LOGO
 10
20.144748412310697
 20
1.5626038104543238
 30
0.0
 70
0
  0
VERTEX
  5
151E
  8
LOGO
 10
20.144748412310697
 20
1.5797508549096244
 30
0.0
 70
0
  0
VERTEX
  5
151F
  8
LOGO
 10
20.145383488031264
 20
1.594357596482658
 30
0.0
 70
0
  0
VERTEX
  5
1520
  8
LOGO
 10
20.14601856375183
 20
1.6064240351734247
 30
0.0
 70
0
  0
VERTEX
  5
1521
  8
LOGO
 10
20.147288715192964
 20
1.6165852467024917
 30
0.0
 70
0
  0
VERTEX
  5
1522
  8
LOGO
 10
20.149193942354664
 20
1.6254763067904254
 30
0.0
 70
0
  0
VERTEX
  5
1523
  8
LOGO
 10
20.15173424523693
 20
1.6337322911577925
 30
0.0
 70
0
  0
VERTEX
  5
1524
  8
LOGO
 10
20.154909623839764
 20
1.641988275525159
 30
0.0
 70
0
  0
VERTEX
  5
1525
  8
LOGO
 10
20.15935515388373
 20
1.6502442598925258
 30
0.0
 70
0
  0
VERTEX
  5
1526
  8
LOGO
 10
20.16697606253053
 20
1.6635808500244262
 30
0.0
 70
0
  0
VERTEX
  5
1527
  8
LOGO
 10
20.175867122618463
 20
1.67628236443576
 30
0.0
 70
0
  0
VERTEX
  5
1528
  8
LOGO
 10
20.186028334147533
 20
1.6896189545676603
 30
0.0
 70
0
  0
VERTEX
  5
1529
  8
LOGO
 10
20.1961895456766
 20
1.7016853932584273
 30
0.0
 70
0
  0
VERTEX
  5
152A
  8
LOGO
 10
20.2076209086468
 20
1.7137518319491938
 30
0.0
 70
0
  0
VERTEX
  5
152B
  8
LOGO
 10
20.219052271617
 20
1.7245481191988281
 30
0.0
 70
0
  0
VERTEX
  5
152C
  8
LOGO
 10
20.22984855886663
 20
1.7334391792867614
 30
0.0
 70
0
  0
VERTEX
  5
152D
  8
LOGO
 10
20.241279921836835
 20
1.7410600879335616
 30
0.0
 70
0
  0
VERTEX
  5
152E
  8
LOGO
 10
20.2514411333659
 20
1.7467757694186619
 30
0.0
 70
0
  0
VERTEX
  5
152F
  8
LOGO
 10
20.264142647777234
 20
1.752491450903762
 30
0.0
 70
0
  0
VERTEX
  5
1530
  8
LOGO
 10
20.276844162188567
 20
1.7575720566682957
 30
0.0
 70
0
  0
VERTEX
  5
1531
  8
LOGO
 10
20.290815828041033
 20
1.7620175867122618
 30
0.0
 70
0
  0
VERTEX
  5
1532
  8
LOGO
 10
20.305422569614066
 20
1.7658280410356624
 30
0.0
 70
0
  0
VERTEX
  5
1533
  8
LOGO
 10
20.319394235466536
 20
1.7690034196384956
 30
0.0
 70
0
  0
VERTEX
  5
1534
  8
LOGO
 10
20.332730825598436
 20
1.7709086468001956
 30
0.0
 70
0
  0
VERTEX
  5
1535
  8
LOGO
 10
20.344797264289202
 20
1.7715437225207622
 30
0.0
 70
0
  0
VERTEX
  5
1536
  8
LOGO
 10
20.3505129457743
 20
1.7715437225207622
 30
0.0
 70
0
  0
VERTEX
  5
1537
  8
LOGO
 10
20.356863702979968
 20
1.7709086468001956
 30
0.0
 70
0
  0
VERTEX
  5
1538
  8
LOGO
 10
20.3638495359062
 20
1.7702735710796296
 30
0.0
 70
0
  0
VERTEX
  5
1539
  8
LOGO
 10
20.371470444553005
 20
1.7690034196384956
 30
0.0
 70
0
  0
VERTEX
  5
153A
  8
LOGO
 10
20.37972642892037
 20
1.767733268197362
 30
0.0
 70
0
  0
VERTEX
  5
153B
  8
LOGO
 10
20.387982413287737
 20
1.766463116756229
 30
0.0
 70
0
  0
VERTEX
  5
153C
  8
LOGO
 10
20.396238397655104
 20
1.7645578895945284
 30
0.0
 70
0
  0
SEQEND
  5
14D4
  8
LOGO
  0
ENDSEC
  0
EOF
