  0
SECTION
  2
HEADER
  9
$ACADVER
  1
AC1009
  9
$DWGCODEPAGE
  3
ANSI_1252
  9
$INSBASE
 10
0.0
 20
0.0
 30
0.0
  9
$EXTMIN
 10
1e+20
 20
1e+20
 30
1e+20
  9
$EXTMAX
 10
-1e+20
 20
-1e+20
 30
-1e+20
  9
$LIMMIN
 10
0.0
 20
0.0
  9
$LIMMAX
 10
420.0
 20
297.0
  9
$ORTHOMODE
 70
0
  9
$REGENMODE
 70
1
  9
$FILLMODE
 70
1
  9
$DRAGMODE
 70
2
  9
$QTEXTMODE
 70
0
  9
$MIRRTEXT
 70
1
  9
$OSMODE
 70
20583
  9
$LTSCALE
 40
1.0
  9
$ATTMODE
 70
1
  9
$TEXTSIZE
 40
2.5
  9
$TRACEWID
 40
1.0
  9
$TEXTSTYLE
  7
Standard
  9
$CLAYER
  8
0
  9
$CELTYPE
  6
ByLayer
  9
$CECOLOR
 62
256
  9
$DIMSCALE
 40
1.0
  9
$DIMASZ
 40
2.5
  9
$DIMEXO
 40
0.625
  9
$DIMDLI
 40
3.75
  9
$DIMRND
 40
0.0
  9
$DIMDLE
 40
0.0
  9
$DIMEXE
 40
1.25
  9
$DIMTP
 40
0.0
  9
$DIMTM
 40
0.0
  9
$DIMTXT
 40
2.5
  9
$DIMCEN
 40
2.5
  9
$DIMTSZ
 40
0.0
  9
$DIMTOL
 70
0
  9
$DIMLIM
 70
0
  9
$DIMTIH
 70
0
  9
$DIMTOH
 70
0
  9
$DIMSE1
 70
0
  9
$DIMSE2
 70
0
  9
$DIMTAD
 70
1
  9
$DIMZIN
 70
8
  9
$DIMBLK
  1

  9
$DIMASO
 70
1
  9
$DIMSHO
 70
1
  9
$DIMPOST
  1

  9
$DIMAPOST
  1

  9
$DIMALT
 70
0
  9
$DIMALTD
 70
3
  9
$DIMALTF
 40
0.03937007874
  9
$DIMLFAC
 40
1.0
  9
$DIMTOFL
 70
1
  9
$DIMTVP
 40
0.0
  9
$DIMTIX
 70
0
  9
$DIMSOXD
 70
0
  9
$DIMSAH
 70
0
  9
$DIMBLK1
  1

  9
$DIMBLK2
  1

  9
$DIMSTYLE
  2
ISO-25
  9
$DIMCLRD
 70
0
  9
$DIMCLRE
 70
0
  9
$DIMCLRT
 70
0
  9
$DIMTFAC
 40
1.0
  9
$DIMGAP
 40
0.625
  9
$COORDS
 70
1
  9
$ATTDIA
 70
0
  9
$ATTREQ
 70
1
  9
$HANDLING
 70
1
  9
$LUNITS
 70
2
  9
$LUPREC
 70
4
  9
$SKETCHINC
 40
1.0
  9
$FILLETRAD
 40
10.0
  9
$AUNITS
 70
0
  9
$AUPREC
 70
2
  9
$MENU
  1
.
  9
$ELEVATION
 40
0.0
  9
$PELEVATION
 40
0.0
  9
$THICKNESS
 40
0.0
  9
$LIMCHECK
 70
0
  9
$CHAMFERA
 40
0.0
  9
$CHAMFERB
 40
0.0
  9
$SKPOLY
 70
0
  9
$TDCREATE
 40
2461313.3853935185
  9
$TDUPDATE
 40
2461313.3853935185
  9
$TDINDWG
 40
0.0
  9
$TDUSRTIMER
 40
0.0
  9
$USRTIMER
 70
1
  9
$ANGBASE
 50
0.0
  9
$ANGDIR
 70
0
  9
$PDMODE
 70
0
  9
$PDSIZE
 40
0.0
  9
$PLINEWID
 40
0.0
  9
$SPLFRAME
 70
0
  9
$SPLINETYPE
 70
6
  9
$SPLINESEGS
 70
8
  9
$HANDSEED
  5
D3D
  9
$SURFTAB1
 70
6
  9
$SURFTAB2
 70
6
  9
$SURFTYPE
 70
6
  9
$SURFU
 70
6
  9
$SURFV
 70
6
  9
$UCSNAME
  2

  9
$UCSORG
 10
0.0
 20
0.0
 30
0.0
  9
$UCSXDIR
 10
1.0
 20
0.0
 30
0.0
  9
$UCSYDIR
 10
0.0
 20
1.0
 30
0.0
  9
$PUCSNAME
  2

  9
$PUCSORG
 10
0.0
 20
0.0
 30
0.0
  9
$PUCSXDIR
 10
1.0
 20
0.0
 30
0.0
  9
$PUCSYDIR
 10
0.0
 20
1.0
 30
0.0
  9
$USERI1
 70
0
  9
$USERI2
 70
0
  9
$USERI3
 70
0
  9
$USERI4
 70
0
  9
$USERI5
 70
0
  9
$USERR1
 40
0.0
  9
$USERR2
 40
0.0
  9
$USERR3
 40
0.0
  9
$USERR4
 40
0.0
  9
$USERR5
 40
0.0
  9
$WORLDVIEW
 70
1
  9
$SHADEDGE
 70
3
  9
$SHADEDIF
 70
70
  9
$TILEMODE
 70
1
  9
$MAXACTVP
 70
64
  9
$PLIMCHECK
 70
0
  9
$PEXTMIN
 10
1e+20
 20
1e+20
 30
1e+20
  9
$PEXTMAX
 10
-1e+20
 20
-1e+20
 30
-1e+20
  9
$PLIMMIN
 10
0.0
 20
0.0
  9
$PLIMMAX
 10
420.0
 20
297.0
  9
$UNITMODE
 70
0
  9
$VISRETAIN
 70
1
  9
$PLINEGEN
 70
0
  9
$PSLTSCALE
 70
1
  0
ENDSEC
  0
SECTION
  2
TABLES
  0
TABLE
  2
VPORT
 70
1
  0
VPORT
  5
23
  2
*Active
 70
0
 10
0.0
 20
0.0
 11
1.0
 21
1.0
 12
0.0
 22
0.0
 13
0.0
 23
0.0
 14
0.5
 24
0.5
 15
0.5
 25
0.5
 16
0.0
 26
0.0
 36
1.0
 17
0.0
 27
0.0
 37
0.0
 40
1000.0
 41
1.34
 42
50.0
 43
0.0
 44
0.0
 50
0.0
 51
0.0
 71
0
 72
1000
 73
1
 74
3
 75
0
 76
0
 77
0
 78
0
  0
ENDTAB
  0
TABLE
  2
LTYPE
 70
3
  0
LTYPE
  5
24
  2
ByBlock
 70
0
  3

 72
65
 73
0
 40
0.0
  0
LTYPE
  5
25
  2
ByLayer
 70
0
  3

 72
65
 73
0
 40
0.0
  0
LTYPE
  5
26
  2
Continuous
 70
0
  3

 72
65
 73
0
 40
0.0
  0
ENDTAB
  0
TABLE
  2
LAYER
 70
5
  0
LAYER
  5
27
  2
0
 70
0
 62
7
  6
Continuous
  0
LAYER
  5
28
  2
Defpoints
 70
0
 62
7
  6
Continuous
  0
LAYER
  5
2D
  2
TAG
 70
0
 62
7
  6
Continuous
  0
LAYER
  5
2E
  2
TEXT
 70
0
 62
7
  6
Continuous
  0
LAYER
  5
2F
  2
LOGO
 70
0
 62
7
  6
Continuous
  0
ENDTAB
  0
TABLE
  2
STYLE
 70
1
  0
STYLE
  5
29
  2
Standard
 70
0
 40
0.0
 41
1.0
 50
0.0
 71
0
 42
2.5
  3
txt
  4

  0
ENDTAB
  0
TABLE
  2
VIEW
 70
0
  0
ENDTAB
  0
TABLE
  2
UCS
 70
0
  0
ENDTAB
  0
TABLE
  2
APPID
 70
3
  0
APPID
  5
2A
  2
ACAD
 70
0
  0
APPID
  5
D3B
  2
HATCHBACKGROUNDCOLOR
 70
0
  0
APPID
  5
D3C
  2
EZDXF
 70
0
  0
ENDTAB
  0
TABLE
  2
DIMSTYLE
 70
1
  0
DIMSTYLE
105
2B
  2
Standard
 70
0
  3

  4

  5

  6

  7

 40
1.0
 41
2.5
 42
0.625
 43
3.75
 44
1.25
 45
0.0
 46
0.0
 47
0.0
 48
0.0
140
2.5
141
2.5
142
0.0
143
0.03937007874
144
1.0
145
0.0
146
1.0
147
0.625
 71
0
 72
0
 73
0
 74
0
 75
0
 76
0
 77
1
 78
8
170
0
171
3
172
1
173
0
174
0
175
0
176
0
177
0
178
0
  0
ENDTAB
  0
ENDSEC
  0
SECTION
  2
BLOCKS
  0
BLOCK
  5
18
  8
0
  2
$Model_Space
 70
0
 10
0.0
 20
0.0
 30
0.0
  3
$Model_Space
  1

1001
EZDXF
1000
CREATED_BY_EZDXF
1000
1.4.2 @ 2026-09-29T14:14:58.050865+00:00
1000
WRITTEN_BY_EZDXF
1000
1.4.2 @ 2026-09-29T14:14:58.105154+00:00
  0
ENDBLK
  5
19
  8
0
  0
BLOCK
  5
1C
  8
0
  2
$Paper_Space
 70
0
 10
0.0
 20
0.0
 30
0.0
  3
$Paper_Space
  1

  0
ENDBLK
  5
1D
  8
0
  0
ENDSEC
  0
SECTION
  2
ENTITIES
  0
POLYLINE
  5
30
  8
TAG
 66
1
 10
0.0
 20
0.0
 30
0.0
 70
1
  0
VERTEX
  5
32
  8
TAG
 10
-10.4
 20
10.4
 30
0.0
 70
0
  0
VERTEX
  5
33
  8
TAG
 10
-10.4
 20
-10.400000000000002
 30
0.0
 70
0
  0
VERTEX
  5
34
  8
TAG
 10
10.400000000000002
 20
-10.400000000000002
 30
0.0
 70
0
  0
VERTEX
  5
35
  8
TAG
 10
10.400000000000002
 20
10.4
 30
0.0
 70
0
  0
SEQEND
  5
31
  8
TAG
  0
POLYLINE
  5
36
  8
TAG
 66
1
 10
0.0
 20
0.0
 30
0.0
 70
1
  0
VERTEX
  5
38
  8
TAG
 10
-7.8
 20
7.8
 30
0.0
 70
0
  0
VERTEX
  5
39
  8
TAG
 10
-2.5999999999999996
 20
7.8
 30
0.0
 70
0
  0
VERTEX
  5
3A
  8
TAG
 10
-2.5999999999999996
 20
5.199999999999999
 30
0.0
 70
0
  0
VERTEX
  5
3B
  8
TAG
 10
0.0
 20
5.199999999999999
 30
0.0
 70
0
  0
VERTEX
  5
3C
  8
TAG
 10
0.0
 20
7.8
 30
0.0
 70
0
  0
VERTEX
  5
3D
  8
TAG
 10
2.6000000000000014
 20
7.8
 30
0.0
 70
0
  0
VERTEX
  5
3E
  8
TAG
 10
2.6000000000000014
 20
2.5999999999999996
 30
0.0
 70
0
  0
VERTEX
  5
3F
  8
TAG
 10
0.0
 20
2.5999999999999996
 30
0.0
 70
0
  0
VERTEX
  5
40
  8
TAG
 10
0.0
 20
-2.6000000000000014
 30
0.0
 70
0
  0
VERTEX
  5
41
  8
TAG
 10
5.199999999999999
 20
-2.6000000000000014
 30
0.0
 70
0
  0
VERTEX
  5
42
  8
TAG
 10
5.199999999999999
 20
-5.199999999999999
 30
0.0
 70
0
  0
VERTEX
  5
43
  8
TAG
 10
2.6000000000000014
 20
-5.199999999999999
 30
0.0
 70
0
  0
VERTEX
  5
44
  8
TAG
 10
2.6000000000000014
 20
-7.800000000000001
 30
0.0
 70
0
  0
VERTEX
  5
45
  8
TAG
 10
0.0
 20
-7.800000000000001
 30
0.0
 70
0
  0
VERTEX
  5
46
  8
TAG
 10
0.0
 20
-2.6000000000000014
 30
0.0
 70
0
  0
VERTEX
  5
47
  8
TAG
 10
-2.5999999999999996
 20
-2.6000000000000014
 30
0.0
 70
0
  0
VERTEX
  5
48
  8
TAG
 10
-2.5999999999999996
 20
-5.199999999999999
 30
0.0
 70
0
  0
VERTEX
  5
49
  8
TAG
 10
-5.199999999999999
 20
-5.199999999999999
 30
0.0
 70
0
  0
VERTEX
  5
4A
  8
TAG
 10
-5.199999999999999
 20
-2.6000000000000014
 30
0.0
 70
0
  0
VERTEX
  5
4B
  8
TAG
 10
-7.8
 20
-2.6000000000000014
 30
0.0
 70
0
  0
VERTEX
  5
4C
  8
TAG
 10
-7.8
 20
0.0
 30
0.0
 70
0
  0
VERTEX
  5
4D
  8
TAG
 10
-5.199999999999999
 20
0.0
 30
0.0
 70
0
  0
VERTEX
  5
4E
  8
TAG
 10
-5.199999999999999
 20
5.199999999999999
 30
0.0
 70
0
  0
VERTEX
  5
4F
  8
TAG
 10
-7.8
 20
5.199999999999999
 30
0.0
 70
0
  0
SEQEND
  5
37
  8
TAG
  0
POLYLINE
  5
50
  8
TAG
 66
1
 10
0.0
 20
0.0
 30
0.0
 70
1
  0
VERTEX
  5
52
  8
TAG
 10
5.199999999999999
 20
7.8
 30
0.0
 70
0
  0
VERTEX
  5
53
  8
TAG
 10
7.800000000000001
 20
7.8
 30
0.0
 70
0
  0
VERTEX
  5
54
  8
TAG
 10
7.800000000000001
 20
2.5999999999999996
 30
0.0
 70
0
  0
VERTEX
  5
55
  8
TAG
 10
5.199999999999999
 20
2.5999999999999996
 30
0.0
 70
0
  0
SEQEND
  5
51
  8
TAG
  0
POLYLINE
  5
56
  8
TAG
 66
1
 10
0.0
 20
0.0
 30
0.0
 70
1
  0
VERTEX
  5
58
  8
TAG
 10
-5.199999999999999
 20
0.0
 30
0.0
 70
0
  0
VERTEX
  5
59
  8
TAG
 10
-5.199999999999999
 20
-2.6000000000000014
 30
0.0
 70
0
  0
VERTEX
  5
5A
  8
TAG
 10
-2.5999999999999996
 20
-2.6000000000000014
 30
0.0
 70
0
  0
VERTEX
  5
5B
  8
TAG
 10
-2.5999999999999996
 20
0.0
 30
0.0
 70
0
  0
SEQEND
  5
57
  8
TAG
  0
POLYLINE
  5
5C
  8
TEXT
 66
1
 10
0.0
 20
0.0
 30
0.0
 70
1
  0
VERTEX
  5
5E
  8
TEXT
 10
-6.997785355700282
 20
18.69488964264682
 30
0.0
 70
0
  0
VERTEX
  5
5F
  8
TEXT
 10
-7.034707590929449
 20
18.681419766573043
 30
0.0
 70
0
  0
VERTEX
  5
60
  8
TEXT
 10
-7.071598462487856
 20
18.669139764636043
 30
0.0
 70
0
  0
VERTEX
  5
61
  8
TEXT
 10
-7.108457970375501
 20
18.65804963683582
 30
0.0
 70
0
  0
VERTEX
  5
62
  8
TEXT
 10
-7.145286114592385
 20
18.64814938317237
 30
0.0
 70
0
  0
VERTEX
  5
63
  8
TEXT
 10
-7.1820828951385085
 20
18.6394390036457
 30
0.0
 70
0
  0
VERTEX
  5
64
  8
TEXT
 10
-7.21884831201387
 20
18.6319184982558
 30
0.0
 70
0
  0
VERTEX
  5
65
  8
TEXT
 10
-7.255582365218471
 20
18.62558786700268
 30
0.0
 70
0
  0
VERTEX
  5
66
  8
TEXT
 10
-7.292285054752311
 20
18.62044710988633
 30
0.0
 70
0
  0
VERTEX
  5
67
  8
TEXT
 10
-7.32895638061539
 20
18.61649622690676
 30
0.0
 70
0
  0
VERTEX
  5
68
  8
TEXT
 10
-7.365596342807707
 20
18.613735218063965
 30
0.0
 70
0
  0
VERTEX
  5
69
  8
TEXT
 10
-7.402204941329264
 20
18.612164083357943
 30
0.0
 70
0
  0
VERTEX
  5
6A
  8
TEXT
 10
-7.438782176180059
 20
18.6117828227887
 30
0.0
 70
0
  0
VERTEX
  5
6B
  8
TEXT
 10
-7.475328047360094
 20
18.61259143635623
 30
0.0
 70
0
  0
VERTEX
  5
6C
  8
TEXT
 10
-7.514719643244411
 20
18.61473212466671
 30
0.0
 70
0
  0
VERTEX
  5
6D
  8
TEXT
 10
-7.55374568731728
 20
18.618113163220322
 30
0.0
 70
0
  0
VERTEX
  5
6E
  8
TEXT
 10
-7.592406179578699
 20
18.622734552017064
 30
0.0
 70
0
  0
VERTEX
  5
6F
  8
TEXT
 10
-7.63070112002867
 20
18.628596291056944
 30
0.0
 70
0
  0
VERTEX
  5
70
  8
TEXT
 10
-7.668630508667192
 20
18.635698380339953
 30
0.0
 70
0
  0
VERTEX
  5
71
  8
TEXT
 10
-7.706194345494265
 20
18.6440408198661
 30
0.0
 70
0
  0
VERTEX
  5
72
  8
TEXT
 10
-7.74339263050989
 20
18.65362360963538
 30
0.0
 70
0
  0
VERTEX
  5
73
  8
TEXT
 10
-7.780225363714066
 20
18.664446749647787
 30
0.0
 70
0
  0
VERTEX
  5
74
  8
TEXT
 10
-7.816692545106792
 20
18.676510239903333
 30
0.0
 70
0
  0
VERTEX
  5
75
  8
TEXT
 10
-7.852794174688071
 20
18.68981408040201
 30
0.0
 70
0
  0
VERTEX
  5
76
  8
TEXT
 10
-7.8885302524579
 20
18.70435827114382
 30
0.0
 70
0
  0
VERTEX
  5
77
  8
TEXT
 10
-7.9239007784162805
 20
18.720142812128763
 30
0.0
 70
0
  0
VERTEX
  5
78
  8
TEXT
 10
-7.9587676354475905
 20
18.737103595106994
 30
0.0
 70
0
  0
VERTEX
  5
79
  8
TEXT
 10
-7.992992706436205
 20
18.755176511828672
 30
0.0
 70
0
  0
VERTEX
  5
7A
  8
TEXT
 10
-8.026575991382126
 20
18.77436156229379
 30
0.0
 70
0
  0
VERTEX
  5
7B
  8
TEXT
 10
-8.059517490285353
 20
18.794658746502353
 30
0.0
 70
0
  0
VERTEX
  5
7C
  8
TEXT
 10
-8.091817203145887
 20
18.81606806445436
 30
0.0
 70
0
  0
VERTEX
  5
7D
  8
TEXT
 10
-8.123475129963726
 20
18.83858951614981
 30
0.0
 70
0
  0
VERTEX
  5
7E
  8
TEXT
 10
-8.15449127073887
 20
18.8622231015887
 30
0.0
 70
0
  0
VERTEX
  5
7F
  8
TEXT
 10
-8.184865625471321
 20
18.88696882077104
 30
0.0
 70
0
  0
VERTEX
  5
80
  8
TEXT
 10
-8.214598194161079
 20
18.912826673696816
 30
0.0
 70
0
  0
VERTEX
  5
81
  8
TEXT
 10
-8.24368897680814
 20
18.939796660366042
 30
0.0
 70
0
  0
VERTEX
  5
82
  8
TEXT
 10
-8.27213797341251
 20
18.967878780778708
 30
0.0
 70
0
  0
VERTEX
  5
83
  8
TEXT
 10
-8.299945183974184
 20
18.997073034934818
 30
0.0
 70
0
  0
VERTEX
  5
84
  8
TEXT
 10
-8.324906019097831
 20
19.02496168442505
 30
0.0
 70
0
  0
VERTEX
  5
85
  8
TEXT
 10
-8.349044553625088
 20
19.053703963305907
 30
0.0
 70
0
  0
VERTEX
  5
86
  8
TEXT
 10
-8.372360787555955
 20
19.08329987157739
 30
0.0
 70
0
  0
VERTEX
  5
87
  8
TEXT
 10
-8.394854720890434
 20
19.113749409239492
 30
0.0
 70
0
  0
VERTEX
  5
88
  8
TEXT
 10
-8.416526353628521
 20
19.145052576292215
 30
0.0
 70
0
  0
VERTEX
  5
89
  8
TEXT
 10
-8.43737568577022
 20
19.177209372735568
 30
0.0
 70
0
  0
VERTEX
  5
8A
  8
TEXT
 10
-8.457402717315532
 20
19.21021979856954
 30
0.0
 70
0
  0
VERTEX
  5
8B
  8
TEXT
 10
-8.476607448264451
 20
19.244083853794134
 30
0.0
 70
0
  0
VERTEX
  5
8C
  8
TEXT
 10
-8.494989878616982
 20
19.278801538409354
 30
0.0
 70
0
  0
VERTEX
  5
8D
  8
TEXT
 10
-8.512550008373124
 20
19.314372852415197
 30
0.0
 70
0
  0
VERTEX
  5
8E
  8
TEXT
 10
-8.529287837532875
 20
19.350797795811662
 30
0.0
 70
0
  0
VERTEX
  5
8F
  8
TEXT
 10
-8.545203366096239
 20
19.38807636859875
 30
0.0
 70
0
  0
VERTEX
  5
90
  8
TEXT
 10
-8.56029659406321
 20
19.42620857077646
 30
0.0
 70
0
  0
VERTEX
  5
91
  8
TEXT
 10
-8.574396992605996
 20
19.464726460512995
 30
0.0
 70
0
  0
VERTEX
  5
92
  8
TEXT
 10
-8.587334032896795
 20
19.50316209597655
 30
0.0
 70
0
  0
VERTEX
  5
93
  8
TEXT
 10
-8.59910771493561
 20
19.541515477167124
 30
0.0
 70
0
  0
VERTEX
  5
94
  8
TEXT
 10
-8.609718038722436
 20
19.579786604084724
 30
0.0
 70
0
  0
VERTEX
  5
95
  8
TEXT
 10
-8.619165004257276
 20
19.61797547672934
 30
0.0
 70
0
  0
VERTEX
  5
96
  8
TEXT
 10
-8.627448611540132
 20
19.656082095100977
 30
0.0
 70
0
  0
VERTEX
  5
97
  8
TEXT
 10
-8.634568860571001
 20
19.694106459199638
 30
0.0
 70
0
  0
VERTEX
  5
98
  8
TEXT
 10
-8.640525751349884
 20
19.73204856902532
 30
0.0
 70
0
  0
VERTEX
  5
99
  8
TEXT
 10
-8.64531928387678
 20
19.76990842457802
 30
0.0
 70
0
  0
VERTEX
  5
9A
  8
TEXT
 10
-8.64894945815169
 20
19.80768602585774
 30
0.0
 70
0
  0
VERTEX
  5
9B
  8
TEXT
 10
-8.651416274174615
 20
19.845381372864487
 30
0.0
 70
0
  0
VERTEX
  5
9C
  8
TEXT
 10
-8.652719731945554
 20
19.88299446559825
 30
0.0
 70
0
  0
VERTEX
  5
9D
  8
TEXT
 10
-8.652859831464507
 20
19.920525304059034
 30
0.0
 70
0
  0
VERTEX
  5
9E
  8
TEXT
 10
-8.651759167634726
 20
19.96092726300418
 30
0.0
 70
0
  0
VERTEX
  5
9F
  8
TEXT
 10
-8.64941393196064
 20
20.000905431970306
 30
0.0
 70
0
  0
VERTEX
  5
A0
  8
TEXT
 10
-8.645824124442248
 20
20.040459810957415
 30
0.0
 70
0
  0
VERTEX
  5
A1
  8
TEXT
 10
-8.640989745079548
 20
20.079590399965504
 30
0.0
 70
0
  0
VERTEX
  5
A2
  8
TEXT
 10
-8.634910793872542
 20
20.118297198994576
 30
0.0
 70
0
  0
VERTEX
  5
A3
  8
TEXT
 10
-8.627587270821232
 20
20.15658020804463
 30
0.0
 70
0
  0
VERTEX
  5
A4
  8
TEXT
 10
-8.619019175925615
 20
20.194439427115665
 30
0.0
 70
0
  0
VERTEX
  5
A5
  8
TEXT
 10
-8.609206509185691
 20
20.231874856207682
 30
0.0
 70
0
  0
VERTEX
  5
A6
  8
TEXT
 10
-8.59814927060146
 20
20.268886495320682
 30
0.0
 70
0
  0
VERTEX
  5
A7
  8
TEXT
 10
-8.585847460172925
 20
20.305474344454662
 30
0.0
 70
0
  0
VERTEX
  5
A8
  8
TEXT
 10
-8.572301077900082
 20
20.341638403609625
 30
0.0
 70
0
  0
VERTEX
  5
A9
  8
TEXT
 10
-8.557510123782933
 20
20.37737867278557
 30
0.0
 70
0
  0
VERTEX
  5
AA
  8
TEXT
 10
-8.541546918113928
 20
20.41256288481911
 30
0.0
 70
0
  0
VERTEX
  5
AB
  8
TEXT
 10
-8.524483781185515
 20
20.44705877254686
 30
0.0
 70
0
  0
VERTEX
  5
AC
  8
TEXT
 10
-8.506320712997692
 20
20.480866335968823
 30
0.0
 70
0
  0
VERTEX
  5
AD
  8
TEXT
 10
-8.48705771355046
 20
20.513985575084995
 30
0.0
 70
0
  0
VERTEX
  5
AE
  8
TEXT
 10
-8.46669478284382
 20
20.54641648989538
 30
0.0
 70
0
  0
VERTEX
  5
AF
  8
TEXT
 10
-8.44523192087777
 20
20.57815908039997
 30
0.0
 70
0
  0
VERTEX
  5
B0
  8
TEXT
 10
-8.422669127652314
 20
20.60921334659877
 30
0.0
 70
0
  0
VERTEX
  5
B1
  8
TEXT
 10
-8.399006403167448
 20
20.639579288491788
 30
0.0
 70
0
  0
VERTEX
  5
B2
  8
TEXT
 10
-8.374243747423176
 20
20.66925690607901
 30
0.0
 70
0
  0
VERTEX
  5
B3
  8
TEXT
 10
-8.348381160419493
 20
20.698246199360444
 30
0.0
 70
0
  0
VERTEX
  5
B4
  8
TEXT
 10
-8.3214186421564
 20
20.72654716833609
 30
0.0
 70
0
  0
VERTEX
  5
B5
  8
TEXT
 10
-8.293356192633901
 20
20.754159813005945
 30
0.0
 70
0
  0
VERTEX
  5
B6
  8
TEXT
 10
-8.26652650805285
 20
20.778908649835962
 30
0.0
 70
0
  0
VERTEX
  5
B7
  8
TEXT
 10
-8.238860374590688
 20
20.802813346448552
 30
0.0
 70
0
  0
VERTEX
  5
B8
  8
TEXT
 10
-8.210357792247416
 20
20.82587390284371
 30
0.0
 70
0
  0
VERTEX
  5
B9
  8
TEXT
 10
-8.181018761023033
 20
20.84809031902144
 30
0.0
 70
0
  0
VERTEX
  5
BA
  8
TEXT
 10
-8.150843280917538
 20
20.869462594981744
 30
0.0
 70
0
  0
VERTEX
  5
BB
  8
TEXT
 10
-8.119831351930934
 20
20.889990730724616
 30
0.0
 70
0
  0
VERTEX
  5
BC
  8
TEXT
 10
-8.087982974063218
 20
20.909674726250056
 30
0.0
 70
0
  0
VERTEX
  5
BD
  8
TEXT
 10
-8.05529814731439
 20
20.92851458155807
 30
0.0
 70
0
  0
VERTEX
  5
BE
  8
TEXT
 10
-8.021776871684454
 20
20.946510296648654
 30
0.0
 70
0
  0
VERTEX
  5
BF
  8
TEXT
 10
-7.987419147173406
 20
20.963661871521808
 30
0.0
 70
0
  0
VERTEX
  5
C0
  8
TEXT
 10
-7.952224973781248
 20
20.979969306177534
 30
0.0
 70
0
  0
VERTEX
  5
C1
  8
TEXT
 10
-7.916194351507978
 20
20.99543260061583
 30
0.0
 70
0
  0
VERTEX
  5
C2
  8
TEXT
 10
-7.879327280353598
 20
21.010051754836695
 30
0.0
 70
0
  0
VERTEX
  5
C3
  8
TEXT
 10
-7.839436002626626
 20
21.024594783395443
 30
0.0
 70
0
  0
VERTEX
  5
C4
  8
TEXT
 10
-7.799794323085564
 20
21.037750107263676
 30
0.0
 70
0
  0
VERTEX
  5
C5
  8
TEXT
 10
-7.760402241730411
 20
21.049517726441383
 30
0.0
 70
0
  0
VERTEX
  5
C6
  8
TEXT
 10
-7.7212597585611675
 20
21.059897640928572
 30
0.0
 70
0
  0
VERTEX
  5
C7
  8
TEXT
 10
-7.682366873577834
 20
21.06888985072524
 30
0.0
 70
0
  0
VERTEX
  5
C8
  8
TEXT
 10
-7.6437235867804105
 20
21.076494355831386
 30
0.0
 70
0
  0
VERTEX
  5
C9
  8
TEXT
 10
-7.605329898168897
 20
21.08271115624701
 30
0.0
 70
0
  0
VERTEX
  5
CA
  8
TEXT
 10
-7.567185807743292
 20
21.087540251972115
 30
0.0
 70
0
  0
VERTEX
  5
CB
  8
TEXT
 10
-7.529291315503597
 20
21.090981643006703
 30
0.0
 70
0
  0
VERTEX
  5
CC
  8
TEXT
 10
-7.491646421449812
 20
21.093035329350766
 30
0.0
 70
0
  0
VERTEX
  5
CD
  8
TEXT
 10
-7.454251125581937
 20
21.09370131100431
 30
0.0
 70
0
  0
VERTEX
  5
CE
  8
TEXT
 10
-7.417105427899971
 20
21.092979587967335
 30
0.0
 70
0
  0
VERTEX
  5
CF
  8
TEXT
 10
-7.377036454574191
 20
21.09081945682794
 30
0.0
 70
0
  0
VERTEX
  5
D0
  8
TEXT
 10
-7.337602404245603
 20
21.08742759151645
 30
0.0
 70
0
  0
VERTEX
  5
D1
  8
TEXT
 10
-7.298803276914205
 20
21.082803992032876
 30
0.0
 70
0
  0
VERTEX
  5
D2
  8
TEXT
 10
-7.260639072579999
 20
21.076948658377205
 30
0.0
 70
0
  0
VERTEX
  5
D3
  8
TEXT
 10
-7.223109791242985
 20
21.069861590549447
 30
0.0
 70
0
  0
VERTEX
  5
D4
  8
TEXT
 10
-7.186215432903161
 20
21.061542788549595
 30
0.0
 70
0
  0
VERTEX
  5
D5
  8
TEXT
 10
-7.149955997560529
 20
21.051992252377655
 30
0.0
 70
0
  0
VERTEX
  5
D6
  8
TEXT
 10
-7.1143314852150885
 20
21.04120998203362
 30
0.0
 70
0
  0
VERTEX
  5
D7
  8
TEXT
 10
-7.079341895866838
 20
21.029195977517496
 30
0.0
 70
0
  0
VERTEX
  5
D8
  8
TEXT
 10
-7.0449872295157805
 20
21.01595023882928
 30
0.0
 70
0
  0
VERTEX
  5
D9
  8
TEXT
 10
-7.0112674861619135
 20
21.001472765968973
 30
0.0
 70
0
  0
VERTEX
  5
DA
  8
TEXT
 10
-6.975190046855793
 20
20.984319540668352
 30
0.0
 70
0
  0
VERTEX
  5
DB
  8
TEXT
 10
-6.940442749019026
 20
20.96606521264847
 30
0.0
 70
0
  0
VERTEX
  5
DC
  8
TEXT
 10
-6.907025592651616
 20
20.94670978190932
 30
0.0
 70
0
  0
VERTEX
  5
DD
  8
TEXT
 10
-6.874938577753557
 20
20.926253248450905
 30
0.0
 70
0
  0
VERTEX
  5
DE
  8
TEXT
 10
-6.844181704324855
 20
20.90469561227323
 30
0.0
 70
0
  0
VERTEX
  5
DF
  8
TEXT
 10
-6.814754972365506
 20
20.882036873376286
 30
0.0
 70
0
  0
VERTEX
  5
E0
  8
TEXT
 10
-6.7866583818755135
 20
20.858277031760082
 30
0.0
 70
0
  0
VERTEX
  5
E1
  8
TEXT
 10
-6.759891932854874
 20
20.83341608742461
 30
0.0
 70
0
  0
VERTEX
  5
E2
  8
TEXT
 10
-6.73445562530359
 20
20.807454040369876
 30
0.0
 70
0
  0
VERTEX
  5
E3
  8
TEXT
 10
-6.710349459221661
 20
20.780390890595875
 30
0.0
 70
0
  0
VERTEX
  5
E4
  8
TEXT
 10
-7.009937431240309
 20
20.467246604738474
 30
0.0
 70
0
  0
VERTEX
  5
E5
  8
TEXT
 10
-7.036377010810055
 20
20.49560586762862
 30
0.0
 70
0
  0
VERTEX
  5
E6
  8
TEXT
 10
-7.064083422284903
 20
20.522086681543325
 30
0.0
 70
0
  0
VERTEX
  5
E7
  8
TEXT
 10
-7.093056665664856
 20
20.546689046482594
 30
0.0
 70
0
  0
VERTEX
  5
E8
  8
TEXT
 10
-7.123296740949913
 20
20.56941296244642
 30
0.0
 70
0
  0
VERTEX
  5
E9
  8
TEXT
 10
-7.1548036481400725
 20
20.59025842943481
 30
0.0
 70
0
  0
VERTEX
  5
EA
  8
TEXT
 10
-7.1875773872353355
 20
20.609225447447763
 30
0.0
 70
0
  0
VERTEX
  5
EB
  8
TEXT
 10
-7.221617958235702
 20
20.626314016485274
 30
0.0
 70
0
  0
VERTEX
  5
EC
  8
TEXT
 10
-7.256925361141172
 20
20.64152413654735
 30
0.0
 70
0
  0
VERTEX
  5
ED
  8
TEXT
 10
-7.2934995959517455
 20
20.654855807633982
 30
0.0
 70
0
  0
VERTEX
  5
EE
  8
TEXT
 10
-7.331340662667422
 20
20.66630902974518
 30
0.0
 70
0
  0
VERTEX
  5
EF
  8
TEXT
 10
-7.3664941690244135
 20
20.674760095973266
 30
0.0
 70
0
  0
VERTEX
  5
F0
  8
TEXT
 10
-7.402001083244061
 20
20.68099693534211
 30
0.0
 70
0
  0
VERTEX
  5
F1
  8
TEXT
 10
-7.4378614053263625
 20
20.68501954785172
 30
0.0
 70
0
  0
VERTEX
  5
F2
  8
TEXT
 10
-7.474075135271321
 20
20.68682793350209
 30
0.0
 70
0
  0
VERTEX
  5
F3
  8
TEXT
 10
-7.510642273078936
 20
20.68642209229322
 30
0.0
 70
0
  0
VERTEX
  5
F4
  8
TEXT
 10
-7.547562818749207
 20
20.683802024225116
 30
0.0
 70
0
  0
VERTEX
  5
F5
  8
TEXT
 10
-7.584836772282134
 20
20.678967729297767
 30
0.0
 70
0
  0
VERTEX
  5
F6
  8
TEXT
 10
-7.622464133677717
 20
20.671919207511184
 30
0.0
 70
0
  0
VERTEX
  5
F7
  8
TEXT
 10
-7.660444902935956
 20
20.66265645886536
 30
0.0
 70
0
  0
VERTEX
  5
F8
  8
TEXT
 10
-7.698779080056851
 20
20.6511794833603
 30
0.0
 70
0
  0
VERTEX
  5
F9
  8
TEXT
 10
-7.737466665040402
 20
20.637488280995996
 30
0.0
 70
0
  0
VERTEX
  5
FA
  8
TEXT
 10
-7.7750603908666625
 20
20.62223363589598
 30
0.0
 70
0
  0
VERTEX
  5
FB
  8
TEXT
 10
-7.811207759217513
 20
20.60564947821774
 30
0.0
 70
0
  0
VERTEX
  5
FC
  8
TEXT
 10
-7.845908770092955
 20
20.587735807961277
 30
0.0
 70
0
  0
VERTEX
  5
FD
  8
TEXT
 10
-7.879163423492987
 20
20.568492625126595
 30
0.0
 70
0
  0
VERTEX
  5
FE
  8
TEXT
 10
-7.910971719417609
 20
20.547919929713686
 30
0.0
 70
0
  0
VERTEX
  5
FF
  8
TEXT
 10
-7.941333657866822
 20
20.52601772172256
 30
0.0
 70
0
  0
VERTEX
  5
100
  8
TEXT
 10
-7.9702492388406245
 20
20.502786001153208
 30
0.0
 70
0
  0
VERTEX
  5
101
  8
TEXT
 10
-7.9977184623390185
 20
20.47822476800564
 30
0.0
 70
0
  0
VERTEX
  5
102
  8
TEXT
 10
-8.023741328362002
 20
20.452334022279842
 30
0.0
 70
0
  0
VERTEX
  5
103
  8
TEXT
 10
-8.048317836909577
 20
20.42511376397583
 30
0.0
 70
0
  0
VERTEX
  5
104
  8
TEXT
 10
-8.071447987981742
 20
20.39656399309359
 30
0.0
 70
0
  0
VERTEX
  5
105
  8
TEXT
 10
-8.093021706557149
 20
20.366947408620373
 30
0.0
 70
0
  0
VERTEX
  5
106
  8
TEXT
 10
-8.112928917614454
 20
20.336526709543413
 30
0.0
 70
0
  0
VERTEX
  5
107
  8
TEXT
 10
-8.131169621153655
 20
20.305301895862716
 30
0.0
 70
0
  0
VERTEX
  5
108
  8
TEXT
 10
-8.14774381717475
 20
20.27327296757828
 30
0.0
 70
0
  0
VERTEX
  5
109
  8
TEXT
 10
-8.162651505677742
 20
20.2404399246901
 30
0.0
 70
0
  0
VERTEX
  5
10A
  8
TEXT
 10
-8.17589268666263
 20
20.206802767198184
 30
0.0
 70
0
  0
VERTEX
  5
10B
  8
TEXT
 10
-8.187467360129414
 20
20.172361495102525
 30
0.0
 70
0
  0
VERTEX
  5
10C
  8
TEXT
 10
-8.197375526078094
 20
20.137116108403127
 30
0.0
 70
0
  0
VERTEX
  5
10D
  8
TEXT
 10
-8.20561718450867
 20
20.101066607099987
 30
0.0
 70
0
  0
VERTEX
  5
10E
  8
TEXT
 10
-8.212192335421143
 20
20.064212991193113
 30
0.0
 70
0
  0
VERTEX
  5
10F
  8
TEXT
 10
-8.21710097881551
 20
20.026555260682496
 30
0.0
 70
0
  0
VERTEX
  5
110
  8
TEXT
 10
-8.220060156684642
 20
19.991490045093457
 30
0.0
 70
0
  0
VERTEX
  5
111
  8
TEXT
 10
-8.22146614262729
 20
19.956070675982566
 30
0.0
 70
0
  0
VERTEX
  5
112
  8
TEXT
 10
-8.221318936643454
 20
19.92029715334982
 30
0.0
 70
0
  0
VERTEX
  5
113
  8
TEXT
 10
-8.219618538733137
 20
19.884169477195226
 30
0.0
 70
0
  0
VERTEX
  5
114
  8
TEXT
 10
-8.216364948896334
 20
19.84768764751878
 30
0.0
 70
0
  0
VERTEX
  5
115
  8
TEXT
 10
-8.211558167133049
 20
19.81085166432048
 30
0.0
 70
0
  0
VERTEX
  5
116
  8
TEXT
 10
-8.20519819344328
 20
19.77366152760033
 30
0.0
 70
0
  0
VERTEX
  5
117
  8
TEXT
 10
-8.197285027827029
 20
19.73611723735833
 30
0.0
 70
0
  0
VERTEX
  5
118
  8
TEXT
 10
-8.187818670284294
 20
19.698218793594474
 30
0.0
 70
0
  0
VERTEX
  5
119
  8
TEXT
 10
-8.176799120815076
 20
19.659966196308766
 30
0.0
 70
0
  0
VERTEX
  5
11A
  8
TEXT
 10
-8.164226379419375
 20
19.62135944550121
 30
0.0
 70
0
  0
VERTEX
  5
11B
  8
TEXT
 10
-8.15010044609719
 20
19.5823985411718
 30
0.0
 70
0
  0
VERTEX
  5
11C
  8
TEXT
 10
-8.13477756453737
 20
19.544019073413374
 30
0.0
 70
0
  0
VERTEX
  5
11D
  8
TEXT
 10
-8.118518449394879
 20
19.506905747824607
 30
0.0
 70
0
  0
VERTEX
  5
11E
  8
TEXT
 10
-8.10132310066972
 20
19.471058564405492
 30
0.0
 70
0
  0
VERTEX
  5
11F
  8
TEXT
 10
-8.083191518361893
 20
19.436477523156032
 30
0.0
 70
0
  0
VERTEX
  5
120
  8
TEXT
 10
-8.064123702471397
 20
19.40316262407623
 30
0.0
 70
0
  0
VERTEX
  5
121
  8
TEXT
 10
-8.044119652998232
 20
19.37111386716608
 30
0.0
 70
0
  0
VERTEX
  5
122
  8
TEXT
 10
-8.023179369942397
 20
19.340331252425585
 30
0.0
 70
0
  0
VERTEX
  5
123
  8
TEXT
 10
-8.001302853303894
 20
19.31081477985475
 30
0.0
 70
0
  0
VERTEX
  5
124
  8
TEXT
 10
-7.978490103082723
 20
19.282564449453567
 30
0.0
 70
0
  0
VERTEX
  5
125
  8
TEXT
 10
-7.954741119278882
 20
19.255580261222036
 30
0.0
 70
0
  0
VERTEX
  5
126
  8
TEXT
 10
-7.930055901892372
 20
19.229862215160164
 30
0.0
 70
0
  0
VERTEX
  5
127
  8
TEXT
 10
-7.904434450923193
 20
19.205410311267944
 30
0.0
 70
0
  0
VERTEX
  5
128
  8
TEXT
 10
-7.87562420640297
 20
19.18029611930985
 30
0.0
 70
0
  0
VERTEX
  5
129
  8
TEXT
 10
-7.846116166137964
 20
19.156921905924424
 30
0.0
 70
0
  0
VERTEX
  5
12A
  8
TEXT
 10
-7.815910330128175
 20
19.135287671111666
 30
0.0
 70
0
  0
VERTEX
  5
12B
  8
TEXT
 10
-7.785006698373604
 20
19.11539341487157
 30
0.0
 70
0
  0
VERTEX
  5
12C
  8
TEXT
 10
-7.753405270874251
 20
19.09723913720414
 30
0.0
 70
0
  0
VERTEX
  5
12D
  8
TEXT
 10
-7.721106047630116
 20
19.08082483810938
 30
0.0
 70
0
  0
VERTEX
  5
12E
  8
TEXT
 10
-7.688109028641198
 20
19.066150517587285
 30
0.0
 70
0
  0
VERTEX
  5
12F
  8
TEXT
 10
-7.654414213907497
 20
19.053216175637854
 30
0.0
 70
0
  0
VERTEX
  5
130
  8
TEXT
 10
-7.620021603429014
 20
19.04202181226109
 30
0.0
 70
0
  0
VERTEX
  5
131
  8
TEXT
 10
-7.584931197205749
 20
19.032567427456996
 30
0.0
 70
0
  0
VERTEX
  5
132
  8
TEXT
 10
-7.549142995237701
 20
19.024853021225564
 30
0.0
 70
0
  0
VERTEX
  5
133
  8
TEXT
 10
-7.512906813364375
 20
19.01898289090574
 30
0.0
 70
0
  0
VERTEX
  5
134
  8
TEXT
 10
-7.476472467425273
 20
19.01506133383646
 30
0.0
 70
0
  0
VERTEX
  5
135
  8
TEXT
 10
-7.439839957420396
 20
19.01308835001773
 30
0.0
 70
0
  0
VERTEX
  5
136
  8
TEXT
 10
-7.4030092833497445
 20
19.01306393944954
 30
0.0
 70
0
  0
VERTEX
  5
137
  8
TEXT
 10
-7.365980445213318
 20
19.014988102131902
 30
0.0
 70
0
  0
VERTEX
  5
138
  8
TEXT
 10
-7.328753443011116
 20
19.018860838064807
 30
0.0
 70
0
  0
VERTEX
  5
139
  8
TEXT
 10
-7.291328276743139
 20
19.024682147248257
 30
0.0
 70
0
  0
VERTEX
  5
13A
  8
TEXT
 10
-7.253704946409386
 20
19.032452029682254
 30
0.0
 70
0
  0
VERTEX
  5
13B
  8
TEXT
 10
-7.215883452009859
 20
19.042170485366796
 30
0.0
 70
0
  0
VERTEX
  5
13C
  8
TEXT
 10
-7.177863793544556
 20
19.053837514301883
 30
0.0
 70
0
  0
VERTEX
  5
13D
  8
TEXT
 10
-7.139645971013478
 20
19.067453116487517
 30
0.0
 70
0
  0
VERTEX
  5
13E
  8
TEXT
 10
-7.101648800411158
 20
19.08295752951422
 30
0.0
 70
0
  0
VERTEX
  5
13F
  8
TEXT
 10
-7.065385866433954
 20
19.099874137006488
 30
0.0
 70
0
  0
VERTEX
  5
140
  8
TEXT
 10
-7.030857169081868
 20
19.118202938964323
 30
0.0
 70
0
  0
VERTEX
  5
141
  8
TEXT
 10
-6.998062708354897
 20
19.13794393538772
 30
0.0
 70
0
  0
VERTEX
  5
142
  8
TEXT
 10
-6.967002484253044
 20
19.159097126276684
 30
0.0
 70
0
  0
VERTEX
  5
143
  8
TEXT
 10
-6.937676496776308
 20
19.181662511631213
 30
0.0
 70
0
  0
VERTEX
  5
144
  8
TEXT
 10
-6.910084745924689
 20
19.205640091451308
 30
0.0
 70
0
  0
VERTEX
  5
145
  8
TEXT
 10
-6.884227231698187
 20
19.231029865736964
 30
0.0
 70
0
  0
VERTEX
  5
146
  8
TEXT
 10
-6.860103954096801
 20
19.25783183448819
 30
0.0
 70
0
  0
VERTEX
  5
147
  8
TEXT
 10
-6.837714913120533
 20
19.286045997704978
 30
0.0
 70
0
  0
VERTEX
  5
148
  8
TEXT
 10
-6.817060108769381
 20
19.315672355387335
 30
0.0
 70
0
  0
VERTEX
  5
149
  8
TEXT
 10
-6.79639277411965
 20
19.34932189321534
 30
0.0
 70
0
  0
VERTEX
  5
14A
  8
TEXT
 10
-6.777923679455361
 20
19.38353910588605
 30
0.0
 70
0
  0
VERTEX
  5
14B
  8
TEXT
 10
-6.761652824776516
 20
19.41832399339947
 30
0.0
 70
0
  0
VERTEX
  5
14C
  8
TEXT
 10
-6.747580210083113
 20
19.453676555755592
 30
0.0
 70
0
  0
VERTEX
  5
14D
  8
TEXT
 10
-6.735705835375152
 20
19.489596792954426
 30
0.0
 70
0
  0
VERTEX
  5
14E
  8
TEXT
 10
-6.726029700652635
 20
19.526084704995966
 30
0.0
 70
0
  0
VERTEX
  5
14F
  8
TEXT
 10
-6.71855180591556
 20
19.563140291880213
 30
0.0
 70
0
  0
VERTEX
  5
150
  8
TEXT
 10
-6.713272151163927
 20
19.600763553607166
 30
0.0
 70
0
  0
VERTEX
  5
151
  8
TEXT
 10
-6.710190736397737
 20
19.638954490176825
 30
0.0
 70
0
  0
VERTEX
  5
152
  8
TEXT
 10
-6.70930756161699
 20
19.677713101589195
 30
0.0
 70
0
  0
VERTEX
  5
153
  8
TEXT
 10
-6.277316348639358
 20
19.643131478528613
 30
0.0
 70
0
  0
VERTEX
  5
154
  8
TEXT
 10
-6.277372125151422
 20
19.60703194805067
 30
0.0
 70
0
  0
VERTEX
  5
155
  8
TEXT
 10
-6.279147801591075
 20
19.57085492358967
 30
0.0
 70
0
  0
VERTEX
  5
156
  8
TEXT
 10
-6.282643377958318
 20
19.534600405145618
 30
0.0
 70
0
  0
VERTEX
  5
157
  8
TEXT
 10
-6.287858854253148
 20
19.498268392718508
 30
0.0
 70
0
  0
VERTEX
  5
158
  8
TEXT
 10
-6.294794230475568
 20
19.46185888630834
 30
0.0
 70
0
  0
VERTEX
  5
159
  8
TEXT
 10
-6.303449506625576
 20
19.425371885915123
 30
0.0
 70
0
  0
VERTEX
  5
15A
  8
TEXT
 10
-6.313824682703173
 20
19.388807391538844
 30
0.0
 70
0
  0
VERTEX
  5
15B
  8
TEXT
 10
-6.325919758708359
 20
19.352165403179512
 30
0.0
 70
0
  0
VERTEX
  5
15C
  8
TEXT
 10
-6.339734734641134
 20
19.315445920837124
 30
0.0
 70
0
  0
VERTEX
  5
15D
  8
TEXT
 10
-6.355269610501498
 20
19.278648944511684
 30
0.0
 70
0
  0
VERTEX
  5
15E
  8
TEXT
 10
-6.370820679006587
 20
19.245410674691765
 30
0.0
 70
0
  0
VERTEX
  5
15F
  8
TEXT
 10
-6.387665110296113
 20
19.21266990762651
 30
0.0
 70
0
  0
VERTEX
  5
160
  8
TEXT
 10
-6.405802904370075
 20
19.18042664331591
 30
0.0
 70
0
  0
VERTEX
  5
161
  8
TEXT
 10
-6.425234061228476
 20
19.148680881759972
 30
0.0
 70
0
  0
VERTEX
  5
162
  8
TEXT
 10
-6.445958580871313
 20
19.11743262295869
 30
0.0
 70
0
  0
VERTEX
  5
163
  8
TEXT
 10
-6.467976463298585
 20
19.08668186691207
 30
0.0
 70
0
  0
VERTEX
  5
164
  8
TEXT
 10
-6.491287708510296
 20
19.05642861362011
 30
0.0
 70
0
  0
VERTEX
  5
165
  8
TEXT
 10
-6.515892316506442
 20
19.026672863082805
 30
0.0
 70
0
  0
VERTEX
  5
166
  8
TEXT
 10
-6.541790287287026
 20
18.997414615300162
 30
0.0
 70
0
  0
VERTEX
  5
167
  8
TEXT
 10
-6.568981620852047
 20
18.968653870272178
 30
0.0
 70
0
  0
VERTEX
  5
168
  8
TEXT
 10
-6.597466317201504
 20
18.940390627998852
 30
0.0
 70
0
  0
VERTEX
  5
169
  8
TEXT
 10
-6.624724759876793
 20
18.915145805889356
 30
0.0
 70
0
  0
VERTEX
  5
16A
  8
TEXT
 10
-6.653092562042919
 20
18.89077123953686
 30
0.0
 70
0
  0
VERTEX
  5
16B
  8
TEXT
 10
-6.682569723699884
 20
18.867266928941362
 30
0.0
 70
0
  0
VERTEX
  5
16C
  8
TEXT
 10
-6.713156244847687
 20
18.84463287410286
 30
0.0
 70
0
  0
VERTEX
  5
16D
  8
TEXT
 10
-6.744852125486328
 20
18.82286907502136
 30
0.0
 70
0
  0
VERTEX
  5
16E
  8
TEXT
 10
-6.777657365615807
 20
18.801975531696858
 30
0.0
 70
0
  0
VERTEX
  5
16F
  8
TEXT
 10
-6.811571965236124
 20
18.781952244129354
 30
0.0
 70
0
  0
VERTEX
  5
170
  8
TEXT
 10
-6.846595924347279
 20
18.76279921231885
 30
0.0
 70
0
  0
VERTEX
  5
171
  8
TEXT
 10
-6.882729242949273
 20
18.744516436265343
 30
0.0
 70
0
  0
VERTEX
  5
172
  8
TEXT
 10
-6.919971921042104
 20
18.727103915968836
 30
0.0
 70
0
  0
VERTEX
  5
173
  8
TEXT
 10
-6.958323958625774
 20
18.71056165142933
 30
0.0
 70
0
  0
SEQEND
  5
5D
  8
TEXT
  0
POLYLINE
  5
174
  8
TEXT
 66
1
 10
0.0
 20
0.0
 30
0.0
 70
1
  0
VERTEX
  5
176
  8
TEXT
 10
-4.73803663793746
 20
19.390908660415523
 30
0.0
 70
0
  0
VERTEX
  5
177
  8
TEXT
 10
-4.774973805541731
 20
19.382678890097466
 30
0.0
 70
0
  0
VERTEX
  5
178
  8
TEXT
 10
-4.811900708248447
 20
19.37591015739187
 30
0.0
 70
0
  0
VERTEX
  5
179
  8
TEXT
 10
-4.848817346057609
 20
19.370602462298734
 30
0.0
 70
0
  0
VERTEX
  5
17A
  8
TEXT
 10
-4.885723718969214
 20
19.366755804818055
 30
0.0
 70
0
  0
VERTEX
  5
17B
  8
TEXT
 10
-4.922619826983265
 20
19.364370184949838
 30
0.0
 70
0
  0
VERTEX
  5
17C
  8
TEXT
 10
-4.959505670099761
 20
19.363445602694075
 30
0.0
 70
0
  0
VERTEX
  5
17D
  8
TEXT
 10
-4.996381248318701
 20
19.363982058050773
 30
0.0
 70
0
  0
VERTEX
  5
17E
  8
TEXT
 10
-5.0332465616400865
 20
19.36597955101993
 30
0.0
 70
0
  0
VERTEX
  5
17F
  8
TEXT
 10
-5.070101610063917
 20
19.369438081601544
 30
0.0
 70
0
  0
VERTEX
  5
180
  8
TEXT
 10
-5.106946393590192
 20
19.374357649795616
 30
0.0
 70
0
  0
VERTEX
  5
181
  8
TEXT
 10
-5.143456918267693
 20
19.380700818904266
 30
0.0
 70
0
  0
VERTEX
  5
182
  8
TEXT
 10
-5.179309190145199
 20
19.3884301522296
 30
0.0
 70
0
  0
VERTEX
  5
183
  8
TEXT
 10
-5.214503209222712
 20
19.397545649771622
 30
0.0
 70
0
  0
VERTEX
  5
184
  8
TEXT
 10
-5.2490389755002305
 20
19.408047311530332
 30
0.0
 70
0
  0
VERTEX
  5
185
  8
TEXT
 10
-5.282916488977755
 20
19.41993513750573
 30
0.0
 70
0
  0
VERTEX
  5
186
  8
TEXT
 10
-5.3161357496552855
 20
19.43320912769781
 30
0.0
 70
0
  0
VERTEX
  5
187
  8
TEXT
 10
-5.348696757532822
 20
19.447869282106584
 30
0.0
 70
0
  0
VERTEX
  5
188
  8
TEXT
 10
-5.380599512610364
 20
19.463915600732044
 30
0.0
 70
0
  0
VERTEX
  5
189
  8
TEXT
 10
-5.411844014887913
 20
19.481348083574193
 30
0.0
 70
0
  0
VERTEX
  5
18A
  8
TEXT
 10
-5.442430264365467
 20
19.500166730633026
 30
0.0
 70
0
  0
VERTEX
  5
18B
  8
TEXT
 10
-5.472038063824487
 20
19.520349758727637
 30
0.0
 70
0
  0
VERTEX
  5
18C
  8
TEXT
 10
-5.500347216046435
 20
19.541875384677102
 30
0.0
 70
0
  0
VERTEX
  5
18D
  8
TEXT
 10
-5.527357721031309
 20
19.564743608481432
 30
0.0
 70
0
  0
VERTEX
  5
18E
  8
TEXT
 10
-5.553069578779109
 20
19.588954430140618
 30
0.0
 70
0
  0
VERTEX
  5
18F
  8
TEXT
 10
-5.577482789289836
 20
19.614507849654665
 30
0.0
 70
0
  0
VERTEX
  5
190
  8
TEXT
 10
-5.60059735256349
 20
19.641403867023573
 30
0.0
 70
0
  0
VERTEX
  5
191
  8
TEXT
 10
-5.62241326860007
 20
19.66964248224734
 30
0.0
 70
0
  0
VERTEX
  5
192
  8
TEXT
 10
-5.642930537399577
 20
19.699223695325966
 30
0.0
 70
0
  0
VERTEX
  5
193
  8
TEXT
 10
-5.662149158962011
 20
19.730147506259453
 30
0.0
 70
0
  0
VERTEX
  5
194
  8
TEXT
 10
-5.680069133287371
 20
19.762413915047798
 30
0.0
 70
0
  0
VERTEX
  5
195
  8
TEXT
 10
-5.342538687267046
 20
19.983506348852337
 30
0.0
 70
0
  0
VERTEX
  5
196
  8
TEXT
 10
-5.3188386843814985
 20
19.948362570808815
 30
0.0
 70
0
  0
VERTEX
  5
197
  8
TEXT
 10
-5.293712991243513
 20
19.916309727677945
 30
0.0
 70
0
  0
VERTEX
  5
198
  8
TEXT
 10
-5.26716160785309
 20
19.88734781945972
 30
0.0
 70
0
  0
VERTEX
  5
199
  8
TEXT
 10
-5.23918453421023
 20
19.86147684615414
 30
0.0
 70
0
  0
VERTEX
  5
19A
  8
TEXT
 10
-5.2097817703149305
 20
19.83869680776121
 30
0.0
 70
0
  0
VERTEX
  5
19B
  8
TEXT
 10
-5.178953316167195
 20
19.819007704280928
 30
0.0
 70
0
  0
VERTEX
  5
19C
  8
TEXT
 10
-5.14669917176702
 20
19.80240953571329
 30
0.0
 70
0
  0
VERTEX
  5
19D
  8
TEXT
 10
-5.113019337114409
 20
19.788902302058307
 30
0.0
 70
0
  0
VERTEX
  5
19E
  8
TEXT
 10
-5.078526006757083
 20
19.77823392656978
 30
0.0
 70
0
  0
VERTEX
  5
19F
  8
TEXT
 10
-5.043831375242767
 20
19.77015233250152
 30
0.0
 70
0
  0
VERTEX
  5
1A0
  8
TEXT
 10
-5.008935442571461
 20
19.764657519853532
 30
0.0
 70
0
  0
VERTEX
  5
1A1
  8
TEXT
 10
-4.973838208743165
 20
19.761749488625814
 30
0.0
 70
0
  0
VERTEX
  5
1A2
  8
TEXT
 10
-4.938539673757879
 20
19.761428238818365
 30
0.0
 70
0
  0
VERTEX
  5
1A3
  8
TEXT
 10
-4.903039837615603
 20
19.76369377043119
 30
0.0
 70
0
  0
VERTEX
  5
1A4
  8
TEXT
 10
-4.8673387003163375
 20
19.76854608346428
 30
0.0
 70
0
  0
VERTEX
  5
1A5
  8
TEXT
 10
-4.831436261860081
 20
19.77598517791764
 30
0.0
 70
0
  0
VERTEX
  5
1A6
  8
TEXT
 10
-4.792867913217924
 20
19.786859182941164
 30
0.0
 70
0
  0
VERTEX
  5
1A7
  8
TEXT
 10
-4.756474019947713
 20
19.80024441910084
 30
0.0
 70
0
  0
VERTEX
  5
1A8
  8
TEXT
 10
-4.72225458204945
 20
19.816140886396667
 30
0.0
 70
0
  0
VERTEX
  5
1A9
  8
TEXT
 10
-4.690209599523134
 20
19.83454858482865
 30
0.0
 70
0
  0
VERTEX
  5
1AA
  8
TEXT
 10
-4.660339072368765
 20
19.855467514396786
 30
0.0
 70
0
  0
VERTEX
  5
1AB
  8
TEXT
 10
-4.632643000586343
 20
19.878897675101072
 30
0.0
 70
0
  0
VERTEX
  5
1AC
  8
TEXT
 10
-4.607482378734085
 20
19.904429228203735
 30
0.0
 70
0
  0
VERTEX
  5
1AD
  8
TEXT
 10
-4.585218201370207
 20
19.931652334967
 30
0.0
 70
0
  0
VERTEX
  5
1AE
  8
TEXT
 10
-4.565850468494709
 20
19.96056699539087
 30
0.0
 70
0
  0
VERTEX
  5
1AF
  8
TEXT
 10
-4.549379180107589
 20
19.991173209475342
 30
0.0
 70
0
  0
VERTEX
  5
1B0
  8
TEXT
 10
-4.53580433620885
 20
20.023470977220413
 30
0.0
 70
0
  0
VERTEX
  5
1B1
  8
TEXT
 10
-4.525125936798491
 20
20.057460298626086
 30
0.0
 70
0
  0
VERTEX
  5
1B2
  8
TEXT
 10
-4.517487566476788
 20
20.092784067352916
 30
0.0
 70
0
  0
VERTEX
  5
1B3
  8
TEXT
 10
-4.5130328098440184
 20
20.129085177061455
 30
0.0
 70
0
  0
VERTEX
  5
1B4
  8
TEXT
 10
-4.511761666900183
 20
20.166363627751707
 30
0.0
 70
0
  0
VERTEX
  5
1B5
  8
TEXT
 10
-4.513674137645281
 20
20.204619419423672
 30
0.0
 70
0
  0
VERTEX
  5
1B6
  8
TEXT
 10
-4.518770222079312
 20
20.243852552077342
 30
0.0
 70
0
  0
VERTEX
  5
1B7
  8
TEXT
 10
-4.527049920202277
 20
20.28406302571273
 30
0.0
 70
0
  0
VERTEX
  5
1B8
  8
TEXT
 10
-4.538145401298786
 20
20.323544496178233
 30
0.0
 70
0
  0
VERTEX
  5
1B9
  8
TEXT
 10
-4.5516888346534525
 20
20.36059061932226
 30
0.0
 70
0
  0
VERTEX
  5
1BA
  8
TEXT
 10
-4.5676802202662765
 20
20.395201395144813
 30
0.0
 70
0
  0
VERTEX
  5
1BB
  8
TEXT
 10
-4.586119558137256
 20
20.427376823645893
 30
0.0
 70
0
  0
VERTEX
  5
1BC
  8
TEXT
 10
-4.607006848266392
 20
20.457116904825497
 30
0.0
 70
0
  0
VERTEX
  5
1BD
  8
TEXT
 10
-4.630342090653685
 20
20.48442163868363
 30
0.0
 70
0
  0
VERTEX
  5
1BE
  8
TEXT
 10
-4.655724696968101
 20
20.509157987099677
 30
0.0
 70
0
  0
VERTEX
  5
1BF
  8
TEXT
 10
-4.682754078878608
 20
20.531192911953024
 30
0.0
 70
0
  0
VERTEX
  5
1C0
  8
TEXT
 10
-4.711430236385205
 20
20.550526413243677
 30
0.0
 70
0
  0
VERTEX
  5
1C1
  8
TEXT
 10
-4.741753169487891
 20
20.567158490971636
 30
0.0
 70
0
  0
VERTEX
  5
1C2
  8
TEXT
 10
-4.7737228781866685
 20
20.581089145136897
 30
0.0
 70
0
  0
VERTEX
  5
1C3
  8
TEXT
 10
-4.807339362481536
 20
20.59231837573946
 30
0.0
 70
0
  0
VERTEX
  5
1C4
  8
TEXT
 10
-4.84221387659405
 20
20.60057215220429
 30
0.0
 70
0
  0
VERTEX
  5
1C5
  8
TEXT
 10
-4.877957674745767
 20
20.60557644395634
 30
0.0
 70
0
  0
VERTEX
  5
1C6
  8
TEXT
 10
-4.914570756936688
 20
20.607331250995614
 30
0.0
 70
0
  0
VERTEX
  5
1C7
  8
TEXT
 10
-4.952053123166811
 20
20.60583657332211
 30
0.0
 70
0
  0
VERTEX
  5
1C8
  8
TEXT
 10
-4.990404773436138
 20
20.60109241093583
 30
0.0
 70
0
  0
VERTEX
  5
1C9
  8
TEXT
 10
-5.029625707744668
 20
20.59309876383677
 30
0.0
 70
0
  0
VERTEX
  5
1CA
  8
TEXT
 10
-5.06376805237188
 20
20.58366753797318
 30
0.0
 70
0
  0
VERTEX
  5
1CB
  8
TEXT
 10
-5.096425124894247
 20
20.572296440326575
 30
0.0
 70
0
  0
VERTEX
  5
1CC
  8
TEXT
 10
-5.127596925311769
 20
20.55898547089695
 30
0.0
 70
0
  0
VERTEX
  5
1CD
  8
TEXT
 10
-5.157283453624446
 20
20.543734629684312
 30
0.0
 70
0
  0
VERTEX
  5
1CE
  8
TEXT
 10
-5.185484709832278
 20
20.52654391668866
 30
0.0
 70
0
  0
VERTEX
  5
1CF
  8
TEXT
 10
-5.212200693935264
 20
20.507413331909994
 30
0.0
 70
0
  0
VERTEX
  5
1D0
  8
TEXT
 10
-5.237431405933407
 20
20.48634287534831
 30
0.0
 70
0
  0
VERTEX
  5
1D1
  8
TEXT
 10
-5.264162563774522
 20
20.459693751193598
 30
0.0
 70
0
  0
VERTEX
  5
1D2
  8
TEXT
 10
-5.287217193424524
 20
20.431173961120237
 30
0.0
 70
0
  0
VERTEX
  5
1D3
  8
TEXT
 10
-5.306595294883412
 20
20.400783505128228
 30
0.0
 70
0
  0
VERTEX
  5
1D4
  8
TEXT
 10
-5.322296868151184
 20
20.368522383217574
 30
0.0
 70
0
  0
VERTEX
  5
1D5
  8
TEXT
 10
-5.3343219132278445
 20
20.334390595388268
 30
0.0
 70
0
  0
VERTEX
  5
1D6
  8
TEXT
 10
-5.34267043011339
 20
20.298388141640316
 30
0.0
 70
0
  0
VERTEX
  5
1D7
  8
TEXT
 10
-5.709162170282502
 20
20.292368261007326
 30
0.0
 70
0
  0
VERTEX
  5
1D8
  8
TEXT
 10
-5.838820135903154
 20
21.63328091187978
 30
0.0
 70
0
  0
VERTEX
  5
1D9
  8
TEXT
 10
-4.567754557806729
 20
21.941575605478025
 30
0.0
 70
0
  0
VERTEX
  5
1DA
  8
TEXT
 10
-4.4804297061717575
 20
21.581544715130516
 30
0.0
 70
0
  0
VERTEX
  5
1DB
  8
TEXT
 10
-5.447817055018544
 20
21.34690663552003
 30
0.0
 70
0
  0
VERTEX
  5
1DC
  8
TEXT
 10
-5.389974975439523
 20
20.79409138476326
 30
0.0
 70
0
  0
VERTEX
  5
1DD
  8
TEXT
 10
-5.3659750508383475
 20
20.81814437225566
 30
0.0
 70
0
  0
VERTEX
  5
1DE
  8
TEXT
 10
-5.341215779701216
 20
20.839066656353733
 30
0.0
 70
0
  0
VERTEX
  5
1DF
  8
TEXT
 10
-5.315062543508593
 20
20.858628678958848
 30
0.0
 70
0
  0
VERTEX
  5
1E0
  8
TEXT
 10
-5.287238948257039
 20
20.877040714566903
 30
0.0
 70
0
  0
VERTEX
  5
1E1
  8
TEXT
 10
-5.257744993946556
 20
20.894302763177897
 30
0.0
 70
0
  0
VERTEX
  5
1E2
  8
TEXT
 10
-5.22658068057714
 20
20.910414824791832
 30
0.0
 70
0
  0
VERTEX
  5
1E3
  8
TEXT
 10
-5.193746008148793
 20
20.925376899408707
 30
0.0
 70
0
  0
VERTEX
  5
1E4
  8
TEXT
 10
-5.159240976661515
 20
20.939188987028523
 30
0.0
 70
0
  0
VERTEX
  5
1E5
  8
TEXT
 10
-5.123065586115306
 20
20.951851087651274
 30
0.0
 70
0
  0
VERTEX
  5
1E6
  8
TEXT
 10
-5.085219836510165
 20
20.96336320127697
 30
0.0
 70
0
  0
VERTEX
  5
1E7
  8
TEXT
 10
-5.045703727846093
 20
20.9737253279056
 30
0.0
 70
0
  0
VERTEX
  5
1E8
  8
TEXT
 10
-5.007346925059395
 20
20.982292061806913
 30
0.0
 70
0
  0
VERTEX
  5
1E9
  8
TEXT
 10
-4.969500533759347
 20
20.989261715623925
 30
0.0
 70
0
  0
VERTEX
  5
1EA
  8
TEXT
 10
-4.932164553945947
 20
20.994634289356636
 30
0.0
 70
0
  0
VERTEX
  5
1EB
  8
TEXT
 10
-4.895338985619198
 20
20.998409783005048
 30
0.0
 70
0
  0
VERTEX
  5
1EC
  8
TEXT
 10
-4.859023828779097
 20
21.000588196569158
 30
0.0
 70
0
  0
VERTEX
  5
1ED
  8
TEXT
 10
-4.823219083425647
 20
21.00116953004897
 30
0.0
 70
0
  0
VERTEX
  5
1EE
  8
TEXT
 10
-4.7879247495588455
 20
21.000153783444482
 30
0.0
 70
0
  0
VERTEX
  5
1EF
  8
TEXT
 10
-4.753140827178694
 20
20.997540956755696
 30
0.0
 70
0
  0
VERTEX
  5
1F0
  8
TEXT
 10
-4.71886731628519
 20
20.993331049982608
 30
0.0
 70
0
  0
VERTEX
  5
1F1
  8
TEXT
 10
-4.6851042168783374
 20
20.98752406312522
 30
0.0
 70
0
  0
VERTEX
  5
1F2
  8
TEXT
 10
-4.651851528958134
 20
20.980119996183532
 30
0.0
 70
0
  0
VERTEX
  5
1F3
  8
TEXT
 10
-4.61910925252458
 20
20.971118849157545
 30
0.0
 70
0
  0
VERTEX
  5
1F4
  8
TEXT
 10
-4.584158375927255
 20
20.959679437081558
 30
0.0
 70
0
  0
VERTEX
  5
1F5
  8
TEXT
 10
-4.550186627641236
 20
20.946742336274983
 30
0.0
 70
0
  0
VERTEX
  5
1F6
  8
TEXT
 10
-4.5171940076665225
 20
20.932307546737825
 30
0.0
 70
0
  0
VERTEX
  5
1F7
  8
TEXT
 10
-4.4851805160031155
 20
20.91637506847008
 30
0.0
 70
0
  0
VERTEX
  5
1F8
  8
TEXT
 10
-4.454146152651013
 20
20.89894490147175
 30
0.0
 70
0
  0
VERTEX
  5
1F9
  8
TEXT
 10
-4.424090917610218
 20
20.880017045742836
 30
0.0
 70
0
  0
VERTEX
  5
1FA
  8
TEXT
 10
-4.395014810880727
 20
20.859591501283333
 30
0.0
 70
0
  0
VERTEX
  5
1FB
  8
TEXT
 10
-4.366917832462542
 20
20.837668268093246
 30
0.0
 70
0
  0
VERTEX
  5
1FC
  8
TEXT
 10
-4.339799982355664
 20
20.814247346172575
 30
0.0
 70
0
  0
VERTEX
  5
1FD
  8
TEXT
 10
-4.313661260560091
 20
20.789328735521316
 30
0.0
 70
0
  0
VERTEX
  5
1FE
  8
TEXT
 10
-4.288501667075823
 20
20.762912436139473
 30
0.0
 70
0
  0
VERTEX
  5
1FF
  8
TEXT
 10
-4.264501160149841
 20
20.735119173766037
 30
0.0
 70
0
  0
VERTEX
  5
200
  8
TEXT
 10
-4.241839698029124
 20
20.706069674140004
 30
0.0
 70
0
  0
VERTEX
  5
201
  8
TEXT
 10
-4.220517280713672
 20
20.67576393726137
 30
0.0
 70
0
  0
VERTEX
  5
202
  8
TEXT
 10
-4.200533908203484
 20
20.644201963130136
 30
0.0
 70
0
  0
VERTEX
  5
203
  8
TEXT
 10
-4.181889580498562
 20
20.611383751746303
 30
0.0
 70
0
  0
VERTEX
  5
204
  8
TEXT
 10
-4.164584297598904
 20
20.577309303109875
 30
0.0
 70
0
  0
VERTEX
  5
205
  8
TEXT
 10
-4.148618059504512
 20
20.541978617220845
 30
0.0
 70
0
  0
VERTEX
  5
206
  8
TEXT
 10
-4.133990866215385
 20
20.505391694079215
 30
0.0
 70
0
  0
VERTEX
  5
207
  8
TEXT
 10
-4.120702717731522
 20
20.46754853368499
 30
0.0
 70
0
  0
VERTEX
  5
208
  8
TEXT
 10
-4.108753614052924
 20
20.428449136038164
 30
0.0
 70
0
  0
VERTEX
  5
209
  8
TEXT
 10
-4.0981435551795915
 20
20.388093501138737
 30
0.0
 70
0
  0
VERTEX
  5
20A
  8
TEXT
 10
-4.089866156958567
 20
20.350644870953783
 30
0.0
 70
0
  0
VERTEX
  5
20B
  8
TEXT
 10
-4.083258279158441
 20
20.313435861862747
 30
0.0
 70
0
  0
VERTEX
  5
20C
  8
TEXT
 10
-4.078319921779216
 20
20.276466473865625
 30
0.0
 70
0
  0
VERTEX
  5
20D
  8
TEXT
 10
-4.075051084820891
 20
20.239736706962425
 30
0.0
 70
0
  0
VERTEX
  5
20E
  8
TEXT
 10
-4.073451768283467
 20
20.203246561153144
 30
0.0
 70
0
  0
VERTEX
  5
20F
  8
TEXT
 10
-4.073521972166941
 20
20.166996036437776
 30
0.0
 70
0
  0
VERTEX
  5
210
  8
TEXT
 10
-4.0752616964713155
 20
20.13098513281633
 30
0.0
 70
0
  0
VERTEX
  5
211
  8
TEXT
 10
-4.078670941196592
 20
20.0952138502888
 30
0.0
 70
0
  0
VERTEX
  5
212
  8
TEXT
 10
-4.083749706342767
 20
20.05968218885519
 30
0.0
 70
0
  0
VERTEX
  5
213
  8
TEXT
 10
-4.090497991909841
 20
20.024390148515497
 30
0.0
 70
0
  0
VERTEX
  5
214
  8
TEXT
 10
-4.098915797897817
 20
19.989337729269725
 30
0.0
 70
0
  0
VERTEX
  5
215
  8
TEXT
 10
-4.1090031243066925
 20
19.954524931117867
 30
0.0
 70
0
  0
VERTEX
  5
216
  8
TEXT
 10
-4.121721857215849
 20
19.917167985313014
 30
0.0
 70
0
  0
VERTEX
  5
217
  8
TEXT
 10
-4.136048048773884
 20
19.880790939036412
 30
0.0
 70
0
  0
VERTEX
  5
218
  8
TEXT
 10
-4.151981698980795
 20
19.84539379228806
 30
0.0
 70
0
  0
VERTEX
  5
219
  8
TEXT
 10
-4.169522807836583
 20
19.810976545067966
 30
0.0
 70
0
  0
VERTEX
  5
21A
  8
TEXT
 10
-4.188671375341249
 20
19.777539197376118
 30
0.0
 70
0
  0
VERTEX
  5
21B
  8
TEXT
 10
-4.209427401494791
 20
19.745081749212524
 30
0.0
 70
0
  0
VERTEX
  5
21C
  8
TEXT
 10
-4.23179088629721
 20
19.713604200577183
 30
0.0
 70
0
  0
VERTEX
  5
21D
  8
TEXT
 10
-4.255761829748506
 20
19.683106551470093
 30
0.0
 70
0
  0
VERTEX
  5
21E
  8
TEXT
 10
-4.28134023184868
 20
19.653588801891257
 30
0.0
 70
0
  0
VERTEX
  5
21F
  8
TEXT
 10
-4.30852609259773
 20
19.625050951840674
 30
0.0
 70
0
  0
VERTEX
  5
220
  8
TEXT
 10
-4.337319411995658
 20
19.597493001318337
 30
0.0
 70
0
  0
VERTEX
  5
221
  8
TEXT
 10
-4.364971912838353
 20
19.573313748313854
 30
0.0
 70
0
  0
VERTEX
  5
222
  8
TEXT
 10
-4.393668159375434
 20
19.55040065735711
 30
0.0
 70
0
  0
VERTEX
  5
223
  8
TEXT
 10
-4.423408151606901
 20
19.52875372844811
 30
0.0
 70
0
  0
VERTEX
  5
224
  8
TEXT
 10
-4.454191889532753
 20
19.508372961586854
 30
0.0
 70
0
  0
VERTEX
  5
225
  8
TEXT
 10
-4.486019373152991
 20
19.489258356773338
 30
0.0
 70
0
  0
VERTEX
  5
226
  8
TEXT
 10
-4.518890602467615
 20
19.471409914007566
 30
0.0
 70
0
  0
VERTEX
  5
227
  8
TEXT
 10
-4.552805577476625
 20
19.454827633289536
 30
0.0
 70
0
  0
VERTEX
  5
228
  8
TEXT
 10
-4.58776429818002
 20
19.439511514619248
 30
0.0
 70
0
  0
VERTEX
  5
229
  8
TEXT
 10
-4.623766764577802
 20
19.4254615579967
 30
0.0
 70
0
  0
VERTEX
  5
22A
  8
TEXT
 10
-4.660812976669969
 20
19.4126777634219
 30
0.0
 70
0
  0
VERTEX
  5
22B
  8
TEXT
 10
-4.698902934456521
 20
19.40116013089484
 30
0.0
 70
0
  0
SEQEND
  5
175
  8
TEXT
  0
POLYLINE
  5
22C
  8
TEXT
 66
1
 10
0.0
 20
0.0
 30
0.0
 70
1
  0
VERTEX
  5
22E
  8
TEXT
 10
-3.242905762402711
 20
19.746628068683982
 30
0.0
 70
0
  0
VERTEX
  5
22F
  8
TEXT
 10
-2.5152906281748053
 20
21.887954378472934
 30
0.0
 70
0
  0
VERTEX
  5
230
  8
TEXT
 10
-3.636574949473938
 20
21.742041828618312
 30
0.0
 70
0
  0
VERTEX
  5
231
  8
TEXT
 10
-3.684381055551663
 20
22.10941418459951
 30
0.0
 70
0
  0
VERTEX
  5
232
  8
TEXT
 10
-2.1062771959454762
 20
22.314772588098606
 30
0.0
 70
0
  0
VERTEX
  5
233
  8
TEXT
 10
-2.0584710898677514
 20
21.94740023211741
 30
0.0
 70
0
  0
VERTEX
  5
234
  8
TEXT
 10
-2.763724428514193
 20
19.808983859220145
 30
0.0
 70
0
  0
SEQEND
  5
22D
  8
TEXT
  0
POLYLINE
  5
235
  8
TEXT
 66
1
 10
0.0
 20
0.0
 30
0.0
 70
1
  0
VERTEX
  5
237
  8
TEXT
 10
-1.1755984385061506
 20
19.984850747437896
 30
0.0
 70
0
  0
VERTEX
  5
238
  8
TEXT
 10
-1.2109528644117349
 20
22.3845903300945
 30
0.0
 70
0
  0
VERTEX
  5
239
  8
TEXT
 10
-0.19951900004371712
 20
22.39949139014061
 30
0.0
 70
0
  0
VERTEX
  5
23A
  8
TEXT
 10
-0.1567425490214925
 20
22.39944261900366
 30
0.0
 70
0
  0
VERTEX
  5
23B
  8
TEXT
 10
-0.11509079405931644
 20
22.398019318397196
 30
0.0
 70
0
  0
VERTEX
  5
23C
  8
TEXT
 10
-0.0745637351571884
 20
22.395221488321216
 30
0.0
 70
0
  0
VERTEX
  5
23D
  8
TEXT
 10
-0.03516137231510863
 20
22.39104912877572
 30
0.0
 70
0
  0
VERTEX
  5
23E
  8
TEXT
 10
0.003116294466922631
 20
22.385502239760708
 30
0.0
 70
0
  0
VERTEX
  5
23F
  8
TEXT
 10
0.040269265188906056
 20
22.378580821276184
 30
0.0
 70
0
  0
VERTEX
  5
240
  8
TEXT
 10
0.07629753985084092
 20
22.37028487332214
 30
0.0
 70
0
  0
VERTEX
  5
241
  8
TEXT
 10
0.11120111845272762
 20
22.360614395898587
 30
0.0
 70
0
  0
VERTEX
  5
242
  8
TEXT
 10
0.14498000099456643
 20
22.349569389005516
 30
0.0
 70
0
  0
VERTEX
  5
243
  8
TEXT
 10
0.17763418747635668
 20
22.33714985264293
 30
0.0
 70
0
  0
VERTEX
  5
244
  8
TEXT
 10
0.20916367789809875
 20
22.323355786810833
 30
0.0
 70
0
  0
VERTEX
  5
245
  8
TEXT
 10
0.2424644297365084
 20
22.306738497181147
 30
0.0
 70
0
  0
VERTEX
  5
246
  8
TEXT
 10
0.2742389719899593
 20
22.28874555553918
 30
0.0
 70
0
  0
VERTEX
  5
247
  8
TEXT
 10
0.30448730465844953
 20
22.26937696188493
 30
0.0
 70
0
  0
VERTEX
  5
248
  8
TEXT
 10
0.33320942774198137
 20
22.248632716218395
 30
0.0
 70
0
  0
VERTEX
  5
249
  8
TEXT
 10
0.36040534124055346
 20
22.226512818539582
 30
0.0
 70
0
  0
VERTEX
  5
24A
  8
TEXT
 10
0.3860750451541659
 20
22.203017268848484
 30
0.0
 70
0
  0
VERTEX
  5
24B
  8
TEXT
 10
0.41021853948281883
 20
22.178146067145104
 30
0.0
 70
0
  0
VERTEX
  5
24C
  8
TEXT
 10
0.4328358242265127
 20
22.15189921342944
 30
0.0
 70
0
  0
VERTEX
  5
24D
  8
TEXT
 10
0.4539268993852461
 20
22.124276707701497
 30
0.0
 70
0
  0
VERTEX
  5
24E
  8
TEXT
 10
0.47349176495902057
 20
22.09527854996127
 30
0.0
 70
0
  0
VERTEX
  5
24F
  8
TEXT
 10
0.49138475840071083
 20
22.064950921610873
 30
0.0
 70
0
  0
VERTEX
  5
250
  8
TEXT
 10
0.5074602171631913
 20
22.03334000405242
 30
0.0
 70
0
  0
VERTEX
  5
251
  8
TEXT
 10
0.5217181412464621
 20
22.00044579728591
 30
0.0
 70
0
  0
VERTEX
  5
252
  8
TEXT
 10
0.5341585306505235
 20
21.96626830131134
 30
0.0
 70
0
  0
VERTEX
  5
253
  8
TEXT
 10
0.5447813853753753
 20
21.93080751612872
 30
0.0
 70
0
  0
VERTEX
  5
254
  8
TEXT
 10
0.5535867054210178
 20
21.894063441738037
 30
0.0
 70
0
  0
VERTEX
  5
255
  8
TEXT
 10
0.5605744907874505
 20
21.8560360781393
 30
0.0
 70
0
  0
VERTEX
  5
256
  8
TEXT
 10
0.5657447414746742
 20
21.816725425332507
 30
0.0
 70
0
  0
VERTEX
  5
257
  8
TEXT
 10
0.569097457482688
 20
21.776131483317656
 30
0.0
 70
0
  0
VERTEX
  5
258
  8
TEXT
 10
0.5706326388114924
 20
21.73425425209475
 30
0.0
 70
0
  0
VERTEX
  5
259
  8
TEXT
 10
0.5700534777892288
 20
21.697970344176806
 30
0.0
 70
0
  0
VERTEX
  5
25A
  8
TEXT
 10
0.5672403343369441
 20
21.662130831438933
 30
0.0
 70
0
  0
VERTEX
  5
25B
  8
TEXT
 10
0.5621932084546379
 20
21.626735713881125
 30
0.0
 70
0
  0
VERTEX
  5
25C
  8
TEXT
 10
0.5549121001423105
 20
21.59178499150339
 30
0.0
 70
0
  0
VERTEX
  5
25D
  8
TEXT
 10
0.5453970093999614
 20
21.557278664305716
 30
0.0
 70
0
  0
VERTEX
  5
25E
  8
TEXT
 10
0.5336479362275918
 20
21.52321673228811
 30
0.0
 70
0
  0
VERTEX
  5
25F
  8
TEXT
 10
0.5196648806252001
 20
21.489599195450573
 30
0.0
 70
0
  0
VERTEX
  5
260
  8
TEXT
 10
0.5034478425927872
 20
21.456426053793106
 30
0.0
 70
0
  0
VERTEX
  5
261
  8
TEXT
 10
0.484996822130353
 20
21.423697307315702
 30
0.0
 70
0
  0
VERTEX
  5
262
  8
TEXT
 10
0.4645251550389847
 20
21.391781537620126
 30
0.0
 70
0
  0
VERTEX
  5
263
  8
TEXT
 10
0.4408145651390645
 20
21.361026234928026
 30
0.0
 70
0
  0
VERTEX
  5
264
  8
TEXT
 10
0.41386505243059224
 20
21.331431399239406
 30
0.0
 70
0
  0
VERTEX
  5
265
  8
TEXT
 10
0.38367661691356825
 20
21.302997030554263
 30
0.0
 70
0
  0
VERTEX
  5
266
  8
TEXT
 10
0.41214917739047807
 20
21.283884184925828
 30
0.0
 70
0
  0
VERTEX
  5
267
  8
TEXT
 10
0.43901710633975033
 20
21.264344970625203
 30
0.0
 70
0
  0
VERTEX
  5
268
  8
TEXT
 10
0.4642804037613847
 20
21.244379387652383
 30
0.0
 70
0
  0
VERTEX
  5
269
  8
TEXT
 10
0.4879390696553815
 20
21.223987436007366
 30
0.0
 70
0
  0
VERTEX
  5
26A
  8
TEXT
 10
0.5165674652938983
 20
21.195412772064397
 30
0.0
 70
0
  0
VERTEX
  5
26B
  8
TEXT
 10
0.5427114028532943
 20
21.165880983827726
 30
0.0
 70
0
  0
VERTEX
  5
26C
  8
TEXT
 10
0.5663708823335714
 20
21.135392071297353
 30
0.0
 70
0
  0
VERTEX
  5
26D
  8
TEXT
 10
0.5875459037347279
 20
21.103946034473278
 30
0.0
 70
0
  0
VERTEX
  5
26E
  8
TEXT
 10
0.6062364670567648
 20
21.0715428733555
 30
0.0
 70
0
  0
VERTEX
  5
26F
  8
TEXT
 10
0.622442572299682
 20
21.03818258794402
 30
0.0
 70
0
  0
VERTEX
  5
270
  8
TEXT
 10
0.6361642194634788
 20
21.003865178238836
 30
0.0
 70
0
  0
VERTEX
  5
271
  8
TEXT
 10
0.647792926811907
 20
20.968793666984876
 30
0.0
 70
0
  0
VERTEX
  5
272
  8
TEXT
 10
0.6577202126087159
 20
20.933171076927056
 30
0.0
 70
0
  0
VERTEX
  5
273
  8
TEXT
 10
0.665946076853907
 20
20.896997408065378
 30
0.0
 70
0
  0
VERTEX
  5
274
  8
TEXT
 10
0.6724705195474802
 20
20.860272660399847
 30
0.0
 70
0
  0
VERTEX
  5
275
  8
TEXT
 10
0.6772935406894347
 20
20.822996833930457
 30
0.0
 70
0
  0
VERTEX
  5
276
  8
TEXT
 10
0.6804151402797711
 20
20.785169928657208
 30
0.0
 70
0
  0
VERTEX
  5
277
  8
TEXT
 10
0.6818353183184891
 20
20.746791944580107
 30
0.0
 70
0
  0
VERTEX
  5
278
  8
TEXT
 10
0.6816392884077235
 20
20.706750342210732
 30
0.0
 70
0
  0
VERTEX
  5
279
  8
TEXT
 10
0.679856434025794
 20
20.66772214318608
 30
0.0
 70
0
  0
VERTEX
  5
27A
  8
TEXT
 10
0.6764867551727026
 20
20.62970734750614
 30
0.0
 70
0
  0
VERTEX
  5
27B
  8
TEXT
 10
0.6715302518484468
 20
20.592705955170924
 30
0.0
 70
0
  0
VERTEX
  5
27C
  8
TEXT
 10
0.6649869240530284
 20
20.556717966180422
 30
0.0
 70
0
  0
VERTEX
  5
27D
  8
TEXT
 10
0.6568567717864469
 20
20.521743380534637
 30
0.0
 70
0
  0
VERTEX
  5
27E
  8
TEXT
 10
0.647139795048702
 20
20.48778219823357
 30
0.0
 70
0
  0
VERTEX
  5
27F
  8
TEXT
 10
0.6358359938397935
 20
20.45483441927722
 30
0.0
 70
0
  0
VERTEX
  5
280
  8
TEXT
 10
0.6229453681597225
 20
20.42290004366559
 30
0.0
 70
0
  0
VERTEX
  5
281
  8
TEXT
 10
0.6084679180084872
 20
20.391979071398673
 30
0.0
 70
0
  0
VERTEX
  5
282
  8
TEXT
 10
0.5924036433860899
 20
20.362071502476475
 30
0.0
 70
0
  0
VERTEX
  5
283
  8
TEXT
 10
0.5747525442925284
 20
20.333177336898995
 30
0.0
 70
0
  0
VERTEX
  5
284
  8
TEXT
 10
0.5555146207278038
 20
20.305296574666233
 30
0.0
 70
0
  0
VERTEX
  5
285
  8
TEXT
 10
0.5346898726919164
 20
20.278429215778186
 30
0.0
 70
0
  0
VERTEX
  5
286
  8
TEXT
 10
0.5122783001848654
 20
20.252575260234856
 30
0.0
 70
0
  0
VERTEX
  5
287
  8
TEXT
 10
0.4882799032066514
 20
20.227734708036248
 30
0.0
 70
0
  0
VERTEX
  5
288
  8
TEXT
 10
0.46269468175727413
 20
20.203907559182355
 30
0.0
 70
0
  0
VERTEX
  5
289
  8
TEXT
 10
0.4372308410447785
 20
20.18247618576519
 30
0.0
 70
0
  0
VERTEX
  5
28A
  8
TEXT
 10
0.410665626978881
 20
20.16223179907881
 30
0.0
 70
0
  0
VERTEX
  5
28B
  8
TEXT
 10
0.3829990395595818
 20
20.14317439912322
 30
0.0
 70
0
  0
VERTEX
  5
28C
  8
TEXT
 10
0.35423107878688087
 20
20.12530398589842
 30
0.0
 70
0
  0
VERTEX
  5
28D
  8
TEXT
 10
0.3243617446607777
 20
20.108620559404407
 30
0.0
 70
0
  0
VERTEX
  5
28E
  8
TEXT
 10
0.293391037181273
 20
20.093124119641185
 30
0.0
 70
0
  0
VERTEX
  5
28F
  8
TEXT
 10
0.2613189563483659
 20
20.07881466660875
 30
0.0
 70
0
  0
VERTEX
  5
290
  8
TEXT
 10
0.2281455021620572
 20
20.065692200307105
 30
0.0
 70
0
  0
VERTEX
  5
291
  8
TEXT
 10
0.19387067462234658
 20
20.053756720736246
 30
0.0
 70
0
  0
VERTEX
  5
292
  8
TEXT
 10
0.1584944737292343
 20
20.043008227896177
 30
0.0
 70
0
  0
VERTEX
  5
293
  8
TEXT
 10
0.12201689948271982
 20
20.033446721786895
 30
0.0
 70
0
  0
VERTEX
  5
294
  8
TEXT
 10
0.08443795188280384
 20
20.025072202408403
 30
0.0
 70
0
  0
VERTEX
  5
295
  8
TEXT
 10
0.04575763092948565
 20
20.0178846697607
 30
0.0
 70
0
  0
VERTEX
  5
296
  8
TEXT
 10
0.005975936622765743
 20
20.011884123843785
 30
0.0
 70
0
  0
VERTEX
  5
297
  8
TEXT
 10
-0.03490713103735593
 20
20.00707056465766
 30
0.0
 70
0
  0
VERTEX
  5
298
  8
TEXT
 10
-0.07689157205087974
 20
20.00344399220232
 30
0.0
 70
0
  0
VERTEX
  5
299
  8
TEXT
 10
-0.11997738641780509
 20
20.001004406477772
 30
0.0
 70
0
  0
VERTEX
  5
29A
  8
TEXT
 10
-0.16416457413813285
 20
19.99975180748401
 30
0.0
 70
0
  0
SEQEND
  5
236
  8
TEXT
  0
POLYLINE
  5
29B
  8
TEXT
 66
1
 10
0.0
 20
0.0
 30
0.0
 70
1
  0
VERTEX
  5
29D
  8
TEXT
 10
-0.743219845039536
 20
20.37783994454119
 30
0.0
 70
0
  0
VERTEX
  5
29E
  8
TEXT
 10
-0.12476346937501559
 20
20.386951420747728
 30
0.0
 70
0
  0
VERTEX
  5
29F
  8
TEXT
 10
-0.08318750860527
 20
20.389049003606356
 30
0.0
 70
0
  0
VERTEX
  5
2A0
  8
TEXT
 10
-0.04381949064556362
 20
20.394084178643315
 30
0.0
 70
0
  0
VERTEX
  5
2A1
  8
TEXT
 10
-0.006659415495896215
 20
20.4020569458586
 30
0.0
 70
0
  0
VERTEX
  5
2A2
  8
TEXT
 10
0.028292716843732246
 20
20.41296730525222
 30
0.0
 70
0
  0
VERTEX
  5
2A3
  8
TEXT
 10
0.06103690637332143
 20
20.42681525682417
 30
0.0
 70
0
  0
VERTEX
  5
2A4
  8
TEXT
 10
0.0915731530928715
 20
20.443600800574448
 30
0.0
 70
0
  0
VERTEX
  5
2A5
  8
TEXT
 10
0.11990145700238253
 20
20.46332393650306
 30
0.0
 70
0
  0
VERTEX
  5
2A6
  8
TEXT
 10
0.1460218181018546
 20
20.48598466461
 30
0.0
 70
0
  0
VERTEX
  5
2A7
  8
TEXT
 10
0.16943835024263992
 20
20.511072268869984
 30
0.0
 70
0
  0
VERTEX
  5
2A8
  8
TEXT
 10
0.1896551672760915
 20
20.53807603325773
 30
0.0
 70
0
  0
VERTEX
  5
2A9
  8
TEXT
 10
0.20667226920220905
 20
20.566995957773234
 30
0.0
 70
0
  0
VERTEX
  5
2AA
  8
TEXT
 10
0.22048965602099246
 20
20.597832042416496
 30
0.0
 70
0
  0
VERTEX
  5
2AB
  8
TEXT
 10
0.23110732773244202
 20
20.630584287187517
 30
0.0
 70
0
  0
VERTEX
  5
2AC
  8
TEXT
 10
0.23852528433655773
 20
20.6652526920863
 30
0.0
 70
0
  0
VERTEX
  5
2AD
  8
TEXT
 10
0.24274352583333914
 20
20.70183725711284
 30
0.0
 70
0
  0
VERTEX
  5
2AE
  8
TEXT
 10
0.2437620522227869
 20
20.74033798226714
 30
0.0
 70
0
  0
VERTEX
  5
2AF
  8
TEXT
 10
0.24160941101742917
 20
20.778817158364376
 30
0.0
 70
0
  0
VERTEX
  5
2B0
  8
TEXT
 10
0.23631414972979492
 20
20.81533707621973
 30
0.0
 70
0
  0
VERTEX
  5
2B1
  8
TEXT
 10
0.22787626835988362
 20
20.849897735833203
 30
0.0
 70
0
  0
VERTEX
  5
2B2
  8
TEXT
 10
0.2162957669076958
 20
20.88249913720479
 30
0.0
 70
0
  0
VERTEX
  5
2B3
  8
TEXT
 10
0.20157264537323138
 20
20.913141280334493
 30
0.0
 70
0
  0
VERTEX
  5
2B4
  8
TEXT
 10
0.18370690375649001
 20
20.94182416522231
 30
0.0
 70
0
  0
VERTEX
  5
2B5
  8
TEXT
 10
0.16269854205747197
 20
20.968547791868247
 30
0.0
 70
0
  0
VERTEX
  5
2B6
  8
TEXT
 10
0.13854756027617737
 20
20.9933121602723
 30
0.0
 70
0
  0
VERTEX
  5
2B7
  8
TEXT
 10
0.11176541593172346
 20
21.015571054177126
 30
0.0
 70
0
  0
VERTEX
  5
2B8
  8
TEXT
 10
0.08286356654322818
 20
21.03477825732538
 30
0.0
 70
0
  0
VERTEX
  5
2B9
  8
TEXT
 10
0.05184201211069145
 20
21.050933769717062
 30
0.0
 70
0
  0
VERTEX
  5
2BA
  8
TEXT
 10
0.018700752634113138
 20
21.064037591352175
 30
0.0
 70
0
  0
VERTEX
  5
2BB
  8
TEXT
 10
-0.01656021188650686
 20
21.074089722230713
 30
0.0
 70
0
  0
VERTEX
  5
2BC
  8
TEXT
 10
-0.05394088145116818
 20
21.08109016235268
 30
0.0
 70
0
  0
VERTEX
  5
2BD
  8
TEXT
 10
-0.09344125605987091
 20
21.085038911718076
 30
0.0
 70
0
  0
VERTEX
  5
2BE
  8
TEXT
 10
-0.1350613357126153
 20
21.0859359703269
 30
0.0
 70
0
  0
VERTEX
  5
2BF
  8
TEXT
 10
-0.7535177113771357
 20
21.07682449412036
 30
0.0
 70
0
  0
SEQEND
  5
29C
  8
TEXT
  0
POLYLINE
  5
2C0
  8
TEXT
 66
1
 10
0.0
 20
0.0
 30
0.0
 70
1
  0
VERTEX
  5
2C2
  8
TEXT
 10
-0.7591649284009807
 20
21.4601386019541
 30
0.0
 70
0
  0
VERTEX
  5
2C3
  8
TEXT
 10
-0.16325644143256252
 20
21.468917888923944
 30
0.0
 70
0
  0
VERTEX
  5
2C4
  8
TEXT
 10
-0.1257441795982319
 20
21.47108145547557
 30
0.0
 70
0
  0
VERTEX
  5
2C5
  8
TEXT
 10
-0.09051444105330589
 20
21.476433220604637
 30
0.0
 70
0
  0
VERTEX
  5
2C6
  8
TEXT
 10
-0.05756722579778384
 20
21.48497318431114
 30
0.0
 70
0
  0
VERTEX
  5
2C7
  8
TEXT
 10
-0.026902533831665465
 20
21.496701346595085
 30
0.0
 70
0
  0
VERTEX
  5
2C8
  8
TEXT
 10
0.0014796348450485386
 20
21.511617707456466
 30
0.0
 70
0
  0
VERTEX
  5
2C9
  8
TEXT
 10
0.02757928023235806
 20
21.529722266895284
 30
0.0
 70
0
  0
VERTEX
  5
2CA
  8
TEXT
 10
0.05139640233026377
 20
21.551015024911543
 30
0.0
 70
0
  0
VERTEX
  5
2CB
  8
TEXT
 10
0.07559556507592735
 20
21.57898080151011
 30
0.0
 70
0
  0
VERTEX
  5
2CC
  8
TEXT
 10
0.09528271225544249
 20
21.609475464260868
 30
0.0
 70
0
  0
VERTEX
  5
2CD
  8
TEXT
 10
0.11045784386880975
 20
21.642499013163818
 30
0.0
 70
0
  0
VERTEX
  5
2CE
  8
TEXT
 10
0.12112095991602884
 20
21.67805144821896
 30
0.0
 70
0
  0
VERTEX
  5
2CF
  8
TEXT
 10
0.1272720603970997
 20
21.71613276942629
 30
0.0
 70
0
  0
VERTEX
  5
2D0
  8
TEXT
 10
0.1289111453120227
 20
21.756742976785816
 30
0.0
 70
0
  0
VERTEX
  5
2D1
  8
TEXT
 10
0.126078420104128
 20
21.79715305995931
 30
0.0
 70
0
  0
VERTEX
  5
2D2
  8
TEXT
 10
0.11881409021674594
 20
21.83463400860856
 30
0.0
 70
0
  0
VERTEX
  5
2D3
  8
TEXT
 10
0.1071181556498762
 20
21.869185822733563
 30
0.0
 70
0
  0
VERTEX
  5
2D4
  8
TEXT
 10
0.09099061640351919
 20
21.900808502334318
 30
0.0
 70
0
  0
VERTEX
  5
2D5
  8
TEXT
 10
0.07043147247767506
 20
21.92950204741083
 30
0.0
 70
0
  0
VERTEX
  5
2D6
  8
TEXT
 10
0.045440723872343214
 20
21.95526645796309
 30
0.0
 70
0
  0
VERTEX
  5
2D7
  8
TEXT
 10
0.021025564300209576
 20
21.9745664733283
 30
0.0
 70
0
  0
VERTEX
  5
2D8
  8
TEXT
 10
-0.005580112796062464
 20
21.99080964521226
 30
0.0
 70
0
  0
VERTEX
  5
2D9
  8
TEXT
 10
-0.034376307416473295
 20
22.00399597361497
 30
0.0
 70
0
  0
VERTEX
  5
2DA
  8
TEXT
 10
-0.06536301956102153
 20
22.014125458536434
 30
0.0
 70
0
  0
VERTEX
  5
2DB
  8
TEXT
 10
-0.09854024922970847
 20
22.021198099976647
 30
0.0
 70
0
  0
VERTEX
  5
2DC
  8
TEXT
 10
-0.13390799642253354
 20
22.02521389793561
 30
0.0
 70
0
  0
VERTEX
  5
2DD
  8
TEXT
 10
-0.17146626113949687
 20
22.02617285241333
 30
0.0
 70
0
  0
VERTEX
  5
2DE
  8
TEXT
 10
-0.7673747481079151
 20
22.017393565443484
 30
0.0
 70
0
  0
SEQEND
  5
2C1
  8
TEXT
  0
POLYLINE
  5
2DF
  8
TEXT
 66
1
 10
0.0
 20
0.0
 30
0.0
 70
1
  0
VERTEX
  5
2E1
  8
TEXT
 10
1.3286587494517847
 20
19.96621602516866
 30
0.0
 70
0
  0
VERTEX
  5
2E2
  8
TEXT
 10
1.5650373229124859
 20
22.35454706797003
 30
0.0
 70
0
  0
VERTEX
  5
2E3
  8
TEXT
 10
2.001829409599314
 20
22.311316758394163
 30
0.0
 70
0
  0
VERTEX
  5
2E4
  8
TEXT
 10
1.8035252372329538
 20
20.307683333225228
 30
0.0
 70
0
  0
VERTEX
  5
2E5
  8
TEXT
 10
2.8253782840691106
 20
20.206548205318384
 30
0.0
 70
0
  0
VERTEX
  5
2E6
  8
TEXT
 10
2.7873038829747694
 20
19.82185058768595
 30
0.0
 70
0
  0
SEQEND
  5
2E0
  8
TEXT
  0
POLYLINE
  5
2E7
  8
TEXT
 66
1
 10
0.0
 20
0.0
 30
0.0
 70
1
  0
VERTEX
  5
2E9
  8
TEXT
 10
3.0912003563256407
 20
19.383400477283164
 30
0.0
 70
0
  0
VERTEX
  5
2EA
  8
TEXT
 10
4.660398373462595
 20
21.779375812011192
 30
0.0
 70
0
  0
VERTEX
  5
2EB
  8
TEXT
 10
5.11293695736403
 20
21.68899108197228
 30
0.0
 70
0
  0
VERTEX
  5
2EC
  8
TEXT
 10
3.543738940227076
 20
19.29301574724425
 30
0.0
 70
0
  0
SEQEND
  5
2E8
  8
TEXT
  0
POLYLINE
  5
2ED
  8
TEXT
 66
1
 10
0.0
 20
0.0
 30
0.0
 70
1
  0
VERTEX
  5
2EF
  8
TEXT
 10
5.909096024193911
 20
19.06666673147419
 30
0.0
 70
0
  0
VERTEX
  5
2F0
  8
TEXT
 10
5.870706710508495
 20
19.079318614056305
 30
0.0
 70
0
  0
VERTEX
  5
2F1
  8
TEXT
 10
5.833495577822341
 20
19.093127861920262
 30
0.0
 70
0
  0
VERTEX
  5
2F2
  8
TEXT
 10
5.797462626135449
 20
19.108094475066068
 30
0.0
 70
0
  0
VERTEX
  5
2F3
  8
TEXT
 10
5.762607855447819
 20
19.12421845349372
 30
0.0
 70
0
  0
VERTEX
  5
2F4
  8
TEXT
 10
5.728931265759451
 20
19.141499797203217
 30
0.0
 70
0
  0
VERTEX
  5
2F5
  8
TEXT
 10
5.696432857070346
 20
19.15993850619456
 30
0.0
 70
0
  0
VERTEX
  5
2F6
  8
TEXT
 10
5.665112629380503
 20
19.17953458046775
 30
0.0
 70
0
  0
VERTEX
  5
2F7
  8
TEXT
 10
5.634970582689921
 20
19.200288020022782
 30
0.0
 70
0
  0
VERTEX
  5
2F8
  8
TEXT
 10
5.6060067169986025
 20
19.22219882485966
 30
0.0
 70
0
  0
VERTEX
  5
2F9
  8
TEXT
 10
5.578221032306545
 20
19.245266994978387
 30
0.0
 70
0
  0
VERTEX
  5
2FA
  8
TEXT
 10
5.55161352861375
 20
19.269492530378958
 30
0.0
 70
0
  0
VERTEX
  5
2FB
  8
TEXT
 10
5.5261842059202175
 20
19.29487543106137
 30
0.0
 70
0
  0
VERTEX
  5
2FC
  8
TEXT
 10
5.499915457340723
 20
19.323581218804552
 30
0.0
 70
0
  0
VERTEX
  5
2FD
  8
TEXT
 10
5.475306081843482
 20
19.353055127510437
 30
0.0
 70
0
  0
VERTEX
  5
2FE
  8
TEXT
 10
5.452356079428493
 20
19.383297157179033
 30
0.0
 70
0
  0
VERTEX
  5
2FF
  8
TEXT
 10
5.4310654500957565
 20
19.41430730781034
 30
0.0
 70
0
  0
VERTEX
  5
300
  8
TEXT
 10
5.411434193845272
 20
19.44608557940435
 30
0.0
 70
0
  0
VERTEX
  5
301
  8
TEXT
 10
5.393462310677041
 20
19.47863197196107
 30
0.0
 70
0
  0
VERTEX
  5
302
  8
TEXT
 10
5.377149800591061
 20
19.511946485480504
 30
0.0
 70
0
  0
VERTEX
  5
303
  8
TEXT
 10
5.362496663587335
 20
19.546029119962643
 30
0.0
 70
0
  0
VERTEX
  5
304
  8
TEXT
 10
5.34950289966586
 20
19.58087987540749
 30
0.0
 70
0
  0
VERTEX
  5
305
  8
TEXT
 10
5.338168508826638
 20
19.616498751815044
 30
0.0
 70
0
  0
VERTEX
  5
306
  8
TEXT
 10
5.328493491069669
 20
19.65288574918531
 30
0.0
 70
0
  0
VERTEX
  5
307
  8
TEXT
 10
5.320609505180399
 20
19.68979104996873
 30
0.0
 70
0
  0
VERTEX
  5
308
  8
TEXT
 10
5.314648209944276
 20
19.726964836615757
 30
0.0
 70
0
  0
VERTEX
  5
309
  8
TEXT
 10
5.310609605361301
 20
19.764407109126385
 30
0.0
 70
0
  0
VERTEX
  5
30A
  8
TEXT
 10
5.308493691431472
 20
19.80211786750062
 30
0.0
 70
0
  0
VERTEX
  5
30B
  8
TEXT
 10
5.3083004681547905
 20
19.84009711173846
 30
0.0
 70
0
  0
VERTEX
  5
30C
  8
TEXT
 10
5.310029935531256
 20
19.878344841839905
 30
0.0
 70
0
  0
VERTEX
  5
30D
  8
TEXT
 10
5.313682093560869
 20
19.91686105780495
 30
0.0
 70
0
  0
VERTEX
  5
30E
  8
TEXT
 10
5.319256942243628
 20
19.955645759633605
 30
0.0
 70
0
  0
VERTEX
  5
30F
  8
TEXT
 10
5.326754481579536
 20
19.994698947325862
 30
0.0
 70
0
  0
VERTEX
  5
310
  8
TEXT
 10
5.336174711568589
 20
20.034020620881723
 30
0.0
 70
0
  0
VERTEX
  5
311
  8
TEXT
 10
5.34751763221079
 20
20.073610780301188
 30
0.0
 70
0
  0
VERTEX
  5
312
  8
TEXT
 10
5.359596492750225
 20
20.110339117161676
 30
0.0
 70
0
  0
VERTEX
  5
313
  8
TEXT
 10
5.372957537637854
 20
20.146670309287252
 30
0.0
 70
0
  0
VERTEX
  5
314
  8
TEXT
 10
5.387600766873674
 20
20.182604356677924
 30
0.0
 70
0
  0
VERTEX
  5
315
  8
TEXT
 10
5.403526180457686
 20
20.218141259333684
 30
0.0
 70
0
  0
VERTEX
  5
316
  8
TEXT
 10
5.4207337783898915
 20
20.25328101725454
 30
0.0
 70
0
  0
VERTEX
  5
317
  8
TEXT
 10
5.439223560670289
 20
20.288023630440488
 30
0.0
 70
0
  0
VERTEX
  5
318
  8
TEXT
 10
5.456535124253375
 20
20.317693936783876
 30
0.0
 70
0
  0
VERTEX
  5
319
  8
TEXT
 10
5.4756740302235025
 20
20.347486500125186
 30
0.0
 70
0
  0
VERTEX
  5
31A
  8
TEXT
 10
5.49664027858067
 20
20.377401320464426
 30
0.0
 70
0
  0
VERTEX
  5
31B
  8
TEXT
 10
5.519433869324877
 20
20.40743839780159
 30
0.0
 70
0
  0
VERTEX
  5
31C
  8
TEXT
 10
5.544054802456126
 20
20.43759773213668
 30
0.0
 70
0
  0
VERTEX
  5
31D
  8
TEXT
 10
5.570503077974414
 20
20.4678793234697
 30
0.0
 70
0
  0
VERTEX
  5
31E
  8
TEXT
 10
5.598778695879743
 20
20.49828317180064
 30
0.0
 70
0
  0
VERTEX
  5
31F
  8
TEXT
 10
5.622290208528648
 20
20.522102375454654
 30
0.0
 70
0
  0
VERTEX
  5
320
  8
TEXT
 10
5.647419185654929
 20
20.546170022459066
 30
0.0
 70
0
  0
VERTEX
  5
321
  8
TEXT
 10
5.674165627258586
 20
20.57048611281387
 30
0.0
 70
0
  0
VERTEX
  5
322
  8
TEXT
 10
5.70252953333962
 20
20.595050646519077
 30
0.0
 70
0
  0
VERTEX
  5
323
  8
TEXT
 10
5.732510903898031
 20
20.619863623574677
 30
0.0
 70
0
  0
VERTEX
  5
324
  8
TEXT
 10
5.764109738933817
 20
20.64492504398067
 30
0.0
 70
0
  0
VERTEX
  5
325
  8
TEXT
 10
5.79732603844698
 20
20.670234907737065
 30
0.0
 70
0
  0
VERTEX
  5
326
  8
TEXT
 10
5.832159802437519
 20
20.695793214843853
 30
0.0
 70
0
  0
VERTEX
  5
327
  8
TEXT
 10
5.868611030905435
 20
20.72159996530104
 30
0.0
 70
0
  0
VERTEX
  5
328
  8
TEXT
 10
6.766027245743192
 20
21.35420077126379
 30
0.0
 70
0
  0
VERTEX
  5
329
  8
TEXT
 10
7.2645405203203754
 20
21.19979089833171
 30
0.0
 70
0
  0
VERTEX
  5
32A
  8
TEXT
 10
6.351002746284858
 20
20.55869371208142
 30
0.0
 70
0
  0
VERTEX
  5
32B
  8
TEXT
 10
6.381654170450182
 20
20.55482050214962
 30
0.0
 70
0
  0
VERTEX
  5
32C
  8
TEXT
 10
6.4123539946920225
 20
20.548683986735423
 30
0.0
 70
0
  0
VERTEX
  5
32D
  8
TEXT
 10
6.44310221901038
 20
20.540284165838838
 30
0.0
 70
0
  0
VERTEX
  5
32E
  8
TEXT
 10
6.480522454373502
 20
20.527829572770564
 30
0.0
 70
0
  0
VERTEX
  5
32F
  8
TEXT
 10
6.516691347508325
 20
20.514034528379167
 30
0.0
 70
0
  0
VERTEX
  5
330
  8
TEXT
 10
6.55160889841485
 20
20.49889903266465
 30
0.0
 70
0
  0
VERTEX
  5
331
  8
TEXT
 10
6.585275107093077
 20
20.482423085627012
 30
0.0
 70
0
  0
VERTEX
  5
332
  8
TEXT
 10
6.617689973543006
 20
20.464606687266254
 30
0.0
 70
0
  0
VERTEX
  5
333
  8
TEXT
 10
6.648853497764636
 20
20.445449837582373
 30
0.0
 70
0
  0
VERTEX
  5
334
  8
TEXT
 10
6.6787656797579675
 20
20.424952536575372
 30
0.0
 70
0
  0
VERTEX
  5
335
  8
TEXT
 10
6.7074265195230005
 20
20.403114784245247
 30
0.0
 70
0
  0
VERTEX
  5
336
  8
TEXT
 10
6.7348360170597354
 20
20.379936580592005
 30
0.0
 70
0
  0
VERTEX
  5
337
  8
TEXT
 10
6.7609941723681715
 20
20.35541792561564
 30
0.0
 70
0
  0
VERTEX
  5
338
  8
TEXT
 10
6.785900985448309
 20
20.32955881931615
 30
0.0
 70
0
  0
VERTEX
  5
339
  8
TEXT
 10
6.811703403906024
 20
20.299898632767828
 30
0.0
 70
0
  0
VERTEX
  5
33A
  8
TEXT
 10
6.835692146953989
 20
20.269282603437155
 30
0.0
 70
0
  0
VERTEX
  5
33B
  8
TEXT
 10
6.857867214592207
 20
20.237710731324132
 30
0.0
 70
0
  0
VERTEX
  5
33C
  8
TEXT
 10
6.878228606820677
 20
20.205183016428766
 30
0.0
 70
0
  0
VERTEX
  5
33D
  8
TEXT
 10
6.896776323639399
 20
20.17169945875105
 30
0.0
 70
0
  0
VERTEX
  5
33E
  8
TEXT
 10
6.9135103650483725
 20
20.137260058290984
 30
0.0
 70
0
  0
VERTEX
  5
33F
  8
TEXT
 10
6.928430731047599
 20
20.101864815048575
 30
0.0
 70
0
  0
VERTEX
  5
340
  8
TEXT
 10
6.9415374216370775
 20
20.065513729023817
 30
0.0
 70
0
  0
VERTEX
  5
341
  8
TEXT
 10
6.952830436816806
 20
20.02820680021671
 30
0.0
 70
0
  0
VERTEX
  5
342
  8
TEXT
 10
6.962309776586789
 20
19.989944028627257
 30
0.0
 70
0
  0
VERTEX
  5
343
  8
TEXT
 10
6.969220948846815
 20
19.95462214427887
 30
0.0
 70
0
  0
VERTEX
  5
344
  8
TEXT
 10
6.974368098235789
 20
19.919094114834838
 30
0.0
 70
0
  0
VERTEX
  5
345
  8
TEXT
 10
6.97775122475371
 20
19.88335994029517
 30
0.0
 70
0
  0
VERTEX
  5
346
  8
TEXT
 10
6.979370328400579
 20
19.847419620659863
 30
0.0
 70
0
  0
VERTEX
  5
347
  8
TEXT
 10
6.979225409176395
 20
19.811273155928912
 30
0.0
 70
0
  0
VERTEX
  5
348
  8
TEXT
 10
6.977316467081158
 20
19.774920546102326
 30
0.0
 70
0
  0
VERTEX
  5
349
  8
TEXT
 10
6.973643502114869
 20
19.7383617911801
 30
0.0
 70
0
  0
VERTEX
  5
34A
  8
TEXT
 10
6.968206514277526
 20
19.701596891162232
 30
0.0
 70
0
  0
VERTEX
  5
34B
  8
TEXT
 10
6.961005503569131
 20
19.664625846048725
 30
0.0
 70
0
  0
VERTEX
  5
34C
  8
TEXT
 10
6.952040469989684
 20
19.62744865583958
 30
0.0
 70
0
  0
VERTEX
  5
34D
  8
TEXT
 10
6.941311413539184
 20
19.590065320534794
 30
0.0
 70
0
  0
VERTEX
  5
34E
  8
TEXT
 10
6.929271039505522
 20
19.553688071867672
 30
0.0
 70
0
  0
VERTEX
  5
34F
  8
TEXT
 10
6.9160254541352195
 20
19.51841014432218
 30
0.0
 70
0
  0
VERTEX
  5
350
  8
TEXT
 10
6.901574657428274
 20
19.484231537898317
 30
0.0
 70
0
  0
VERTEX
  5
351
  8
TEXT
 10
6.885918649384685
 20
19.451152252596085
 30
0.0
 70
0
  0
VERTEX
  5
352
  8
TEXT
 10
6.869057430004453
 20
19.419172288415485
 30
0.0
 70
0
  0
VERTEX
  5
353
  8
TEXT
 10
6.850990999287579
 20
19.388291645356517
 30
0.0
 70
0
  0
VERTEX
  5
354
  8
TEXT
 10
6.831719357234062
 20
19.35851032341918
 30
0.0
 70
0
  0
VERTEX
  5
355
  8
TEXT
 10
6.8112425038439035
 20
19.329828322603472
 30
0.0
 70
0
  0
VERTEX
  5
356
  8
TEXT
 10
6.789560439117101
 20
19.302245642909398
 30
0.0
 70
0
  0
VERTEX
  5
357
  8
TEXT
 10
6.766673163053657
 20
19.275762284336956
 30
0.0
 70
0
  0
VERTEX
  5
358
  8
TEXT
 10
6.742580675653569
 20
19.250378246886143
 30
0.0
 70
0
  0
VERTEX
  5
359
  8
TEXT
 10
6.717282976916839
 20
19.22609353055696
 30
0.0
 70
0
  0
VERTEX
  5
35A
  8
TEXT
 10
6.688568643637124
 20
19.20101197448099
 30
0.0
 70
0
  0
VERTEX
  5
35B
  8
TEXT
 10
6.658935398863547
 20
19.177552882474977
 30
0.0
 70
0
  0
VERTEX
  5
35C
  8
TEXT
 10
6.628383242596108
 20
19.15571625453892
 30
0.0
 70
0
  0
VERTEX
  5
35D
  8
TEXT
 10
6.596912174834805
 20
19.135502090672812
 30
0.0
 70
0
  0
VERTEX
  5
35E
  8
TEXT
 10
6.56452219557964
 20
19.11691039087666
 30
0.0
 70
0
  0
VERTEX
  5
35F
  8
TEXT
 10
6.531213304830612
 20
19.099941155150464
 30
0.0
 70
0
  0
VERTEX
  5
360
  8
TEXT
 10
6.496985502587721
 20
19.08459438349422
 30
0.0
 70
0
  0
VERTEX
  5
361
  8
TEXT
 10
6.461838788850968
 20
19.07087007590793
 30
0.0
 70
0
  0
VERTEX
  5
362
  8
TEXT
 10
6.425773163620352
 20
19.058768232391596
 30
0.0
 70
0
  0
VERTEX
  5
363
  8
TEXT
 10
6.388788626895874
 20
19.048288852945216
 30
0.0
 70
0
  0
VERTEX
  5
364
  8
TEXT
 10
6.350885178677532
 20
19.03943193756879
 30
0.0
 70
0
  0
VERTEX
  5
365
  8
TEXT
 10
6.315581702745021
 20
19.032860459163164
 30
0.0
 70
0
  0
VERTEX
  5
366
  8
TEXT
 10
6.280003265550487
 20
19.027896443405613
 30
0.0
 70
0
  0
VERTEX
  5
367
  8
TEXT
 10
6.244149867093931
 20
19.024539890296136
 30
0.0
 70
0
  0
VERTEX
  5
368
  8
TEXT
 10
6.208021507375353
 20
19.022790799834734
 30
0.0
 70
0
  0
VERTEX
  5
369
  8
TEXT
 10
6.171618186394751
 20
19.022649172021406
 30
0.0
 70
0
  0
VERTEX
  5
36A
  8
TEXT
 10
6.1349399041521275
 20
19.024115006856153
 30
0.0
 70
0
  0
VERTEX
  5
36B
  8
TEXT
 10
6.097986660647481
 20
19.027188304338974
 30
0.0
 70
0
  0
VERTEX
  5
36C
  8
TEXT
 10
6.060758455880812
 20
19.031869064469866
 30
0.0
 70
0
  0
VERTEX
  5
36D
  8
TEXT
 10
6.023255289852121
 20
19.038157287248836
 30
0.0
 70
0
  0
VERTEX
  5
36E
  8
TEXT
 10
5.9854771625614065
 20
19.04605297267588
 30
0.0
 70
0
  0
VERTEX
  5
36F
  8
TEXT
 10
5.94742407400867
 20
19.055556120750996
 30
0.0
 70
0
  0
SEQEND
  5
2EE
  8
TEXT
  0
POLYLINE
  5
370
  8
TEXT
 66
1
 10
0.0
 20
0.0
 30
0.0
 70
1
  0
VERTEX
  5
372
  8
TEXT
 10
6.026333149938641
 20
19.445167551060567
 30
0.0
 70
0
  0
VERTEX
  5
373
  8
TEXT
 10
6.061063333884661
 20
19.43586223414934
 30
0.0
 70
0
  0
VERTEX
  5
374
  8
TEXT
 10
6.095503057181056
 20
19.42955095699463
 30
0.0
 70
0
  0
VERTEX
  5
375
  8
TEXT
 10
6.129652319827827
 20
19.426233719596436
 30
0.0
 70
0
  0
VERTEX
  5
376
  8
TEXT
 10
6.163511121824975
 20
19.42591052195476
 30
0.0
 70
0
  0
VERTEX
  5
377
  8
TEXT
 10
6.197079463172497
 20
19.4285813640696
 30
0.0
 70
0
  0
VERTEX
  5
378
  8
TEXT
 10
6.230357343870395
 20
19.434246245940958
 30
0.0
 70
0
  0
VERTEX
  5
379
  8
TEXT
 10
6.262907155982891
 20
19.442853353076213
 30
0.0
 70
0
  0
VERTEX
  5
37A
  8
TEXT
 10
6.294291291574204
 20
19.454350870982747
 30
0.0
 70
0
  0
VERTEX
  5
37B
  8
TEXT
 10
6.324509750644335
 20
19.46873879966056
 30
0.0
 70
0
  0
VERTEX
  5
37C
  8
TEXT
 10
6.353562533193285
 20
19.48601713910965
 30
0.0
 70
0
  0
VERTEX
  5
37D
  8
TEXT
 10
6.381449639221054
 20
19.506185889330013
 30
0.0
 70
0
  0
VERTEX
  5
37E
  8
TEXT
 10
6.408171068727641
 20
19.529245050321656
 30
0.0
 70
0
  0
VERTEX
  5
37F
  8
TEXT
 10
6.433084591400248
 20
19.55478462860316
 30
0.0
 70
0
  0
VERTEX
  5
380
  8
TEXT
 10
6.45554797692608
 20
19.582394630693106
 30
0.0
 70
0
  0
VERTEX
  5
381
  8
TEXT
 10
6.475561225305135
 20
19.612075056591493
 30
0.0
 70
0
  0
VERTEX
  5
382
  8
TEXT
 10
6.493124336537415
 20
19.643825906298325
 30
0.0
 70
0
  0
VERTEX
  5
383
  8
TEXT
 10
6.508237310622919
 20
19.6776471798136
 30
0.0
 70
0
  0
VERTEX
  5
384
  8
TEXT
 10
6.520900147561647
 20
19.71353887713732
 30
0.0
 70
0
  0
VERTEX
  5
385
  8
TEXT
 10
6.5312849434053915
 20
19.75205661148703
 30
0.0
 70
0
  0
VERTEX
  5
386
  8
TEXT
 10
6.538292931054243
 20
19.78965300616607
 30
0.0
 70
0
  0
VERTEX
  5
387
  8
TEXT
 10
6.5419241105082
 20
19.826328061174436
 30
0.0
 70
0
  0
VERTEX
  5
388
  8
TEXT
 10
6.542178481767263
 20
19.862081776512127
 30
0.0
 70
0
  0
VERTEX
  5
389
  8
TEXT
 10
6.539056044831432
 20
19.89691415217915
 30
0.0
 70
0
  0
VERTEX
  5
38A
  8
TEXT
 10
6.532556799700708
 20
19.930825188175497
 30
0.0
 70
0
  0
VERTEX
  5
38B
  8
TEXT
 10
6.523167143798706
 20
19.963570547650665
 30
0.0
 70
0
  0
VERTEX
  5
38C
  8
TEXT
 10
6.511373474549044
 20
19.99490589375414
 30
0.0
 70
0
  0
VERTEX
  5
38D
  8
TEXT
 10
6.497175791951721
 20
20.024831226485926
 30
0.0
 70
0
  0
VERTEX
  5
38E
  8
TEXT
 10
6.480574096006736
 20
20.05334654584602
 30
0.0
 70
0
  0
VERTEX
  5
38F
  8
TEXT
 10
6.46156838671409
 20
20.08045185183442
 30
0.0
 70
0
  0
VERTEX
  5
390
  8
TEXT
 10
6.440158664073783
 20
20.106147144451135
 30
0.0
 70
0
  0
VERTEX
  5
391
  8
TEXT
 10
6.416439482056709
 20
20.129981577602546
 30
0.0
 70
0
  0
VERTEX
  5
392
  8
TEXT
 10
6.3905053946337596
 20
20.15150430519505
 30
0.0
 70
0
  0
VERTEX
  5
393
  8
TEXT
 10
6.362356401804936
 20
20.170715327228645
 30
0.0
 70
0
  0
VERTEX
  5
394
  8
TEXT
 10
6.331992503570238
 20
20.18761464370333
 30
0.0
 70
0
  0
VERTEX
  5
395
  8
TEXT
 10
6.299413699929664
 20
20.202202254619106
 30
0.0
 70
0
  0
VERTEX
  5
396
  8
TEXT
 10
6.264619990883215
 20
20.214478159975975
 30
0.0
 70
0
  0
VERTEX
  5
397
  8
TEXT
 10
6.229833829301093
 20
20.223753975566762
 30
0.0
 70
0
  0
VERTEX
  5
398
  8
TEXT
 10
6.195226173096388
 20
20.229976748760144
 30
0.0
 70
0
  0
VERTEX
  5
399
  8
TEXT
 10
6.1607970222691
 20
20.233146479556122
 30
0.0
 70
0
  0
VERTEX
  5
39A
  8
TEXT
 10
6.126546376819229
 20
20.2332631679547
 30
0.0
 70
0
  0
VERTEX
  5
39B
  8
TEXT
 10
6.092474236746777
 20
20.230326813955873
 30
0.0
 70
0
  0
VERTEX
  5
39C
  8
TEXT
 10
6.058580602051742
 20
20.224337417559642
 30
0.0
 70
0
  0
VERTEX
  5
39D
  8
TEXT
 10
6.0254547504156015
 20
20.215534014334335
 30
0.0
 70
0
  0
VERTEX
  5
39E
  8
TEXT
 10
5.99368595951983
 20
20.204155639848274
 30
0.0
 70
0
  0
VERTEX
  5
39F
  8
TEXT
 10
5.963274229364428
 20
20.19020229410146
 30
0.0
 70
0
  0
VERTEX
  5
3A0
  8
TEXT
 10
5.934219559949397
 20
20.17367397709389
 30
0.0
 70
0
  0
VERTEX
  5
3A1
  8
TEXT
 10
5.906521951274736
 20
20.154570688825572
 30
0.0
 70
0
  0
VERTEX
  5
3A2
  8
TEXT
 10
5.880181403340444
 20
20.132892429296497
 30
0.0
 70
0
  0
VERTEX
  5
3A3
  8
TEXT
 10
5.855651787244914
 20
20.10859229588491
 30
0.0
 70
0
  0
VERTEX
  5
3A4
  8
TEXT
 10
5.833386974086536
 20
20.081623385969063
 30
0.0
 70
0
  0
VERTEX
  5
3A5
  8
TEXT
 10
5.813386963865311
 20
20.051985699548947
 30
0.0
 70
0
  0
VERTEX
  5
3A6
  8
TEXT
 10
5.795651756581237
 20
20.019679236624565
 30
0.0
 70
0
  0
VERTEX
  5
3A7
  8
TEXT
 10
5.780181352234317
 20
19.984703997195915
 30
0.0
 70
0
  0
VERTEX
  5
3A8
  8
TEXT
 10
5.766975750824549
 20
19.947059981263003
 30
0.0
 70
0
  0
VERTEX
  5
3A9
  8
TEXT
 10
5.757133719451844
 20
19.910294565522488
 30
0.0
 70
0
  0
VERTEX
  5
3AA
  8
TEXT
 10
5.750483162064411
 20
19.87385213675682
 30
0.0
 70
0
  0
VERTEX
  5
3AB
  8
TEXT
 10
5.747024078662246
 20
19.837732694966007
 30
0.0
 70
0
  0
VERTEX
  5
3AC
  8
TEXT
 10
5.746756469245353
 20
19.801936240150038
 30
0.0
 70
0
  0
VERTEX
  5
3AD
  8
TEXT
 10
5.749680333813729
 20
19.766462772308923
 30
0.0
 70
0
  0
VERTEX
  5
3AE
  8
TEXT
 10
5.755795672367376
 20
19.731312291442656
 30
0.0
 70
0
  0
VERTEX
  5
3AF
  8
TEXT
 10
5.7648471861753565
 20
19.69717279234709
 30
0.0
 70
0
  0
VERTEX
  5
3B0
  8
TEXT
 10
5.776579576506731
 20
19.664732269818078
 30
0.0
 70
0
  0
VERTEX
  5
3B1
  8
TEXT
 10
5.790992843361502
 20
19.63399072385562
 30
0.0
 70
0
  0
VERTEX
  5
3B2
  8
TEXT
 10
5.808086986739667
 20
19.60494815445972
 30
0.0
 70
0
  0
VERTEX
  5
3B3
  8
TEXT
 10
5.8278620066412286
 20
19.57760456163037
 30
0.0
 70
0
  0
VERTEX
  5
3B4
  8
TEXT
 10
5.850317903066184
 20
19.551959945367578
 30
0.0
 70
0
  0
VERTEX
  5
3B5
  8
TEXT
 10
5.875037494384853
 20
19.528330883320564
 30
0.0
 70
0
  0
VERTEX
  5
3B6
  8
TEXT
 10
5.901603598967552
 20
19.507033953138556
 30
0.0
 70
0
  0
VERTEX
  5
3B7
  8
TEXT
 10
5.93001621681428
 20
19.488069154821552
 30
0.0
 70
0
  0
VERTEX
  5
3B8
  8
TEXT
 10
5.960275347925037
 20
19.47143648836955
 30
0.0
 70
0
  0
VERTEX
  5
3B9
  8
TEXT
 10
5.992380992299824
 20
19.457135953782558
 30
0.0
 70
0
  0
SEQEND
  5
371
  8
TEXT
  0
POLYLINE
  5
3BA
  8
TEXT
 66
1
 10
0.0
 20
0.0
 30
0.0
 70
1
  0
VERTEX
  5
3BC
  8
TEXT
 10
7.217098533987439
 20
18.659382704648795
 30
0.0
 70
0
  0
VERTEX
  5
3BD
  8
TEXT
 10
7.371870241527551
 20
19.03113608584983
 30
0.0
 70
0
  0
VERTEX
  5
3BE
  8
TEXT
 10
7.501983924947913
 20
18.976965988210793
 30
0.0
 70
0
  0
VERTEX
  5
3BF
  8
TEXT
 10
7.537129677670348
 20
18.963833193501927
 30
0.0
 70
0
  0
VERTEX
  5
3C0
  8
TEXT
 10
7.571562040028253
 20
18.953996205515498
 30
0.0
 70
0
  0
VERTEX
  5
3C1
  8
TEXT
 10
7.605281012021629
 20
18.9474550242515
 30
0.0
 70
0
  0
VERTEX
  5
3C2
  8
TEXT
 10
7.638286593650475
 20
18.944209649709936
 30
0.0
 70
0
  0
VERTEX
  5
3C3
  8
TEXT
 10
7.670578784914793
 20
18.944260081890803
 30
0.0
 70
0
  0
VERTEX
  5
3C4
  8
TEXT
 10
7.702157585814581
 20
18.947606320794108
 30
0.0
 70
0
  0
VERTEX
  5
3C5
  8
TEXT
 10
7.733022996349841
 20
18.954248366419844
 30
0.0
 70
0
  0
VERTEX
  5
3C6
  8
TEXT
 10
7.76317501652057
 20
18.964186218768013
 30
0.0
 70
0
  0
VERTEX
  5
3C7
  8
TEXT
 10
7.795956912189448
 20
18.979273250220462
 30
0.0
 70
0
  0
VERTEX
  5
3C8
  8
TEXT
 10
7.826198999222442
 20
18.998052617242074
 30
0.0
 70
0
  0
VERTEX
  5
3C9
  8
TEXT
 10
7.853901277619556
 20
19.020524319832845
 30
0.0
 70
0
  0
VERTEX
  5
3CA
  8
TEXT
 10
7.879063747380788
 20
19.046688357992775
 30
0.0
 70
0
  0
VERTEX
  5
3CB
  8
TEXT
 10
7.901686408506138
 20
19.076544731721867
 30
0.0
 70
0
  0
VERTEX
  5
3CC
  8
TEXT
 10
7.921769260995607
 20
19.110093441020123
 30
0.0
 70
0
  0
VERTEX
  5
3CD
  8
TEXT
 10
7.939312304849193
 20
19.147334485887534
 30
0.0
 70
0
  0
VERTEX
  5
3CE
  8
TEXT
 10
8.581924434555736
 20
20.690854524634233
 30
0.0
 70
0
  0
VERTEX
  5
3CF
  8
TEXT
 10
8.987135620064866
 20
20.522153363415512
 30
0.0
 70
0
  0
VERTEX
  5
3D0
  8
TEXT
 10
8.351023902075006
 20
18.994246966679256
 30
0.0
 70
0
  0
VERTEX
  5
3D1
  8
TEXT
 10
8.334781241381833
 20
18.957267758611312
 30
0.0
 70
0
  0
VERTEX
  5
3D2
  8
TEXT
 10
8.317457845777726
 20
18.921762275029355
 30
0.0
 70
0
  0
VERTEX
  5
3D3
  8
TEXT
 10
8.299053715262684
 20
18.887730515933395
 30
0.0
 70
0
  0
VERTEX
  5
3D4
  8
TEXT
 10
8.279568849836705
 20
18.85517248132342
 30
0.0
 70
0
  0
VERTEX
  5
3D5
  8
TEXT
 10
8.259003249499793
 20
18.824088171199442
 30
0.0
 70
0
  0
VERTEX
  5
3D6
  8
TEXT
 10
8.237356914251947
 20
18.794477585561452
 30
0.0
 70
0
  0
VERTEX
  5
3D7
  8
TEXT
 10
8.214629844093166
 20
18.766340724409453
 30
0.0
 70
0
  0
VERTEX
  5
3D8
  8
TEXT
 10
8.19082203902345
 20
18.739677587743447
 30
0.0
 70
0
  0
VERTEX
  5
3D9
  8
TEXT
 10
8.1659334990428
 20
18.71448817556343
 30
0.0
 70
0
  0
VERTEX
  5
3DA
  8
TEXT
 10
8.139964224151214
 20
18.690772487869406
 30
0.0
 70
0
  0
VERTEX
  5
3DB
  8
TEXT
 10
8.112914214348695
 20
18.668530524661374
 30
0.0
 70
0
  0
VERTEX
  5
3DC
  8
TEXT
 10
8.082109167978532
 20
18.645875918303947
 30
0.0
 70
0
  0
VERTEX
  5
3DD
  8
TEXT
 10
8.050392858835613
 20
18.62522332135475
 30
0.0
 70
0
  0
VERTEX
  5
3DE
  8
TEXT
 10
8.01776528691994
 20
18.60657273381378
 30
0.0
 70
0
  0
VERTEX
  5
3DF
  8
TEXT
 10
7.984226452231511
 20
18.589924155681036
 30
0.0
 70
0
  0
VERTEX
  5
3E0
  8
TEXT
 10
7.949776354770329
 20
18.575277586956524
 30
0.0
 70
0
  0
VERTEX
  5
3E1
  8
TEXT
 10
7.91441499453639
 20
18.56263302764024
 30
0.0
 70
0
  0
VERTEX
  5
3E2
  8
TEXT
 10
7.878142371529697
 20
18.551990477732183
 30
0.0
 70
0
  0
VERTEX
  5
3E3
  8
TEXT
 10
7.8409584857502495
 20
18.543349937232353
 30
0.0
 70
0
  0
VERTEX
  5
3E4
  8
TEXT
 10
7.802863337198047
 20
18.536711406140753
 30
0.0
 70
0
  0
VERTEX
  5
3E5
  8
TEXT
 10
7.763856925873089
 20
18.53207488445738
 30
0.0
 70
0
  0
VERTEX
  5
3E6
  8
TEXT
 10
7.7278003227359084
 20
18.529674768958426
 30
0.0
 70
0
  0
VERTEX
  5
3E7
  8
TEXT
 10
7.691379681890432
 20
18.529084453332942
 30
0.0
 70
0
  0
VERTEX
  5
3E8
  8
TEXT
 10
7.6545950033366585
 20
18.53030393758093
 30
0.0
 70
0
  0
VERTEX
  5
3E9
  8
TEXT
 10
7.617446287074589
 20
18.53333322170239
 30
0.0
 70
0
  0
VERTEX
  5
3EA
  8
TEXT
 10
7.579933533104223
 20
18.538172305697316
 30
0.0
 70
0
  0
VERTEX
  5
3EB
  8
TEXT
 10
7.542056741425561
 20
18.544821189565713
 30
0.0
 70
0
  0
VERTEX
  5
3EC
  8
TEXT
 10
7.503815912038601
 20
18.55327987330758
 30
0.0
 70
0
  0
VERTEX
  5
3ED
  8
TEXT
 10
7.465211044943346
 20
18.56354835692292
 30
0.0
 70
0
  0
VERTEX
  5
3EE
  8
TEXT
 10
7.426242140139794
 20
18.575626640411727
 30
0.0
 70
0
  0
VERTEX
  5
3EF
  8
TEXT
 10
7.386909197627946
 20
18.58951472377401
 30
0.0
 70
0
  0
VERTEX
  5
3F0
  8
TEXT
 10
7.347212217407802
 20
18.605212607009758
 30
0.0
 70
0
  0
SEQEND
  5
3BB
  8
TEXT
  0
POLYLINE
  5
3F1
  8
TEXT
 66
1
 10
0.0
 20
0.0
 30
0.0
 70
1
  0
VERTEX
  5
3F3
  8
TEXT
 10
-10.40006392829459
 20
-20.099671095278733
 30
0.0
 70
0
  0
VERTEX
  5
3F4
  8
TEXT
 10
-9.158787005260505
 20
-18.136938306087504
 30
0.0
 70
0
  0
VERTEX
  5
3F5
  8
TEXT
 10
-8.90567776518269
 20
-18.251557852537132
 30
0.0
 70
0
  0
VERTEX
  5
3F6
  8
TEXT
 10
-8.802964523546619
 20
-19.52151724095955
 30
0.0
 70
0
  0
VERTEX
  5
3F7
  8
TEXT
 10
-7.474204396298156
 20
-18.8997950652356
 30
0.0
 70
0
  0
VERTEX
  5
3F8
  8
TEXT
 10
-7.218282831330587
 20
-19.01568816220134
 30
0.0
 70
0
  0
VERTEX
  5
3F9
  8
TEXT
 10
-8.459559754364673
 20
-20.97842095139257
 30
0.0
 70
0
  0
VERTEX
  5
3FA
  8
TEXT
 10
-8.735167593560517
 20
-20.853613000814082
 30
0.0
 70
0
  0
VERTEX
  5
3FB
  8
TEXT
 10
-7.806703838545679
 20
-19.379586777182116
 30
0.0
 70
0
  0
VERTEX
  5
3FC
  8
TEXT
 10
-9.051199356644718
 20
-19.964908815653626
 30
0.0
 70
0
  0
VERTEX
  5
3FD
  8
TEXT
 10
-9.073697955762745
 20
-19.95472041152477
 30
0.0
 70
0
  0
VERTEX
  5
3FE
  8
TEXT
 10
-9.168186877815504
 20
-18.718986800722885
 30
0.0
 70
0
  0
VERTEX
  5
3FF
  8
TEXT
 10
-10.121643764208994
 20
-20.22575259637333
 30
0.0
 70
0
  0
SEQEND
  5
3F2
  8
TEXT
  0
POLYLINE
  5
400
  8
TEXT
 66
1
 10
0.0
 20
0.0
 30
0.0
 70
1
  0
VERTEX
  5
402
  8
TEXT
 10
-7.338758156058148
 20
-21.415288317154314
 30
0.0
 70
0
  0
VERTEX
  5
403
  8
TEXT
 10
-7.376856821943368
 20
-21.4014634927512
 30
0.0
 70
0
  0
VERTEX
  5
404
  8
TEXT
 10
-7.413051138554947
 20
-21.386023613748346
 30
0.0
 70
0
  0
VERTEX
  5
405
  8
TEXT
 10
-7.447341105892888
 20
-21.368968680145745
 30
0.0
 70
0
  0
VERTEX
  5
406
  8
TEXT
 10
-7.47972672395719
 20
-21.3502986919434
 30
0.0
 70
0
  0
VERTEX
  5
407
  8
TEXT
 10
-7.510207992747851
 20
-21.330013649141314
 30
0.0
 70
0
  0
VERTEX
  5
408
  8
TEXT
 10
-7.538784912264873
 20
-21.30811355173948
 30
0.0
 70
0
  0
VERTEX
  5
409
  8
TEXT
 10
-7.565457482508255
 20
-21.284598399737902
 30
0.0
 70
0
  0
VERTEX
  5
40A
  8
TEXT
 10
-7.590225703477998
 20
-21.25946819313658
 30
0.0
 70
0
  0
VERTEX
  5
40B
  8
TEXT
 10
-7.613089575174102
 20
-21.232722931935513
 30
0.0
 70
0
  0
VERTEX
  5
40C
  8
TEXT
 10
-7.633874334654086
 20
-21.20462175190672
 30
0.0
 70
0
  0
VERTEX
  5
40D
  8
TEXT
 10
-7.652405218975475
 20
-21.175423788822226
 30
0.0
 70
0
  0
VERTEX
  5
40E
  8
TEXT
 10
-7.668682228138266
 20
-21.145129042682022
 30
0.0
 70
0
  0
VERTEX
  5
40F
  8
TEXT
 10
-7.6827053621424595
 20
-21.113737513486114
 30
0.0
 70
0
  0
VERTEX
  5
410
  8
TEXT
 10
-7.694474620988057
 20
-21.081249201234503
 30
0.0
 70
0
  0
VERTEX
  5
411
  8
TEXT
 10
-7.703990004675057
 20
-21.047664105927183
 30
0.0
 70
0
  0
VERTEX
  5
412
  8
TEXT
 10
-7.711251513203459
 20
-21.012982227564162
 30
0.0
 70
0
  0
VERTEX
  5
413
  8
TEXT
 10
-7.716259146573265
 20
-20.977203566145434
 30
0.0
 70
0
  0
VERTEX
  5
414
  8
TEXT
 10
-7.719012904784473
 20
-20.940328121671
 30
0.0
 70
0
  0
VERTEX
  5
415
  8
TEXT
 10
-7.71946659812614
 20
-20.906397727647477
 30
0.0
 70
0
  0
VERTEX
  5
416
  8
TEXT
 10
-7.717899401013703
 20
-20.871969450381023
 30
0.0
 70
0
  0
VERTEX
  5
417
  8
TEXT
 10
-7.71431131344716
 20
-20.837043289871634
 30
0.0
 70
0
  0
VERTEX
  5
418
  8
TEXT
 10
-7.708702335426514
 20
-20.801619246119316
 30
0.0
 70
0
  0
VERTEX
  5
419
  8
TEXT
 10
-7.701072466951762
 20
-20.76569731912407
 30
0.0
 70
0
  0
VERTEX
  5
41A
  8
TEXT
 10
-7.691421708022905
 20
-20.729277508885886
 30
0.0
 70
0
  0
VERTEX
  5
41B
  8
TEXT
 10
-7.679750058639945
 20
-20.692359815404775
 30
0.0
 70
0
  0
VERTEX
  5
41C
  8
TEXT
 10
-7.666057518802879
 20
-20.654944238680727
 30
0.0
 70
0
  0
VERTEX
  5
41D
  8
TEXT
 10
-7.650344088511709
 20
-20.617030778713755
 30
0.0
 70
0
  0
VERTEX
  5
41E
  8
TEXT
 10
-7.632609767766434
 20
-20.578619435503846
 30
0.0
 70
0
  0
VERTEX
  5
41F
  8
TEXT
 10
-7.181564048356706
 20
-19.674593685824462
 30
0.0
 70
0
  0
VERTEX
  5
420
  8
TEXT
 10
-6.906255622676328
 20
-19.76636563040229
 30
0.0
 70
0
  0
VERTEX
  5
421
  8
TEXT
 10
-7.364135344256181
 20
-20.681130334955544
 30
0.0
 70
0
  0
VERTEX
  5
422
  8
TEXT
 10
-7.3803797521332015
 20
-20.718201483434544
 30
0.0
 70
0
  0
VERTEX
  5
423
  8
TEXT
 10
-7.393315671427276
 20
-20.75456757210327
 30
0.0
 70
0
  0
VERTEX
  5
424
  8
TEXT
 10
-7.402943102138404
 20
-20.790228600961722
 30
0.0
 70
0
  0
VERTEX
  5
425
  8
TEXT
 10
-7.409262044266586
 20
-20.825184570009906
 30
0.0
 70
0
  0
VERTEX
  5
426
  8
TEXT
 10
-7.412272497811822
 20
-20.859435479247814
 30
0.0
 70
0
  0
VERTEX
  5
427
  8
TEXT
 10
-7.411974462774112
 20
-20.89298132867545
 30
0.0
 70
0
  0
VERTEX
  5
428
  8
TEXT
 10
-7.407464391744486
 20
-20.931778479539645
 30
0.0
 70
0
  0
VERTEX
  5
429
  8
TEXT
 10
-7.398619649045646
 20
-20.96850596527823
 30
0.0
 70
0
  0
VERTEX
  5
42A
  8
TEXT
 10
-7.385440234677592
 20
-21.003163785891196
 30
0.0
 70
0
  0
VERTEX
  5
42B
  8
TEXT
 10
-7.367926148640325
 20
-21.03575194137855
 30
0.0
 70
0
  0
VERTEX
  5
42C
  8
TEXT
 10
-7.346077390933844
 20
-21.066270431740293
 30
0.0
 70
0
  0
VERTEX
  5
42D
  8
TEXT
 10
-7.3246402390486285
 20
-21.089823206357377
 30
0.0
 70
0
  0
VERTEX
  5
42E
  8
TEXT
 10
-7.300355605961465
 20
-21.11134210054373
 30
0.0
 70
0
  0
VERTEX
  5
42F
  8
TEXT
 10
-7.2732234916723515
 20
-21.130827114299354
 30
0.0
 70
0
  0
VERTEX
  5
430
  8
TEXT
 10
-7.243243896181288
 20
-21.14827824762425
 30
0.0
 70
0
  0
VERTEX
  5
431
  8
TEXT
 10
-7.210416819488275
 20
-21.163695500518422
 30
0.0
 70
0
  0
VERTEX
  5
432
  8
TEXT
 10
-7.1747422615933125
 20
-21.177078872981863
 30
0.0
 70
0
  0
VERTEX
  5
433
  8
TEXT
 10
-7.136762594551715
 20
-21.188157173514064
 30
0.0
 70
0
  0
VERTEX
  5
434
  8
TEXT
 10
-7.098972732444898
 20
-21.196008345759356
 30
0.0
 70
0
  0
VERTEX
  5
435
  8
TEXT
 10
-7.061372675272865
 20
-21.20063238971774
 30
0.0
 70
0
  0
VERTEX
  5
436
  8
TEXT
 10
-7.023962423035612
 20
-21.202029305389214
 30
0.0
 70
0
  0
VERTEX
  5
437
  8
TEXT
 10
-6.986741975733141
 20
-21.200199092773776
 30
0.0
 70
0
  0
VERTEX
  5
438
  8
TEXT
 10
-6.949711333365452
 20
-21.19514175187143
 30
0.0
 70
0
  0
VERTEX
  5
439
  8
TEXT
 10
-6.913195921792703
 20
-21.18701999232854
 30
0.0
 70
0
  0
VERTEX
  5
43A
  8
TEXT
 10
-6.87752116687505
 20
-21.175996523791476
 30
0.0
 70
0
  0
VERTEX
  5
43B
  8
TEXT
 10
-6.842687068612497
 20
-21.162071346260237
 30
0.0
 70
0
  0
VERTEX
  5
43C
  8
TEXT
 10
-6.80869362700504
 20
-21.145244459734823
 30
0.0
 70
0
  0
VERTEX
  5
43D
  8
TEXT
 10
-6.775540842052681
 20
-21.125515864215235
 30
0.0
 70
0
  0
VERTEX
  5
43E
  8
TEXT
 10
-6.74322871375542
 20
-21.102885559701473
 30
0.0
 70
0
  0
VERTEX
  5
43F
  8
TEXT
 10
-6.716610139112677
 20
-21.081208514978016
 30
0.0
 70
0
  0
VERTEX
  5
440
  8
TEXT
 10
-6.6914260722753856
 20
-21.057459367683386
 30
0.0
 70
0
  0
VERTEX
  5
441
  8
TEXT
 10
-6.667676513243544
 20
-21.031638117817582
 30
0.0
 70
0
  0
VERTEX
  5
442
  8
TEXT
 10
-6.645361462017152
 20
-21.003744765380606
 30
0.0
 70
0
  0
VERTEX
  5
443
  8
TEXT
 10
-6.624480918596211
 20
-20.97377931037246
 30
0.0
 70
0
  0
VERTEX
  5
444
  8
TEXT
 10
-6.6050348829807195
 20
-20.941741752793142
 30
0.0
 70
0
  0
VERTEX
  5
445
  8
TEXT
 10
-6.587023355170679
 20
-20.90763209264265
 30
0.0
 70
0
  0
VERTEX
  5
446
  8
TEXT
 10
-6.14476423249656
 20
-20.02020292391544
 30
0.0
 70
0
  0
VERTEX
  5
447
  8
TEXT
 10
-5.872384619855335
 20
-20.110998571210526
 30
0.0
 70
0
  0
VERTEX
  5
448
  8
TEXT
 10
-6.618269833190219
 20
-21.616406503108255
 30
0.0
 70
0
  0
VERTEX
  5
449
  8
TEXT
 10
-6.884791819753137
 20
-21.52756345037865
 30
0.0
 70
0
  0
VERTEX
  5
44A
  8
TEXT
 10
-6.800830883909855
 20
-21.353787420213113
 30
0.0
 70
0
  0
VERTEX
  5
44B
  8
TEXT
 10
-6.832261632715752
 20
-21.373773657399862
 30
0.0
 70
0
  0
VERTEX
  5
44C
  8
TEXT
 10
-6.864722873759501
 20
-21.391427677016715
 30
0.0
 70
0
  0
VERTEX
  5
44D
  8
TEXT
 10
-6.898214607041103
 20
-21.406749479063677
 30
0.0
 70
0
  0
VERTEX
  5
44E
  8
TEXT
 10
-6.932736832560559
 20
-21.41973906354074
 30
0.0
 70
0
  0
VERTEX
  5
44F
  8
TEXT
 10
-6.968289550317868
 20
-21.43039643044791
 30
0.0
 70
0
  0
VERTEX
  5
450
  8
TEXT
 10
-7.00487276031303
 20
-21.438721579785184
 30
0.0
 70
0
  0
VERTEX
  5
451
  8
TEXT
 10
-7.041392676699858
 20
-21.444988720694575
 30
0.0
 70
0
  0
VERTEX
  5
452
  8
TEXT
 10
-7.078057208316232
 20
-21.449038152414648
 30
0.0
 70
0
  0
VERTEX
  5
453
  8
TEXT
 10
-7.114866355162153
 20
-21.450869874945404
 30
0.0
 70
0
  0
VERTEX
  5
454
  8
TEXT
 10
-7.1518201172376195
 20
-21.450483888286847
 30
0.0
 70
0
  0
VERTEX
  5
455
  8
TEXT
 10
-7.188918494542633
 20
-21.447880192438973
 30
0.0
 70
0
  0
VERTEX
  5
456
  8
TEXT
 10
-7.226161487077192
 20
-21.44305878740178
 30
0.0
 70
0
  0
VERTEX
  5
457
  8
TEXT
 10
-7.263549094841298
 20
-21.436019673175274
 30
0.0
 70
0
  0
VERTEX
  5
458
  8
TEXT
 10
-7.301081317834949
 20
-21.426762849759452
 30
0.0
 70
0
  0
SEQEND
  5
401
  8
TEXT
  0
POLYLINE
  5
459
  8
TEXT
 66
1
 10
0.0
 20
0.0
 30
0.0
 70
1
  0
VERTEX
  5
45B
  8
TEXT
 10
-5.480292790769659
 20
-21.963740826591923
 30
0.0
 70
0
  0
VERTEX
  5
45C
  8
TEXT
 10
-5.519402216968441
 20
-21.95317366928234
 30
0.0
 70
0
  0
VERTEX
  5
45D
  8
TEXT
 10
-5.557299685590115
 20
-21.941067169885994
 30
0.0
 70
0
  0
VERTEX
  5
45E
  8
TEXT
 10
-5.593985196634682
 20
-21.92742132840289
 30
0.0
 70
0
  0
VERTEX
  5
45F
  8
TEXT
 10
-5.62945875010214
 20
-21.912236144833027
 30
0.0
 70
0
  0
VERTEX
  5
460
  8
TEXT
 10
-5.663720345992491
 20
-21.8955116191764
 30
0.0
 70
0
  0
VERTEX
  5
461
  8
TEXT
 10
-5.6967699843057344
 20
-21.877247751433018
 30
0.0
 70
0
  0
VERTEX
  5
462
  8
TEXT
 10
-5.72860766504187
 20
-21.857444541602874
 30
0.0
 70
0
  0
VERTEX
  5
463
  8
TEXT
 10
-5.759233388200897
 20
-21.836101989685968
 30
0.0
 70
0
  0
VERTEX
  5
464
  8
TEXT
 10
-5.788422782374308
 20
-21.813418289035845
 30
0.0
 70
0
  0
VERTEX
  5
465
  8
TEXT
 10
-5.815951476153596
 20
-21.789591633006044
 30
0.0
 70
0
  0
VERTEX
  5
466
  8
TEXT
 10
-5.841819469538758
 20
-21.764622021596566
 30
0.0
 70
0
  0
VERTEX
  5
467
  8
TEXT
 10
-5.866026762529796
 20
-21.738509454807406
 30
0.0
 70
0
  0
VERTEX
  5
468
  8
TEXT
 10
-5.888573355126711
 20
-21.71125393263857
 30
0.0
 70
0
  0
VERTEX
  5
469
  8
TEXT
 10
-5.9094592473295
 20
-21.682855455090056
 30
0.0
 70
0
  0
VERTEX
  5
46A
  8
TEXT
 10
-5.9286844391381655
 20
-21.65331402216186
 30
0.0
 70
0
  0
VERTEX
  5
46B
  8
TEXT
 10
-5.946248930552707
 20
-21.622629633853993
 30
0.0
 70
0
  0
VERTEX
  5
46C
  8
TEXT
 10
-5.962002701718105
 20
-21.591075299808075
 30
0.0
 70
0
  0
VERTEX
  5
46D
  8
TEXT
 10
-5.9757957327793445
 20
-21.558924029665747
 30
0.0
 70
0
  0
VERTEX
  5
46E
  8
TEXT
 10
-5.9876280237364226
 20
-21.526175823427007
 30
0.0
 70
0
  0
VERTEX
  5
46F
  8
TEXT
 10
-5.997499574589341
 20
-21.49283068109185
 30
0.0
 70
0
  0
VERTEX
  5
470
  8
TEXT
 10
-6.0054103853381005
 20
-21.458888602660284
 30
0.0
 70
0
  0
VERTEX
  5
471
  8
TEXT
 10
-6.0113604559826985
 20
-21.4243495881323
 30
0.0
 70
0
  0
VERTEX
  5
472
  8
TEXT
 10
-6.015349786523137
 20
-21.389213637507908
 30
0.0
 70
0
  0
VERTEX
  5
473
  8
TEXT
 10
-6.017378376959416
 20
-21.353480750787103
 30
0.0
 70
0
  0
VERTEX
  5
474
  8
TEXT
 10
-5.763656998976231
 20
-21.31749802534486
 30
0.0
 70
0
  0
VERTEX
  5
475
  8
TEXT
 10
-5.757928191693173
 20
-21.35565289082571
 30
0.0
 70
0
  0
VERTEX
  5
476
  8
TEXT
 10
-5.749782065726285
 20
-21.392367029980576
 30
0.0
 70
0
  0
VERTEX
  5
477
  8
TEXT
 10
-5.7392186210755645
 20
-21.427640442809462
 30
0.0
 70
0
  0
VERTEX
  5
478
  8
TEXT
 10
-5.726237857741014
 20
-21.461473129312363
 30
0.0
 70
0
  0
VERTEX
  5
479
  8
TEXT
 10
-5.710839775722631
 20
-21.493865089489283
 30
0.0
 70
0
  0
VERTEX
  5
47A
  8
TEXT
 10
-5.693024375020418
 20
-21.524816323340218
 30
0.0
 70
0
  0
VERTEX
  5
47B
  8
TEXT
 10
-5.672791655634374
 20
-21.554326830865172
 30
0.0
 70
0
  0
VERTEX
  5
47C
  8
TEXT
 10
-5.650141617564498
 20
-21.582396612064144
 30
0.0
 70
0
  0
VERTEX
  5
47D
  8
TEXT
 10
-5.625397252888223
 20
-21.608623038675717
 30
0.0
 70
0
  0
VERTEX
  5
47E
  8
TEXT
 10
-5.59888155368298
 20
-21.632603482438476
 30
0.0
 70
0
  0
VERTEX
  5
47F
  8
TEXT
 10
-5.570594519948769
 20
-21.65433794335242
 30
0.0
 70
0
  0
VERTEX
  5
480
  8
TEXT
 10
-5.540536151685591
 20
-21.67382642141755
 30
0.0
 70
0
  0
VERTEX
  5
481
  8
TEXT
 10
-5.508706448893443
 20
-21.69106891663387
 30
0.0
 70
0
  0
VERTEX
  5
482
  8
TEXT
 10
-5.475105411572329
 20
-21.706065429001374
 30
0.0
 70
0
  0
VERTEX
  5
483
  8
TEXT
 10
-5.439733039722247
 20
-21.718815958520064
 30
0.0
 70
0
  0
VERTEX
  5
484
  8
TEXT
 10
-5.402589333343197
 20
-21.72932050518994
 30
0.0
 70
0
  0
VERTEX
  5
485
  8
TEXT
 10
-5.362662697664764
 20
-21.737636981871688
 30
0.0
 70
0
  0
VERTEX
  5
486
  8
TEXT
 10
-5.324240493568485
 20
-21.74251608964654
 30
0.0
 70
0
  0
VERTEX
  5
487
  8
TEXT
 10
-5.287322721054359
 20
-21.7439578285145
 30
0.0
 70
0
  0
VERTEX
  5
488
  8
TEXT
 10
-5.251909380122386
 20
-21.741962198475562
 30
0.0
 70
0
  0
VERTEX
  5
489
  8
TEXT
 10
-5.218000470772566
 20
-21.73652919952973
 30
0.0
 70
0
  0
VERTEX
  5
48A
  8
TEXT
 10
-5.185595993004898
 20
-21.727658831677005
 30
0.0
 70
0
  0
VERTEX
  5
48B
  8
TEXT
 10
-5.154695946819383
 20
-21.71535109491738
 30
0.0
 70
0
  0
VERTEX
  5
48C
  8
TEXT
 10
-5.121730489018867
 20
-21.697415673225304
 30
0.0
 70
0
  0
VERTEX
  5
48D
  8
TEXT
 10
-5.093179053204339
 20
-21.676337724312905
 30
0.0
 70
0
  0
VERTEX
  5
48E
  8
TEXT
 10
-5.069041639375801
 20
-21.652117248180176
 30
0.0
 70
0
  0
VERTEX
  5
48F
  8
TEXT
 10
-5.049318247533251
 20
-21.624754244827127
 30
0.0
 70
0
  0
VERTEX
  5
490
  8
TEXT
 10
-5.0340088776766905
 20
-21.594248714253748
 30
0.0
 70
0
  0
VERTEX
  5
491
  8
TEXT
 10
-5.023113529806119
 20
-21.560600656460046
 30
0.0
 70
0
  0
VERTEX
  5
492
  8
TEXT
 10
-5.017521517384327
 20
-21.522928225980237
 30
0.0
 70
0
  0
VERTEX
  5
493
  8
TEXT
 10
-5.019785877957045
 20
-21.487093702723747
 30
0.0
 70
0
  0
VERTEX
  5
494
  8
TEXT
 10
-5.0299066115242725
 20
-21.453097086690573
 30
0.0
 70
0
  0
VERTEX
  5
495
  8
TEXT
 10
-5.047883718086011
 20
-21.420938377880713
 30
0.0
 70
0
  0
VERTEX
  5
496
  8
TEXT
 10
-5.067488361912195
 20
-21.396323697079143
 30
0.0
 70
0
  0
VERTEX
  5
497
  8
TEXT
 10
-5.091253824496362
 20
-21.372463262991545
 30
0.0
 70
0
  0
VERTEX
  5
498
  8
TEXT
 10
-5.119180105838508
 20
-21.34935707561792
 30
0.0
 70
0
  0
VERTEX
  5
499
  8
TEXT
 10
-5.151267205938635
 20
-21.32700513495827
 30
0.0
 70
0
  0
VERTEX
  5
49A
  8
TEXT
 10
-5.187515124796742
 20
-21.305407441012594
 30
0.0
 70
0
  0
VERTEX
  5
49B
  8
TEXT
 10
-5.40785647759497
 20
-21.180300333390075
 30
0.0
 70
0
  0
VERTEX
  5
49C
  8
TEXT
 10
-5.4447623536907805
 20
-21.158417845189756
 30
0.0
 70
0
  0
VERTEX
  5
49D
  8
TEXT
 10
-5.47913817434062
 20
-21.13562848675755
 30
0.0
 70
0
  0
VERTEX
  5
49E
  8
TEXT
 10
-5.51098393954449
 20
-21.111932258093468
 30
0.0
 70
0
  0
VERTEX
  5
49F
  8
TEXT
 10
-5.540299649302388
 20
-21.0873291591975
 30
0.0
 70
0
  0
VERTEX
  5
4A0
  8
TEXT
 10
-5.567085303614316
 20
-21.061819190069652
 30
0.0
 70
0
  0
VERTEX
  5
4A1
  8
TEXT
 10
-5.591340902480274
 20
-21.035402350709923
 30
0.0
 70
0
  0
VERTEX
  5
4A2
  8
TEXT
 10
-5.613066445900261
 20
-21.008078641118313
 30
0.0
 70
0
  0
VERTEX
  5
4A3
  8
TEXT
 10
-5.632261933874277
 20
-20.97984806129482
 30
0.0
 70
0
  0
VERTEX
  5
4A4
  8
TEXT
 10
-5.648927366402323
 20
-20.950710611239447
 30
0.0
 70
0
  0
VERTEX
  5
4A5
  8
TEXT
 10
-5.6645865220521845
 20
-20.91713634723361
 30
0.0
 70
0
  0
VERTEX
  5
4A6
  8
TEXT
 10
-5.676913078190383
 20
-20.882993046851535
 30
0.0
 70
0
  0
VERTEX
  5
4A7
  8
TEXT
 10
-5.685907034816919
 20
-20.84828071009324
 30
0.0
 70
0
  0
VERTEX
  5
4A8
  8
TEXT
 10
-5.691568391931792
 20
-20.81299933695871
 30
0.0
 70
0
  0
VERTEX
  5
4A9
  8
TEXT
 10
-5.693897149535003
 20
-20.777148927447953
 30
0.0
 70
0
  0
VERTEX
  5
4AA
  8
TEXT
 10
-5.69289330762655
 20
-20.74072948156097
 30
0.0
 70
0
  0
VERTEX
  5
4AB
  8
TEXT
 10
-5.688556866206435
 20
-20.703740999297757
 30
0.0
 70
0
  0
VERTEX
  5
4AC
  8
TEXT
 10
-5.680887825274657
 20
-20.666183480658315
 30
0.0
 70
0
  0
VERTEX
  5
4AD
  8
TEXT
 10
-5.670922199412131
 20
-20.631148835119717
 30
0.0
 70
0
  0
VERTEX
  5
4AE
  8
TEXT
 10
-5.658679282926864
 20
-20.597607562207518
 30
0.0
 70
0
  0
VERTEX
  5
4AF
  8
TEXT
 10
-5.644159075818856
 20
-20.565559661921725
 30
0.0
 70
0
  0
VERTEX
  5
4B0
  8
TEXT
 10
-5.627361578088108
 20
-20.535005134262327
 30
0.0
 70
0
  0
VERTEX
  5
4B1
  8
TEXT
 10
-5.608286789734618
 20
-20.505943979229333
 30
0.0
 70
0
  0
VERTEX
  5
4B2
  8
TEXT
 10
-5.5869347107583875
 20
-20.47837619682274
 30
0.0
 70
0
  0
VERTEX
  5
4B3
  8
TEXT
 10
-5.563305341159415
 20
-20.452301787042547
 30
0.0
 70
0
  0
VERTEX
  5
4B4
  8
TEXT
 10
-5.537398680937703
 20
-20.427720749888756
 30
0.0
 70
0
  0
VERTEX
  5
4B5
  8
TEXT
 10
-5.509649905420862
 20
-20.40483625843048
 30
0.0
 70
0
  0
VERTEX
  5
4B6
  8
TEXT
 10
-5.480494189936506
 20
-20.383851485736827
 30
0.0
 70
0
  0
VERTEX
  5
4B7
  8
TEXT
 10
-5.449931534484635
 20
-20.3647664318078
 30
0.0
 70
0
  0
VERTEX
  5
4B8
  8
TEXT
 10
-5.417961939065248
 20
-20.347581096643403
 30
0.0
 70
0
  0
VERTEX
  5
4B9
  8
TEXT
 10
-5.384585403678345
 20
-20.332295480243634
 30
0.0
 70
0
  0
VERTEX
  5
4BA
  8
TEXT
 10
-5.349801928323927
 20
-20.318909582608487
 30
0.0
 70
0
  0
VERTEX
  5
4BB
  8
TEXT
 10
-5.3136115130019945
 20
-20.30742340373797
 30
0.0
 70
0
  0
VERTEX
  5
4BC
  8
TEXT
 10
-5.276014157712546
 20
-20.29783694363208
 30
0.0
 70
0
  0
VERTEX
  5
4BD
  8
TEXT
 10
-5.241806611895676
 20
-20.291093112498448
 30
0.0
 70
0
  0
VERTEX
  5
4BE
  8
TEXT
 10
-5.20727433048632
 20
-20.286215575939472
 30
0.0
 70
0
  0
VERTEX
  5
4BF
  8
TEXT
 10
-5.17241731348448
 20
-20.28320433395515
 30
0.0
 70
0
  0
VERTEX
  5
4C0
  8
TEXT
 10
-5.137235560890155
 20
-20.282059386545484
 30
0.0
 70
0
  0
VERTEX
  5
4C1
  8
TEXT
 10
-5.101729072703345
 20
-20.28278073371047
 30
0.0
 70
0
  0
VERTEX
  5
4C2
  8
TEXT
 10
-5.065897848924051
 20
-20.285368375450112
 30
0.0
 70
0
  0
VERTEX
  5
4C3
  8
TEXT
 10
-5.0297418895522705
 20
-20.289822311764407
 30
0.0
 70
0
  0
VERTEX
  5
4C4
  8
TEXT
 10
-4.9932611945880065
 20
-20.29614254265336
 30
0.0
 70
0
  0
VERTEX
  5
4C5
  8
TEXT
 10
-4.956455764031257
 20
-20.304329068116964
 30
0.0
 70
0
  0
VERTEX
  5
4C6
  8
TEXT
 10
-4.916997390427419
 20
-20.31504862237941
 30
0.0
 70
0
  0
VERTEX
  5
4C7
  8
TEXT
 10
-4.879006794290102
 20
-20.3273770385216
 30
0.0
 70
0
  0
VERTEX
  5
4C8
  8
TEXT
 10
-4.842483975619304
 20
-20.34131431654354
 30
0.0
 70
0
  0
VERTEX
  5
4C9
  8
TEXT
 10
-4.807428934415029
 20
-20.356860456445222
 30
0.0
 70
0
  0
VERTEX
  5
4CA
  8
TEXT
 10
-4.773841670677274
 20
-20.37401545822665
 30
0.0
 70
0
  0
VERTEX
  5
4CB
  8
TEXT
 10
-4.741722184406039
 20
-20.39277932188783
 30
0.0
 70
0
  0
VERTEX
  5
4CC
  8
TEXT
 10
-4.711070475601325
 20
-20.41315204742875
 30
0.0
 70
0
  0
VERTEX
  5
4CD
  8
TEXT
 10
-4.681886544263131
 20
-20.435133634849414
 30
0.0
 70
0
  0
VERTEX
  5
4CE
  8
TEXT
 10
-4.654170390391458
 20
-20.45872408414983
 30
0.0
 70
0
  0
VERTEX
  5
4CF
  8
TEXT
 10
-4.627922013986307
 20
-20.483923395329985
 30
0.0
 70
0
  0
VERTEX
  5
4D0
  8
TEXT
 10
-4.603141415047675
 20
-20.51073156838989
 30
0.0
 70
0
  0
VERTEX
  5
4D1
  8
TEXT
 10
-4.580160858811169
 20
-20.53876442350158
 30
0.0
 70
0
  0
VERTEX
  5
4D2
  8
TEXT
 10
-4.559312610512393
 20
-20.56763778083709
 30
0.0
 70
0
  0
VERTEX
  5
4D3
  8
TEXT
 10
-4.540596670151346
 20
-20.59735164039642
 30
0.0
 70
0
  0
VERTEX
  5
4D4
  8
TEXT
 10
-4.524013037728028
 20
-20.62790600217957
 30
0.0
 70
0
  0
VERTEX
  5
4D5
  8
TEXT
 10
-4.50956171324244
 20
-20.659300866186545
 30
0.0
 70
0
  0
VERTEX
  5
4D6
  8
TEXT
 10
-4.497242696694582
 20
-20.69153623241734
 30
0.0
 70
0
  0
VERTEX
  5
4D7
  8
TEXT
 10
-4.487055988084453
 20
-20.72461210087196
 30
0.0
 70
0
  0
VERTEX
  5
4D8
  8
TEXT
 10
-4.479001587412054
 20
-20.7585284715504
 30
0.0
 70
0
  0
VERTEX
  5
4D9
  8
TEXT
 10
-4.473079494677385
 20
-20.79328534445266
 30
0.0
 70
0
  0
VERTEX
  5
4DA
  8
TEXT
 10
-4.469289709880445
 20
-20.82888271957874
 30
0.0
 70
0
  0
VERTEX
  5
4DB
  8
TEXT
 10
-4.467632233021234
 20
-20.865320596928644
 30
0.0
 70
0
  0
VERTEX
  5
4DC
  8
TEXT
 10
-4.72510034732398
 20
-20.9003790312137
 30
0.0
 70
0
  0
VERTEX
  5
4DD
  8
TEXT
 10
-4.729291042453425
 20
-20.861795981256773
 30
0.0
 70
0
  0
VERTEX
  5
4DE
  8
TEXT
 10
-4.736375503876451
 20
-20.82507859416202
 30
0.0
 70
0
  0
VERTEX
  5
4DF
  8
TEXT
 10
-4.7463537315930555
 20
-20.790226869929437
 30
0.0
 70
0
  0
VERTEX
  5
4E0
  8
TEXT
 10
-4.75922572560324
 20
-20.757240808559022
 30
0.0
 70
0
  0
VERTEX
  5
4E1
  8
TEXT
 10
-4.774991485907005
 20
-20.72612041005078
 30
0.0
 70
0
  0
VERTEX
  5
4E2
  8
TEXT
 10
-4.79365101250435
 20
-20.696865674404705
 30
0.0
 70
0
  0
VERTEX
  5
4E3
  8
TEXT
 10
-4.815204305395274
 20
-20.669476601620804
 30
0.0
 70
0
  0
VERTEX
  5
4E4
  8
TEXT
 10
-4.839283730348179
 20
-20.64423856597286
 30
0.0
 70
0
  0
VERTEX
  5
4E5
  8
TEXT
 10
-4.865521653131466
 20
-20.62143694173467
 30
0.0
 70
0
  0
VERTEX
  5
4E6
  8
TEXT
 10
-4.893918073745132
 20
-20.601071728906234
 30
0.0
 70
0
  0
VERTEX
  5
4E7
  8
TEXT
 10
-4.92447299218918
 20
-20.58314292748755
 30
0.0
 70
0
  0
VERTEX
  5
4E8
  8
TEXT
 10
-4.95718640846361
 20
-20.567650537478617
 30
0.0
 70
0
  0
VERTEX
  5
4E9
  8
TEXT
 10
-4.99205832256842
 20
-20.554594558879437
 30
0.0
 70
0
  0
VERTEX
  5
4EA
  8
TEXT
 10
-5.0290887345036115
 20
-20.54397499169001
 30
0.0
 70
0
  0
VERTEX
  5
4EB
  8
TEXT
 10
-5.066526820853269
 20
-20.536158856731
 30
0.0
 70
0
  0
VERTEX
  5
4EC
  8
TEXT
 10
-5.102621758201483
 20
-20.53151317482307
 30
0.0
 70
0
  0
VERTEX
  5
4ED
  8
TEXT
 10
-5.1373735465482495
 20
-20.530037945966217
 30
0.0
 70
0
  0
VERTEX
  5
4EE
  8
TEXT
 10
-5.17078218589357
 20
-20.53173317016045
 30
0.0
 70
0
  0
VERTEX
  5
4EF
  8
TEXT
 10
-5.202847676237445
 20
-20.53659884740576
 30
0.0
 70
0
  0
VERTEX
  5
4F0
  8
TEXT
 10
-5.233570017579874
 20
-20.544634977702152
 30
0.0
 70
0
  0
VERTEX
  5
4F1
  8
TEXT
 10
-5.262949209920856
 20
-20.555841561049625
 30
0.0
 70
0
  0
VERTEX
  5
4F2
  8
TEXT
 10
-5.294353900602994
 20
-20.572373373695928
 30
0.0
 70
0
  0
VERTEX
  5
4F3
  8
TEXT
 10
-5.321583531022136
 20
-20.592121255264477
 30
0.0
 70
0
  0
VERTEX
  5
4F4
  8
TEXT
 10
-5.344638101178282
 20
-20.61508520575527
 30
0.0
 70
0
  0
VERTEX
  5
4F5
  8
TEXT
 10
-5.363517611071432
 20
-20.641265225168308
 30
0.0
 70
0
  0
VERTEX
  5
4F6
  8
TEXT
 10
-5.378222060701587
 20
-20.67066131350359
 30
0.0
 70
0
  0
VERTEX
  5
4F7
  8
TEXT
 10
-5.388751450068745
 20
-20.703273470761115
 30
0.0
 70
0
  0
VERTEX
  5
4F8
  8
TEXT
 10
-5.394706582483028
 20
-20.74080663792121
 30
0.0
 70
0
  0
VERTEX
  5
4F9
  8
TEXT
 10
-5.393531581887784
 20
-20.776223371218563
 30
0.0
 70
0
  0
VERTEX
  5
4FA
  8
TEXT
 10
-5.385226448283011
 20
-20.80952367065317
 30
0.0
 70
0
  0
VERTEX
  5
4FB
  8
TEXT
 10
-5.369791181668711
 20
-20.840707536225036
 30
0.0
 70
0
  0
VERTEX
  5
4FC
  8
TEXT
 10
-5.352525294452984
 20
-20.864490879561554
 30
0.0
 70
0
  0
VERTEX
  5
4FD
  8
TEXT
 10
-5.331128165796307
 20
-20.887639871746323
 30
0.0
 70
0
  0
VERTEX
  5
4FE
  8
TEXT
 10
-5.305599795698679
 20
-20.910154512779346
 30
0.0
 70
0
  0
VERTEX
  5
4FF
  8
TEXT
 10
-5.275940184160101
 20
-20.932034802660624
 30
0.0
 70
0
  0
VERTEX
  5
500
  8
TEXT
 10
-5.242149331180571
 20
-20.953280741390152
 30
0.0
 70
0
  0
VERTEX
  5
501
  8
TEXT
 10
-5.005097822992199
 20
-21.09443437198873
 30
0.0
 70
0
  0
VERTEX
  5
502
  8
TEXT
 10
-4.9690011387818505
 20
-21.11695144593031
 30
0.0
 70
0
  0
VERTEX
  5
503
  8
TEXT
 10
-4.93530992480491
 20
-21.14030798230015
 30
0.0
 70
0
  0
VERTEX
  5
504
  8
TEXT
 10
-4.904024181061381
 20
-21.164503981098253
 30
0.0
 70
0
  0
VERTEX
  5
505
  8
TEXT
 10
-4.875143907551262
 20
-21.189539442324612
 30
0.0
 70
0
  0
VERTEX
  5
506
  8
TEXT
 10
-4.848669104274553
 20
-21.215414365979235
 30
0.0
 70
0
  0
VERTEX
  5
507
  8
TEXT
 10
-4.824599771231253
 20
-21.242128752062115
 30
0.0
 70
0
  0
VERTEX
  5
508
  8
TEXT
 10
-4.802935908421364
 20
-21.269682600573258
 30
0.0
 70
0
  0
VERTEX
  5
509
  8
TEXT
 10
-4.783677515844884
 20
-21.29807591151266
 30
0.0
 70
0
  0
VERTEX
  5
50A
  8
TEXT
 10
-4.766824593501815
 20
-21.327308684880325
 30
0.0
 70
0
  0
VERTEX
  5
50B
  8
TEXT
 10
-4.750904883864351
 20
-21.360959646659154
 30
0.0
 70
0
  0
VERTEX
  5
50C
  8
TEXT
 10
-4.738358676211278
 20
-21.395194396686612
 30
0.0
 70
0
  0
VERTEX
  5
50D
  8
TEXT
 10
-4.729185970542595
 20
-21.430012934962697
 30
0.0
 70
0
  0
VERTEX
  5
50E
  8
TEXT
 10
-4.7233867668583045
 20
-21.465415261487408
 30
0.0
 70
0
  0
VERTEX
  5
50F
  8
TEXT
 10
-4.720961065158404
 20
-21.50140137626075
 30
0.0
 70
0
  0
VERTEX
  5
510
  8
TEXT
 10
-4.721908865442895
 20
-21.537971279282715
 30
0.0
 70
0
  0
VERTEX
  5
511
  8
TEXT
 10
-4.726230167711778
 20
-21.575124970553308
 30
0.0
 70
0
  0
VERTEX
  5
512
  8
TEXT
 10
-4.733924971965051
 20
-21.612862450072527
 30
0.0
 70
0
  0
VERTEX
  5
513
  8
TEXT
 10
-4.743817175743288
 20
-21.647523943639868
 30
0.0
 70
0
  0
VERTEX
  5
514
  8
TEXT
 10
-4.75602468420713
 20
-21.68069510790221
 30
0.0
 70
0
  0
VERTEX
  5
515
  8
TEXT
 10
-4.770547497356574
 20
-21.71237594285955
 30
0.0
 70
0
  0
VERTEX
  5
516
  8
TEXT
 10
-4.787385615191622
 20
-21.74256644851189
 30
0.0
 70
0
  0
VERTEX
  5
517
  8
TEXT
 10
-4.806539037712271
 20
-21.771266624859226
 30
0.0
 70
0
  0
VERTEX
  5
518
  8
TEXT
 10
-4.8280077649185245
 20
-21.798476471901566
 30
0.0
 70
0
  0
VERTEX
  5
519
  8
TEXT
 10
-4.851791796810382
 20
-21.824195989638902
 30
0.0
 70
0
  0
VERTEX
  5
51A
  8
TEXT
 10
-4.87789113338784
 20
-21.84842517807124
 30
0.0
 70
0
  0
VERTEX
  5
51B
  8
TEXT
 10
-4.905911579251786
 20
-21.870950754694928
 30
0.0
 70
0
  0
VERTEX
  5
51C
  8
TEXT
 10
-4.935458939003098
 20
-21.891559437006325
 30
0.0
 70
0
  0
VERTEX
  5
51D
  8
TEXT
 10
-4.966533212641778
 20
-21.910251225005435
 30
0.0
 70
0
  0
VERTEX
  5
51E
  8
TEXT
 10
-4.999134400167827
 20
-21.927026118692254
 30
0.0
 70
0
  0
VERTEX
  5
51F
  8
TEXT
 10
-5.033262501581243
 20
-21.941884118066785
 30
0.0
 70
0
  0
VERTEX
  5
520
  8
TEXT
 10
-5.068917516882027
 20
-21.954825223129024
 30
0.0
 70
0
  0
VERTEX
  5
521
  8
TEXT
 10
-5.106099446070179
 20
-21.965849433878972
 30
0.0
 70
0
  0
VERTEX
  5
522
  8
TEXT
 10
-5.144808289145699
 20
-21.97495675031663
 30
0.0
 70
0
  0
VERTEX
  5
523
  8
TEXT
 10
-5.180138063254995
 20
-21.981256894888137
 30
0.0
 70
0
  0
VERTEX
  5
524
  8
TEXT
 10
-5.215954407770966
 20
-21.985670449879972
 30
0.0
 70
0
  0
VERTEX
  5
525
  8
TEXT
 10
-5.2522573226936125
 20
-21.98819741529213
 30
0.0
 70
0
  0
VERTEX
  5
526
  8
TEXT
 10
-5.289046808022933
 20
-21.988837791124617
 30
0.0
 70
0
  0
VERTEX
  5
527
  8
TEXT
 10
-5.326322863758929
 20
-21.987591577377426
 30
0.0
 70
0
  0
VERTEX
  5
528
  8
TEXT
 10
-5.364085489901599
 20
-21.984458774050562
 30
0.0
 70
0
  0
VERTEX
  5
529
  8
TEXT
 10
-5.402334686450944
 20
-21.979439381144022
 30
0.0
 70
0
  0
VERTEX
  5
52A
  8
TEXT
 10
-5.441070453406964
 20
-21.97253339865781
 30
0.0
 70
0
  0
SEQEND
  5
45A
  8
TEXT
  0
POLYLINE
  5
52B
  8
TEXT
 66
1
 10
0.0
 20
0.0
 30
0.0
 70
1
  0
VERTEX
  5
52D
  8
TEXT
 10
-3.7852730683855396
 20
-22.318985155776346
 30
0.0
 70
0
  0
VERTEX
  5
52E
  8
TEXT
 10
-3.3689288467799394
 20
-20.690889802776272
 30
0.0
 70
0
  0
VERTEX
  5
52F
  8
TEXT
 10
-3.089695896038201
 20
-20.72180932023404
 30
0.0
 70
0
  0
VERTEX
  5
530
  8
TEXT
 10
-3.1393977113286473
 20
-20.918203453652648
 30
0.0
 70
0
  0
VERTEX
  5
531
  8
TEXT
 10
-3.11477663976551
 20
-20.893355034713483
 30
0.0
 70
0
  0
VERTEX
  5
532
  8
TEXT
 10
-3.089208655069507
 20
-20.870259611520794
 30
0.0
 70
0
  0
VERTEX
  5
533
  8
TEXT
 10
-3.0626937572406376
 20
-20.84891718407458
 30
0.0
 70
0
  0
VERTEX
  5
534
  8
TEXT
 10
-3.0352319462789024
 20
-20.829327752374837
 30
0.0
 70
0
  0
VERTEX
  5
535
  8
TEXT
 10
-3.006823222184301
 20
-20.81149131642157
 30
0.0
 70
0
  0
VERTEX
  5
536
  8
TEXT
 10
-2.9774675849568344
 20
-20.795407876214774
 30
0.0
 70
0
  0
VERTEX
  5
537
  8
TEXT
 10
-2.9471650345965013
 20
-20.78107743175445
 30
0.0
 70
0
  0
VERTEX
  5
538
  8
TEXT
 10
-2.9149290756748885
 20
-20.767697495351424
 30
0.0
 70
0
  0
VERTEX
  5
539
  8
TEXT
 10
-2.882153591029896
 20
-20.75637135134939
 30
0.0
 70
0
  0
VERTEX
  5
53A
  8
TEXT
 10
-2.848838580661524
 20
-20.74709899974835
 30
0.0
 70
0
  0
VERTEX
  5
53B
  8
TEXT
 10
-2.8149840445697727
 20
-20.7398804405483
 30
0.0
 70
0
  0
VERTEX
  5
53C
  8
TEXT
 10
-2.780589982754641
 20
-20.73471567374925
 30
0.0
 70
0
  0
VERTEX
  5
53D
  8
TEXT
 10
-2.745656395216131
 20
-20.73160469935119
 30
0.0
 70
0
  0
VERTEX
  5
53E
  8
TEXT
 10
-2.7101832819542406
 20
-20.73054751735413
 30
0.0
 70
0
  0
VERTEX
  5
53F
  8
TEXT
 10
-2.6741706429689707
 20
-20.731544127758056
 30
0.0
 70
0
  0
VERTEX
  5
540
  8
TEXT
 10
-2.6376184782603214
 20
-20.73459453056298
 30
0.0
 70
0
  0
VERTEX
  5
541
  8
TEXT
 10
-2.5990130056531724
 20
-20.73995646290448
 30
0.0
 70
0
  0
VERTEX
  5
542
  8
TEXT
 10
-2.561750033315117
 20
-20.747344022050758
 30
0.0
 70
0
  0
VERTEX
  5
543
  8
TEXT
 10
-2.5258295612461548
 20
-20.756757208001808
 30
0.0
 70
0
  0
VERTEX
  5
544
  8
TEXT
 10
-2.4912515894462848
 20
-20.768196020757628
 30
0.0
 70
0
  0
VERTEX
  5
545
  8
TEXT
 10
-2.4580161179155087
 20
-20.78166046031823
 30
0.0
 70
0
  0
VERTEX
  5
546
  8
TEXT
 10
-2.426123146653825
 20
-20.7971505266836
 30
0.0
 70
0
  0
VERTEX
  5
547
  8
TEXT
 10
-2.3955726756612346
 20
-20.81466621985374
 30
0.0
 70
0
  0
VERTEX
  5
548
  8
TEXT
 10
-2.366364704937737
 20
-20.83420753982866
 30
0.0
 70
0
  0
VERTEX
  5
549
  8
TEXT
 10
-2.3384992344833324
 20
-20.855774486608354
 30
0.0
 70
0
  0
VERTEX
  5
54A
  8
TEXT
 10
-2.311976264298021
 20
-20.87936706019282
 30
0.0
 70
0
  0
VERTEX
  5
54B
  8
TEXT
 10
-2.28742665924797
 20
-20.90496928642281
 30
0.0
 70
0
  0
VERTEX
  5
54C
  8
TEXT
 10
-2.2650335206271204
 20
-20.931727309996973
 30
0.0
 70
0
  0
VERTEX
  5
54D
  8
TEXT
 10
-2.2447968484354712
 20
-20.95964113091531
 30
0.0
 70
0
  0
VERTEX
  5
54E
  8
TEXT
 10
-2.226716642673023
 20
-20.98871074917782
 30
0.0
 70
0
  0
VERTEX
  5
54F
  8
TEXT
 10
-2.2107929033397755
 20
-21.018936164784503
 30
0.0
 70
0
  0
VERTEX
  5
550
  8
TEXT
 10
-2.197025630435729
 20
-21.05031737773536
 30
0.0
 70
0
  0
VERTEX
  5
551
  8
TEXT
 10
-2.1854148239608833
 20
-21.08285438803039
 30
0.0
 70
0
  0
VERTEX
  5
552
  8
TEXT
 10
-2.1614112489339252
 20
-21.054548201549213
 30
0.0
 70
0
  0
VERTEX
  5
553
  8
TEXT
 10
-2.1362563311885108
 20
-21.028116694449132
 30
0.0
 70
0
  0
VERTEX
  5
554
  8
TEXT
 10
-2.10995007072464
 20
-21.00355986673015
 30
0.0
 70
0
  0
VERTEX
  5
555
  8
TEXT
 10
-2.0824924675423135
 20
-20.980877718392268
 30
0.0
 70
0
  0
VERTEX
  5
556
  8
TEXT
 10
-2.0538835216415303
 20
-20.960070249435482
 30
0.0
 70
0
  0
VERTEX
  5
557
  8
TEXT
 10
-2.024123233022291
 20
-20.9411374598598
 30
0.0
 70
0
  0
VERTEX
  5
558
  8
TEXT
 10
-1.9932116016845958
 20
-20.924079349665213
 30
0.0
 70
0
  0
VERTEX
  5
559
  8
TEXT
 10
-1.961148627628444
 20
-20.908895918851726
 30
0.0
 70
0
  0
VERTEX
  5
55A
  8
TEXT
 10
-1.9251145679487265
 20
-20.89400078388192
 30
0.0
 70
0
  0
VERTEX
  5
55B
  8
TEXT
 10
-1.8888683750609776
 20
-20.881117053537597
 30
0.0
 70
0
  0
VERTEX
  5
55C
  8
TEXT
 10
-1.8524100489651976
 20
-20.870244727818754
 30
0.0
 70
0
  0
VERTEX
  5
55D
  8
TEXT
 10
-1.8157395896613853
 20
-20.861383806725392
 30
0.0
 70
0
  0
VERTEX
  5
55E
  8
TEXT
 10
-1.7788569971495418
 20
-20.854534290257515
 30
0.0
 70
0
  0
VERTEX
  5
55F
  8
TEXT
 10
-1.7417622714296666
 20
-20.849696178415115
 30
0.0
 70
0
  0
VERTEX
  5
560
  8
TEXT
 10
-1.70445541250176
 20
-20.846869471198197
 30
0.0
 70
0
  0
VERTEX
  5
561
  8
TEXT
 10
-1.6669364203658215
 20
-20.846054168606763
 30
0.0
 70
0
  0
VERTEX
  5
562
  8
TEXT
 10
-1.6292052950218516
 20
-20.847250270640806
 30
0.0
 70
0
  0
VERTEX
  5
563
  8
TEXT
 10
-1.5912620364698506
 20
-20.850457777300335
 30
0.0
 70
0
  0
VERTEX
  5
564
  8
TEXT
 10
-1.5530759441854203
 20
-20.855721502957618
 30
0.0
 70
0
  0
VERTEX
  5
565
  8
TEXT
 10
-1.5162528477583996
 20
-20.8629050486958
 30
0.0
 70
0
  0
VERTEX
  5
566
  8
TEXT
 10
-1.4807927471887896
 20
-20.872008414514884
 30
0.0
 70
0
  0
VERTEX
  5
567
  8
TEXT
 10
-1.4466956424765904
 20
-20.88303160041487
 30
0.0
 70
0
  0
VERTEX
  5
568
  8
TEXT
 10
-1.4139615336218012
 20
-20.895974606395757
 30
0.0
 70
0
  0
VERTEX
  5
569
  8
TEXT
 10
-1.3825904206244222
 20
-20.910837432457544
 30
0.0
 70
0
  0
VERTEX
  5
56A
  8
TEXT
 10
-1.3525823034844535
 20
-20.927620078600235
 30
0.0
 70
0
  0
VERTEX
  5
56B
  8
TEXT
 10
-1.3239371822018957
 20
-20.946322544823822
 30
0.0
 70
0
  0
VERTEX
  5
56C
  8
TEXT
 10
-1.2966550567767476
 20
-20.966944831128313
 30
0.0
 70
0
  0
VERTEX
  5
56D
  8
TEXT
 10
-1.2678237164608352
 20
-20.992122817445235
 30
0.0
 70
0
  0
VERTEX
  5
56E
  8
TEXT
 10
-1.2411811073800942
 20
-21.019096834619877
 30
0.0
 70
0
  0
VERTEX
  5
56F
  8
TEXT
 10
-1.2167272295345246
 20
-21.047866882652247
 30
0.0
 70
0
  0
VERTEX
  5
570
  8
TEXT
 10
-1.194462082924126
 20
-21.078432961542337
 30
0.0
 70
0
  0
VERTEX
  5
571
  8
TEXT
 10
-1.1743856675488988
 20
-21.110795071290156
 30
0.0
 70
0
  0
VERTEX
  5
572
  8
TEXT
 10
-1.1564979834088434
 20
-21.144953211895693
 30
0.0
 70
0
  0
VERTEX
  5
573
  8
TEXT
 10
-1.1407990305039588
 20
-21.18090738335896
 30
0.0
 70
0
  0
VERTEX
  5
574
  8
TEXT
 10
-1.127288808834245
 20
-21.218657585679946
 30
0.0
 70
0
  0
VERTEX
  5
575
  8
TEXT
 10
-1.1174666394391148
 20
-21.253413974056684
 30
0.0
 70
0
  0
VERTEX
  5
576
  8
TEXT
 10
-1.1100727642352826
 20
-21.2889751965205
 30
0.0
 70
0
  0
VERTEX
  5
577
  8
TEXT
 10
-1.1051071832227493
 20
-21.325341253071393
 30
0.0
 70
0
  0
VERTEX
  5
578
  8
TEXT
 10
-1.102569896401515
 20
-21.362512143709363
 30
0.0
 70
0
  0
VERTEX
  5
579
  8
TEXT
 10
-1.1024609037715796
 20
-21.40048786843441
 30
0.0
 70
0
  0
VERTEX
  5
57A
  8
TEXT
 10
-1.1047802053329434
 20
-21.439268427246535
 30
0.0
 70
0
  0
VERTEX
  5
57B
  8
TEXT
 10
-1.1095278010856053
 20
-21.478853820145737
 30
0.0
 70
0
  0
VERTEX
  5
57C
  8
TEXT
 10
-1.1167036910295658
 20
-21.519244047132013
 30
0.0
 70
0
  0
VERTEX
  5
57D
  8
TEXT
 10
-1.126307875164826
 20
-21.56043910820537
 30
0.0
 70
0
  0
VERTEX
  5
57E
  8
TEXT
 10
-1.385710788385105
 20
-22.584689140962887
 30
0.0
 70
0
  0
VERTEX
  5
57F
  8
TEXT
 10
-1.6741492210194284
 20
-22.552750298753764
 30
0.0
 70
0
  0
VERTEX
  5
580
  8
TEXT
 10
-1.424620819815841
 20
-21.561574149768152
 30
0.0
 70
0
  0
VERTEX
  5
581
  8
TEXT
 10
-1.4154404095735078
 20
-21.521132660412242
 30
0.0
 70
0
  0
VERTEX
  5
582
  8
TEXT
 10
-1.4094603357711901
 20
-21.482321261030705
 30
0.0
 70
0
  0
VERTEX
  5
583
  8
TEXT
 10
-1.4066805984088875
 20
-21.44513995162354
 30
0.0
 70
0
  0
VERTEX
  5
584
  8
TEXT
 10
-1.4071011974866001
 20
-21.40958873219074
 30
0.0
 70
0
  0
VERTEX
  5
585
  8
TEXT
 10
-1.4107221330043278
 20
-21.375667602732314
 30
0.0
 70
0
  0
VERTEX
  5
586
  8
TEXT
 10
-1.4175434049620703
 20
-21.34337656324826
 30
0.0
 70
0
  0
VERTEX
  5
587
  8
TEXT
 10
-1.4294214329936528
 20
-21.307024303756492
 30
0.0
 70
0
  0
VERTEX
  5
588
  8
TEXT
 10
-1.444844060661802
 20
-21.27350991207369
 30
0.0
 70
0
  0
VERTEX
  5
589
  8
TEXT
 10
-1.463811287966517
 20
-21.242833388199845
 30
0.0
 70
0
  0
VERTEX
  5
58A
  8
TEXT
 10
-1.4863231149077976
 20
-21.214994732134958
 30
0.0
 70
0
  0
VERTEX
  5
58B
  8
TEXT
 10
-1.512379541485644
 20
-21.18999394387903
 30
0.0
 70
0
  0
VERTEX
  5
58C
  8
TEXT
 10
-1.5367060903357708
 20
-21.171640252443446
 30
0.0
 70
0
  0
VERTEX
  5
58D
  8
TEXT
 10
-1.5633045262259362
 20
-21.15588226872244
 30
0.0
 70
0
  0
VERTEX
  5
58E
  8
TEXT
 10
-1.5921748491561405
 20
-21.142719992716003
 30
0.0
 70
0
  0
VERTEX
  5
58F
  8
TEXT
 10
-1.623317059126383
 20
-21.132153424424146
 30
0.0
 70
0
  0
VERTEX
  5
590
  8
TEXT
 10
-1.6567311561366647
 20
-21.124182563846862
 30
0.0
 70
0
  0
VERTEX
  5
591
  8
TEXT
 10
-1.6924171401869845
 20
-21.118807410984157
 30
0.0
 70
0
  0
VERTEX
  5
592
  8
TEXT
 10
-1.7281115396798503
 20
-21.116235459956066
 30
0.0
 70
0
  0
VERTEX
  5
593
  8
TEXT
 10
-1.7635965456605667
 20
-21.116447688271226
 30
0.0
 70
0
  0
VERTEX
  5
594
  8
TEXT
 10
-1.798872158129134
 20
-21.119444095929634
 30
0.0
 70
0
  0
VERTEX
  5
595
  8
TEXT
 10
-1.8339383770855515
 20
-21.12522468293129
 30
0.0
 70
0
  0
VERTEX
  5
596
  8
TEXT
 10
-1.8687952025298196
 20
-21.133789449276193
 30
0.0
 70
0
  0
VERTEX
  5
597
  8
TEXT
 10
-1.9034426344619382
 20
-21.145138394964345
 30
0.0
 70
0
  0
VERTEX
  5
598
  8
TEXT
 10
-1.937222526921749
 20
-21.159171834549912
 30
0.0
 70
0
  0
VERTEX
  5
599
  8
TEXT
 10
-1.9694767339490933
 20
-21.175790082587064
 30
0.0
 70
0
  0
VERTEX
  5
59A
  8
TEXT
 10
-2.000205255543972
 20
-21.194993139075795
 30
0.0
 70
0
  0
VERTEX
  5
59B
  8
TEXT
 10
-2.029408091706384
 20
-21.21678100401611
 30
0.0
 70
0
  0
VERTEX
  5
59C
  8
TEXT
 10
-2.0570852424363304
 20
-21.241153677408004
 30
0.0
 70
0
  0
VERTEX
  5
59D
  8
TEXT
 10
-2.0832367077338105
 20
-21.268111159251482
 30
0.0
 70
0
  0
VERTEX
  5
59E
  8
TEXT
 10
-2.104110948365908
 20
-21.293184295041172
 30
0.0
 70
0
  0
VERTEX
  5
59F
  8
TEXT
 10
-2.1232103172657766
 20
-21.319975326291505
 30
0.0
 70
0
  0
VERTEX
  5
5A0
  8
TEXT
 10
-2.1405348144334173
 20
-21.34848425300248
 30
0.0
 70
0
  0
VERTEX
  5
5A1
  8
TEXT
 10
-2.1560844398688284
 20
-21.37871107517409
 30
0.0
 70
0
  0
VERTEX
  5
5A2
  8
TEXT
 10
-2.1698591935720115
 20
-21.41065579280634
 30
0.0
 70
0
  0
VERTEX
  5
5A3
  8
TEXT
 10
-2.181859075542966
 20
-21.44431840589923
 30
0.0
 70
0
  0
VERTEX
  5
5A4
  8
TEXT
 10
-2.1920840857816914
 20
-21.47969891445276
 30
0.0
 70
0
  0
VERTEX
  5
5A5
  8
TEXT
 10
-2.4412727120681605
 20
-22.467806569474178
 30
0.0
 70
0
  0
VERTEX
  5
5A6
  8
TEXT
 10
-2.729711144702484
 20
-22.435867727265055
 30
0.0
 70
0
  0
VERTEX
  5
5A7
  8
TEXT
 10
-2.4771142495347016
 20
-21.445031353196562
 30
0.0
 70
0
  0
VERTEX
  5
5A8
  8
TEXT
 10
-2.468871434670317
 20
-21.40448604372709
 30
0.0
 70
0
  0
VERTEX
  5
5A9
  8
TEXT
 10
-2.4636584843590477
 20
-21.36558970061627
 30
0.0
 70
0
  0
VERTEX
  5
5AA
  8
TEXT
 10
-2.461475398600894
 20
-21.32834232386411
 30
0.0
 70
0
  0
VERTEX
  5
5AB
  8
TEXT
 10
-2.462322177395856
 20
-21.292743913470602
 30
0.0
 70
0
  0
VERTEX
  5
5AC
  8
TEXT
 10
-2.466198820743933
 20
-21.25879446943575
 30
0.0
 70
0
  0
VERTEX
  5
5AD
  8
TEXT
 10
-2.4731053286451257
 20
-21.22649399175955
 30
0.0
 70
0
  0
VERTEX
  5
5AE
  8
TEXT
 10
-2.4849833566767088
 20
-21.190141732267783
 30
0.0
 70
0
  0
VERTEX
  5
5AF
  8
TEXT
 10
-2.500405984344858
 20
-21.15662734058498
 30
0.0
 70
0
  0
VERTEX
  5
5B0
  8
TEXT
 10
-2.5193732116495724
 20
-21.125950816711136
 30
0.0
 70
0
  0
VERTEX
  5
5B1
  8
TEXT
 10
-2.541885038590853
 20
-21.09811216064625
 30
0.0
 70
0
  0
VERTEX
  5
5B2
  8
TEXT
 10
-2.5679414651686994
 20
-21.073111372390322
 30
0.0
 70
0
  0
VERTEX
  5
5B3
  8
TEXT
 10
-2.5922680140188263
 20
-21.054757680954737
 30
0.0
 70
0
  0
VERTEX
  5
5B4
  8
TEXT
 10
-2.618866449908992
 20
-21.03899969723373
 30
0.0
 70
0
  0
VERTEX
  5
5B5
  8
TEXT
 10
-2.6477367728391963
 20
-21.025837421227294
 30
0.0
 70
0
  0
VERTEX
  5
5B6
  8
TEXT
 10
-2.678878982809439
 20
-21.015270852935437
 30
0.0
 70
0
  0
VERTEX
  5
5B7
  8
TEXT
 10
-2.7122930798197205
 20
-21.007299992358156
 30
0.0
 70
0
  0
VERTEX
  5
5B8
  8
TEXT
 10
-2.74797906387004
 20
-21.001924839495448
 30
0.0
 70
0
  0
VERTEX
  5
5B9
  8
TEXT
 10
-2.7846252160290677
 20
-20.99937692226897
 30
0.0
 70
0
  0
VERTEX
  5
5BA
  8
TEXT
 10
-2.820919817365473
 20
-20.99988776860037
 30
0.0
 70
0
  0
VERTEX
  5
5BB
  8
TEXT
 10
-2.856862867879255
 20
-21.003457378489657
 30
0.0
 70
0
  0
VERTEX
  5
5BC
  8
TEXT
 10
-2.892454367570415
 20
-21.010085751936828
 30
0.0
 70
0
  0
VERTEX
  5
5BD
  8
TEXT
 10
-2.927694316438952
 20
-21.019772888941876
 30
0.0
 70
0
  0
VERTEX
  5
5BE
  8
TEXT
 10
-2.962582714484866
 20
-21.03251878950481
 30
0.0
 70
0
  0
VERTEX
  5
5BF
  8
TEXT
 10
-2.996494595527582
 20
-21.04813381314027
 30
0.0
 70
0
  0
VERTEX
  5
5C0
  8
TEXT
 10
-3.028804993386524
 20
-21.06642831936291
 30
0.0
 70
0
  0
VERTEX
  5
5C1
  8
TEXT
 10
-3.059513908061693
 20
-21.087402308172717
 30
0.0
 70
0
  0
VERTEX
  5
5C2
  8
TEXT
 10
-3.0886213395530877
 20
-21.1110557795697
 30
0.0
 70
0
  0
VERTEX
  5
5C3
  8
TEXT
 10
-3.1161272878607083
 20
-21.137388733553856
 30
0.0
 70
0
  0
VERTEX
  5
5C4
  8
TEXT
 10
-3.1420317529845554
 20
-21.166401170125187
 30
0.0
 70
0
  0
VERTEX
  5
5C5
  8
TEXT
 10
-3.162755727920249
 20
-21.19326586903818
 30
0.0
 70
0
  0
VERTEX
  5
5C6
  8
TEXT
 10
-3.1818926981011146
 20
-21.221827660865863
 30
0.0
 70
0
  0
VERTEX
  5
5C7
  8
TEXT
 10
-3.199442663527151
 20
-21.25208654560824
 30
0.0
 70
0
  0
VERTEX
  5
5C8
  8
TEXT
 10
-3.2154056241983584
 20
-21.284042523265313
 30
0.0
 70
0
  0
VERTEX
  5
5C9
  8
TEXT
 10
-3.2297815801147367
 20
-21.317695593837076
 30
0.0
 70
0
  0
VERTEX
  5
5CA
  8
TEXT
 10
-3.2425705312762867
 20
-21.353045757323535
 30
0.0
 70
0
  0
VERTEX
  5
5CB
  8
TEXT
 10
-3.2537724776830075
 20
-21.390093013724687
 30
0.0
 70
0
  0
VERTEX
  5
5CC
  8
TEXT
 10
-3.496834635751216
 20
-22.35092399798547
 30
0.0
 70
0
  0
SEQEND
  5
52C
  8
TEXT
  0
POLYLINE
  5
5CD
  8
TEXT
 66
1
 10
0.0
 20
0.0
 30
0.0
 70
1
  0
VERTEX
  5
5CF
  8
TEXT
 10
-0.2546017256236314
 20
-22.63641144133198
 30
0.0
 70
0
  0
VERTEX
  5
5D0
  8
TEXT
 10
-0.29511387796936633
 20
-22.635228384137072
 30
0.0
 70
0
  0
VERTEX
  5
5D1
  8
TEXT
 10
-0.33432404972840407
 20
-22.63191464769178
 30
0.0
 70
0
  0
VERTEX
  5
5D2
  8
TEXT
 10
-0.37223224090074486
 20
-22.626470231996098
 30
0.0
 70
0
  0
VERTEX
  5
5D3
  8
TEXT
 10
-0.4088384514863889
 20
-22.618895137050032
 30
0.0
 70
0
  0
VERTEX
  5
5D4
  8
TEXT
 10
-0.444142681485336
 20
-22.609189362853577
 30
0.0
 70
0
  0
VERTEX
  5
5D5
  8
TEXT
 10
-0.478144930897586
 20
-22.597352909406734
 30
0.0
 70
0
  0
VERTEX
  5
5D6
  8
TEXT
 10
-0.5108451997231391
 20
-22.583385776709505
 30
0.0
 70
0
  0
VERTEX
  5
5D7
  8
TEXT
 10
-0.5422434879619954
 20
-22.567287964761885
 30
0.0
 70
0
  0
VERTEX
  5
5D8
  8
TEXT
 10
-0.5723397956141549
 20
-22.54905947356388
 30
0.0
 70
0
  0
VERTEX
  5
5D9
  8
TEXT
 10
-0.6008869265321122
 20
-22.528891581705672
 30
0.0
 70
0
  0
VERTEX
  5
5DA
  8
TEXT
 10
-0.6276376845683623
 20
-22.506975567777445
 30
0.0
 70
0
  0
VERTEX
  5
5DB
  8
TEXT
 10
-0.6525920697229055
 20
-22.483311431779196
 30
0.0
 70
0
  0
VERTEX
  5
5DC
  8
TEXT
 10
-0.6757500819957417
 20
-22.457899173710928
 30
0.0
 70
0
  0
VERTEX
  5
5DD
  8
TEXT
 10
-0.6971117213868706
 20
-22.43073879357264
 30
0.0
 70
0
  0
VERTEX
  5
5DE
  8
TEXT
 10
-0.7166769878962925
 20
-22.40183029136433
 30
0.0
 70
0
  0
VERTEX
  5
5DF
  8
TEXT
 10
-0.7344458815240072
 20
-22.371173667086005
 30
0.0
 70
0
  0
VERTEX
  5
5E0
  8
TEXT
 10
-0.7504184022700151
 20
-22.338768920737657
 30
0.0
 70
0
  0
VERTEX
  5
5E1
  8
TEXT
 10
-0.7645945501343157
 20
-22.30461605231929
 30
0.0
 70
0
  0
VERTEX
  5
5E2
  8
TEXT
 10
-0.7756632640543165
 20
-22.272538629598674
 30
0.0
 70
0
  0
VERTEX
  5
5E3
  8
TEXT
 10
-0.7849690752521145
 20
-22.23935483445291
 30
0.0
 70
0
  0
VERTEX
  5
5E4
  8
TEXT
 10
-0.7925119837277094
 20
-22.205064666881995
 30
0.0
 70
0
  0
VERTEX
  5
5E5
  8
TEXT
 10
-0.7982919894811011
 20
-22.16966812688593
 30
0.0
 70
0
  0
VERTEX
  5
5E6
  8
TEXT
 10
-0.80230909251229
 20
-22.133165214464718
 30
0.0
 70
0
  0
VERTEX
  5
5E7
  8
TEXT
 10
-0.8045632928212757
 20
-22.095555929618353
 30
0.0
 70
0
  0
VERTEX
  5
5E8
  8
TEXT
 10
-0.8050545904080584
 20
-22.056840272346836
 30
0.0
 70
0
  0
VERTEX
  5
5E9
  8
TEXT
 10
-0.8037829852726383
 20
-22.017018242650174
 30
0.0
 70
0
  0
VERTEX
  5
5EA
  8
TEXT
 10
-0.8007484774150149
 20
-21.976089840528356
 30
0.0
 70
0
  0
VERTEX
  5
5EB
  8
TEXT
 10
-0.7959510668351886
 20
-21.934055065981394
 30
0.0
 70
0
  0
VERTEX
  5
5EC
  8
TEXT
 10
-0.6510776877863574
 20
-20.934196825467176
 30
0.0
 70
0
  0
VERTEX
  5
5ED
  8
TEXT
 10
-0.3608775321808206
 20
-20.935026734333643
 30
0.0
 70
0
  0
VERTEX
  5
5EE
  8
TEXT
 10
-0.5088734621984965
 20
-21.947225088821856
 30
0.0
 70
0
  0
VERTEX
  5
5EF
  8
TEXT
 10
-0.5126762588469237
 20
-21.987520120457006
 30
0.0
 70
0
  0
VERTEX
  5
5F0
  8
TEXT
 10
-0.5135584279930112
 20
-22.026108359476712
 30
0.0
 70
0
  0
VERTEX
  5
5F1
  8
TEXT
 10
-0.511519969636759
 20
-22.06298980588098
 30
0.0
 70
0
  0
VERTEX
  5
5F2
  8
TEXT
 10
-0.5065608837781671
 20
-22.09816445966981
 30
0.0
 70
0
  0
VERTEX
  5
5F3
  8
TEXT
 10
-0.49868117041723553
 20
-22.131632320843195
 30
0.0
 70
0
  0
VERTEX
  5
5F4
  8
TEXT
 10
-0.48788082955396417
 20
-22.163393389401143
 30
0.0
 70
0
  0
VERTEX
  5
5F5
  8
TEXT
 10
-0.47143442446421985
 20
-22.198820432962457
 30
0.0
 70
0
  0
VERTEX
  5
5F6
  8
TEXT
 10
-0.451520780269646
 20
-22.230923150245864
 30
0.0
 70
0
  0
VERTEX
  5
5F7
  8
TEXT
 10
-0.42813989697024246
 20
-22.25970154125136
 30
0.0
 70
0
  0
VERTEX
  5
5F8
  8
TEXT
 10
-0.4012917745660093
 20
-22.285155605978947
 30
0.0
 70
0
  0
VERTEX
  5
5F9
  8
TEXT
 10
-0.37097641305694645
 20
-22.307285344428625
 30
0.0
 70
0
  0
VERTEX
  5
5FA
  8
TEXT
 10
-0.34323580373161244
 20
-22.32292961709858
 30
0.0
 70
0
  0
VERTEX
  5
5FB
  8
TEXT
 10
-0.31342894419140666
 20
-22.335749809590588
 30
0.0
 70
0
  0
VERTEX
  5
5FC
  8
TEXT
 10
-0.28155583443632914
 20
-22.345745921904644
 30
0.0
 70
0
  0
VERTEX
  5
5FD
  8
TEXT
 10
-0.24761647446637963
 20
-22.35291795404075
 30
0.0
 70
0
  0
VERTEX
  5
5FE
  8
TEXT
 10
-0.2116108642815583
 20
-22.357265905998904
 30
0.0
 70
0
  0
VERTEX
  5
5FF
  8
TEXT
 10
-0.17353900388186527
 20
-22.358789777779105
 30
0.0
 70
0
  0
VERTEX
  5
600
  8
TEXT
 10
-0.1340009438525167
 20
-22.357402096119632
 30
0.0
 70
0
  0
VERTEX
  5
601
  8
TEXT
 10
-0.09565489191068302
 20
-22.353009501880276
 30
0.0
 70
0
  0
VERTEX
  5
602
  8
TEXT
 10
-0.058500848056364844
 20
-22.345611995061038
 30
0.0
 70
0
  0
VERTEX
  5
603
  8
TEXT
 10
-0.02253881228956152
 20
-22.335209575661917
 30
0.0
 70
0
  0
VERTEX
  5
604
  8
TEXT
 10
0.012231215389726616
 20
-22.32180224368291
 30
0.0
 70
0
  0
VERTEX
  5
605
  8
TEXT
 10
0.04580923498149958
 20
-22.30538999912402
 30
0.0
 70
0
  0
VERTEX
  5
606
  8
TEXT
 10
0.07793724110945267
 20
-22.286229375891935
 30
0.0
 70
0
  0
VERTEX
  5
607
  8
TEXT
 10
0.10835722839728039
 20
-22.264576907893332
 30
0.0
 70
0
  0
VERTEX
  5
608
  8
TEXT
 10
0.1370691968449831
 20
-22.240432595128212
 30
0.0
 70
0
  0
VERTEX
  5
609
  8
TEXT
 10
0.16407314645256088
 20
-22.213796437596578
 30
0.0
 70
0
  0
VERTEX
  5
60A
  8
TEXT
 10
0.18936907722001367
 20
-22.184668435298427
 30
0.0
 70
0
  0
VERTEX
  5
60B
  8
TEXT
 10
0.21295698914734135
 20
-22.15304858823376
 30
0.0
 70
0
  0
VERTEX
  5
60C
  8
TEXT
 10
0.23143727649327966
 20
-22.124118988105764
 30
0.0
 70
0
  0
VERTEX
  5
60D
  8
TEXT
 10
0.2479057342329256
 20
-22.09367150677537
 30
0.0
 70
0
  0
VERTEX
  5
60E
  8
TEXT
 10
0.26236236236627913
 20
-22.061706144242574
 30
0.0
 70
0
  0
VERTEX
  5
60F
  8
TEXT
 10
0.2748071608933411
 20
-22.028222900507377
 30
0.0
 70
0
  0
VERTEX
  5
610
  8
TEXT
 10
0.28524012981411045
 20
-21.99322177556978
 30
0.0
 70
0
  0
VERTEX
  5
611
  8
TEXT
 10
0.29366126912858764
 20
-21.95670276942978
 30
0.0
 70
0
  0
VERTEX
  5
612
  8
TEXT
 10
0.30007057883677274
 20
-21.918665882087378
 30
0.0
 70
0
  0
VERTEX
  5
613
  8
TEXT
 10
0.4418037492813023
 20
-20.93732222694302
 30
0.0
 70
0
  0
VERTEX
  5
614
  8
TEXT
 10
0.7289166691889079
 20
-20.93814330699176
 30
0.0
 70
0
  0
VERTEX
  5
615
  8
TEXT
 10
0.4926152590884698
 20
-22.60150118684707
 30
0.0
 70
0
  0
VERTEX
  5
616
  8
TEXT
 10
0.21167681057672671
 20
-22.60069776443379
 30
0.0
 70
0
  0
VERTEX
  5
617
  8
TEXT
 10
0.23692208285933603
 20
-22.409359781703877
 30
0.0
 70
0
  0
VERTEX
  5
618
  8
TEXT
 10
0.2133421413924576
 20
-22.438192540985693
 30
0.0
 70
0
  0
VERTEX
  5
619
  8
TEXT
 10
0.188052464370896
 20
-22.46513375133114
 30
0.0
 70
0
  0
VERTEX
  5
61A
  8
TEXT
 10
0.16105305179465063
 20
-22.49018341274023
 30
0.0
 70
0
  0
VERTEX
  5
61B
  8
TEXT
 10
0.13234390366372223
 20
-22.513341525212955
 30
0.0
 70
0
  0
VERTEX
  5
61C
  8
TEXT
 10
0.10192501997811036
 20
-22.534608088749316
 30
0.0
 70
0
  0
VERTEX
  5
61D
  8
TEXT
 10
0.06979640073781525
 20
-22.553983103349314
 30
0.0
 70
0
  0
VERTEX
  5
61E
  8
TEXT
 10
0.037082654806155704
 20
-22.571384027899402
 30
0.0
 70
0
  0
VERTEX
  5
61F
  8
TEXT
 10
0.0035362862918157517
 20
-22.586724397367046
 30
0.0
 70
0
  0
VERTEX
  5
620
  8
TEXT
 10
-0.030842704805205172
 20
-22.600004211752236
 30
0.0
 70
0
  0
VERTEX
  5
621
  8
TEXT
 10
-0.06605431848490742
 20
-22.61122347105498
 30
0.0
 70
0
  0
VERTEX
  5
622
  8
TEXT
 10
-0.10209855474729032
 20
-22.620382175275278
 30
0.0
 70
0
  0
VERTEX
  5
623
  8
TEXT
 10
-0.1389754135923542
 20
-22.627480324413124
 30
0.0
 70
0
  0
VERTEX
  5
624
  8
TEXT
 10
-0.17668489502009907
 20
-22.632517918468526
 30
0.0
 70
0
  0
VERTEX
  5
625
  8
TEXT
 10
-0.21522699903052472
 20
-22.635494957441477
 30
0.0
 70
0
  0
SEQEND
  5
5CE
  8
TEXT
  0
POLYLINE
  5
626
  8
TEXT
 66
1
 10
0.0
 20
0.0
 30
0.0
 70
1
  0
VERTEX
  5
628
  8
TEXT
 10
1.6821135417394428
 20
-22.57454349932595
 30
0.0
 70
0
  0
VERTEX
  5
629
  8
TEXT
 10
1.6416629378213623
 20
-22.576770756353337
 30
0.0
 70
0
  0
VERTEX
  5
62A
  8
TEXT
 10
1.6018805698057883
 20
-22.577156308733564
 30
0.0
 70
0
  0
VERTEX
  5
62B
  8
TEXT
 10
1.5627664376927206
 20
-22.575700156466624
 30
0.0
 70
0
  0
VERTEX
  5
62C
  8
TEXT
 10
1.5243205414821595
 20
-22.57240229955252
 30
0.0
 70
0
  0
VERTEX
  5
62D
  8
TEXT
 10
1.4865428811741048
 20
-22.56726273799126
 30
0.0
 70
0
  0
VERTEX
  5
62E
  8
TEXT
 10
1.4494334567685565
 20
-22.560281471782833
 30
0.0
 70
0
  0
VERTEX
  5
62F
  8
TEXT
 10
1.4129922682655147
 20
-22.551458500927243
 30
0.0
 70
0
  0
VERTEX
  5
630
  8
TEXT
 10
1.3772193156649797
 20
-22.54079382542449
 30
0.0
 70
0
  0
VERTEX
  5
631
  8
TEXT
 10
1.3423897956469808
 20
-22.5284053007863
 30
0.0
 70
0
  0
VERTEX
  5
632
  8
TEXT
 10
1.3087789048915481
 20
-22.514410782524404
 30
0.0
 70
0
  0
VERTEX
  5
633
  8
TEXT
 10
1.2763866433986821
 20
-22.498810270638796
 30
0.0
 70
0
  0
VERTEX
  5
634
  8
TEXT
 10
1.2452130111683821
 20
-22.481603765129474
 30
0.0
 70
0
  0
VERTEX
  5
635
  8
TEXT
 10
1.2152580082006486
 20
-22.462791265996447
 30
0.0
 70
0
  0
VERTEX
  5
636
  8
TEXT
 10
1.1865216344954814
 20
-22.442372773239708
 30
0.0
 70
0
  0
VERTEX
  5
637
  8
TEXT
 10
1.1590038900528805
 20
-22.42034828685926
 30
0.0
 70
0
  0
VERTEX
  5
638
  8
TEXT
 10
1.1327047748728458
 20
-22.3967178068551
 30
0.0
 70
0
  0
VERTEX
  5
639
  8
TEXT
 10
1.1078523392827306
 20
-22.371693543664104
 30
0.0
 70
0
  0
VERTEX
  5
63A
  8
TEXT
 10
1.084674633609888
 20
-22.345487707723148
 30
0.0
 70
0
  0
VERTEX
  5
63B
  8
TEXT
 10
1.0631716578543178
 20
-22.318100299032228
 30
0.0
 70
0
  0
VERTEX
  5
63C
  8
TEXT
 10
1.0433434120160205
 20
-22.289531317591344
 30
0.0
 70
0
  0
VERTEX
  5
63D
  8
TEXT
 10
1.0251898960949952
 20
-22.2597807634005
 30
0.0
 70
0
  0
VERTEX
  5
63E
  8
TEXT
 10
1.0087111100912427
 20
-22.228848636459688
 30
0.0
 70
0
  0
VERTEX
  5
63F
  8
TEXT
 10
0.9939070540047629
 20
-22.19673493676892
 30
0.0
 70
0
  0
VERTEX
  5
640
  8
TEXT
 10
0.9807777278355554
 20
-22.163439664328184
 30
0.0
 70
0
  0
VERTEX
  5
641
  8
TEXT
 10
1.2104254405947004
 20
-22.049724132405622
 30
0.0
 70
0
  0
VERTEX
  5
642
  8
TEXT
 10
1.2278277647158338
 20
-22.084159174266077
 30
0.0
 70
0
  0
VERTEX
  5
643
  8
TEXT
 10
1.2470738311414333
 20
-22.116468248986543
 30
0.0
 70
0
  0
VERTEX
  5
644
  8
TEXT
 10
1.2681636398714997
 20
-22.146651356567027
 30
0.0
 70
0
  0
VERTEX
  5
645
  8
TEXT
 10
1.2910971909060325
 20
-22.174708497007522
 30
0.0
 70
0
  0
VERTEX
  5
646
  8
TEXT
 10
1.3158744842450318
 20
-22.200639670308032
 30
0.0
 70
0
  0
VERTEX
  5
647
  8
TEXT
 10
1.3424955198884978
 20
-22.224444876468556
 30
0.0
 70
0
  0
VERTEX
  5
648
  8
TEXT
 10
1.3709602978364301
 20
-22.246124115489096
 30
0.0
 70
0
  0
VERTEX
  5
649
  8
TEXT
 10
1.4012688180888293
 20
-22.26567738736965
 30
0.0
 70
0
  0
VERTEX
  5
64A
  8
TEXT
 10
1.4329881409680172
 20
-22.282823628710847
 30
0.0
 70
0
  0
VERTEX
  5
64B
  8
TEXT
 10
1.4656853267963164
 20
-22.297281776113312
 30
0.0
 70
0
  0
VERTEX
  5
64C
  8
TEXT
 10
1.4993603755737268
 20
-22.309051829577047
 30
0.0
 70
0
  0
VERTEX
  5
64D
  8
TEXT
 10
1.5340132873002486
 20
-22.318133789102056
 30
0.0
 70
0
  0
VERTEX
  5
64E
  8
TEXT
 10
1.5696440619758816
 20
-22.324527654688332
 30
0.0
 70
0
  0
VERTEX
  5
64F
  8
TEXT
 10
1.6062526996006259
 20
-22.32823342633588
 30
0.0
 70
0
  0
VERTEX
  5
650
  8
TEXT
 10
1.6438392001744815
 20
-22.329251104044697
 30
0.0
 70
0
  0
VERTEX
  5
651
  8
TEXT
 10
1.6824035636974481
 20
-22.327580687814784
 30
0.0
 70
0
  0
VERTEX
  5
652
  8
TEXT
 10
1.7229245384772847
 20
-22.32296001428291
 30
0.0
 70
0
  0
VERTEX
  5
653
  8
TEXT
 10
1.7609392455103412
 20
-22.315546950848294
 30
0.0
 70
0
  0
VERTEX
  5
654
  8
TEXT
 10
1.7964476847966184
 20
-22.305341497510938
 30
0.0
 70
0
  0
VERTEX
  5
655
  8
TEXT
 10
1.829449856336116
 20
-22.292343654270844
 30
0.0
 70
0
  0
VERTEX
  5
656
  8
TEXT
 10
1.8599457601288338
 20
-22.27655342112801
 30
0.0
 70
0
  0
VERTEX
  5
657
  8
TEXT
 10
1.8879353961747722
 20
-22.25797079808244
 30
0.0
 70
0
  0
VERTEX
  5
658
  8
TEXT
 10
1.9134187644739313
 20
-22.236595785134124
 30
0.0
 70
0
  0
VERTEX
  5
659
  8
TEXT
 10
1.939099010767063
 20
-22.209229278057148
 30
0.0
 70
0
  0
VERTEX
  5
65A
  8
TEXT
 10
1.9596025359863303
 20
-22.1802625752588
 30
0.0
 70
0
  0
VERTEX
  5
65B
  8
TEXT
 10
1.9749293401317327
 20
-22.149695676739086
 30
0.0
 70
0
  0
VERTEX
  5
65C
  8
TEXT
 10
1.9850794232032707
 20
-22.117528582498
 30
0.0
 70
0
  0
VERTEX
  5
65D
  8
TEXT
 10
1.9900527852009442
 20
-22.08376129253555
 30
0.0
 70
0
  0
VERTEX
  5
65E
  8
TEXT
 10
1.9898494261247532
 20
-22.04839380685173
 30
0.0
 70
0
  0
VERTEX
  5
65F
  8
TEXT
 10
1.983348393425311
 20
-22.010867560103325
 30
0.0
 70
0
  0
VERTEX
  5
660
  8
TEXT
 10
1.96996331916
 20
-21.977549694434355
 30
0.0
 70
0
  0
VERTEX
  5
661
  8
TEXT
 10
1.9496942033288192
 20
-21.948440209844826
 30
0.0
 70
0
  0
VERTEX
  5
662
  8
TEXT
 10
1.9225410459317693
 20
-21.923539106334733
 30
0.0
 70
0
  0
VERTEX
  5
663
  8
TEXT
 10
1.896207621836834
 20
-21.906311937503173
 30
0.0
 70
0
  0
VERTEX
  5
664
  8
TEXT
 10
1.866159634640002
 20
-21.891105491761085
 30
0.0
 70
0
  0
VERTEX
  5
665
  8
TEXT
 10
1.832397084341274
 20
-21.877919769108473
 30
0.0
 70
0
  0
VERTEX
  5
666
  8
TEXT
 10
1.7949199709406498
 20
-21.866754769545334
 30
0.0
 70
0
  0
VERTEX
  5
667
  8
TEXT
 10
1.7537282944381294
 20
-21.85761049307167
 30
0.0
 70
0
  0
VERTEX
  5
668
  8
TEXT
 10
1.5052725615523612
 20
-21.80789280077989
 30
0.0
 70
0
  0
VERTEX
  5
669
  8
TEXT
 10
1.4633668121946335
 20
-21.798684372520743
 30
0.0
 70
0
  0
VERTEX
  5
66A
  8
TEXT
 10
1.4235792330163939
 20
-21.78782157148985
 30
0.0
 70
0
  0
VERTEX
  5
66B
  8
TEXT
 10
1.3859098240176424
 20
-21.775304397687215
 30
0.0
 70
0
  0
VERTEX
  5
66C
  8
TEXT
 10
1.350358585198379
 20
-21.761132851112837
 30
0.0
 70
0
  0
VERTEX
  5
66D
  8
TEXT
 10
1.3169255165586036
 20
-21.745306931766716
 30
0.0
 70
0
  0
VERTEX
  5
66E
  8
TEXT
 10
1.2856106180983162
 20
-21.727826639648853
 30
0.0
 70
0
  0
VERTEX
  5
66F
  8
TEXT
 10
1.2564138898175172
 20
-21.708691974759248
 30
0.0
 70
0
  0
VERTEX
  5
670
  8
TEXT
 10
1.229335331716206
 20
-21.687902937097896
 30
0.0
 70
0
  0
VERTEX
  5
671
  8
TEXT
 10
1.2043749437943827
 20
-21.6654595266648
 30
0.0
 70
0
  0
VERTEX
  5
672
  8
TEXT
 10
1.1789790626119954
 20
-21.638487511942675
 30
0.0
 70
0
  0
VERTEX
  5
673
  8
TEXT
 10
1.1565693504370107
 20
-21.609930310618967
 30
0.0
 70
0
  0
VERTEX
  5
674
  8
TEXT
 10
1.1371458072694287
 20
-21.579787922693676
 30
0.0
 70
0
  0
VERTEX
  5
675
  8
TEXT
 10
1.1207084331092496
 20
-21.548060348166807
 30
0.0
 70
0
  0
VERTEX
  5
676
  8
TEXT
 10
1.1072572279564734
 20
-21.514747587038354
 30
0.0
 70
0
  0
VERTEX
  5
677
  8
TEXT
 10
1.0967921918110997
 20
-21.47984963930832
 30
0.0
 70
0
  0
VERTEX
  5
678
  8
TEXT
 10
1.089313324673129
 20
-21.443366504976705
 30
0.0
 70
0
  0
VERTEX
  5
679
  8
TEXT
 10
1.084820626542561
 20
-21.405298184043506
 30
0.0
 70
0
  0
VERTEX
  5
67A
  8
TEXT
 10
1.0832996963548207
 20
-21.368905508156576
 30
0.0
 70
0
  0
VERTEX
  5
67B
  8
TEXT
 10
1.0844094424523076
 20
-21.333216932166007
 30
0.0
 70
0
  0
VERTEX
  5
67C
  8
TEXT
 10
1.0881498648350216
 20
-21.29823245607179
 30
0.0
 70
0
  0
VERTEX
  5
67D
  8
TEXT
 10
1.094520963502963
 20
-21.263952079873935
 30
0.0
 70
0
  0
VERTEX
  5
67E
  8
TEXT
 10
1.1035227384561315
 20
-21.230375803572436
 30
0.0
 70
0
  0
VERTEX
  5
67F
  8
TEXT
 10
1.1151551896945273
 20
-21.197503627167293
 30
0.0
 70
0
  0
VERTEX
  5
680
  8
TEXT
 10
1.1294183172181502
 20
-21.165335550658508
 30
0.0
 70
0
  0
VERTEX
  5
681
  8
TEXT
 10
1.1463121210270004
 20
-21.13387157404608
 30
0.0
 70
0
  0
VERTEX
  5
682
  8
TEXT
 10
1.1654870658486205
 20
-21.103441063319575
 30
0.0
 70
0
  0
VERTEX
  5
683
  8
TEXT
 10
1.1865936164105535
 20
-21.074373384468565
 30
0.0
 70
0
  0
VERTEX
  5
684
  8
TEXT
 10
1.209631772712799
 20
-21.046668537493044
 30
0.0
 70
0
  0
VERTEX
  5
685
  8
TEXT
 10
1.234601534755357
 20
-21.02032652239302
 30
0.0
 70
0
  0
VERTEX
  5
686
  8
TEXT
 10
1.2615029025382278
 20
-20.995347339168486
 30
0.0
 70
0
  0
VERTEX
  5
687
  8
TEXT
 10
1.2903358760614112
 20
-20.971730987819445
 30
0.0
 70
0
  0
VERTEX
  5
688
  8
TEXT
 10
1.3211004553249075
 20
-20.949477468345897
 30
0.0
 70
0
  0
VERTEX
  5
689
  8
TEXT
 10
1.3537966403287163
 20
-20.92858678074784
 30
0.0
 70
0
  0
VERTEX
  5
68A
  8
TEXT
 10
1.3841651501243746
 20
-20.91145817712807
 30
0.0
 70
0
  0
VERTEX
  5
68B
  8
TEXT
 10
1.4154271455131902
 20
-20.895999960331533
 30
0.0
 70
0
  0
VERTEX
  5
68C
  8
TEXT
 10
1.4475826264951628
 20
-20.88221213035823
 30
0.0
 70
0
  0
VERTEX
  5
68D
  8
TEXT
 10
1.4806315930702922
 20
-20.870094687208162
 30
0.0
 70
0
  0
VERTEX
  5
68E
  8
TEXT
 10
1.514574045238579
 20
-20.859647630881327
 30
0.0
 70
0
  0
VERTEX
  5
68F
  8
TEXT
 10
1.5494099830000225
 20
-20.850870961377723
 30
0.0
 70
0
  0
VERTEX
  5
690
  8
TEXT
 10
1.5851394063546231
 20
-20.843764678697354
 30
0.0
 70
0
  0
VERTEX
  5
691
  8
TEXT
 10
1.6217623153023808
 20
-20.838328782840218
 30
0.0
 70
0
  0
VERTEX
  5
692
  8
TEXT
 10
1.6592787098432953
 20
-20.834563273806317
 30
0.0
 70
0
  0
VERTEX
  5
693
  8
TEXT
 10
1.7001084473300054
 20
-20.832371327681994
 30
0.0
 70
0
  0
VERTEX
  5
694
  8
TEXT
 10
1.7400488230734734
 20
-20.83216730583414
 30
0.0
 70
0
  0
VERTEX
  5
695
  8
TEXT
 10
1.7790998370736995
 20
-20.83395120826276
 30
0.0
 70
0
  0
VERTEX
  5
696
  8
TEXT
 10
1.8172614893306833
 20
-20.837723034967848
 30
0.0
 70
0
  0
VERTEX
  5
697
  8
TEXT
 10
1.8545337798444257
 20
-20.84348278594941
 30
0.0
 70
0
  0
VERTEX
  5
698
  8
TEXT
 10
1.8909167086149257
 20
-20.851230461207443
 30
0.0
 70
0
  0
VERTEX
  5
699
  8
TEXT
 10
1.926410275642184
 20
-20.860966060741944
 30
0.0
 70
0
  0
VERTEX
  5
69A
  8
TEXT
 10
1.9610144809262002
 20
-20.872689584552916
 30
0.0
 70
0
  0
VERTEX
  5
69B
  8
TEXT
 10
1.9947293244669746
 20
-20.88640103264036
 30
0.0
 70
0
  0
VERTEX
  5
69C
  8
TEXT
 10
2.0275548062645066
 20
-20.902100405004276
 30
0.0
 70
0
  0
VERTEX
  5
69D
  8
TEXT
 10
2.059490926318797
 20
-20.919787701644662
 30
0.0
 70
0
  0
VERTEX
  5
69E
  8
TEXT
 10
2.090101723308833
 20
-20.939202284779174
 30
0.0
 70
0
  0
VERTEX
  5
69F
  8
TEXT
 10
2.1189512359136025
 20
-20.96008351662547
 30
0.0
 70
0
  0
VERTEX
  5
6A0
  8
TEXT
 10
2.1460394641331058
 20
-20.982431397183547
 30
0.0
 70
0
  0
VERTEX
  5
6A1
  8
TEXT
 10
2.171366407967343
 20
-21.006245926453403
 30
0.0
 70
0
  0
VERTEX
  5
6A2
  8
TEXT
 10
2.1949320674163135
 20
-21.031527104435042
 30
0.0
 70
0
  0
VERTEX
  5
6A3
  8
TEXT
 10
2.216736442480018
 20
-21.058274931128462
 30
0.0
 70
0
  0
VERTEX
  5
6A4
  8
TEXT
 10
2.236779533158456
 20
-21.086489406533666
 30
0.0
 70
0
  0
VERTEX
  5
6A5
  8
TEXT
 10
2.2550613394516272
 20
-21.11617053065065
 30
0.0
 70
0
  0
VERTEX
  5
6A6
  8
TEXT
 10
2.271581861359532
 20
-21.147318303479413
 30
0.0
 70
0
  0
VERTEX
  5
6A7
  8
TEXT
 10
2.2863410988821706
 20
-21.17993272501996
 30
0.0
 70
0
  0
VERTEX
  5
6A8
  8
TEXT
 10
2.299339052019543
 20
-21.214013795272287
 30
0.0
 70
0
  0
VERTEX
  5
6A9
  8
TEXT
 10
2.0658437239897065
 20
-21.328026318643055
 30
0.0
 70
0
  0
VERTEX
  5
6AA
  8
TEXT
 10
2.0497677174158118
 20
-21.29270245019292
 30
0.0
 70
0
  0
VERTEX
  5
6AB
  8
TEXT
 10
2.0315287694119606
 20
-21.2600574370296
 30
0.0
 70
0
  0
VERTEX
  5
6AC
  8
TEXT
 10
2.0111268799781534
 20
-21.230091279153104
 30
0.0
 70
0
  0
VERTEX
  5
6AD
  8
TEXT
 10
1.9885620491143907
 20
-21.202803976563423
 30
0.0
 70
0
  0
VERTEX
  5
6AE
  8
TEXT
 10
1.9638342768206718
 20
-21.178195529260563
 30
0.0
 70
0
  0
VERTEX
  5
6AF
  8
TEXT
 10
1.9369435630969964
 20
-21.156265937244523
 30
0.0
 70
0
  0
VERTEX
  5
6B0
  8
TEXT
 10
1.9078899079433653
 20
-21.1370152005153
 30
0.0
 70
0
  0
VERTEX
  5
6B1
  8
TEXT
 10
1.8771118807870724
 20
-21.1205990440286
 30
0.0
 70
0
  0
VERTEX
  5
6B2
  8
TEXT
 10
1.8450480510554117
 20
-21.10717319274012
 30
0.0
 70
0
  0
VERTEX
  5
6B3
  8
TEXT
 10
1.8116984187483842
 20
-21.096737646649864
 30
0.0
 70
0
  0
VERTEX
  5
6B4
  8
TEXT
 10
1.7770629838659895
 20
-21.089292405757828
 30
0.0
 70
0
  0
VERTEX
  5
6B5
  8
TEXT
 10
1.7411417464082275
 20
-21.08483747006401
 30
0.0
 70
0
  0
VERTEX
  5
6B6
  8
TEXT
 10
1.7039347063750983
 20
-21.083372839568415
 30
0.0
 70
0
  0
VERTEX
  5
6B7
  8
TEXT
 10
1.6654418637666015
 20
-21.084898514271046
 30
0.0
 70
0
  0
VERTEX
  5
6B8
  8
TEXT
 10
1.6274408364089856
 20
-21.089214090129225
 30
0.0
 70
0
  0
VERTEX
  5
6B9
  8
TEXT
 10
1.591709242128498
 20
-21.096119163100287
 30
0.0
 70
0
  0
VERTEX
  5
6BA
  8
TEXT
 10
1.5582470809251385
 20
-21.10561373318423
 30
0.0
 70
0
  0
VERTEX
  5
6BB
  8
TEXT
 10
1.5270543527989076
 20
-21.11769780038106
 30
0.0
 70
0
  0
VERTEX
  5
6BC
  8
TEXT
 10
1.498131057749805
 20
-21.13237136469077
 30
0.0
 70
0
  0
VERTEX
  5
6BD
  8
TEXT
 10
1.4714771957778305
 20
-21.149634426113362
 30
0.0
 70
0
  0
VERTEX
  5
6BE
  8
TEXT
 10
1.4470927668829845
 20
-21.16948698464884
 30
0.0
 70
0
  0
VERTEX
  5
6BF
  8
TEXT
 10
1.422454534659761
 20
-21.195031317467055
 30
0.0
 70
0
  0
VERTEX
  5
6C0
  8
TEXT
 10
1.402789166821415
 20
-21.222320599373898
 30
0.0
 70
0
  0
VERTEX
  5
6C1
  8
TEXT
 10
1.3880966633679463
 20
-21.251354830369362
 30
0.0
 70
0
  0
VERTEX
  5
6C2
  8
TEXT
 10
1.378377024299355
 20
-21.282134010453454
 30
0.0
 70
0
  0
VERTEX
  5
6C3
  8
TEXT
 10
1.373630249615641
 20
-21.314658139626168
 30
0.0
 70
0
  0
VERTEX
  5
6C4
  8
TEXT
 10
1.3738563393168044
 20
-21.348927217887507
 30
0.0
 70
0
  0
VERTEX
  5
6C5
  8
TEXT
 10
1.3799688980960747
 20
-21.386435068589854
 30
0.0
 70
0
  0
VERTEX
  5
6C6
  8
TEXT
 10
1.3921885506008707
 20
-21.419697746120633
 30
0.0
 70
0
  0
VERTEX
  5
6C7
  8
TEXT
 10
1.4105152968311927
 20
-21.448715250479847
 30
0.0
 70
0
  0
VERTEX
  5
6C8
  8
TEXT
 10
1.43494913678704
 20
-21.473487581667495
 30
0.0
 70
0
  0
VERTEX
  5
6C9
  8
TEXT
 10
1.458801079656048
 20
-21.49065857764858
 30
0.0
 70
0
  0
VERTEX
  5
6CA
  8
TEXT
 10
1.4863770893532944
 20
-21.505931974228858
 30
0.0
 70
0
  0
VERTEX
  5
6CB
  8
TEXT
 10
1.5176771658787795
 20
-21.51930777140832
 30
0.0
 70
0
  0
VERTEX
  5
6CC
  8
TEXT
 10
1.5527013092325035
 20
-21.530785969186972
 30
0.0
 70
0
  0
VERTEX
  5
6CD
  8
TEXT
 10
1.5914495194144662
 20
-21.54036656756481
 30
0.0
 70
0
  0
VERTEX
  5
6CE
  8
TEXT
 10
1.860803826052446
 20
-21.600082750138007
 30
0.0
 70
0
  0
VERTEX
  5
6CF
  8
TEXT
 10
1.9021401380215228
 20
-21.61014746785225
 30
0.0
 70
0
  0
VERTEX
  5
6D0
  8
TEXT
 10
1.9414554498197427
 20
-21.621763489057653
 30
0.0
 70
0
  0
VERTEX
  5
6D1
  8
TEXT
 10
1.9787497614471055
 20
-21.634930813754213
 30
0.0
 70
0
  0
VERTEX
  5
6D2
  8
TEXT
 10
2.0140230729036106
 20
-21.649649441941932
 30
0.0
 70
0
  0
VERTEX
  5
6D3
  8
TEXT
 10
2.0472753841892595
 20
-21.665919373620806
 30
0.0
 70
0
  0
VERTEX
  5
6D4
  8
TEXT
 10
2.0785066953040507
 20
-21.683740608790842
 30
0.0
 70
0
  0
VERTEX
  5
6D5
  8
TEXT
 10
2.1077170062479853
 20
-21.703113147452033
 30
0.0
 70
0
  0
VERTEX
  5
6D6
  8
TEXT
 10
2.1349063170210627
 20
-21.72403698960438
 30
0.0
 70
0
  0
VERTEX
  5
6D7
  8
TEXT
 10
2.160074627623283
 20
-21.746512135247887
 30
0.0
 70
0
  0
VERTEX
  5
6D8
  8
TEXT
 10
2.1857419723526665
 20
-21.773475291556533
 30
0.0
 70
0
  0
VERTEX
  5
6D9
  8
TEXT
 10
2.208388932878036
 20
-21.802050466357027
 30
0.0
 70
0
  0
VERTEX
  5
6DA
  8
TEXT
 10
2.228015509199391
 20
-21.832237659649376
 30
0.0
 70
0
  0
VERTEX
  5
6DB
  8
TEXT
 10
2.244621701316732
 20
-21.864036871433573
 30
0.0
 70
0
  0
VERTEX
  5
6DC
  8
TEXT
 10
2.2582075092300586
 20
-21.897448101709617
 30
0.0
 70
0
  0
VERTEX
  5
6DD
  8
TEXT
 10
2.2687729329393713
 20
-21.932471350477513
 30
0.0
 70
0
  0
VERTEX
  5
6DE
  8
TEXT
 10
2.2763179724446694
 20
-21.96910661773726
 30
0.0
 70
0
  0
VERTEX
  5
6DF
  8
TEXT
 10
2.2808426277459533
 20
-22.00735390348886
 30
0.0
 70
0
  0
VERTEX
  5
6E0
  8
TEXT
 10
2.2823162871414295
 20
-22.04336922189499
 30
0.0
 70
0
  0
VERTEX
  5
6E1
  8
TEXT
 10
2.281124126956792
 20
-22.07869524849732
 30
0.0
 70
0
  0
VERTEX
  5
6E2
  8
TEXT
 10
2.2772661471920395
 20
-22.113331983295833
 30
0.0
 70
0
  0
VERTEX
  5
6E3
  8
TEXT
 10
2.2707423478471727
 20
-22.147279426290538
 30
0.0
 70
0
  0
VERTEX
  5
6E4
  8
TEXT
 10
2.261552728922192
 20
-22.180537577481434
 30
0.0
 70
0
  0
VERTEX
  5
6E5
  8
TEXT
 10
2.2496972904170964
 20
-22.213106436868518
 30
0.0
 70
0
  0
VERTEX
  5
6E6
  8
TEXT
 10
2.235176032331887
 20
-22.244986004451796
 30
0.0
 70
0
  0
VERTEX
  5
6E7
  8
TEXT
 10
2.217988954666563
 20
-22.276176280231265
 30
0.0
 70
0
  0
VERTEX
  5
6E8
  8
TEXT
 10
2.198443509401559
 20
-22.30635114656132
 30
0.0
 70
0
  0
VERTEX
  5
6E9
  8
TEXT
 10
2.1768471485173086
 20
-22.33518448579636
 30
0.0
 70
0
  0
VERTEX
  5
6EA
  8
TEXT
 10
2.153199872013812
 20
-22.362676297936385
 30
0.0
 70
0
  0
VERTEX
  5
6EB
  8
TEXT
 10
2.1275016798910698
 20
-22.388826582981395
 30
0.0
 70
0
  0
VERTEX
  5
6EC
  8
TEXT
 10
2.099752572149081
 20
-22.41363534093139
 30
0.0
 70
0
  0
VERTEX
  5
6ED
  8
TEXT
 10
2.069952548787846
 20
-22.43710257178637
 30
0.0
 70
0
  0
VERTEX
  5
6EE
  8
TEXT
 10
2.038101609807365
 20
-22.459228275546334
 30
0.0
 70
0
  0
VERTEX
  5
6EF
  8
TEXT
 10
2.004199755207638
 20
-22.480012452211284
 30
0.0
 70
0
  0
VERTEX
  5
6F0
  8
TEXT
 10
1.9726264933845936
 20
-22.497071581675865
 30
0.0
 70
0
  0
VERTEX
  5
6F1
  8
TEXT
 10
1.939999707754305
 20
-22.51249179119415
 30
0.0
 70
0
  0
VERTEX
  5
6F2
  8
TEXT
 10
1.9063193983167719
 20
-22.526273080766146
 30
0.0
 70
0
  0
VERTEX
  5
6F3
  8
TEXT
 10
1.8715855650719944
 20
-22.538415450391845
 30
0.0
 70
0
  0
VERTEX
  5
6F4
  8
TEXT
 10
1.8357982080199726
 20
-22.54891890007125
 30
0.0
 70
0
  0
VERTEX
  5
6F5
  8
TEXT
 10
1.7989573271607069
 20
-22.557783429804367
 30
0.0
 70
0
  0
VERTEX
  5
6F6
  8
TEXT
 10
1.7610629224941965
 20
-22.565009039591185
 30
0.0
 70
0
  0
VERTEX
  5
6F7
  8
TEXT
 10
1.7221149940204419
 20
-22.570595729431716
 30
0.0
 70
0
  0
SEQEND
  5
627
  8
TEXT
  0
POLYLINE
  5
6F8
  8
TEXT
 66
1
 10
0.0
 20
0.0
 30
0.0
 70
1
  0
VERTEX
  5
6FA
  8
TEXT
 10
3.576091624104185
 20
-22.352799772500124
 30
0.0
 70
0
  0
VERTEX
  5
6FB
  8
TEXT
 10
3.5354953547592345
 20
-22.358435013425318
 30
0.0
 70
0
  0
VERTEX
  5
6FC
  8
TEXT
 10
3.4954532492717245
 20
-22.362211108950277
 30
0.0
 70
0
  0
VERTEX
  5
6FD
  8
TEXT
 10
3.4559653076416548
 20
-22.364128059075004
 30
0.0
 70
0
  0
VERTEX
  5
6FE
  8
TEXT
 10
3.417031529869026
 20
-22.36418586379949
 30
0.0
 70
0
  0
VERTEX
  5
6FF
  8
TEXT
 10
3.3786519159538377
 20
-22.362384523123744
 30
0.0
 70
0
  0
VERTEX
  5
700
  8
TEXT
 10
3.34082646589609
 20
-22.35872403704776
 30
0.0
 70
0
  0
VERTEX
  5
701
  8
TEXT
 10
3.3035551796957825
 20
-22.353204405571546
 30
0.0
 70
0
  0
VERTEX
  5
702
  8
TEXT
 10
3.2668380573529157
 20
-22.345825628695092
 30
0.0
 70
0
  0
VERTEX
  5
703
  8
TEXT
 10
3.2306750988674895
 20
-22.336587706418406
 30
0.0
 70
0
  0
VERTEX
  5
704
  8
TEXT
 10
3.1950663042395036
 20
-22.32549063874148
 30
0.0
 70
0
  0
VERTEX
  5
705
  8
TEXT
 10
3.1600116734689583
 20
-22.312534425664325
 30
0.0
 70
0
  0
VERTEX
  5
706
  8
TEXT
 10
3.1257648989918247
 20
-22.29791089377796
 30
0.0
 70
0
  0
VERTEX
  5
707
  8
TEXT
 10
3.092579673244074
 20
-22.28181186967342
 30
0.0
 70
0
  0
VERTEX
  5
708
  8
TEXT
 10
3.060455996225706
 20
-22.2642373533507
 30
0.0
 70
0
  0
VERTEX
  5
709
  8
TEXT
 10
3.029393867936721
 20
-22.245187344809803
 30
0.0
 70
0
  0
VERTEX
  5
70A
  8
TEXT
 10
2.999393288377119
 20
-22.224661844050733
 30
0.0
 70
0
  0
VERTEX
  5
70B
  8
TEXT
 10
2.9704542575468995
 20
-22.20266085107348
 30
0.0
 70
0
  0
VERTEX
  5
70C
  8
TEXT
 10
2.942576775446063
 20
-22.179184365878054
 30
0.0
 70
0
  0
VERTEX
  5
70D
  8
TEXT
 10
2.9157608420746097
 20
-22.15423238846445
 30
0.0
 70
0
  0
VERTEX
  5
70E
  8
TEXT
 10
2.890006457432539
 20
-22.12780491883267
 30
0.0
 70
0
  0
VERTEX
  5
70F
  8
TEXT
 10
2.865313621519851
 20
-22.099901956982713
 30
0.0
 70
0
  0
VERTEX
  5
710
  8
TEXT
 10
2.841682334336546
 20
-22.070523502914575
 30
0.0
 70
0
  0
VERTEX
  5
711
  8
TEXT
 10
2.82113248634831
 20
-22.04246907879548
 30
0.0
 70
0
  0
VERTEX
  5
712
  8
TEXT
 10
2.801833882551061
 20
-22.01351884009644
 30
0.0
 70
0
  0
VERTEX
  5
713
  8
TEXT
 10
2.7837865229447987
 20
-21.98367278681746
 30
0.0
 70
0
  0
VERTEX
  5
714
  8
TEXT
 10
2.766990407529523
 20
-21.952930918958533
 30
0.0
 70
0
  0
VERTEX
  5
715
  8
TEXT
 10
2.751445536305234
 20
-21.92129323651966
 30
0.0
 70
0
  0
VERTEX
  5
716
  8
TEXT
 10
2.7371519092719314
 20
-21.888759739500845
 30
0.0
 70
0
  0
VERTEX
  5
717
  8
TEXT
 10
2.724109526429616
 20
-21.855330427902082
 30
0.0
 70
0
  0
VERTEX
  5
718
  8
TEXT
 10
2.7123183877782866
 20
-21.82100530172338
 30
0.0
 70
0
  0
VERTEX
  5
719
  8
TEXT
 10
2.701778493317944
 20
-21.785784360964726
 30
0.0
 70
0
  0
VERTEX
  5
71A
  8
TEXT
 10
2.6924898430485884
 20
-21.749667605626133
 30
0.0
 70
0
  0
VERTEX
  5
71B
  8
TEXT
 10
2.6844524369702194
 20
-21.71265503570759
 30
0.0
 70
0
  0
VERTEX
  5
71C
  8
TEXT
 10
2.677666275082837
 20
-21.67474665120911
 30
0.0
 70
0
  0
VERTEX
  5
71D
  8
TEXT
 10
2.672212988199761
 20
-21.636486522213648
 30
0.0
 70
0
  0
VERTEX
  5
71E
  8
TEXT
 10
2.668190526445019
 20
-21.59852032487514
 30
0.0
 70
0
  0
VERTEX
  5
71F
  8
TEXT
 10
2.665598889818611
 20
-21.560848059193585
 30
0.0
 70
0
  0
VERTEX
  5
720
  8
TEXT
 10
2.664438078320537
 20
-21.523469725168983
 30
0.0
 70
0
  0
VERTEX
  5
721
  8
TEXT
 10
2.6647080919507964
 20
-21.486385322801333
 30
0.0
 70
0
  0
VERTEX
  5
722
  8
TEXT
 10
2.6664089307093892
 20
-21.449594852090634
 30
0.0
 70
0
  0
VERTEX
  5
723
  8
TEXT
 10
2.669540594596316
 20
-21.41309831303689
 30
0.0
 70
0
  0
VERTEX
  5
724
  8
TEXT
 10
2.674103083611577
 20
-21.3768957056401
 30
0.0
 70
0
  0
VERTEX
  5
725
  8
TEXT
 10
2.6800963977551713
 20
-21.34098702990026
 30
0.0
 70
0
  0
VERTEX
  5
726
  8
TEXT
 10
2.6875205370270994
 20
-21.305372285817374
 30
0.0
 70
0
  0
VERTEX
  5
727
  8
TEXT
 10
2.697295985486646
 20
-21.266372115389203
 30
0.0
 70
0
  0
VERTEX
  5
728
  8
TEXT
 10
2.708534437896186
 20
-21.228188889114495
 30
0.0
 70
0
  0
VERTEX
  5
729
  8
TEXT
 10
2.7212358942557198
 20
-21.190822606993247
 30
0.0
 70
0
  0
VERTEX
  5
72A
  8
TEXT
 10
2.7354003545652463
 20
-21.154273269025463
 30
0.0
 70
0
  0
VERTEX
  5
72B
  8
TEXT
 10
2.7510278188247668
 20
-21.11854087521114
 30
0.0
 70
0
  0
VERTEX
  5
72C
  8
TEXT
 10
2.76811828703428
 20
-21.083625425550274
 30
0.0
 70
0
  0
VERTEX
  5
72D
  8
TEXT
 10
2.7866717591937866
 20
-21.049526920042872
 30
0.0
 70
0
  0
VERTEX
  5
72E
  8
TEXT
 10
2.806688235303287
 20
-21.01624535868893
 30
0.0
 70
0
  0
VERTEX
  5
72F
  8
TEXT
 10
2.82816771536278
 20
-20.98378074148845
 30
0.0
 70
0
  0
VERTEX
  5
730
  8
TEXT
 10
2.8509836777734288
 20
-20.952336752142816
 30
0.0
 70
0
  0
VERTEX
  5
731
  8
TEXT
 10
2.8750096009363943
 20
-20.922117074353412
 30
0.0
 70
0
  0
VERTEX
  5
732
  8
TEXT
 10
2.900245484851676
 20
-20.89312170812024
 30
0.0
 70
0
  0
VERTEX
  5
733
  8
TEXT
 10
2.9266913295192754
 20
-20.8653506534433
 30
0.0
 70
0
  0
VERTEX
  5
734
  8
TEXT
 10
2.9543471349391908
 20
-20.838803910322593
 30
0.0
 70
0
  0
VERTEX
  5
735
  8
TEXT
 10
2.9832129011114237
 20
-20.813481478758113
 30
0.0
 70
0
  0
VERTEX
  5
736
  8
TEXT
 10
3.0132886280359727
 20
-20.789383358749866
 30
0.0
 70
0
  0
VERTEX
  5
737
  8
TEXT
 10
3.044574315712839
 20
-20.76650955029785
 30
0.0
 70
0
  0
VERTEX
  5
738
  8
TEXT
 10
3.0770699641420216
 20
-20.744860053402068
 30
0.0
 70
0
  0
VERTEX
  5
739
  8
TEXT
 10
3.107207531503241
 20
-20.72657815520543
 30
0.0
 70
0
  0
VERTEX
  5
73A
  8
TEXT
 10
3.138039101737285
 20
-20.709599674627327
 30
0.0
 70
0
  0
VERTEX
  5
73B
  8
TEXT
 10
3.169564674844153
 20
-20.693924611667757
 30
0.0
 70
0
  0
VERTEX
  5
73C
  8
TEXT
 10
3.201784250823845
 20
-20.679552966326717
 30
0.0
 70
0
  0
VERTEX
  5
73D
  8
TEXT
 10
3.2346978296763624
 20
-20.666484738604215
 30
0.0
 70
0
  0
VERTEX
  5
73E
  8
TEXT
 10
3.2683054114017036
 20
-20.65471992850024
 30
0.0
 70
0
  0
VERTEX
  5
73F
  8
TEXT
 10
3.3026069959998696
 20
-20.6442585360148
 30
0.0
 70
0
  0
VERTEX
  5
740
  8
TEXT
 10
3.33760258347086
 20
-20.63510056114789
 30
0.0
 70
0
  0
VERTEX
  5
741
  8
TEXT
 10
3.3732921738146744
 20
-20.627246003899515
 30
0.0
 70
0
  0
VERTEX
  5
742
  8
TEXT
 10
3.409675767031313
 20
-20.620694864269673
 30
0.0
 70
0
  0
VERTEX
  5
743
  8
TEXT
 10
3.4509141634672993
 20
-20.614975264466477
 30
0.0
 70
0
  0
VERTEX
  5
744
  8
TEXT
 10
3.49156638976317
 20
-20.611157501559855
 30
0.0
 70
0
  0
VERTEX
  5
745
  8
TEXT
 10
3.5316324459189254
 20
-20.60924157554981
 30
0.0
 70
0
  0
VERTEX
  5
746
  8
TEXT
 10
3.5711123319345655
 20
-20.60922748643634
 30
0.0
 70
0
  0
VERTEX
  5
747
  8
TEXT
 10
3.610006047810091
 20
-20.611115234219444
 30
0.0
 70
0
  0
VERTEX
  5
748
  8
TEXT
 10
3.6483135935455007
 20
-20.61490481889912
 30
0.0
 70
0
  0
VERTEX
  5
749
  8
TEXT
 10
3.6860349691407954
 20
-20.620596240475376
 30
0.0
 70
0
  0
VERTEX
  5
74A
  8
TEXT
 10
3.7231701745959747
 20
-20.628189498948203
 30
0.0
 70
0
  0
VERTEX
  5
74B
  8
TEXT
 10
3.759520001324067
 20
-20.637508949842235
 30
0.0
 70
0
  0
VERTEX
  5
74C
  8
TEXT
 10
3.7948852407380986
 20
-20.64837894868211
 30
0.0
 70
0
  0
VERTEX
  5
74D
  8
TEXT
 10
3.8292658928380705
 20
-20.660799495467828
 30
0.0
 70
0
  0
VERTEX
  5
74E
  8
TEXT
 10
3.8626619576239825
 20
-20.67477059019938
 30
0.0
 70
0
  0
VERTEX
  5
74F
  8
TEXT
 10
3.8950734350958345
 20
-20.690292232876775
 30
0.0
 70
0
  0
VERTEX
  5
750
  8
TEXT
 10
3.926500325253626
 20
-20.707364423500007
 30
0.0
 70
0
  0
VERTEX
  5
751
  8
TEXT
 10
3.956942628097358
 20
-20.72598716206908
 30
0.0
 70
0
  0
VERTEX
  5
752
  8
TEXT
 10
3.9864003436270297
 20
-20.746160448583993
 30
0.0
 70
0
  0
VERTEX
  5
753
  8
TEXT
 10
4.0145787913410915
 20
-20.7677606150171
 30
0.0
 70
0
  0
VERTEX
  5
754
  8
TEXT
 10
4.041183290737993
 20
-20.790663993340758
 30
0.0
 70
0
  0
VERTEX
  5
755
  8
TEXT
 10
4.066213841817734
 20
-20.814870583554963
 30
0.0
 70
0
  0
VERTEX
  5
756
  8
TEXT
 10
4.089670444580315
 20
-20.840380385659717
 30
0.0
 70
0
  0
VERTEX
  5
757
  8
TEXT
 10
4.111553099025736
 20
-20.867193399655022
 30
0.0
 70
0
  0
VERTEX
  5
758
  8
TEXT
 10
4.131861805153997
 20
-20.895309625540875
 30
0.0
 70
0
  0
VERTEX
  5
759
  8
TEXT
 10
4.150596562965097
 20
-20.92472906331728
 30
0.0
 70
0
  0
VERTEX
  5
75A
  8
TEXT
 10
4.167757372459037
 20
-20.95545171298423
 30
0.0
 70
0
  0
VERTEX
  5
75B
  8
TEXT
 10
3.9271435108795707
 20
-21.112134830652426
 30
0.0
 70
0
  0
VERTEX
  5
75C
  8
TEXT
 10
3.9065306642915467
 20
-21.078553899526867
 30
0.0
 70
0
  0
VERTEX
  5
75D
  8
TEXT
 10
3.8835800926126818
 20
-21.04750211243522
 30
0.0
 70
0
  0
VERTEX
  5
75E
  8
TEXT
 10
3.8582917958429768
 20
-21.01897946937749
 30
0.0
 70
0
  0
VERTEX
  5
75F
  8
TEXT
 10
3.8306657739824312
 20
-20.992985970353676
 30
0.0
 70
0
  0
VERTEX
  5
760
  8
TEXT
 10
3.800702027031045
 20
-20.969521615363774
 30
0.0
 70
0
  0
VERTEX
  5
761
  8
TEXT
 10
3.768400554988819
 20
-20.94858640440779
 30
0.0
 70
0
  0
VERTEX
  5
762
  8
TEXT
 10
3.733761357855752
 20
-20.93018033748572
 30
0.0
 70
0
  0
VERTEX
  5
763
  8
TEXT
 10
3.701982352689671
 20
-20.916505263629514
 30
0.0
 70
0
  0
VERTEX
  5
764
  8
TEXT
 10
3.669309441628779
 20
-20.905477658144836
 30
0.0
 70
0
  0
VERTEX
  5
765
  8
TEXT
 10
3.6357426246730773
 20
-20.89709752103169
 30
0.0
 70
0
  0
VERTEX
  5
766
  8
TEXT
 10
3.6012819018225644
 20
-20.891364852290074
 30
0.0
 70
0
  0
VERTEX
  5
767
  8
TEXT
 10
3.5659272730772416
 20
-20.88827965191999
 30
0.0
 70
0
  0
VERTEX
  5
768
  8
TEXT
 10
3.529678738437108
 20
-20.88784191992144
 30
0.0
 70
0
  0
VERTEX
  5
769
  8
TEXT
 10
3.492536297902164
 20
-20.890051656294414
 30
0.0
 70
0
  0
VERTEX
  5
76A
  8
TEXT
 10
3.45449995147241
 20
-20.89490886103892
 30
0.0
 70
0
  0
VERTEX
  5
76B
  8
TEXT
 10
3.417558355733924
 20
-20.901976134532678
 30
0.0
 70
0
  0
VERTEX
  5
76C
  8
TEXT
 10
3.381922061030937
 20
-20.911101665090772
 30
0.0
 70
0
  0
VERTEX
  5
76D
  8
TEXT
 10
3.3475910673634486
 20
-20.922285452713204
 30
0.0
 70
0
  0
VERTEX
  5
76E
  8
TEXT
 10
3.314565374731459
 20
-20.935527497399974
 30
0.0
 70
0
  0
VERTEX
  5
76F
  8
TEXT
 10
3.282844983134968
 20
-20.95082779915108
 30
0.0
 70
0
  0
VERTEX
  5
770
  8
TEXT
 10
3.2524298925739754
 20
-20.968186357966527
 30
0.0
 70
0
  0
VERTEX
  5
771
  8
TEXT
 10
3.2233201030484815
 20
-20.98760317384631
 30
0.0
 70
0
  0
VERTEX
  5
772
  8
TEXT
 10
3.1955156145584867
 20
-21.009078246790434
 30
0.0
 70
0
  0
VERTEX
  5
773
  8
TEXT
 10
3.16901642710399
 20
-21.032611576798892
 30
0.0
 70
0
  0
VERTEX
  5
774
  8
TEXT
 10
3.1439865498579067
 20
-21.057752192553664
 30
0.0
 70
0
  0
VERTEX
  5
775
  8
TEXT
 10
3.1205899919931523
 20
-21.084049122736722
 30
0.0
 70
0
  0
VERTEX
  5
776
  8
TEXT
 10
3.0988267535097265
 20
-21.111502367348066
 30
0.0
 70
0
  0
VERTEX
  5
777
  8
TEXT
 10
3.078696834407629
 20
-21.140111926387693
 30
0.0
 70
0
  0
VERTEX
  5
778
  8
TEXT
 10
3.0602002346868598
 20
-21.16987779985561
 30
0.0
 70
0
  0
VERTEX
  5
779
  8
TEXT
 10
3.043336954347419
 20
-21.200799987751807
 30
0.0
 70
0
  0
VERTEX
  5
77A
  8
TEXT
 10
3.028106993389307
 20
-21.232878490076292
 30
0.0
 70
0
  0
VERTEX
  5
77B
  8
TEXT
 10
3.0145103518125227
 20
-21.266113306829062
 30
0.0
 70
0
  0
VERTEX
  5
77C
  8
TEXT
 10
3.0025470296170678
 20
-21.30050443801012
 30
0.0
 70
0
  0
VERTEX
  5
77D
  8
TEXT
 10
2.9923535675908983
 20
-21.335610149428064
 30
0.0
 70
0
  0
VERTEX
  5
77E
  8
TEXT
 10
2.984066506521974
 20
-21.3709887068915
 30
0.0
 70
0
  0
VERTEX
  5
77F
  8
TEXT
 10
2.977685846410294
 20
-21.406640110400428
 30
0.0
 70
0
  0
VERTEX
  5
780
  8
TEXT
 10
2.973211587255858
 20
-21.44256435995485
 30
0.0
 70
0
  0
VERTEX
  5
781
  8
TEXT
 10
2.9706437290586667
 20
-21.478761455554764
 30
0.0
 70
0
  0
VERTEX
  5
782
  8
TEXT
 10
2.9699822718187194
 20
-21.51523139720017
 30
0.0
 70
0
  0
VERTEX
  5
783
  8
TEXT
 10
2.9712272155360173
 20
-21.55197418489107
 30
0.0
 70
0
  0
VERTEX
  5
784
  8
TEXT
 10
2.9743785602105586
 20
-21.58898981862746
 30
0.0
 70
0
  0
VERTEX
  5
785
  8
TEXT
 10
2.979436305842345
 20
-21.626278298409346
 30
0.0
 70
0
  0
VERTEX
  5
786
  8
TEXT
 10
2.986493737365055
 20
-21.66405897160312
 30
0.0
 70
0
  0
VERTEX
  5
787
  8
TEXT
 10
2.99530415407264
 20
-21.700434392430125
 30
0.0
 70
0
  0
VERTEX
  5
788
  8
TEXT
 10
3.005867555965099
 20
-21.735404560890355
 30
0.0
 70
0
  0
VERTEX
  5
789
  8
TEXT
 10
3.018183943042433
 20
-21.76896947698382
 30
0.0
 70
0
  0
VERTEX
  5
78A
  8
TEXT
 10
3.032253315304642
 20
-21.80112914071051
 30
0.0
 70
0
  0
VERTEX
  5
78B
  8
TEXT
 10
3.048075672751725
 20
-21.83188355207043
 30
0.0
 70
0
  0
VERTEX
  5
78C
  8
TEXT
 10
3.0656510153836827
 20
-21.86123271106358
 30
0.0
 70
0
  0
VERTEX
  5
78D
  8
TEXT
 10
3.084979343200515
 20
-21.88917661768996
 30
0.0
 70
0
  0
VERTEX
  5
78E
  8
TEXT
 10
3.1088907591308184
 20
-21.91910891529046
 30
0.0
 70
0
  0
VERTEX
  5
78F
  8
TEXT
 10
3.1344425602719697
 20
-21.946640024222273
 30
0.0
 70
0
  0
VERTEX
  5
790
  8
TEXT
 10
3.1616347466239687
 20
-21.971769944485388
 30
0.0
 70
0
  0
VERTEX
  5
791
  8
TEXT
 10
3.1904673181868155
 20
-21.994498676079807
 30
0.0
 70
0
  0
VERTEX
  5
792
  8
TEXT
 10
3.22094027496051
 20
-22.01482621900553
 30
0.0
 70
0
  0
VERTEX
  5
793
  8
TEXT
 10
3.253053616945052
 20
-22.032752573262563
 30
0.0
 70
0
  0
VERTEX
  5
794
  8
TEXT
 10
3.286807344140442
 20
-22.048277738850903
 30
0.0
 70
0
  0
VERTEX
  5
795
  8
TEXT
 10
3.3217577050247984
 20
-22.06112201922052
 30
0.0
 70
0
  0
VERTEX
  5
796
  8
TEXT
 10
3.35746094807624
 20
-22.071005717821386
 30
0.0
 70
0
  0
VERTEX
  5
797
  8
TEXT
 10
3.3939170732947668
 20
-22.07792883465351
 30
0.0
 70
0
  0
VERTEX
  5
798
  8
TEXT
 10
3.4311260806803796
 20
-22.081891369716885
 30
0.0
 70
0
  0
VERTEX
  5
799
  8
TEXT
 10
3.4690879702330775
 20
-22.08289332301151
 30
0.0
 70
0
  0
VERTEX
  5
79A
  8
TEXT
 10
3.5078027419528603
 20
-22.08093469453739
 30
0.0
 70
0
  0
VERTEX
  5
79B
  8
TEXT
 10
3.547270395839729
 20
-22.076015484294523
 30
0.0
 70
0
  0
VERTEX
  5
79C
  8
TEXT
 10
3.586345876566909
 20
-22.068426414921376
 30
0.0
 70
0
  0
VERTEX
  5
79D
  8
TEXT
 10
3.6239385606313554
 20
-22.058449466568533
 30
0.0
 70
0
  0
VERTEX
  5
79E
  8
TEXT
 10
3.6600484480330695
 20
-22.046084639236003
 30
0.0
 70
0
  0
VERTEX
  5
79F
  8
TEXT
 10
3.69467553877205
 20
-22.031331932923777
 30
0.0
 70
0
  0
VERTEX
  5
7A0
  8
TEXT
 10
3.727819832848298
 20
-22.01419134763186
 30
0.0
 70
0
  0
VERTEX
  5
7A1
  8
TEXT
 10
3.7594813302618126
 20
-21.994662883360252
 30
0.0
 70
0
  0
VERTEX
  5
7A2
  8
TEXT
 10
3.7896600310125947
 20
-21.972746540108954
 30
0.0
 70
0
  0
VERTEX
  5
7A3
  8
TEXT
 10
3.818355935100643
 20
-21.94844231787796
 30
0.0
 70
0
  0
VERTEX
  5
7A4
  8
TEXT
 10
3.845286418032446
 20
-21.922271960740176
 30
0.0
 70
0
  0
VERTEX
  5
7A5
  8
TEXT
 10
3.87016885531449
 20
-21.894757212768504
 30
0.0
 70
0
  0
VERTEX
  5
7A6
  8
TEXT
 10
3.8930032469467744
 20
-21.865898073962942
 30
0.0
 70
0
  0
VERTEX
  5
7A7
  8
TEXT
 10
3.9137895929293
 20
-21.83569454432349
 30
0.0
 70
0
  0
VERTEX
  5
7A8
  8
TEXT
 10
3.9325278932620664
 20
-21.80414662385015
 30
0.0
 70
0
  0
VERTEX
  5
7A9
  8
TEXT
 10
3.949218147945074
 20
-21.771254312542922
 30
0.0
 70
0
  0
VERTEX
  5
7AA
  8
TEXT
 10
3.9638603569783224
 20
-21.737017610401804
 30
0.0
 70
0
  0
VERTEX
  5
7AB
  8
TEXT
 10
3.976454520361812
 20
-21.701436517426796
 30
0.0
 70
0
  0
VERTEX
  5
7AC
  8
TEXT
 10
4.245905598127463
 20
-21.79730230231384
 30
0.0
 70
0
  0
VERTEX
  5
7AD
  8
TEXT
 10
4.2345995246691395
 20
-21.831473419603203
 30
0.0
 70
0
  0
VERTEX
  5
7AE
  8
TEXT
 10
4.221644005369825
 20
-21.86495675872233
 30
0.0
 70
0
  0
VERTEX
  5
7AF
  8
TEXT
 10
4.207039040229519
 20
-21.89775231967122
 30
0.0
 70
0
  0
VERTEX
  5
7B0
  8
TEXT
 10
4.190784629248222
 20
-21.929860102449872
 30
0.0
 70
0
  0
VERTEX
  5
7B1
  8
TEXT
 10
4.172880772425934
 20
-21.96128010705829
 30
0.0
 70
0
  0
VERTEX
  5
7B2
  8
TEXT
 10
4.1533274697626545
 20
-21.992012333496472
 30
0.0
 70
0
  0
VERTEX
  5
7B3
  8
TEXT
 10
4.132124721258385
 20
-22.022056781764416
 30
0.0
 70
0
  0
VERTEX
  5
7B4
  8
TEXT
 10
4.109272526913123
 20
-22.051413451862125
 30
0.0
 70
0
  0
VERTEX
  5
7B5
  8
TEXT
 10
4.084941750154179
 20
-22.07985336779902
 30
0.0
 70
0
  0
VERTEX
  5
7B6
  8
TEXT
 10
4.059303254408862
 20
-22.107147553584532
 30
0.0
 70
0
  0
VERTEX
  5
7B7
  8
TEXT
 10
4.032357039677171
 20
-22.133296009218657
 30
0.0
 70
0
  0
VERTEX
  5
7B8
  8
TEXT
 10
4.004103105959107
 20
-22.158298734701397
 30
0.0
 70
0
  0
VERTEX
  5
7B9
  8
TEXT
 10
3.9745414532546697
 20
-22.182155730032747
 30
0.0
 70
0
  0
VERTEX
  5
7BA
  8
TEXT
 10
3.9436720815638586
 20
-22.204866995212715
 30
0.0
 70
0
  0
VERTEX
  5
7BB
  8
TEXT
 10
3.9114949908866743
 20
-22.226432530241294
 30
0.0
 70
0
  0
VERTEX
  5
7BC
  8
TEXT
 10
3.8780101812231162
 20
-22.24685233511849
 30
0.0
 70
0
  0
VERTEX
  5
7BD
  8
TEXT
 10
3.847309028344714
 20
-22.26384186085525
 30
0.0
 70
0
  0
VERTEX
  5
7BE
  8
TEXT
 10
3.8158965370992752
 20
-22.279526989529536
 30
0.0
 70
0
  0
VERTEX
  5
7BF
  8
TEXT
 10
3.7837727074868
 20
-22.29390772114134
 30
0.0
 70
0
  0
VERTEX
  5
7C0
  8
TEXT
 10
3.7509375395072886
 20
-22.306984055690666
 30
0.0
 70
0
  0
VERTEX
  5
7C1
  8
TEXT
 10
3.717391033160741
 20
-22.318755993177515
 30
0.0
 70
0
  0
VERTEX
  5
7C2
  8
TEXT
 10
3.6831331884471563
 20
-22.329223533601887
 30
0.0
 70
0
  0
VERTEX
  5
7C3
  8
TEXT
 10
3.6481640053665356
 20
-22.338386676963776
 30
0.0
 70
0
  0
VERTEX
  5
7C4
  8
TEXT
 10
3.6124834839188784
 20
-22.34624542326319
 30
0.0
 70
0
  0
SEQEND
  5
6F9
  8
TEXT
  0
POLYLINE
  5
7C5
  8
TEXT
 66
1
 10
0.0
 20
0.0
 30
0.0
 70
1
  0
VERTEX
  5
7C7
  8
TEXT
 10
5.334118399849916
 20
-22.000434674713553
 30
0.0
 70
0
  0
VERTEX
  5
7C8
  8
TEXT
 10
5.294565113019883
 20
-22.009276145911922
 30
0.0
 70
0
  0
VERTEX
  5
7C9
  8
TEXT
 10
5.255748311665267
 20
-22.015731713369426
 30
0.0
 70
0
  0
VERTEX
  5
7CA
  8
TEXT
 10
5.217667995786067
 20
-22.01980137708607
 30
0.0
 70
0
  0
VERTEX
  5
7CB
  8
TEXT
 10
5.180324165382286
 20
-22.021485137061845
 30
0.0
 70
0
  0
VERTEX
  5
7CC
  8
TEXT
 10
5.143716820453921
 20
-22.02078299329676
 30
0.0
 70
0
  0
VERTEX
  5
7CD
  8
TEXT
 10
5.107845961000973
 20
-22.017694945790808
 30
0.0
 70
0
  0
VERTEX
  5
7CE
  8
TEXT
 10
5.072711587023442
 20
-22.012220994543995
 30
0.0
 70
0
  0
VERTEX
  5
7CF
  8
TEXT
 10
5.038313698521328
 20
-22.00436113955632
 30
0.0
 70
0
  0
VERTEX
  5
7D0
  8
TEXT
 10
5.0046522954946315
 20
-21.99411538082778
 30
0.0
 70
0
  0
VERTEX
  5
7D1
  8
TEXT
 10
4.972014102070698
 20
-21.981608147893457
 30
0.0
 70
0
  0
VERTEX
  5
7D2
  8
TEXT
 10
4.940685842376876
 20
-21.966963870288446
 30
0.0
 70
0
  0
VERTEX
  5
7D3
  8
TEXT
 10
4.910667516413163
 20
-21.950182548012737
 30
0.0
 70
0
  0
VERTEX
  5
7D4
  8
TEXT
 10
4.881959124179561
 20
-21.931264181066336
 30
0.0
 70
0
  0
VERTEX
  5
7D5
  8
TEXT
 10
4.854560665676069
 20
-21.910208769449238
 30
0.0
 70
0
  0
VERTEX
  5
7D6
  8
TEXT
 10
4.8284721409026865
 20
-21.887016313161446
 30
0.0
 70
0
  0
VERTEX
  5
7D7
  8
TEXT
 10
4.803693549859415
 20
-21.86168681220296
 30
0.0
 70
0
  0
VERTEX
  5
7D8
  8
TEXT
 10
4.780224892546253
 20
-21.834220266573784
 30
0.0
 70
0
  0
VERTEX
  5
7D9
  8
TEXT
 10
4.758066168963202
 20
-21.80461667627391
 30
0.0
 70
0
  0
VERTEX
  5
7DA
  8
TEXT
 10
4.739430645900088
 20
-21.77625834845995
 30
0.0
 70
0
  0
VERTEX
  5
7DB
  8
TEXT
 10
4.722230838803136
 20
-21.74639316776147
 30
0.0
 70
0
  0
VERTEX
  5
7DC
  8
TEXT
 10
4.706466747672348
 20
-21.715021134178475
 30
0.0
 70
0
  0
VERTEX
  5
7DD
  8
TEXT
 10
4.692138372507723
 20
-21.682142247710956
 30
0.0
 70
0
  0
VERTEX
  5
7DE
  8
TEXT
 10
4.679245713309261
 20
-21.647756508358917
 30
0.0
 70
0
  0
VERTEX
  5
7DF
  8
TEXT
 10
4.667788770076964
 20
-21.611863916122356
 30
0.0
 70
0
  0
VERTEX
  5
7E0
  8
TEXT
 10
4.657767542810829
 20
-21.574464471001278
 30
0.0
 70
0
  0
VERTEX
  5
7E1
  8
TEXT
 10
4.649182031510857
 20
-21.535558172995678
 30
0.0
 70
0
  0
VERTEX
  5
7E2
  8
TEXT
 10
4.642032236177049
 20
-21.495145022105557
 30
0.0
 70
0
  0
VERTEX
  5
7E3
  8
TEXT
 10
4.636318156809404
 20
-21.453225018330915
 30
0.0
 70
0
  0
VERTEX
  5
7E4
  8
TEXT
 10
4.530210953246268
 20
-20.448513090247438
 30
0.0
 70
0
  0
VERTEX
  5
7E5
  8
TEXT
 10
4.811657736698845
 20
-20.377770407612395
 30
0.0
 70
0
  0
VERTEX
  5
7E6
  8
TEXT
 10
4.917781152465041
 20
-21.39521137629636
 30
0.0
 70
0
  0
VERTEX
  5
7E7
  8
TEXT
 10
4.924030221362798
 20
-21.43520012439802
 30
0.0
 70
0
  0
VERTEX
  5
7E8
  8
TEXT
 10
4.932688964310403
 20
-21.472814703800317
 30
0.0
 70
0
  0
VERTEX
  5
7E9
  8
TEXT
 10
4.943757381307856
 20
-21.50805511450325
 30
0.0
 70
0
  0
VERTEX
  5
7EA
  8
TEXT
 10
4.957235472355158
 20
-21.540921356506825
 30
0.0
 70
0
  0
VERTEX
  5
7EB
  8
TEXT
 10
4.973123237452309
 20
-21.571413429811034
 30
0.0
 70
0
  0
VERTEX
  5
7EC
  8
TEXT
 10
4.991420676599307
 20
-21.599531334415882
 30
0.0
 70
0
  0
VERTEX
  5
7ED
  8
TEXT
 10
5.016093718113172
 20
-21.6298100510057
 30
0.0
 70
0
  0
VERTEX
  5
7EE
  8
TEXT
 10
5.043307379842156
 20
-21.656012232162748
 30
0.0
 70
0
  0
VERTEX
  5
7EF
  8
TEXT
 10
5.073061661786257
 20
-21.678137877887032
 30
0.0
 70
0
  0
VERTEX
  5
7F0
  8
TEXT
 10
5.105356563945475
 20
-21.696186988178546
 30
0.0
 70
0
  0
VERTEX
  5
7F1
  8
TEXT
 10
5.140192086319811
 20
-21.710159563037298
 30
0.0
 70
0
  0
VERTEX
  5
7F2
  8
TEXT
 10
5.170933385000926
 20
-21.71848165583366
 30
0.0
 70
0
  0
VERTEX
  5
7F3
  8
TEXT
 10
5.202980893574449
 20
-21.7235574223188
 30
0.0
 70
0
  0
VERTEX
  5
7F4
  8
TEXT
 10
5.236334612040379
 20
-21.72538686249272
 30
0.0
 70
0
  0
VERTEX
  5
7F5
  8
TEXT
 10
5.270994540398716
 20
-21.723969976355413
 30
0.0
 70
0
  0
VERTEX
  5
7F6
  8
TEXT
 10
5.306960678649459
 20
-21.719306763906886
 30
0.0
 70
0
  0
VERTEX
  5
7F7
  8
TEXT
 10
5.34423302679261
 20
-21.711397225147138
 30
0.0
 70
0
  0
VERTEX
  5
7F8
  8
TEXT
 10
5.382208490807245
 20
-21.70030452555932
 30
0.0
 70
0
  0
VERTEX
  5
7F9
  8
TEXT
 10
5.418287900194055
 20
-21.686593551780028
 30
0.0
 70
0
  0
VERTEX
  5
7FA
  8
TEXT
 10
5.452471254953038
 20
-21.67026430380926
 30
0.0
 70
0
  0
VERTEX
  5
7FB
  8
TEXT
 10
5.484758555084196
 20
-21.651316781647022
 30
0.0
 70
0
  0
VERTEX
  5
7FC
  8
TEXT
 10
5.515149800587528
 20
-21.629750985293306
 30
0.0
 70
0
  0
VERTEX
  5
7FD
  8
TEXT
 10
5.543644991463034
 20
-21.605566914748117
 30
0.0
 70
0
  0
VERTEX
  5
7FE
  8
TEXT
 10
5.570057333295096
 20
-21.57907679471543
 30
0.0
 70
0
  0
VERTEX
  5
7FF
  8
TEXT
 10
5.594200031668095
 20
-21.550592849899225
 30
0.0
 70
0
  0
VERTEX
  5
800
  8
TEXT
 10
5.616073086582031
 20
-21.520115080299504
 30
0.0
 70
0
  0
VERTEX
  5
801
  8
TEXT
 10
5.635676498036906
 20
-21.487643485916266
 30
0.0
 70
0
  0
VERTEX
  5
802
  8
TEXT
 10
5.653010266032718
 20
-21.45317806674951
 30
0.0
 70
0
  0
VERTEX
  5
803
  8
TEXT
 10
5.668074390569466
 20
-21.416718822799236
 30
0.0
 70
0
  0
VERTEX
  5
804
  8
TEXT
 10
5.678851817133955
 20
-21.384126034323852
 30
0.0
 70
0
  0
VERTEX
  5
805
  8
TEXT
 10
5.687305292015047
 20
-21.3505582226269
 30
0.0
 70
0
  0
VERTEX
  5
806
  8
TEXT
 10
5.6934348152127425
 20
-21.31601538770838
 30
0.0
 70
0
  0
VERTEX
  5
807
  8
TEXT
 10
5.697240386727042
 20
-21.280497529568294
 30
0.0
 70
0
  0
VERTEX
  5
808
  8
TEXT
 10
5.698722006557945
 20
-21.24400464820664
 30
0.0
 70
0
  0
VERTEX
  5
809
  8
TEXT
 10
5.697879674705452
 20
-21.206536743623417
 30
0.0
 70
0
  0
VERTEX
  5
80A
  8
TEXT
 10
5.694713391169563
 20
-21.16809381581863
 30
0.0
 70
0
  0
VERTEX
  5
80B
  8
TEXT
 10
5.590127563269805
 20
-20.182099157770793
 30
0.0
 70
0
  0
VERTEX
  5
80C
  8
TEXT
 10
5.868580232004803
 20
-20.11210905686591
 30
0.0
 70
0
  0
VERTEX
  5
80D
  8
TEXT
 10
6.049663180742504
 20
-21.782380519403862
 30
0.0
 70
0
  0
VERTEX
  5
80E
  8
TEXT
 10
5.777198741442668
 20
-21.850865456848425
 30
0.0
 70
0
  0
VERTEX
  5
80F
  8
TEXT
 10
5.754491591913393
 20
-21.659209690517145
 30
0.0
 70
0
  0
VERTEX
  5
810
  8
TEXT
 10
5.738748053314693
 20
-21.69296591423627
 30
0.0
 70
0
  0
VERTEX
  5
811
  8
TEXT
 10
5.720881206593352
 20
-21.72531050214474
 30
0.0
 70
0
  0
VERTEX
  5
812
  8
TEXT
 10
5.700891051749368
 20
-21.756243454242558
 30
0.0
 70
0
  0
VERTEX
  5
813
  8
TEXT
 10
5.678777588782741
 20
-21.785764770529717
 30
0.0
 70
0
  0
VERTEX
  5
814
  8
TEXT
 10
5.654540817693472
 20
-21.813874451006225
 30
0.0
 70
0
  0
VERTEX
  5
815
  8
TEXT
 10
5.62818073848156
 20
-21.840572495672074
 30
0.0
 70
0
  0
VERTEX
  5
816
  8
TEXT
 10
5.600766895286212
 20
-21.865501646266107
 30
0.0
 70
0
  0
VERTEX
  5
817
  8
TEXT
 10
5.5720381145943785
 20
-21.88863912529612
 30
0.0
 70
0
  0
VERTEX
  5
818
  8
TEXT
 10
5.541994396406058
 20
-21.909984932762104
 30
0.0
 70
0
  0
VERTEX
  5
819
  8
TEXT
 10
5.51063574072125
 20
-21.92953906866407
 30
0.0
 70
0
  0
VERTEX
  5
81A
  8
TEXT
 10
5.477962147539957
 20
-21.947301533002012
 30
0.0
 70
0
  0
VERTEX
  5
81B
  8
TEXT
 10
5.443973616862176
 20
-21.963272325775932
 30
0.0
 70
0
  0
VERTEX
  5
81C
  8
TEXT
 10
5.408670148687909
 20
-21.977451446985828
 30
0.0
 70
0
  0
VERTEX
  5
81D
  8
TEXT
 10
5.372051743017156
 20
-21.989838896631703
 30
0.0
 70
0
  0
SEQEND
  5
7C6
  8
TEXT
  0
POLYLINE
  5
81E
  8
TEXT
 66
1
 10
0.0
 20
0.0
 30
0.0
 70
1
  0
VERTEX
  5
820
  8
TEXT
 10
6.591159755338398
 20
-21.619109162048257
 30
0.0
 70
0
  0
VERTEX
  5
821
  8
TEXT
 10
6.195525886002391
 20
-19.292662538572362
 30
0.0
 70
0
  0
VERTEX
  5
822
  8
TEXT
 10
6.474315483779332
 20
-19.204105066334655
 30
0.0
 70
0
  0
VERTEX
  5
823
  8
TEXT
 10
6.86994935311534
 20
-21.53055168981055
 30
0.0
 70
0
  0
SEQEND
  5
81F
  8
TEXT
  0
POLYLINE
  5
824
  8
TEXT
 66
1
 10
0.0
 20
0.0
 30
0.0
 70
1
  0
VERTEX
  5
826
  8
TEXT
 10
7.98531655281949
 20
-21.182697291214428
 30
0.0
 70
0
  0
VERTEX
  5
827
  8
TEXT
 10
7.947141874770667
 20
-21.196310816396362
 30
0.0
 70
0
  0
VERTEX
  5
828
  8
TEXT
 10
7.909406289358217
 20
-21.207466264042328
 30
0.0
 70
0
  0
VERTEX
  5
829
  8
TEXT
 10
7.872109796582141
 20
-21.216163634152316
 30
0.0
 70
0
  0
VERTEX
  5
82A
  8
TEXT
 10
7.835252396442437
 20
-21.222402926726335
 30
0.0
 70
0
  0
VERTEX
  5
82B
  8
TEXT
 10
7.798834088939106
 20
-21.226184141764385
 30
0.0
 70
0
  0
VERTEX
  5
82C
  8
TEXT
 10
7.762854874072148
 20
-21.227507279266458
 30
0.0
 70
0
  0
VERTEX
  5
82D
  8
TEXT
 10
7.727314751841562
 20
-21.22637233923256
 30
0.0
 70
0
  0
VERTEX
  5
82E
  8
TEXT
 10
7.69221372224735
 20
-21.222779321662692
 30
0.0
 70
0
  0
VERTEX
  5
82F
  8
TEXT
 10
7.6575517852895105
 20
-21.216728226556853
 30
0.0
 70
0
  0
VERTEX
  5
830
  8
TEXT
 10
7.623628732892243
 20
-21.20830747470778
 30
0.0
 70
0
  0
VERTEX
  5
831
  8
TEXT
 10
7.590744356979747
 20
-21.19760548690822
 30
0.0
 70
0
  0
VERTEX
  5
832
  8
TEXT
 10
7.558898657552022
 20
-21.184622263158168
 30
0.0
 70
0
  0
VERTEX
  5
833
  8
TEXT
 10
7.528091634609069
 20
-21.169357803457626
 30
0.0
 70
0
  0
VERTEX
  5
834
  8
TEXT
 10
7.498323288150886
 20
-21.151812107806595
 30
0.0
 70
0
  0
VERTEX
  5
835
  8
TEXT
 10
7.469593618177476
 20
-21.131985176205077
 30
0.0
 70
0
  0
VERTEX
  5
836
  8
TEXT
 10
7.4419026246888365
 20
-21.10987700865307
 30
0.0
 70
0
  0
VERTEX
  5
837
  8
TEXT
 10
7.4152503076849685
 20
-21.08548760515057
 30
0.0
 70
0
  0
VERTEX
  5
838
  8
TEXT
 10
7.389636667165872
 20
-21.05881696569758
 30
0.0
 70
0
  0
VERTEX
  5
839
  8
TEXT
 10
7.367672097049352
 20
-21.032951252178787
 30
0.0
 70
0
  0
VERTEX
  5
83A
  8
TEXT
 10
7.346948130797875
 20
-21.005414374993222
 30
0.0
 70
0
  0
VERTEX
  5
83B
  8
TEXT
 10
7.327464768411439
 20
-20.976206334140894
 30
0.0
 70
0
  0
VERTEX
  5
83C
  8
TEXT
 10
7.309222009890046
 20
-20.945327129621795
 30
0.0
 70
0
  0
VERTEX
  5
83D
  8
TEXT
 10
7.292219855233694
 20
-20.912776761435925
 30
0.0
 70
0
  0
VERTEX
  5
83E
  8
TEXT
 10
7.276458304442383
 20
-20.87855522958329
 30
0.0
 70
0
  0
VERTEX
  5
83F
  8
TEXT
 10
7.261937357516115
 20
-20.842662534063887
 30
0.0
 70
0
  0
VERTEX
  5
840
  8
TEXT
 10
7.248657014454888
 20
-20.805098674877712
 30
0.0
 70
0
  0
VERTEX
  5
841
  8
TEXT
 10
7.236617275258703
 20
-20.765863652024773
 30
0.0
 70
0
  0
VERTEX
  5
842
  8
TEXT
 10
7.22581813992756
 20
-20.724957465505064
 30
0.0
 70
0
  0
VERTEX
  5
843
  8
TEXT
 10
6.997603910010651
 20
-19.740770967759516
 30
0.0
 70
0
  0
VERTEX
  5
844
  8
TEXT
 10
7.268283191798064
 20
-19.636130891912572
 30
0.0
 70
0
  0
VERTEX
  5
845
  8
TEXT
 10
7.498070624072423
 20
-20.632948849264462
 30
0.0
 70
0
  0
VERTEX
  5
846
  8
TEXT
 10
7.50916448534051
 20
-20.671872840311007
 30
0.0
 70
0
  0
VERTEX
  5
847
  8
TEXT
 10
7.52235949733668
 20
-20.70814572372914
 30
0.0
 70
0
  0
VERTEX
  5
848
  8
TEXT
 10
7.537655660060933
 20
-20.741767499518858
 30
0.0
 70
0
  0
VERTEX
  5
849
  8
TEXT
 10
7.555052973513269
 20
-20.772738167680167
 30
0.0
 70
0
  0
VERTEX
  5
84A
  8
TEXT
 10
7.574551437693688
 20
-20.801057728213067
 30
0.0
 70
0
  0
VERTEX
  5
84B
  8
TEXT
 10
7.59615105260219
 20
-20.82672618111755
 30
0.0
 70
0
  0
VERTEX
  5
84C
  8
TEXT
 10
7.624342714512686
 20
-20.853759306253128
 30
0.0
 70
0
  0
VERTEX
  5
84D
  8
TEXT
 10
7.654557243590066
 20
-20.876435723843183
 30
0.0
 70
0
  0
VERTEX
  5
84E
  8
TEXT
 10
7.686794639834331
 20
-20.894755433887717
 30
0.0
 70
0
  0
VERTEX
  5
84F
  8
TEXT
 10
7.721054903245482
 20
-20.908718436386728
 30
0.0
 70
0
  0
VERTEX
  5
850
  8
TEXT
 10
7.757338033823517
 20
-20.91832473134022
 30
0.0
 70
0
  0
VERTEX
  5
851
  8
TEXT
 10
7.788866479764812
 20
-20.922823816762797
 30
0.0
 70
0
  0
VERTEX
  5
852
  8
TEXT
 10
7.8212942106529
 20
-20.923941171062648
 30
0.0
 70
0
  0
VERTEX
  5
853
  8
TEXT
 10
7.854621226487782
 20
-20.921676794239772
 30
0.0
 70
0
  0
VERTEX
  5
854
  8
TEXT
 10
7.888847527269458
 20
-20.916030686294164
 30
0.0
 70
0
  0
VERTEX
  5
855
  8
TEXT
 10
7.923973112997926
 20
-20.907002847225833
 30
0.0
 70
0
  0
VERTEX
  5
856
  8
TEXT
 10
7.959997983673188
 20
-20.89459327703477
 30
0.0
 70
0
  0
VERTEX
  5
857
  8
TEXT
 10
7.996331301514995
 20
-20.878938441811155
 30
0.0
 70
0
  0
VERTEX
  5
858
  8
TEXT
 10
8.03046251752475
 20
-20.860916935842646
 30
0.0
 70
0
  0
VERTEX
  5
859
  8
TEXT
 10
8.06239163170245
 20
-20.840528759129253
 30
0.0
 70
0
  0
VERTEX
  5
85A
  8
TEXT
 10
8.0921186440481
 20
-20.81777391167097
 30
0.0
 70
0
  0
VERTEX
  5
85B
  8
TEXT
 10
8.119643554561696
 20
-20.792652393467797
 30
0.0
 70
0
  0
VERTEX
  5
85C
  8
TEXT
 10
8.144966363243238
 20
-20.76516420451974
 30
0.0
 70
0
  0
VERTEX
  5
85D
  8
TEXT
 10
8.167939872215122
 20
-20.735642074753773
 30
0.0
 70
0
  0
VERTEX
  5
85E
  8
TEXT
 10
8.18841688359974
 20
-20.70441873409688
 30
0.0
 70
0
  0
VERTEX
  5
85F
  8
TEXT
 10
8.206397397397089
 20
-20.671494182549058
 30
0.0
 70
0
  0
VERTEX
  5
860
  8
TEXT
 10
8.221881413607173
 20
-20.63686842011031
 30
0.0
 70
0
  0
VERTEX
  5
861
  8
TEXT
 10
8.23486893222999
 20
-20.60054144678064
 30
0.0
 70
0
  0
VERTEX
  5
862
  8
TEXT
 10
8.245359953265542
 20
-20.56251326256004
 30
0.0
 70
0
  0
VERTEX
  5
863
  8
TEXT
 10
8.252069444232179
 20
-20.528846877026055
 30
0.0
 70
0
  0
VERTEX
  5
864
  8
TEXT
 10
8.256353164717373
 20
-20.494497074137364
 30
0.0
 70
0
  0
VERTEX
  5
865
  8
TEXT
 10
8.258211114721124
 20
-20.45946385389396
 30
0.0
 70
0
  0
VERTEX
  5
866
  8
TEXT
 10
8.257643294243435
 20
-20.42374721629585
 30
0.0
 70
0
  0
VERTEX
  5
867
  8
TEXT
 10
8.2546497032843
 20
-20.387347161343026
 30
0.0
 70
0
  0
VERTEX
  5
868
  8
TEXT
 10
8.249230341843726
 20
-20.350263689035494
 30
0.0
 70
0
  0
VERTEX
  5
869
  8
TEXT
 10
8.241385209921708
 20
-20.31249679937325
 30
0.0
 70
0
  0
VERTEX
  5
86A
  8
TEXT
 10
8.016970566954738
 20
-19.346700894889103
 30
0.0
 70
0
  0
VERTEX
  5
86B
  8
TEXT
 10
8.284770281914627
 20
-19.2431740113384
 30
0.0
 70
0
  0
VERTEX
  5
86C
  8
TEXT
 10
8.668813417525772
 20
-20.878749953593047
 30
0.0
 70
0
  0
VERTEX
  5
86D
  8
TEXT
 10
8.406772836220936
 20
-20.98005045255126
 30
0.0
 70
0
  0
VERTEX
  5
86E
  8
TEXT
 10
8.360791448474007
 20
-20.792611770874714
 30
0.0
 70
0
  0
VERTEX
  5
86F
  8
TEXT
 10
8.349295462171014
 20
-20.8280403461538
 30
0.0
 70
0
  0
VERTEX
  5
870
  8
TEXT
 10
8.335519432338357
 20
-20.862327626313977
 30
0.0
 70
0
  0
VERTEX
  5
871
  8
TEXT
 10
8.319463358976037
 20
-20.895473611355246
 30
0.0
 70
0
  0
VERTEX
  5
872
  8
TEXT
 10
8.301127242084053
 20
-20.927478301277606
 30
0.0
 70
0
  0
VERTEX
  5
873
  8
TEXT
 10
8.280511081662405
 20
-20.958341696081057
 30
0.0
 70
0
  0
VERTEX
  5
874
  8
TEXT
 10
8.257614877711095
 20
-20.988063795765605
 30
0.0
 70
0
  0
VERTEX
  5
875
  8
TEXT
 10
8.233456439350434
 20
-21.01615919047814
 30
0.0
 70
0
  0
VERTEX
  5
876
  8
TEXT
 10
8.20777376822184
 20
-21.042637222497234
 30
0.0
 70
0
  0
VERTEX
  5
877
  8
TEXT
 10
8.180566864325309
 20
-21.067497891822878
 30
0.0
 70
0
  0
VERTEX
  5
878
  8
TEXT
 10
8.151835727660844
 20
-21.09074119845508
 30
0.0
 70
0
  0
VERTEX
  5
879
  8
TEXT
 10
8.121580358228442
 20
-21.11236714239384
 30
0.0
 70
0
  0
VERTEX
  5
87A
  8
TEXT
 10
8.089800756028108
 20
-21.132375723639154
 30
0.0
 70
0
  0
VERTEX
  5
87B
  8
TEXT
 10
8.056496921059837
 20
-21.150766942191023
 30
0.0
 70
0
  0
VERTEX
  5
87C
  8
TEXT
 10
8.02166885332363
 20
-21.167540798049448
 30
0.0
 70
0
  0
SEQEND
  5
825
  8
TEXT
  0
POLYLINE
  5
87D
  8
TEXT
 66
1
 10
0.0
 20
0.0
 30
0.0
 70
1
  0
VERTEX
  5
87F
  8
TEXT
 10
9.767269951975551
 20
-20.421556205526993
 30
0.0
 70
0
  0
VERTEX
  5
880
  8
TEXT
 10
9.730391392447725
 20
-20.43832474387582
 30
0.0
 70
0
  0
VERTEX
  5
881
  8
TEXT
 10
9.693466437387139
 20
-20.45313464425827
 30
0.0
 70
0
  0
VERTEX
  5
882
  8
TEXT
 10
9.656495086793793
 20
-20.46598590667435
 30
0.0
 70
0
  0
VERTEX
  5
883
  8
TEXT
 10
9.619477340667688
 20
-20.476878531124054
 30
0.0
 70
0
  0
VERTEX
  5
884
  8
TEXT
 10
9.582413199008823
 20
-20.485812517607386
 30
0.0
 70
0
  0
VERTEX
  5
885
  8
TEXT
 10
9.545302661817198
 20
-20.492787866124345
 30
0.0
 70
0
  0
VERTEX
  5
886
  8
TEXT
 10
9.508145729092812
 20
-20.49780457667493
 30
0.0
 70
0
  0
VERTEX
  5
887
  8
TEXT
 10
9.470942400835668
 20
-20.50086264925914
 30
0.0
 70
0
  0
VERTEX
  5
888
  8
TEXT
 10
9.433991886455573
 20
-20.501971925798838
 30
0.0
 70
0
  0
VERTEX
  5
889
  8
TEXT
 10
9.397593395362334
 20
-20.501142248215885
 30
0.0
 70
0
  0
VERTEX
  5
88A
  8
TEXT
 10
9.361746927555952
 20
-20.498373616510282
 30
0.0
 70
0
  0
VERTEX
  5
88B
  8
TEXT
 10
9.326452483036427
 20
-20.493666030682025
 30
0.0
 70
0
  0
VERTEX
  5
88C
  8
TEXT
 10
9.291710061803759
 20
-20.487019490731118
 30
0.0
 70
0
  0
VERTEX
  5
88D
  8
TEXT
 10
9.257519663857948
 20
-20.478433996657557
 30
0.0
 70
0
  0
VERTEX
  5
88E
  8
TEXT
 10
9.223881289198994
 20
-20.467909548461346
 30
0.0
 70
0
  0
VERTEX
  5
88F
  8
TEXT
 10
9.190794937826897
 20
-20.455446146142485
 30
0.0
 70
0
  0
VERTEX
  5
890
  8
TEXT
 10
9.158550166970471
 20
-20.441158667168587
 30
0.0
 70
0
  0
VERTEX
  5
891
  8
TEXT
 10
9.127436533858528
 20
-20.42516198900727
 30
0.0
 70
0
  0
VERTEX
  5
892
  8
TEXT
 10
9.097454038491067
 20
-20.40745611165854
 30
0.0
 70
0
  0
VERTEX
  5
893
  8
TEXT
 10
9.06860268086809
 20
-20.38804103512239
 30
0.0
 70
0
  0
VERTEX
  5
894
  8
TEXT
 10
9.040882460989595
 20
-20.366916759398826
 30
0.0
 70
0
  0
VERTEX
  5
895
  8
TEXT
 10
9.014293378855584
 20
-20.34408328448784
 30
0.0
 70
0
  0
VERTEX
  5
896
  8
TEXT
 10
8.988835434466054
 20
-20.31954061038944
 30
0.0
 70
0
  0
VERTEX
  5
897
  8
TEXT
 10
8.964508627821008
 20
-20.29328873710362
 30
0.0
 70
0
  0
VERTEX
  5
898
  8
TEXT
 10
9.137163667695651
 20
-20.10392260660024
 30
0.0
 70
0
  0
VERTEX
  5
899
  8
TEXT
 10
9.165885615801574
 20
-20.129684258134034
 30
0.0
 70
0
  0
VERTEX
  5
89A
  8
TEXT
 10
9.19555312447647
 20
-20.152795430998612
 30
0.0
 70
0
  0
VERTEX
  5
89B
  8
TEXT
 10
9.226166193720337
 20
-20.17325612519397
 30
0.0
 70
0
  0
VERTEX
  5
89C
  8
TEXT
 10
9.257724823533175
 20
-20.19106634072011
 30
0.0
 70
0
  0
VERTEX
  5
89D
  8
TEXT
 10
9.290229013914985
 20
-20.20622607757703
 30
0.0
 70
0
  0
VERTEX
  5
89E
  8
TEXT
 10
9.323678764865765
 20
-20.21873533576473
 30
0.0
 70
0
  0
VERTEX
  5
89F
  8
TEXT
 10
9.358074076385517
 20
-20.22859411528321
 30
0.0
 70
0
  0
VERTEX
  5
8A0
  8
TEXT
 10
9.39341494847424
 20
-20.235802416132472
 30
0.0
 70
0
  0
VERTEX
  5
8A1
  8
TEXT
 10
9.429195919283313
 20
-20.240255635642555
 30
0.0
 70
0
  0
VERTEX
  5
8A2
  8
TEXT
 10
9.464911526964114
 20
-20.241849171143492
 30
0.0
 70
0
  0
VERTEX
  5
8A3
  8
TEXT
 10
9.500561771516647
 20
-20.240583022635292
 30
0.0
 70
0
  0
VERTEX
  5
8A4
  8
TEXT
 10
9.536146652940909
 20
-20.236457190117946
 30
0.0
 70
0
  0
VERTEX
  5
8A5
  8
TEXT
 10
9.5716661712369
 20
-20.229471673591462
 30
0.0
 70
0
  0
VERTEX
  5
8A6
  8
TEXT
 10
9.607120326404623
 20
-20.219626473055833
 30
0.0
 70
0
  0
VERTEX
  5
8A7
  8
TEXT
 10
9.642509118444073
 20
-20.20692158851106
 30
0.0
 70
0
  0
VERTEX
  5
8A8
  8
TEXT
 10
9.677832547355255
 20
-20.19135701995715
 30
0.0
 70
0
  0
VERTEX
  5
8A9
  8
TEXT
 10
9.713907278213886
 20
-20.172332987406882
 30
0.0
 70
0
  0
VERTEX
  5
8AA
  8
TEXT
 10
9.746632616507576
 20
-20.151617686447004
 30
0.0
 70
0
  0
VERTEX
  5
8AB
  8
TEXT
 10
9.776008562236319
 20
-20.129211117077507
 30
0.0
 70
0
  0
VERTEX
  5
8AC
  8
TEXT
 10
9.802035115400118
 20
-20.105113279298394
 30
0.0
 70
0
  0
VERTEX
  5
8AD
  8
TEXT
 10
9.824712275998975
 20
-20.07932417310967
 30
0.0
 70
0
  0
VERTEX
  5
8AE
  8
TEXT
 10
9.844040044032885
 20
-20.051843798511324
 30
0.0
 70
0
  0
VERTEX
  5
8AF
  8
TEXT
 10
9.860018419501852
 20
-20.022672155503365
 30
0.0
 70
0
  0
VERTEX
  5
8B0
  8
TEXT
 10
9.874003854248304
 20
-19.987846757096126
 30
0.0
 70
0
  0
VERTEX
  5
8B1
  8
TEXT
 10
9.882584907052504
 20
-19.95341087537086
 30
0.0
 70
0
  0
VERTEX
  5
8B2
  8
TEXT
 10
9.885761577914451
 20
-19.919364510327572
 30
0.0
 70
0
  0
VERTEX
  5
8B3
  8
TEXT
 10
9.883533866834146
 20
-19.885707661966254
 30
0.0
 70
0
  0
VERTEX
  5
8B4
  8
TEXT
 10
9.875901773811588
 20
-19.852440330286917
 30
0.0
 70
0
  0
VERTEX
  5
8B5
  8
TEXT
 10
9.862865298846778
 20
-19.81956251528955
 30
0.0
 70
0
  0
VERTEX
  5
8B6
  8
TEXT
 10
9.843177161683819
 20
-19.78696098348146
 30
0.0
 70
0
  0
VERTEX
  5
8B7
  8
TEXT
 10
9.818603869160928
 20
-19.760780959027542
 30
0.0
 70
0
  0
VERTEX
  5
8B8
  8
TEXT
 10
9.789145421278103
 20
-19.741022441927797
 30
0.0
 70
0
  0
VERTEX
  5
8B9
  8
TEXT
 10
9.754801818035347
 20
-19.727685432182227
 30
0.0
 70
0
  0
VERTEX
  5
8BA
  8
TEXT
 10
9.724009461897325
 20
-19.72120042069542
 30
0.0
 70
0
  0
VERTEX
  5
8BB
  8
TEXT
 10
9.690490282959612
 20
-19.71794739594457
 30
0.0
 70
0
  0
VERTEX
  5
8BC
  8
TEXT
 10
9.654244281222212
 20
-19.717926357929677
 30
0.0
 70
0
  0
VERTEX
  5
8BD
  8
TEXT
 10
9.615271456685122
 20
-19.72113730665074
 30
0.0
 70
0
  0
VERTEX
  5
8BE
  8
TEXT
 10
9.573571809348342
 20
-19.727580242107756
 30
0.0
 70
0
  0
VERTEX
  5
8BF
  8
TEXT
 10
9.324027401439546
 20
-19.771508463242608
 30
0.0
 70
0
  0
VERTEX
  5
8C0
  8
TEXT
 10
9.281639153799434
 20
-19.778151011115014
 30
0.0
 70
0
  0
VERTEX
  5
8C1
  8
TEXT
 10
9.240623453159124
 20
-19.782482777969992
 30
0.0
 70
0
  0
VERTEX
  5
8C2
  8
TEXT
 10
9.200980299518616
 20
-19.784503763807546
 30
0.0
 70
0
  0
VERTEX
  5
8C3
  8
TEXT
 10
9.162709692877907
 20
-19.784213968627675
 30
0.0
 70
0
  0
VERTEX
  5
8C4
  8
TEXT
 10
9.125811633237001
 20
-19.78161339243038
 30
0.0
 70
0
  0
VERTEX
  5
8C5
  8
TEXT
 10
9.090286120595895
 20
-19.776702035215656
 30
0.0
 70
0
  0
VERTEX
  5
8C6
  8
TEXT
 10
9.05613315495459
 20
-19.769479896983505
 30
0.0
 70
0
  0
VERTEX
  5
8C7
  8
TEXT
 10
9.023352736313088
 20
-19.759946977733932
 30
0.0
 70
0
  0
VERTEX
  5
8C8
  8
TEXT
 10
8.991944864671385
 20
-19.74810327746693
 30
0.0
 70
0
  0
VERTEX
  5
8C9
  8
TEXT
 10
8.95848626074056
 20
-19.73219849258311
 30
0.0
 70
0
  0
VERTEX
  5
8CA
  8
TEXT
 10
8.927234044767136
 20
-19.713732092176993
 30
0.0
 70
0
  0
VERTEX
  5
8CB
  8
TEXT
 10
8.898188216751112
 20
-19.692704076248592
 30
0.0
 70
0
  0
VERTEX
  5
8CC
  8
TEXT
 10
8.871348776692491
 20
-19.6691144447979
 30
0.0
 70
0
  0
VERTEX
  5
8CD
  8
TEXT
 10
8.846715724591272
 20
-19.642963197824912
 30
0.0
 70
0
  0
VERTEX
  5
8CE
  8
TEXT
 10
8.824289060447454
 20
-19.614250335329636
 30
0.0
 70
0
  0
VERTEX
  5
8CF
  8
TEXT
 10
8.804068784261037
 20
-19.58297585731207
 30
0.0
 70
0
  0
VERTEX
  5
8D0
  8
TEXT
 10
8.786054896032024
 20
-19.549139763772217
 30
0.0
 70
0
  0
VERTEX
  5
8D1
  8
TEXT
 10
8.771418454012835
 20
-19.515785383971867
 30
0.0
 70
0
  0
VERTEX
  5
8D2
  8
TEXT
 10
8.759488757676163
 20
-19.48213143415984
 30
0.0
 70
0
  0
VERTEX
  5
8D3
  8
TEXT
 10
8.750265807022004
 20
-19.448177914336135
 30
0.0
 70
0
  0
VERTEX
  5
8D4
  8
TEXT
 10
8.74374960205036
 20
-19.413924824500754
 30
0.0
 70
0
  0
VERTEX
  5
8D5
  8
TEXT
 10
8.73994014276123
 20
-19.37937216465369
 30
0.0
 70
0
  0
VERTEX
  5
8D6
  8
TEXT
 10
8.738837429154614
 20
-19.344519934794956
 30
0.0
 70
0
  0
VERTEX
  5
8D7
  8
TEXT
 10
8.740441461230512
 20
-19.30936813492454
 30
0.0
 70
0
  0
VERTEX
  5
8D8
  8
TEXT
 10
8.744752238988927
 20
-19.273916765042447
 30
0.0
 70
0
  0
VERTEX
  5
8D9
  8
TEXT
 10
8.751563742447157
 20
-19.2385996599427
 30
0.0
 70
0
  0
VERTEX
  5
8DA
  8
TEXT
 10
8.760669951622512
 20
-19.203850654419327
 30
0.0
 70
0
  0
VERTEX
  5
8DB
  8
TEXT
 10
8.772070866514989
 20
-19.16966974847232
 30
0.0
 70
0
  0
VERTEX
  5
8DC
  8
TEXT
 10
8.78576648712459
 20
-19.136056942101682
 30
0.0
 70
0
  0
VERTEX
  5
8DD
  8
TEXT
 10
8.801756813451313
 20
-19.103012235307418
 30
0.0
 70
0
  0
VERTEX
  5
8DE
  8
TEXT
 10
8.820041845495156
 20
-19.07053562808952
 30
0.0
 70
0
  0
VERTEX
  5
8DF
  8
TEXT
 10
8.840621583256125
 20
-19.038627120447995
 30
0.0
 70
0
  0
VERTEX
  5
8E0
  8
TEXT
 10
8.863496026734214
 20
-19.00728671238284
 30
0.0
 70
0
  0
VERTEX
  5
8E1
  8
TEXT
 10
8.885568340805571
 20
-18.980296929117543
 30
0.0
 70
0
  0
VERTEX
  5
8E2
  8
TEXT
 10
8.909079867310039
 20
-18.954538882925164
 30
0.0
 70
0
  0
VERTEX
  5
8E3
  8
TEXT
 10
8.934030606247616
 20
-18.930012573805698
 30
0.0
 70
0
  0
VERTEX
  5
8E4
  8
TEXT
 10
8.960420557618303
 20
-18.906718001759145
 30
0.0
 70
0
  0
VERTEX
  5
8E5
  8
TEXT
 10
8.9882497214221
 20
-18.88465516678551
 30
0.0
 70
0
  0
VERTEX
  5
8E6
  8
TEXT
 10
9.017518097659007
 20
-18.86382406888479
 30
0.0
 70
0
  0
VERTEX
  5
8E7
  8
TEXT
 10
9.048225686329026
 20
-18.84422470805698
 30
0.0
 70
0
  0
VERTEX
  5
8E8
  8
TEXT
 10
9.080372487432154
 20
-18.825857084302086
 30
0.0
 70
0
  0
VERTEX
  5
8E9
  8
TEXT
 10
9.113958500968392
 20
-18.80872119762011
 30
0.0
 70
0
  0
VERTEX
  5
8EA
  8
TEXT
 10
9.151203123523832
 20
-18.791847840463088
 30
0.0
 70
0
  0
VERTEX
  5
8EB
  8
TEXT
 10
9.188341233251029
 20
-18.777149675770364
 30
0.0
 70
0
  0
VERTEX
  5
8EC
  8
TEXT
 10
9.225372830149986
 20
-18.76462670354194
 30
0.0
 70
0
  0
VERTEX
  5
8ED
  8
TEXT
 10
9.262297914220701
 20
-18.754278923777818
 30
0.0
 70
0
  0
VERTEX
  5
8EE
  8
TEXT
 10
9.299116485463175
 20
-18.746106336477993
 30
0.0
 70
0
  0
VERTEX
  5
8EF
  8
TEXT
 10
9.335828543877408
 20
-18.740108941642465
 30
0.0
 70
0
  0
VERTEX
  5
8F0
  8
TEXT
 10
9.372434089463399
 20
-18.73628673927124
 30
0.0
 70
0
  0
VERTEX
  5
8F1
  8
TEXT
 10
9.408933122221148
 20
-18.734639729364314
 30
0.0
 70
0
  0
VERTEX
  5
8F2
  8
TEXT
 10
9.445325642150657
 20
-18.735167911921685
 30
0.0
 70
0
  0
VERTEX
  5
8F3
  8
TEXT
 10
9.481611649251922
 20
-18.73787128694336
 30
0.0
 70
0
  0
VERTEX
  5
8F4
  8
TEXT
 10
9.51779114352495
 20
-18.74274985442933
 30
0.0
 70
0
  0
VERTEX
  5
8F5
  8
TEXT
 10
9.55336326734432
 20
-18.749719139732097
 30
0.0
 70
0
  0
VERTEX
  5
8F6
  8
TEXT
 10
9.587827163084627
 20
-18.758694668204154
 30
0.0
 70
0
  0
VERTEX
  5
8F7
  8
TEXT
 10
9.62118283074587
 20
-18.7696764398455
 30
0.0
 70
0
  0
VERTEX
  5
8F8
  8
TEXT
 10
9.653430270328045
 20
-18.78266445465614
 30
0.0
 70
0
  0
VERTEX
  5
8F9
  8
TEXT
 10
9.684569481831156
 20
-18.79765871263607
 30
0.0
 70
0
  0
VERTEX
  5
8FA
  8
TEXT
 10
9.714600465255202
 20
-18.81465921378529
 30
0.0
 70
0
  0
VERTEX
  5
8FB
  8
TEXT
 10
9.743523220600183
 20
-18.8336659581038
 30
0.0
 70
0
  0
VERTEX
  5
8FC
  8
TEXT
 10
9.771337747866099
 20
-18.8546789455916
 30
0.0
 70
0
  0
VERTEX
  5
8FD
  8
TEXT
 10
9.798044047052949
 20
-18.877698176248693
 30
0.0
 70
0
  0
VERTEX
  5
8FE
  8
TEXT
 10
9.823642118160734
 20
-18.902723650075075
 30
0.0
 70
0
  0
VERTEX
  5
8FF
  8
TEXT
 10
9.848131961189454
 20
-18.929755367070747
 30
0.0
 70
0
  0
VERTEX
  5
900
  8
TEXT
 10
9.67200000039392
 20
-19.120795823737524
 30
0.0
 70
0
  0
VERTEX
  5
901
  8
TEXT
 10
9.644190914339486
 20
-19.09372428143821
 30
0.0
 70
0
  0
VERTEX
  5
902
  8
TEXT
 10
9.615339704700752
 20
-19.069934287510044
 30
0.0
 70
0
  0
VERTEX
  5
903
  8
TEXT
 10
9.585446371477719
 20
-19.049425841953028
 30
0.0
 70
0
  0
VERTEX
  5
904
  8
TEXT
 10
9.554510914670384
 20
-19.03219894476716
 30
0.0
 70
0
  0
VERTEX
  5
905
  8
TEXT
 10
9.522533334278751
 20
-19.018253595952437
 30
0.0
 70
0
  0
VERTEX
  5
906
  8
TEXT
 10
9.489513630302817
 20
-19.007589795508864
 30
0.0
 70
0
  0
VERTEX
  5
907
  8
TEXT
 10
9.455451802742584
 20
-19.00020754343644
 30
0.0
 70
0
  0
VERTEX
  5
908
  8
TEXT
 10
9.42081303028713
 20
-18.996092620325527
 30
0.0
 70
0
  0
VERTEX
  5
909
  8
TEXT
 10
9.38606249162554
 20
-18.995230806766486
 30
0.0
 70
0
  0
VERTEX
  5
90A
  8
TEXT
 10
9.35120018675781
 20
-18.997622102759323
 30
0.0
 70
0
  0
VERTEX
  5
90B
  8
TEXT
 10
9.316226115683943
 20
-19.003266508304034
 30
0.0
 70
0
  0
VERTEX
  5
90C
  8
TEXT
 10
9.281140278403937
 20
-19.01216402340062
 30
0.0
 70
0
  0
VERTEX
  5
90D
  8
TEXT
 10
9.245942674917794
 20
-19.024314648049078
 30
0.0
 70
0
  0
VERTEX
  5
90E
  8
TEXT
 10
9.210633305225512
 20
-19.03971838224941
 30
0.0
 70
0
  0
VERTEX
  5
90F
  8
TEXT
 10
9.176795570224511
 20
-19.05754280272313
 30
0.0
 70
0
  0
VERTEX
  5
910
  8
TEXT
 10
9.14601287081221
 20
-19.076955486191753
 30
0.0
 70
0
  0
VERTEX
  5
911
  8
TEXT
 10
9.118285206988608
 20
-19.09795643265528
 30
0.0
 70
0
  0
VERTEX
  5
912
  8
TEXT
 10
9.093612578753703
 20
-19.120545642113704
 30
0.0
 70
0
  0
VERTEX
  5
913
  8
TEXT
 10
9.0719949861075
 20
-19.144723114567032
 30
0.0
 70
0
  0
VERTEX
  5
914
  8
TEXT
 10
9.053432429049995
 20
-19.170488850015264
 30
0.0
 70
0
  0
VERTEX
  5
915
  8
TEXT
 10
9.03792490758119
 20
-19.197842848458393
 30
0.0
 70
0
  0
VERTEX
  5
916
  8
TEXT
 10
9.024248418564813
 20
-19.230592032790195
 30
0.0
 70
0
  0
VERTEX
  5
917
  8
TEXT
 10
9.015838960089422
 20
-19.26316061592424
 30
0.0
 70
0
  0
VERTEX
  5
918
  8
TEXT
 10
9.012696532155012
 20
-19.295548597860527
 30
0.0
 70
0
  0
VERTEX
  5
919
  8
TEXT
 10
9.014821134761585
 20
-19.327755978599058
 30
0.0
 70
0
  0
VERTEX
  5
91A
  8
TEXT
 10
9.02221276790914
 20
-19.359782758139833
 30
0.0
 70
0
  0
VERTEX
  5
91B
  8
TEXT
 10
9.03487143159768
 20
-19.39162893648285
 30
0.0
 70
0
  0
VERTEX
  5
91C
  8
TEXT
 10
9.054190947591508
 20
-19.42435443939577
 30
0.0
 70
0
  0
VERTEX
  5
91D
  8
TEXT
 10
9.077658376607005
 20
-19.450906377164177
 30
0.0
 70
0
  0
VERTEX
  5
91E
  8
TEXT
 10
9.10527371864417
 20
-19.47128474978806
 30
0.0
 70
0
  0
VERTEX
  5
91F
  8
TEXT
 10
9.137036973703005
 20
-19.48548955726743
 30
0.0
 70
0
  0
VERTEX
  5
920
  8
TEXT
 10
9.1654969435772
 20
-19.492823614559875
 30
0.0
 70
0
  0
VERTEX
  5
921
  8
TEXT
 10
9.196737314688313
 20
-19.497036946585833
 30
0.0
 70
0
  0
VERTEX
  5
922
  8
TEXT
 10
9.230758087036342
 20
-19.4981295533453
 30
0.0
 70
0
  0
VERTEX
  5
923
  8
TEXT
 10
9.267559260621292
 20
-19.49610143483828
 30
0.0
 70
0
  0
VERTEX
  5
924
  8
TEXT
 10
9.307140835443159
 20
-19.490952591064776
 30
0.0
 70
0
  0
VERTEX
  5
925
  8
TEXT
 10
9.579788210630781
 20
-19.44874863664293
 30
0.0
 70
0
  0
VERTEX
  5
926
  8
TEXT
 10
9.621956958228052
 20
-19.443110733136308
 30
0.0
 70
0
  0
VERTEX
  5
927
  8
TEXT
 10
9.66280625232798
 20
-19.4396522852224
 30
0.0
 70
0
  0
VERTEX
  5
928
  8
TEXT
 10
9.702336092930565
 20
-19.438373292901215
 30
0.0
 70
0
  0
VERTEX
  5
929
  8
TEXT
 10
9.740546480035809
 20
-19.43927375617275
 30
0.0
 70
0
  0
VERTEX
  5
92A
  8
TEXT
 10
9.77743741364371
 20
-19.442353675037
 30
0.0
 70
0
  0
VERTEX
  5
92B
  8
TEXT
 10
9.813008893754269
 20
-19.447613049493974
 30
0.0
 70
0
  0
VERTEX
  5
92C
  8
TEXT
 10
9.847260920367486
 20
-19.45505187954366
 30
0.0
 70
0
  0
VERTEX
  5
92D
  8
TEXT
 10
9.880193493483361
 20
-19.46467016518607
 30
0.0
 70
0
  0
VERTEX
  5
92E
  8
TEXT
 10
9.911806613101893
 20
-19.4764679064212
 30
0.0
 70
0
  0
VERTEX
  5
92F
  8
TEXT
 10
9.94551492030423
 20
-19.492265830624536
 30
0.0
 70
0
  0
VERTEX
  5
930
  8
TEXT
 10
9.976994707954052
 20
-19.5106627979137
 30
0.0
 70
0
  0
VERTEX
  5
931
  8
TEXT
 10
10.006245976051362
 20
-19.531658808288693
 30
0.0
 70
0
  0
VERTEX
  5
932
  8
TEXT
 10
10.033268724596157
 20
-19.555253861749513
 30
0.0
 70
0
  0
VERTEX
  5
933
  8
TEXT
 10
10.05806295358844
 20
-19.58144795829616
 30
0.0
 70
0
  0
VERTEX
  5
934
  8
TEXT
 10
10.080628663028207
 20
-19.610241097928636
 30
0.0
 70
0
  0
VERTEX
  5
935
  8
TEXT
 10
10.100965852915461
 20
-19.64163328064694
 30
0.0
 70
0
  0
VERTEX
  5
936
  8
TEXT
 10
10.119074523250202
 20
-19.675624506451072
 30
0.0
 70
0
  0
VERTEX
  5
937
  8
TEXT
 10
10.133529850720864
 20
-19.70864447525216
 30
0.0
 70
0
  0
VERTEX
  5
938
  8
TEXT
 10
10.145251068644638
 20
-19.74199057625059
 30
0.0
 70
0
  0
VERTEX
  5
939
  8
TEXT
 10
10.154238177021526
 20
-19.775662809446356
 30
0.0
 70
0
  0
VERTEX
  5
93A
  8
TEXT
 10
10.160491175851526
 20
-19.809661174839455
 30
0.0
 70
0
  0
VERTEX
  5
93B
  8
TEXT
 10
10.164010065134638
 20
-19.843985672429895
 30
0.0
 70
0
  0
VERTEX
  5
93C
  8
TEXT
 10
10.164794844870865
 20
-19.87863630221767
 30
0.0
 70
0
  0
VERTEX
  5
93D
  8
TEXT
 10
10.162845515060203
 20
-19.913613064202785
 30
0.0
 70
0
  0
VERTEX
  5
93E
  8
TEXT
 10
10.158162075702654
 20
-19.948915958385236
 30
0.0
 70
0
  0
VERTEX
  5
93F
  8
TEXT
 10
10.150912517958343
 20
-19.984129462913412
 30
0.0
 70
0
  0
VERTEX
  5
940
  8
TEXT
 10
10.14126483298739
 20
-20.018838055935703
 30
0.0
 70
0
  0
VERTEX
  5
941
  8
TEXT
 10
10.129219020789797
 20
-20.053041737452105
 30
0.0
 70
0
  0
VERTEX
  5
942
  8
TEXT
 10
10.114775081365567
 20
-20.086740507462622
 30
0.0
 70
0
  0
VERTEX
  5
943
  8
TEXT
 10
10.097933014714695
 20
-20.119934365967254
 30
0.0
 70
0
  0
VERTEX
  5
944
  8
TEXT
 10
10.078692820837183
 20
-20.152623312966
 30
0.0
 70
0
  0
VERTEX
  5
945
  8
TEXT
 10
10.057054499733031
 20
-20.18480734845886
 30
0.0
 70
0
  0
VERTEX
  5
946
  8
TEXT
 10
10.033018051402241
 20
-20.216486472445833
 30
0.0
 70
0
  0
VERTEX
  5
947
  8
TEXT
 10
10.009798040737428
 20
-20.24384914528607
 30
0.0
 70
0
  0
VERTEX
  5
948
  8
TEXT
 10
9.985001141088077
 20
-20.270067531390726
 30
0.0
 70
0
  0
VERTEX
  5
949
  8
TEXT
 10
9.958627352454188
 20
-20.295141630759797
 30
0.0
 70
0
  0
VERTEX
  5
94A
  8
TEXT
 10
9.93067667483576
 20
-20.319071443393284
 30
0.0
 70
0
  0
VERTEX
  5
94B
  8
TEXT
 10
9.901149108232795
 20
-20.341856969291193
 30
0.0
 70
0
  0
VERTEX
  5
94C
  8
TEXT
 10
9.870044652645293
 20
-20.363498208453517
 30
0.0
 70
0
  0
VERTEX
  5
94D
  8
TEXT
 10
9.83736330807325
 20
-20.383995160880257
 30
0.0
 70
0
  0
VERTEX
  5
94E
  8
TEXT
 10
9.80310507451667
 20
-20.403347826571416
 30
0.0
 70
0
  0
SEQEND
  5
87E
  8
TEXT
  0
POLYLINE
  5
94F
  8
LOGO
 66
1
 10
0.0
 20
0.0
 30
0.0
 70
1
  0
VERTEX
  5
951
  8
LOGO
 10
-19.844357596482656
 20
2.3558133854421106
 30
0.0
 70
0
  0
VERTEX
  5
952
  8
LOGO
 10
-19.93580850024426
 20
2.3456521739130434
 30
0.0
 70
0
  0
VERTEX
  5
953
  8
LOGO
 10
-20.02725940400586
 20
2.3304103566194434
 30
0.0
 70
0
  0
VERTEX
  5
954
  8
LOGO
 10
-20.1180752320469
 20
2.310723009281876
 30
0.0
 70
0
  0
VERTEX
  5
955
  8
LOGO
 10
-20.208891060087932
 20
2.286590131900342
 30
0.0
 70
0
  0
VERTEX
  5
956
  8
LOGO
 10
-20.2990718124084
 20
2.2573766487542746
 30
0.0
 70
0
  0
VERTEX
  5
957
  8
LOGO
 10
-20.389887640449437
 20
2.223717635564241
 30
0.0
 70
0
  0
VERTEX
  5
958
  8
LOGO
 10
-20.481338544211038
 20
2.184342940889106
 30
0.0
 70
0
  0
VERTEX
  5
959
  8
LOGO
 10
-20.574059599413776
 20
2.140522716170005
 30
0.0
 70
0
  0
VERTEX
  5
95A
  8
LOGO
 10
-20.64201270151441
 20
2.104958475818271
 30
0.0
 70
0
  0
VERTEX
  5
95B
  8
LOGO
 10
-20.708060576453345
 20
2.0674890083048365
 30
0.0
 70
0
  0
VERTEX
  5
95C
  8
LOGO
 10
-20.771568148510013
 20
2.028114313629702
 30
0.0
 70
0
  0
VERTEX
  5
95D
  8
LOGO
 10
-20.83380556912555
 20
1.9868343917928677
 30
0.0
 70
0
  0
VERTEX
  5
95E
  8
LOGO
 10
-20.894137762579383
 20
1.9430141670737666
 30
0.0
 70
0
  0
VERTEX
  5
95F
  8
LOGO
 10
-20.953199804592085
 20
1.8966536394723992
 30
0.0
 70
0
  0
VERTEX
  5
960
  8
LOGO
 10
-21.01162677088422
 20
1.847752808988764
 30
0.0
 70
0
  0
VERTEX
  5
961
  8
LOGO
 10
-21.068783585735222
 20
1.7956765999022968
 30
0.0
 70
0
  0
VERTEX
  5
962
  8
LOGO
 10
-21.12085979482169
 20
1.7448705422569621
 30
0.0
 70
0
  0
VERTEX
  5
963
  8
LOGO
 10
-21.169760625305322
 20
1.6934294088910606
 30
0.0
 70
0
  0
VERTEX
  5
964
  8
LOGO
 10
-21.215486077186124
 20
1.6407181240840254
 30
0.0
 70
0
  0
VERTEX
  5
965
  8
LOGO
 10
-21.25867122618466
 20
1.586101612115291
 30
0.0
 70
0
  0
VERTEX
  5
966
  8
LOGO
 10
-21.29868099658036
 20
1.5302149487054229
 30
0.0
 70
0
  0
VERTEX
  5
967
  8
LOGO
 10
-21.336150464093794
 20
1.4717879824132885
 30
0.0
 70
0
  0
VERTEX
  5
968
  8
LOGO
 10
-21.37171470444553
 20
1.4108207132388866
 30
0.0
 70
0
  0
VERTEX
  5
969
  8
LOGO
 10
-21.405373717635563
 20
1.3466780654616515
 30
0.0
 70
0
  0
VERTEX
  5
96A
  8
LOGO
 10
-21.418710307767462
 20
1.3187347337567177
 30
0.0
 70
0
  0
VERTEX
  5
96B
  8
LOGO
 10
-21.43204689789936
 20
1.2869809477283836
 30
0.0
 70
0
  0
VERTEX
  5
96C
  8
LOGO
 10
-21.444748412310698
 20
1.2526868588177829
 30
0.0
 70
0
  0
VERTEX
  5
96D
  8
LOGO
 10
-21.456814851001464
 20
1.2171226184660484
 30
0.0
 70
0
  0
VERTEX
  5
96E
  8
LOGO
 10
-21.467611138251097
 20
1.181558378114314
 30
0.0
 70
0
  0
VERTEX
  5
96F
  8
LOGO
 10
-21.477772349780164
 20
1.1466292134831464
 30
0.0
 70
0
  0
VERTEX
  5
970
  8
LOGO
 10
-21.485393258426964
 20
1.1142403517342454
 30
0.0
 70
0
  0
VERTEX
  5
971
  8
LOGO
 10
-21.491108939912067
 20
1.0843917928676117
 30
0.0
 70
0
  0
VERTEX
  5
972
  8
LOGO
 10
-21.496824621397167
 20
1.0412066438690768
 30
0.0
 70
0
  0
VERTEX
  5
973
  8
LOGO
 10
-21.5
 20
0.9986565705911097
 30
0.0
 70
0
  0
VERTEX
  5
974
  8
LOGO
 10
-21.5
 20
0.9567415730337083
 30
0.0
 70
0
  0
VERTEX
  5
975
  8
LOGO
 10
-21.497459697117733
 20
0.9160967269174408
 30
0.0
 70
0
  0
VERTEX
  5
976
  8
LOGO
 10
-21.493014167073767
 20
0.8779921836834398
 30
0.0
 70
0
  0
VERTEX
  5
977
  8
LOGO
 10
-21.485393258426964
 20
0.8411577918905718
 30
0.0
 70
0
  0
VERTEX
  5
978
  8
LOGO
 10
-21.475232046897897
 20
0.807498778700538
 30
0.0
 70
0
  0
VERTEX
  5
979
  8
LOGO
 10
-21.462530532486564
 20
0.7763800683927705
 30
0.0
 70
0
  0
VERTEX
  5
97A
  8
LOGO
 10
-21.453004396678065
 20
0.7573277967757701
 30
0.0
 70
0
  0
VERTEX
  5
97B
  8
LOGO
 10
-21.441573033707865
 20
0.7376404494382027
 30
0.0
 70
0
  0
VERTEX
  5
97C
  8
LOGO
 10
-21.429506595017095
 20
0.7173180263800686
 30
0.0
 70
0
  0
VERTEX
  5
97D
  8
LOGO
 10
-21.416170004885196
 20
0.6982657547630682
 30
0.0
 70
0
  0
VERTEX
  5
97E
  8
LOGO
 10
-21.403468490473863
 20
0.6798485588666344
 30
0.0
 70
0
  0
VERTEX
  5
97F
  8
LOGO
 10
-21.390131900341963
 20
0.6633365901319006
 30
0.0
 70
0
  0
VERTEX
  5
980
  8
LOGO
 10
-21.378065461651197
 20
0.6500000000000001
 30
0.0
 70
0
  0
VERTEX
  5
981
  8
LOGO
 10
-21.36726917440156
 20
0.6392037127503669
 30
0.0
 70
0
  0
VERTEX
  5
982
  8
LOGO
 10
-21.353297508549094
 20
0.628407425500733
 30
0.0
 70
0
  0
VERTEX
  5
983
  8
LOGO
 10
-21.337420615534928
 20
0.6176111382510999
 30
0.0
 70
0
  0
VERTEX
  5
984
  8
LOGO
 10
-21.32027357107963
 20
0.6068148510014659
 30
0.0
 70
0
  0
VERTEX
  5
985
  8
LOGO
 10
-21.301856375183192
 20
0.5966536394723989
 30
0.0
 70
0
  0
VERTEX
  5
986
  8
LOGO
 10
-21.284074255007326
 20
0.5877625793844654
 30
0.0
 70
0
  0
VERTEX
  5
987
  8
LOGO
 10
-21.265657059110893
 20
0.5795065950170989
 30
0.0
 70
0
  0
VERTEX
  5
988
  8
LOGO
 10
-21.248510014655594
 20
0.5731558378114321
 30
0.0
 70
0
  0
VERTEX
  5
989
  8
LOGO
 10
-21.231998045920857
 20
0.5680752320468981
 30
0.0
 70
0
  0
VERTEX
  5
98A
  8
LOGO
 10
-21.21040547142159
 20
0.562994626282365
 30
0.0
 70
0
  0
VERTEX
  5
98B
  8
LOGO
 10
-21.186907669760625
 20
0.5598192476795315
 30
0.0
 70
0
  0
VERTEX
  5
98C
  8
LOGO
 10
-21.161504640937956
 20
0.5579140205178311
 30
0.0
 70
0
  0
VERTEX
  5
98D
  8
LOGO
 10
-21.135466536394723
 20
0.5572789447972649
 30
0.0
 70
0
  0
VERTEX
  5
98E
  8
LOGO
 10
-21.10879335613092
 20
0.5585490962383979
 30
0.0
 70
0
  0
VERTEX
  5
98F
  8
LOGO
 10
-21.081485100146555
 20
0.5610893991206645
 30
0.0
 70
0
  0
VERTEX
  5
990
  8
LOGO
 10
-21.054811919882752
 20
0.5655349291646316
 30
0.0
 70
0
  0
VERTEX
  5
991
  8
LOGO
 10
-21.02877381533952
 20
0.5706155349291647
 30
0.0
 70
0
  0
VERTEX
  5
992
  8
LOGO
 10
-21.003370786516854
 20
0.5776013678553984
 30
0.0
 70
0
  0
VERTEX
  5
993
  8
LOGO
 10
-20.975427454811918
 20
0.5864924279433318
 30
0.0
 70
0
  0
VERTEX
  5
994
  8
LOGO
 10
-20.945578895945285
 20
0.5966536394723989
 30
0.0
 70
0
  0
VERTEX
  5
995
  8
LOGO
 10
-20.915095261358083
 20
0.6087200781631658
 30
0.0
 70
0
  0
VERTEX
  5
996
  8
LOGO
 10
-20.883976551050317
 20
0.6214215925744994
 30
0.0
 70
0
  0
VERTEX
  5
997
  8
LOGO
 10
-20.852857840742548
 20
0.6347581827063998
 30
0.0
 70
0
  0
VERTEX
  5
998
  8
LOGO
 10
-20.823009281875915
 20
0.6487298485588672
 30
0.0
 70
0
  0
VERTEX
  5
999
  8
LOGO
 10
-20.795701025891546
 20
0.6627015144113338
 30
0.0
 70
0
  0
VERTEX
  5
99A
  8
LOGO
 10
-20.70742550073278
 20
0.7128724963361023
 30
0.0
 70
0
  0
VERTEX
  5
99B
  8
LOGO
 10
-20.610258915486074
 20
0.7744748412310701
 30
0.0
 70
0
  0
VERTEX
  5
99C
  8
LOGO
 10
-20.506741573033707
 20
0.8443331704934052
 30
0.0
 70
0
  0
VERTEX
  5
99D
  8
LOGO
 10
-20.39877870053737
 20
0.9224474841231077
 30
0.0
 70
0
  0
VERTEX
  5
99E
  8
LOGO
 10
-20.2895456765999
 20
1.0050073277967764
 30
0.0
 70
0
  0
VERTEX
  5
99F
  8
LOGO
 10
-20.18221787982413
 20
1.0913776257938448
 30
0.0
 70
0
  0
VERTEX
  5
9A0
  8
LOGO
 10
-20.078700537371763
 20
1.1790180752320474
 30
0.0
 70
0
  0
VERTEX
  5
9A1
  8
LOGO
 10
-19.982169027845625
 20
1.2653883732291165
 30
0.0
 70
0
  0
VERTEX
  5
9A2
  8
LOGO
 10
-19.88373229115779
 20
1.360014655593552
 30
0.0
 70
0
  0
VERTEX
  5
9A3
  8
LOGO
 10
-19.792916463116754
 20
1.4546409379579879
 30
0.0
 70
0
  0
VERTEX
  5
9A4
  8
LOGO
 10
-19.708451392281386
 20
1.5492672203224234
 30
0.0
 70
0
  0
VERTEX
  5
9A5
  8
LOGO
 10
-19.632242305813385
 20
1.642623351245726
 30
0.0
 70
0
  0
VERTEX
  5
9A6
  8
LOGO
 10
-19.56428920371275
 20
1.734074255007328
 30
0.0
 70
0
  0
VERTEX
  5
9A7
  8
LOGO
 10
-19.50522716170005
 20
1.8229848558866637
 30
0.0
 70
0
  0
VERTEX
  5
9A8
  8
LOGO
 10
-19.456326331216413
 20
1.908085002442599
 30
0.0
 70
0
  0
VERTEX
  5
9A9
  8
LOGO
 10
-19.417586712261844
 20
1.988739618954568
 30
0.0
 70
0
  0
VERTEX
  5
9AA
  8
LOGO
 10
-19.404250122129945
 20
2.0243038593063027
 30
0.0
 70
0
  0
VERTEX
  5
9AB
  8
LOGO
 10
-19.39345383488031
 20
2.0585979482169035
 30
0.0
 70
0
  0
VERTEX
  5
9AC
  8
LOGO
 10
-19.385832926233512
 20
2.0916218856863704
 30
0.0
 70
0
  0
VERTEX
  5
9AD
  8
LOGO
 10
-19.382022471910112
 20
2.1233756717147045
 30
0.0
 70
0
  0
VERTEX
  5
9AE
  8
LOGO
 10
-19.38075232046898
 20
2.1532242305813387
 30
0.0
 70
0
  0
VERTEX
  5
9AF
  8
LOGO
 10
-19.383292623351245
 20
2.180532486565706
 30
0.0
 70
0
  0
VERTEX
  5
9B0
  8
LOGO
 10
-19.38837322911578
 20
2.2053004396678073
 30
0.0
 70
0
  0
VERTEX
  5
9B1
  8
LOGO
 10
-19.39726428920371
 20
2.226893014167074
 30
0.0
 70
0
  0
VERTEX
  5
9B2
  8
LOGO
 10
-19.413141182217878
 20
2.2516609672691748
 30
0.0
 70
0
  0
VERTEX
  5
9B3
  8
LOGO
 10
-19.43536883243771
 20
2.2738886174890087
 30
0.0
 70
0
  0
VERTEX
  5
9B4
  8
LOGO
 10
-19.46267708842208
 20
2.2942110405471428
 30
0.0
 70
0
  0
VERTEX
  5
9B5
  8
LOGO
 10
-19.495065950170982
 20
2.3119931607230098
 30
0.0
 70
0
  0
VERTEX
  5
9B6
  8
LOGO
 10
-19.532535417684414
 20
2.32723497801661
 30
0.0
 70
0
  0
VERTEX
  5
9B7
  8
LOGO
 10
-19.574450415241817
 20
2.3399364924279435
 30
0.0
 70
0
  0
VERTEX
  5
9B8
  8
LOGO
 10
-19.620810942843185
 20
2.3494626282364437
 30
0.0
 70
0
  0
VERTEX
  5
9B9
  8
LOGO
 10
-19.67098192476795
 20
2.3564484611626773
 30
0.0
 70
0
  0
VERTEX
  5
9BA
  8
LOGO
 10
-19.695749877870053
 20
2.358353688324377
 30
0.0
 70
0
  0
VERTEX
  5
9BB
  8
LOGO
 10
-19.716707376648753
 20
2.3602589154860776
 30
0.0
 70
0
  0
VERTEX
  5
9BC
  8
LOGO
 10
-19.735759648265752
 20
2.3615290669272104
 30
0.0
 70
0
  0
VERTEX
  5
9BD
  8
LOGO
 10
-19.75354176844162
 20
2.3615290669272104
 30
0.0
 70
0
  0
VERTEX
  5
9BE
  8
LOGO
 10
-19.77259404005862
 20
2.3615290669272104
 30
0.0
 70
0
  0
VERTEX
  5
9BF
  8
LOGO
 10
-19.792916463116754
 20
2.3602589154860776
 30
0.0
 70
0
  0
VERTEX
  5
9C0
  8
LOGO
 10
-19.816414264777723
 20
2.358353688324377
 30
0.0
 70
0
  0
SEQEND
  5
950
  8
LOGO
  0
POLYLINE
  5
9C1
  8
LOGO
 66
1
 10
0.0
 20
0.0
 30
0.0
 70
1
  0
VERTEX
  5
9C3
  8
LOGO
 10
-17.58221787982413
 20
2.224987787005374
 30
0.0
 70
0
  0
VERTEX
  5
9C4
  8
LOGO
 10
-17.609526135808498
 20
2.222447484123107
 30
0.0
 70
0
  0
VERTEX
  5
9C5
  8
LOGO
 10
-17.643185148998533
 20
2.218637029799707
 30
0.0
 70
0
  0
VERTEX
  5
9C6
  8
LOGO
 10
-17.681289692232536
 20
2.212921348314607
 30
0.0
 70
0
  0
VERTEX
  5
9C7
  8
LOGO
 10
-17.7219345383488
 20
2.20657059110894
 30
0.0
 70
0
  0
VERTEX
  5
9C8
  8
LOGO
 10
-17.763214460185637
 20
2.2002198339032732
 30
0.0
 70
0
  0
VERTEX
  5
9C9
  8
LOGO
 10
-17.803859306301902
 20
2.1932340009770397
 30
0.0
 70
0
  0
VERTEX
  5
9CA
  8
LOGO
 10
-17.84069369809477
 20
2.18561309233024
 30
0.0
 70
0
  0
VERTEX
  5
9CB
  8
LOGO
 10
-17.872447484123107
 20
2.179262335124573
 30
0.0
 70
0
  0
VERTEX
  5
9CC
  8
LOGO
 10
-17.969614069369808
 20
2.1551294577430387
 30
0.0
 70
0
  0
VERTEX
  5
9CD
  8
LOGO
 10
-18.06360527601368
 20
2.1290913531998052
 30
0.0
 70
0
  0
VERTEX
  5
9CE
  8
LOGO
 10
-18.155691255495846
 20
2.0992427943331706
 30
0.0
 70
0
  0
VERTEX
  5
9CF
  8
LOGO
 10
-18.248412310698583
 20
2.065583781143137
 30
0.0
 70
0
  0
VERTEX
  5
9D0
  8
LOGO
 10
-18.34240351734245
 20
2.027479237909136
 30
0.0
 70
0
  0
VERTEX
  5
9D1
  8
LOGO
 10
-18.438935026868588
 20
1.984929164631168
 30
0.0
 70
0
  0
VERTEX
  5
9D2
  8
LOGO
 10
-18.53991206643869
 20
1.936028334147533
 30
0.0
 70
0
  0
VERTEX
  5
9D3
  8
LOGO
 10
-18.645969711773326
 20
1.8820468978993652
 30
0.0
 70
0
  0
VERTEX
  5
9D4
  8
LOGO
 10
-18.68915486077186
 20
1.859184171958965
 30
0.0
 70
0
  0
VERTEX
  5
9D5
  8
LOGO
 10
-18.72916463116756
 20
1.836956521739131
 30
0.0
 70
0
  0
VERTEX
  5
9D6
  8
LOGO
 10
-18.767269174401562
 20
1.8159990229604301
 30
0.0
 70
0
  0
VERTEX
  5
9D7
  8
LOGO
 10
-18.805373717635565
 20
1.7937713727405962
 30
0.0
 70
0
  0
VERTEX
  5
9D8
  8
LOGO
 10
-18.84411333659013
 20
1.7702735710796296
 30
0.0
 70
0
  0
VERTEX
  5
9D9
  8
LOGO
 10
-18.8847581827064
 20
1.7455056179775281
 30
0.0
 70
0
  0
VERTEX
  5
9DA
  8
LOGO
 10
-18.928578407425498
 20
1.718197361993161
 30
0.0
 70
0
  0
VERTEX
  5
9DB
  8
LOGO
 10
-18.976209086468
 20
1.6870786516853937
 30
0.0
 70
0
  0
VERTEX
  5
9DC
  8
LOGO
 10
-19.090522716170003
 20
1.6108695652173919
 30
0.0
 70
0
  0
VERTEX
  5
9DD
  8
LOGO
 10
-19.211187103077673
 20
1.5257694186614565
 30
0.0
 70
0
  0
VERTEX
  5
9DE
  8
LOGO
 10
-19.337567171470443
 20
1.431778212017587
 30
0.0
 70
0
  0
VERTEX
  5
9DF
  8
LOGO
 10
-19.47029799706888
 20
1.3288959452857847
 30
0.0
 70
0
  0
VERTEX
  5
9E0
  8
LOGO
 10
-19.61001465559355
 20
1.2164875427454815
 30
0.0
 70
0
  0
VERTEX
  5
9E1
  8
LOGO
 10
-19.75608207132389
 20
1.095188080117245
 30
0.0
 70
0
  0
VERTEX
  5
9E2
  8
LOGO
 10
-19.909135319980457
 20
0.963727405959942
 30
0.0
 70
0
  0
VERTEX
  5
9E3
  8
LOGO
 10
-20.069174401563263
 20
0.8227405959941382
 30
0.0
 70
0
  0
VERTEX
  5
9E4
  8
LOGO
 10
-20.263507572056668
 20
0.6461895456766006
 30
0.0
 70
0
  0
VERTEX
  5
9E5
  8
LOGO
 10
-20.43751831949194
 20
0.47979970688812934
 30
0.0
 70
0
  0
VERTEX
  5
9E6
  8
LOGO
 10
-20.59374694675134
 20
0.32103077674645863
 30
0.0
 70
0
  0
VERTEX
  5
9E7
  8
LOGO
 10
-20.734098680996578
 20
0.16797752808988792
 30
0.0
 70
0
  0
VERTEX
  5
9E8
  8
LOGO
 10
-20.859208597948214
 20
0.018734733756717435
 30
0.0
 70
0
  0
VERTEX
  5
9E9
  8
LOGO
 10
-20.97288715192965
 20
-0.1292379091353194
 30
0.0
 70
0
  0
VERTEX
  5
9EA
  8
LOGO
 10
-21.07513434294089
 20
-0.27784562774792304
 30
0.0
 70
0
  0
VERTEX
  5
9EB
  8
LOGO
 10
-21.169760625305322
 20
-0.428993649242794
 30
0.0
 70
0
  0
VERTEX
  5
9EC
  8
LOGO
 10
-21.190718124084025
 20
-0.4664631167562282
 30
0.0
 70
0
  0
VERTEX
  5
9ED
  8
LOGO
 10
-21.212945774303858
 20
-0.5077430385930626
 30
0.0
 70
0
  0
VERTEX
  5
9EE
  8
LOGO
 10
-21.234538348803124
 20
-0.5515632633121635
 30
0.0
 70
0
  0
VERTEX
  5
9EF
  8
LOGO
 10
-21.256130923302393
 20
-0.5966536394723981
 30
0.0
 70
0
  0
VERTEX
  5
9F0
  8
LOGO
 10
-21.277088422081093
 20
-0.641108939912066
 30
0.0
 70
0
  0
VERTEX
  5
9F1
  8
LOGO
 10
-21.295505617977526
 20
-0.6849291646311669
 30
0.0
 70
0
  0
VERTEX
  5
9F2
  8
LOGO
 10
-21.312017586712262
 20
-0.7249389350268681
 30
0.0
 70
0
  0
VERTEX
  5
9F3
  8
LOGO
 10
-21.325989252564728
 20
-0.7617733268197358
 30
0.0
 70
0
  0
VERTEX
  5
9F4
  8
LOGO
 10
-21.34440644846116
 20
-0.8189301416707372
 30
0.0
 70
0
  0
VERTEX
  5
9F5
  8
LOGO
 10
-21.360283341475327
 20
-0.8760869565217387
 30
0.0
 70
0
  0
VERTEX
  5
9F6
  8
LOGO
 10
-21.37361993160723
 20
-0.9326086956521733
 30
0.0
 70
0
  0
VERTEX
  5
9F7
  8
LOGO
 10
-21.383781143136297
 20
-0.9891304347826082
 30
0.0
 70
0
  0
VERTEX
  5
9F8
  8
LOGO
 10
-21.391402051783096
 20
-1.0456521739130429
 30
0.0
 70
0
  0
VERTEX
  5
9F9
  8
LOGO
 10
-21.395847581827063
 20
-1.1015388373229111
 30
0.0
 70
0
  0
VERTEX
  5
9FA
  8
LOGO
 10
-21.397752808988763
 20
-1.1574255007327794
 30
0.0
 70
0
  0
VERTEX
  5
9FB
  8
LOGO
 10
-21.397117733268196
 20
-1.2126770884220806
 30
0.0
 70
0
  0
VERTEX
  5
9FC
  8
LOGO
 10
-21.393942354665363
 20
-1.2666585246702486
 30
0.0
 70
0
  0
VERTEX
  5
9FD
  8
LOGO
 10
-21.38886174890083
 20
-1.3180996580361501
 30
0.0
 70
0
  0
VERTEX
  5
9FE
  8
LOGO
 10
-21.38124084025403
 20
-1.3682706399609181
 30
0.0
 70
0
  0
VERTEX
  5
9FF
  8
LOGO
 10
-21.371079628724964
 20
-1.4165363947239862
 30
0.0
 70
0
  0
VERTEX
  5
A00
  8
LOGO
 10
-21.359013190034194
 20
-1.4635319980459203
 30
0.0
 70
0
  0
VERTEX
  5
A01
  8
LOGO
 10
-21.343771372740594
 20
-1.5092574499267215
 30
0.0
 70
0
  0
VERTEX
  5
A02
  8
LOGO
 10
-21.326624328285295
 20
-1.5537127503663892
 30
0.0
 70
0
  0
VERTEX
  5
A03
  8
LOGO
 10
-21.306936980947725
 20
-1.5981680508060572
 30
0.0
 70
0
  0
VERTEX
  5
A04
  8
LOGO
 10
-21.299951148021492
 20
-1.6134098680996576
 30
0.0
 70
0
  0
VERTEX
  5
A05
  8
LOGO
 10
-21.291695163654126
 20
-1.6292867611138246
 30
0.0
 70
0
  0
VERTEX
  5
A06
  8
LOGO
 10
-21.282804103566193
 20
-1.6457987298485584
 30
0.0
 70
0
  0
VERTEX
  5
A07
  8
LOGO
 10
-21.274548119198826
 20
-1.6616756228627254
 30
0.0
 70
0
  0
VERTEX
  5
A08
  8
LOGO
 10
-21.265657059110893
 20
-1.6775525158768925
 30
0.0
 70
0
  0
VERTEX
  5
A09
  8
LOGO
 10
-21.257401074743527
 20
-1.6921592574499262
 30
0.0
 70
0
  0
VERTEX
  5
A0A
  8
LOGO
 10
-21.249780166096727
 20
-1.7048607718612598
 30
0.0
 70
0
  0
VERTEX
  5
A0B
  8
LOGO
 10
-21.24342940889106
 20
-1.7156570591108935
 30
0.0
 70
0
  0
VERTEX
  5
A0C
  8
LOGO
 10
-21.217391304347824
 20
-1.7537616023448943
 30
0.0
 70
0
  0
VERTEX
  5
A0D
  8
LOGO
 10
-21.188812896922325
 20
-1.7918661455788956
 30
0.0
 70
0
  0
VERTEX
  5
A0E
  8
LOGO
 10
-21.157694186614556
 20
-1.8299706888128964
 30
0.0
 70
0
  0
VERTEX
  5
A0F
  8
LOGO
 10
-21.12467024914509
 20
-1.8680752320468974
 30
0.0
 70
0
  0
VERTEX
  5
A10
  8
LOGO
 10
-21.090376160234488
 20
-1.904274548119198
 30
0.0
 70
0
  0
VERTEX
  5
A11
  8
LOGO
 10
-21.05544699560332
 20
-1.9385686370297992
 30
0.0
 70
0
  0
VERTEX
  5
A12
  8
LOGO
 10
-21.020517830972153
 20
-1.9709574987787
 30
0.0
 70
0
  0
VERTEX
  5
A13
  8
LOGO
 10
-20.98622374206155
 20
-2.0001709819247675
 30
0.0
 70
0
  0
VERTEX
  5
A14
  8
LOGO
 10
-20.962725940400585
 20
-2.017318026380068
 30
0.0
 70
0
  0
VERTEX
  5
A15
  8
LOGO
 10
-20.936052760136786
 20
-2.0370053737176352
 30
0.0
 70
0
  0
VERTEX
  5
A16
  8
LOGO
 10
-20.906839276990716
 20
-2.0566927210552017
 30
0.0
 70
0
  0
VERTEX
  5
A17
  8
LOGO
 10
-20.87572056668295
 20
-2.077015144113336
 30
0.0
 70
0
  0
VERTEX
  5
A18
  8
LOGO
 10
-20.845236932095748
 20
-2.096702491450903
 30
0.0
 70
0
  0
VERTEX
  5
A19
  8
LOGO
 10
-20.81475329750855
 20
-2.11448461162677
 30
0.0
 70
0
  0
VERTEX
  5
A1A
  8
LOGO
 10
-20.786809965803613
 20
-2.1309965803615043
 30
0.0
 70
0
  0
VERTEX
  5
A1B
  8
LOGO
 10
-20.76267708842208
 20
-2.143698094772838
 30
0.0
 70
0
  0
VERTEX
  5
A1C
  8
LOGO
 10
-20.68456277479238
 20
-2.1798974108451388
 30
0.0
 70
0
  0
VERTEX
  5
A1D
  8
LOGO
 10
-20.60136785539814
 20
-2.212921348314606
 30
0.0
 70
0
  0
VERTEX
  5
A1E
  8
LOGO
 10
-20.51372740595994
 20
-2.2427699071812404
 30
0.0
 70
0
  0
VERTEX
  5
A1F
  8
LOGO
 10
-20.42164142647777
 20
-2.268808011724474
 30
0.0
 70
0
  0
VERTEX
  5
A20
  8
LOGO
 10
-20.32447484123107
 20
-2.291670737664875
 30
0.0
 70
0
  0
VERTEX
  5
A21
  8
LOGO
 10
-20.2228627259404
 20
-2.310723009281875
 30
0.0
 70
0
  0
VERTEX
  5
A22
  8
LOGO
 10
-20.116170004885195
 20
-2.3272349780166093
 30
0.0
 70
0
  0
VERTEX
  5
A23
  8
LOGO
 10
-20.005031753786028
 20
-2.339301416707376
 30
0.0
 70
0
  0
VERTEX
  5
A24
  8
LOGO
 10
-19.932633121641427
 20
-2.345652173913043
 30
0.0
 70
0
  0
VERTEX
  5
A25
  8
LOGO
 10
-19.85705911089399
 20
-2.350732779677576
 30
0.0
 70
0
  0
VERTEX
  5
A26
  8
LOGO
 10
-19.773864191499754
 20
-2.3545432340009764
 30
0.0
 70
0
  0
VERTEX
  5
A27
  8
LOGO
 10
-19.679872984855884
 20
-2.3577186126038097
 30
0.0
 70
0
  0
VERTEX
  5
A28
  8
LOGO
 10
-19.571275036638983
 20
-2.35962383976551
 30
0.0
 70
0
  0
VERTEX
  5
A29
  8
LOGO
 10
-19.444894968246214
 20
-2.3608939912066433
 30
0.0
 70
0
  0
VERTEX
  5
A2A
  8
LOGO
 10
-19.296287249633608
 20
-2.3615290669272095
 30
0.0
 70
0
  0
VERTEX
  5
A2B
  8
LOGO
 10
-19.12227650219834
 20
-2.3615290669272095
 30
0.0
 70
0
  0
VERTEX
  5
A2C
  8
LOGO
 10
-18.80156326331216
 20
-2.3602589154860762
 30
0.0
 70
0
  0
VERTEX
  5
A2D
  8
LOGO
 10
-18.53610161211529
 20
-2.357083536883243
 30
0.0
 70
0
  0
VERTEX
  5
A2E
  8
LOGO
 10
-18.317000488519785
 20
-2.3526380068392765
 30
0.0
 70
0
  0
VERTEX
  5
A2F
  8
LOGO
 10
-18.134733756717146
 20
-2.345652173913043
 30
0.0
 70
0
  0
VERTEX
  5
A30
  8
LOGO
 10
-17.981680508060574
 20
-2.335490962383976
 30
0.0
 70
0
  0
VERTEX
  5
A31
  8
LOGO
 10
-17.847679531021004
 20
-2.3227894479726423
 30
0.0
 70
0
  0
VERTEX
  5
A32
  8
LOGO
 10
-17.7238397655105
 20
-2.3062774792379086
 30
0.0
 70
0
  0
VERTEX
  5
A33
  8
LOGO
 10
-17.601905227161698
 20
-2.285319980459208
 30
0.0
 70
0
  0
VERTEX
  5
A34
  8
LOGO
 10
-17.539032730825596
 20
-2.272618466047874
 30
0.0
 70
0
  0
VERTEX
  5
A35
  8
LOGO
 10
-17.479335613092328
 20
-2.259281875915974
 30
0.0
 70
0
  0
VERTEX
  5
A36
  8
LOGO
 10
-17.42344894968246
 20
-2.2446751343429403
 30
0.0
 70
0
  0
VERTEX
  5
A37
  8
LOGO
 10
-17.37200781631656
 20
-2.22943331704934
 30
0.0
 70
0
  0
VERTEX
  5
A38
  8
LOGO
 10
-17.325012212994626
 20
-2.213556424035173
 30
0.0
 70
0
  0
VERTEX
  5
A39
  8
LOGO
 10
-17.28373229115779
 20
-2.197044455300439
 30
0.0
 70
0
  0
VERTEX
  5
A3A
  8
LOGO
 10
-17.248168050806058
 20
-2.181167562286272
 30
0.0
 70
0
  0
VERTEX
  5
A3B
  8
LOGO
 10
-17.21895456765999
 20
-2.1646555935515384
 30
0.0
 70
0
  0
VERTEX
  5
A3C
  8
LOGO
 10
-17.197361993160722
 20
-2.149413776257938
 30
0.0
 70
0
  0
VERTEX
  5
A3D
  8
LOGO
 10
-17.178944797264286
 20
-2.133536883243771
 30
0.0
 70
0
  0
VERTEX
  5
A3E
  8
LOGO
 10
-17.162432828529553
 20
-2.1163898387884705
 30
0.0
 70
0
  0
VERTEX
  5
A3F
  8
LOGO
 10
-17.149096238397654
 20
-2.098607718612603
 30
0.0
 70
0
  0
VERTEX
  5
A40
  8
LOGO
 10
-17.138935026868587
 20
-2.0801905227161694
 30
0.0
 70
0
  0
VERTEX
  5
A41
  8
LOGO
 10
-17.131314118221788
 20
-2.061138251099169
 30
0.0
 70
0
  0
VERTEX
  5
A42
  8
LOGO
 10
-17.12686858817782
 20
-2.042085979482169
 30
0.0
 70
0
  0
VERTEX
  5
A43
  8
LOGO
 10
-17.12496336101612
 20
-2.021763556424035
 30
0.0
 70
0
  0
VERTEX
  5
A44
  8
LOGO
 10
-17.126233512457254
 20
-2.0096971177332676
 30
0.0
 70
0
  0
VERTEX
  5
A45
  8
LOGO
 10
-17.130043966780654
 20
-1.9957254518808007
 30
0.0
 70
0
  0
VERTEX
  5
A46
  8
LOGO
 10
-17.13639472398632
 20
-1.9804836345872
 30
0.0
 70
0
  0
VERTEX
  5
A47
  8
LOGO
 10
-17.144650708353687
 20
-1.964606741573033
 30
0.0
 70
0
  0
VERTEX
  5
A48
  8
LOGO
 10
-17.154811919882754
 20
-1.948729848558866
 30
0.0
 70
0
  0
VERTEX
  5
A49
  8
LOGO
 10
-17.16687835857352
 20
-1.932852955544699
 30
0.0
 70
0
  0
VERTEX
  5
A4A
  8
LOGO
 10
-17.180214948705423
 20
-1.9176111382510987
 30
0.0
 70
0
  0
VERTEX
  5
A4B
  8
LOGO
 10
-17.194821690278456
 20
-1.9030043966780648
 30
0.0
 70
0
  0
VERTEX
  5
A4C
  8
LOGO
 10
-17.21704934049829
 20
-1.8839521250610645
 30
0.0
 70
0
  0
VERTEX
  5
A4D
  8
LOGO
 10
-17.251978505129458
 20
-1.8553737176355636
 30
0.0
 70
0
  0
VERTEX
  5
A4E
  8
LOGO
 10
-17.29897410845139
 20
-1.8191744015632627
 30
0.0
 70
0
  0
VERTEX
  5
A4F
  8
LOGO
 10
-17.357401074743525
 20
-1.7747191011235948
 30
0.0
 70
0
  0
VERTEX
  5
A50
  8
LOGO
 10
-17.42535417684416
 20
-1.7239130434782601
 30
0.0
 70
0
  0
VERTEX
  5
A51
  8
LOGO
 10
-17.50219833903273
 20
-1.6667562286272588
 30
0.0
 70
0
  0
VERTEX
  5
A52
  8
LOGO
 10
-17.587298485588665
 20
-1.6038837322911572
 30
0.0
 70
0
  0
VERTEX
  5
A53
  8
LOGO
 10
-17.6800195407914
 20
-1.536565705911089
 30
0.0
 70
0
  0
VERTEX
  5
A54
  8
LOGO
 10
-17.88133854421104
 20
-1.3904982901807519
 30
0.0
 70
0
  0
VERTEX
  5
A55
  8
LOGO
 10
-18.040742550073276
 20
-1.2730092818759156
 30
0.0
 70
0
  0
VERTEX
  5
A56
  8
LOGO
 10
-18.165852467024912
 20
-1.1802882266731796
 30
0.0
 70
0
  0
VERTEX
  5
A57
  8
LOGO
 10
-18.26238397655105
 20
-1.1059843673668777
 30
0.0
 70
0
  0
VERTEX
  5
A58
  8
LOGO
 10
-18.337957987298484
 20
-1.0456521739130429
 30
0.0
 70
0
  0
VERTEX
  5
A59
  8
LOGO
 10
-18.39829018075232
 20
-0.9935759648265751
 30
0.0
 70
0
  0
VERTEX
  5
A5A
  8
LOGO
 10
-18.44973131411822
 20
-0.9446751343429405
 30
0.0
 70
0
  0
VERTEX
  5
A5B
  8
LOGO
 10
-18.49990229604299
 20
-0.8945041524181724
 30
0.0
 70
0
  0
VERTEX
  5
A5C
  8
LOGO
 10
-18.52657547630679
 20
-0.8665608207132385
 30
0.0
 70
0
  0
VERTEX
  5
A5D
  8
LOGO
 10
-18.550073277967755
 20
-0.839252564728871
 30
0.0
 70
0
  0
VERTEX
  5
A5E
  8
LOGO
 10
-18.571030776746458
 20
-0.8132144601856373
 30
0.0
 70
0
  0
VERTEX
  5
A5F
  8
LOGO
 10
-18.590083048363457
 20
-0.7878114313629699
 30
0.0
 70
0
  0
VERTEX
  5
A60
  8
LOGO
 10
-18.60659501709819
 20
-0.7624084025403026
 30
0.0
 70
0
  0
VERTEX
  5
A61
  8
LOGO
 10
-18.621201758671226
 20
-0.7376404494382017
 30
0.0
 70
0
  0
VERTEX
  5
A62
  8
LOGO
 10
-18.63390327308256
 20
-0.7122374206155344
 30
0.0
 70
0
  0
VERTEX
  5
A63
  8
LOGO
 10
-18.644699560332192
 20
-0.6861993160723007
 30
0.0
 70
0
  0
VERTEX
  5
A64
  8
LOGO
 10
-18.650415241817292
 20
-0.6722276502198332
 30
0.0
 70
0
  0
VERTEX
  5
A65
  8
LOGO
 10
-18.65486077186126
 20
-0.6588910600879332
 30
0.0
 70
0
  0
VERTEX
  5
A66
  8
LOGO
 10
-18.65867122618466
 20
-0.6474596971177328
 30
0.0
 70
0
  0
VERTEX
  5
A67
  8
LOGO
 10
-18.661211529066925
 20
-0.6360283341475325
 30
0.0
 70
0
  0
VERTEX
  5
A68
  8
LOGO
 10
-18.66248168050806
 20
-0.6239618954567656
 30
0.0
 70
0
  0
VERTEX
  5
A69
  8
LOGO
 10
-18.66375183194919
 20
-0.6106253053248651
 30
0.0
 70
0
  0
VERTEX
  5
A6A
  8
LOGO
 10
-18.66438690766976
 20
-0.5953834880312648
 30
0.0
 70
0
  0
VERTEX
  5
A6B
  8
LOGO
 10
-18.66438690766976
 20
-0.5776013678553976
 30
0.0
 70
0
  0
VERTEX
  5
A6C
  8
LOGO
 10
-18.66438690766976
 20
-0.5598192476795305
 30
0.0
 70
0
  0
VERTEX
  5
A6D
  8
LOGO
 10
-18.66438690766976
 20
-0.5445774303859302
 30
0.0
 70
0
  0
VERTEX
  5
A6E
  8
LOGO
 10
-18.663116756228625
 20
-0.5312408402540297
 30
0.0
 70
0
  0
VERTEX
  5
A6F
  8
LOGO
 10
-18.661846604787492
 20
-0.5191744015632629
 30
0.0
 70
0
  0
VERTEX
  5
A70
  8
LOGO
 10
-18.659306301905225
 20
-0.5077430385930626
 30
0.0
 70
0
  0
VERTEX
  5
A71
  8
LOGO
 10
-18.656130923302392
 20
-0.49567659990229573
 30
0.0
 70
0
  0
VERTEX
  5
A72
  8
LOGO
 10
-18.651685393258425
 20
-0.4823400097703952
 30
0.0
 70
0
  0
VERTEX
  5
A73
  8
LOGO
 10
-18.646604787493892
 20
-0.46773326819736183
 30
0.0
 70
0
  0
VERTEX
  5
A74
  8
LOGO
 10
-18.642159257449926
 20
-0.4569369809477279
 30
0.0
 70
0
  0
VERTEX
  5
A75
  8
LOGO
 10
-18.637078651685393
 20
-0.44423546653639423
 30
0.0
 70
0
  0
VERTEX
  5
A76
  8
LOGO
 10
-18.631362970200293
 20
-0.43153395212506057
 30
0.0
 70
0
  0
VERTEX
  5
A77
  8
LOGO
 10
-18.62437713727406
 20
-0.41819736199316015
 30
0.0
 70
0
  0
VERTEX
  5
A78
  8
LOGO
 10
-18.617391304347823
 20
-0.4048607718612596
 30
0.0
 70
0
  0
VERTEX
  5
A79
  8
LOGO
 10
-18.61040547142159
 20
-0.39215925744992597
 30
0.0
 70
0
  0
VERTEX
  5
A7A
  8
LOGO
 10
-18.603419638495357
 20
-0.3800928187591592
 30
0.0
 70
0
  0
VERTEX
  5
A7B
  8
LOGO
 10
-18.596433805569124
 20
-0.36929653150952596
 30
0.0
 70
0
  0
VERTEX
  5
A7C
  8
LOGO
 10
-18.567220322423058
 20
-0.3280166096726916
 30
0.0
 70
0
  0
VERTEX
  5
A7D
  8
LOGO
 10
-18.531021006350755
 20
-0.28610161211529034
 30
0.0
 70
0
  0
VERTEX
  5
A7E
  8
LOGO
 10
-18.48847093307279
 20
-0.24228138739618937
 30
0.0
 70
0
  0
VERTEX
  5
A7F
  8
LOGO
 10
-18.44020517830972
 20
-0.1984611626770877
 30
0.0
 70
0
  0
VERTEX
  5
A80
  8
LOGO
 10
-18.385588666340986
 20
-0.1533707865168538
 30
0.0
 70
0
  0
VERTEX
  5
A81
  8
LOGO
 10
-18.326526624328284
 20
-0.10828041035661916
 30
0.0
 70
0
  0
VERTEX
  5
A82
  8
LOGO
 10
-18.261748900830483
 20
-0.0625549584758177
 30
0.0
 70
0
  0
VERTEX
  5
A83
  8
LOGO
 10
-18.19189057156815
 20
-0.01746458231558306
 30
0.0
 70
0
  0
VERTEX
  5
A84
  8
LOGO
 10
-18.137274059599413
 20
0.01555935515388402
 30
0.0
 70
0
  0
VERTEX
  5
A85
  8
LOGO
 10
-18.079482169027845
 20
0.049853444064484755
 30
0.0
 70
0
  0
VERTEX
  5
A86
  8
LOGO
 10
-18.016609672691743
 20
0.08605276013678598
 30
0.0
 70
0
  0
VERTEX
  5
A87
  8
LOGO
 10
-17.94675134342941
 20
0.12479237909135378
 30
0.0
 70
0
  0
VERTEX
  5
A88
  8
LOGO
 10
-17.86800195407914
 20
0.16734245236932108
 30
0.0
 70
0
  0
VERTEX
  5
A89
  8
LOGO
 10
-17.77972642892037
 20
0.21370297997068938
 30
0.0
 70
0
  0
VERTEX
  5
A8A
  8
LOGO
 10
-17.6800195407914
 20
0.2657791890571569
 30
0.0
 70
0
  0
VERTEX
  5
A8B
  8
LOGO
 10
-17.566340986809966
 20
0.32420615534929204
 30
0.0
 70
0
  0
VERTEX
  5
A8C
  8
LOGO
 10
-17.410747435271126
 20
0.40422569614069426
 30
0.0
 70
0
  0
VERTEX
  5
A8D
  8
LOGO
 10
-17.279286761113823
 20
0.4715437225207628
 30
0.0
 70
0
  0
VERTEX
  5
A8E
  8
LOGO
 10
-17.170053737176353
 20
0.5274303859306306
 30
0.0
 70
0
  0
VERTEX
  5
A8F
  8
LOGO
 10
-17.08114313629702
 20
0.5731558378114321
 30
0.0
 70
0
  0
VERTEX
  5
A90
  8
LOGO
 10
-17.01001465559355
 20
0.6106253053248661
 30
0.0
 70
0
  0
VERTEX
  5
A91
  8
LOGO
 10
-16.95476306790425
 20
0.6392037127503669
 30
0.0
 70
0
  0
VERTEX
  5
A92
  8
LOGO
 10
-16.913483146067414
 20
0.6614313629702008
 30
0.0
 70
0
  0
VERTEX
  5
A93
  8
LOGO
 10
-16.88363458720078
 20
0.6779433317049348
 30
0.0
 70
0
  0
VERTEX
  5
A94
  8
LOGO
 10
-16.801709819247677
 20
0.7249389350268691
 30
0.0
 70
0
  0
VERTEX
  5
A95
  8
LOGO
 10
-16.731216414264775
 20
0.7668539325842704
 30
0.0
 70
0
  0
VERTEX
  5
A96
  8
LOGO
 10
-16.669614069369807
 20
0.8055935515388375
 30
0.0
 70
0
  0
VERTEX
  5
A97
  8
LOGO
 10
-16.61626770884221
 20
0.8411577918905718
 30
0.0
 70
0
  0
VERTEX
  5
A98
  8
LOGO
 10
-16.569272105520273
 20
0.8754518808011725
 30
0.0
 70
0
  0
VERTEX
  5
A99
  8
LOGO
 10
-16.526722032242304
 20
0.909745969711774
 30
0.0
 70
0
  0
VERTEX
  5
A9A
  8
LOGO
 10
-16.486712261846602
 20
0.9446751343429416
 30
0.0
 70
0
  0
VERTEX
  5
A9B
  8
LOGO
 10
-16.447972642892037
 20
0.9815095261358089
 30
0.0
 70
0
  0
VERTEX
  5
A9C
  8
LOGO
 10
-16.425109916951634
 20
1.0043722520762097
 30
0.0
 70
0
  0
VERTEX
  5
A9D
  8
LOGO
 10
-16.4066927210552
 20
1.02342452369321
 30
0.0
 70
0
  0
VERTEX
  5
A9E
  8
LOGO
 10
-16.3914509037616
 20
1.039936492427944
 30
0.0
 70
0
  0
VERTEX
  5
A9F
  8
LOGO
 10
-16.379384465070835
 20
1.0545432340009775
 30
0.0
 70
0
  0
VERTEX
  5
AA0
  8
LOGO
 10
-16.36922325354177
 20
1.0685148998534446
 30
0.0
 70
0
  0
VERTEX
  5
AA1
  8
LOGO
 10
-16.359697117733266
 20
1.0824865657059113
 30
0.0
 70
0
  0
VERTEX
  5
AA2
  8
LOGO
 10
-16.3514411333659
 20
1.0983634587200783
 30
0.0
 70
0
  0
VERTEX
  5
AA3
  8
LOGO
 10
-16.3419149975574
 20
1.116145578895946
 30
0.0
 70
0
  0
VERTEX
  5
AA4
  8
LOGO
 10
-16.3361993160723
 20
1.1282120175867127
 30
0.0
 70
0
  0
VERTEX
  5
AA5
  8
LOGO
 10
-16.3304836345872
 20
1.1415486077186132
 30
0.0
 70
0
  0
VERTEX
  5
AA6
  8
LOGO
 10
-16.3247679531021
 20
1.154885197850513
 30
0.0
 70
0
  0
VERTEX
  5
AA7
  8
LOGO
 10
-16.319687347337567
 20
1.1682217879824135
 30
0.0
 70
0
  0
VERTEX
  5
AA8
  8
LOGO
 10
-16.314606741573034
 20
1.180923302393747
 30
0.0
 70
0
  0
VERTEX
  5
AA9
  8
LOGO
 10
-16.31079628724963
 20
1.1923546653639479
 30
0.0
 70
0
  0
VERTEX
  5
AAA
  8
LOGO
 10
-16.307620908646797
 20
1.2025158768930142
 30
0.0
 70
0
  0
VERTEX
  5
AAB
  8
LOGO
 10
-16.305715681485097
 20
1.2114069369809484
 30
0.0
 70
0
  0
VERTEX
  5
AAC
  8
LOGO
 10
-16.30127015144113
 20
1.2406204201270152
 30
0.0
 70
0
  0
VERTEX
  5
AAD
  8
LOGO
 10
-16.299999999999997
 20
1.2755495847581828
 30
0.0
 70
0
  0
VERTEX
  5
AAE
  8
LOGO
 10
-16.30127015144113
 20
1.3136541279921838
 30
0.0
 70
0
  0
VERTEX
  5
AAF
  8
LOGO
 10
-16.304445530043964
 20
1.3542989741084521
 30
0.0
 70
0
  0
VERTEX
  5
AB0
  8
LOGO
 10
-16.310161211529067
 20
1.3955788959452864
 30
0.0
 70
0
  0
VERTEX
  5
AB1
  8
LOGO
 10
-16.317782120175867
 20
1.4362237420615538
 30
0.0
 70
0
  0
VERTEX
  5
AB2
  8
LOGO
 10
-16.327308255984367
 20
1.474328285295555
 30
0.0
 70
0
  0
VERTEX
  5
AB3
  8
LOGO
 10
-16.338739618954566
 20
1.5086223742061557
 30
0.0
 70
0
  0
VERTEX
  5
AB4
  8
LOGO
 10
-16.346995603321933
 20
1.5283097215437231
 30
0.0
 70
0
  0
VERTEX
  5
AB5
  8
LOGO
 10
-16.357791890571566
 20
1.5524425989252566
 30
0.0
 70
0
  0
VERTEX
  5
AB6
  8
LOGO
 10
-16.37112848070347
 20
1.578480703468491
 30
0.0
 70
0
  0
VERTEX
  5
AB7
  8
LOGO
 10
-16.385100146555935
 20
1.6064240351734247
 30
0.0
 70
0
  0
VERTEX
  5
AB8
  8
LOGO
 10
-16.400341963849534
 20
1.6343673668783587
 30
0.0
 70
0
  0
VERTEX
  5
AB9
  8
LOGO
 10
-16.415583781143134
 20
1.6604054714215926
 30
0.0
 70
0
  0
VERTEX
  5
ABA
  8
LOGO
 10
-16.4295554469956
 20
1.6845383488031271
 30
0.0
 70
0
  0
VERTEX
  5
ABB
  8
LOGO
 10
-16.442256961406937
 20
1.7035906204201274
 30
0.0
 70
0
  0
VERTEX
  5
ABC
  8
LOGO
 10
-16.476551050317536
 20
1.7512212994626288
 30
0.0
 70
0
  0
VERTEX
  5
ABD
  8
LOGO
 10
-16.511480214948705
 20
1.7963116756228628
 30
0.0
 70
0
  0
VERTEX
  5
ABE
  8
LOGO
 10
-16.547044455300437
 20
1.838226673180264
 30
0.0
 70
0
  0
VERTEX
  5
ABF
  8
LOGO
 10
-16.583878847093306
 20
1.8788715192965315
 30
0.0
 70
0
  0
VERTEX
  5
AC0
  8
LOGO
 10
-16.62198339032731
 20
1.9169760625305323
 30
0.0
 70
0
  0
VERTEX
  5
AC1
  8
LOGO
 10
-16.661993160723007
 20
1.9531753786028339
 30
0.0
 70
0
  0
VERTEX
  5
AC2
  8
LOGO
 10
-16.703273082559843
 20
1.9881045432340012
 30
0.0
 70
0
  0
VERTEX
  5
AC3
  8
LOGO
 10
-16.747093307278945
 20
2.0217635564240353
 30
0.0
 70
0
  0
VERTEX
  5
AC4
  8
LOGO
 10
-16.760429897410845
 20
2.0312896922325354
 30
0.0
 70
0
  0
VERTEX
  5
AC5
  8
LOGO
 10
-16.775671714704444
 20
2.041450903761602
 30
0.0
 70
0
  0
VERTEX
  5
AC6
  8
LOGO
 10
-16.792818759159744
 20
2.0522471910112365
 30
0.0
 70
0
  0
VERTEX
  5
AC7
  8
LOGO
 10
-16.810600879335613
 20
2.0636785539814366
 30
0.0
 70
0
  0
VERTEX
  5
AC8
  8
LOGO
 10
-16.829653150952613
 20
2.075109916951637
 30
0.0
 70
0
  0
VERTEX
  5
AC9
  8
LOGO
 10
-16.848070346849045
 20
2.08590620420127
 30
0.0
 70
0
  0
VERTEX
  5
ACA
  8
LOGO
 10
-16.866487542745478
 20
2.0954323400097707
 30
0.0
 70
0
  0
VERTEX
  5
ACB
  8
LOGO
 10
-16.88363458720078
 20
2.104958475818271
 30
0.0
 70
0
  0
VERTEX
  5
ACC
  8
LOGO
 10
-16.94904738641915
 20
2.1354421104054717
 30
0.0
 70
0
  0
VERTEX
  5
ACD
  8
LOGO
 10
-17.01382510991695
 20
2.162115290669272
 30
0.0
 70
0
  0
VERTEX
  5
ACE
  8
LOGO
 10
-17.079872984855886
 20
2.1837078651685395
 30
0.0
 70
0
  0
VERTEX
  5
ACF
  8
LOGO
 10
-17.147191011235954
 20
2.20085490962384
 30
0.0
 70
0
  0
VERTEX
  5
AD0
  8
LOGO
 10
-17.216414264777722
 20
2.2135564240351737
 30
0.0
 70
0
  0
VERTEX
  5
AD1
  8
LOGO
 10
-17.288812896922323
 20
2.222447484123107
 30
0.0
 70
0
  0
VERTEX
  5
AD2
  8
LOGO
 10
-17.36438690766976
 20
2.2275280898876413
 30
0.0
 70
0
  0
VERTEX
  5
AD3
  8
LOGO
 10
-17.444406448461162
 20
2.2281631656082075
 30
0.0
 70
0
  0
VERTEX
  5
AD4
  8
LOGO
 10
-17.466634098680995
 20
2.2281631656082075
 30
0.0
 70
0
  0
VERTEX
  5
AD5
  8
LOGO
 10
-17.488861748900828
 20
2.2275280898876413
 30
0.0
 70
0
  0
VERTEX
  5
AD6
  8
LOGO
 10
-17.510454323400097
 20
2.2275280898876413
 30
0.0
 70
0
  0
VERTEX
  5
AD7
  8
LOGO
 10
-17.530141670737663
 20
2.226893014167074
 30
0.0
 70
0
  0
VERTEX
  5
AD8
  8
LOGO
 10
-17.547288715192963
 20
2.2262579384465075
 30
0.0
 70
0
  0
VERTEX
  5
AD9
  8
LOGO
 10
-17.562530532486566
 20
2.2262579384465075
 30
0.0
 70
0
  0
VERTEX
  5
ADA
  8
LOGO
 10
-17.573961895456765
 20
2.225622862725941
 30
0.0
 70
0
  0
SEQEND
  5
9C2
  8
LOGO
  0
POLYLINE
  5
ADB
  8
LOGO
 66
1
 10
0.0
 20
0.0
 30
0.0
 70
1
  0
VERTEX
  5
ADD
  8
LOGO
 10
-17.396140693698094
 20
1.762652662432829
 30
0.0
 70
0
  0
VERTEX
  5
ADE
  8
LOGO
 10
-17.38153395212506
 20
1.7582071323888617
 30
0.0
 70
0
  0
VERTEX
  5
ADF
  8
LOGO
 10
-17.366927210552028
 20
1.7531265266243286
 30
0.0
 70
0
  0
VERTEX
  5
AE0
  8
LOGO
 10
-17.353590620420125
 20
1.7467757694186619
 30
0.0
 70
0
  0
VERTEX
  5
AE1
  8
LOGO
 10
-17.340254030288225
 20
1.739789936492428
 30
0.0
 70
0
  0
VERTEX
  5
AE2
  8
LOGO
 10
-17.32818759159746
 20
1.7321690278456283
 30
0.0
 70
0
  0
VERTEX
  5
AE3
  8
LOGO
 10
-17.316121152906693
 20
1.723913043478261
 30
0.0
 70
0
  0
VERTEX
  5
AE4
  8
LOGO
 10
-17.305324865657056
 20
1.7143869076697609
 30
0.0
 70
0
  0
VERTEX
  5
AE5
  8
LOGO
 10
-17.29516365412799
 20
1.7048607718612605
 30
0.0
 70
0
  0
VERTEX
  5
AE6
  8
LOGO
 10
-17.29135319980459
 20
1.7004152418172942
 30
0.0
 70
0
  0
VERTEX
  5
AE7
  8
LOGO
 10
-17.286907669760623
 20
1.6946995603321935
 30
0.0
 70
0
  0
VERTEX
  5
AE8
  8
LOGO
 10
-17.282462139716657
 20
1.6877137274059604
 30
0.0
 70
0
  0
VERTEX
  5
AE9
  8
LOGO
 10
-17.27801660967269
 20
1.6807278944797268
 30
0.0
 70
0
  0
VERTEX
  5
AEA
  8
LOGO
 10
-17.273571079628724
 20
1.6724719101123595
 30
0.0
 70
0
  0
VERTEX
  5
AEB
  8
LOGO
 10
-17.26849047386419
 20
1.6648510014655598
 30
0.0
 70
0
  0
VERTEX
  5
AEC
  8
LOGO
 10
-17.26468001954079
 20
1.6565950170981925
 30
0.0
 70
0
  0
VERTEX
  5
AED
  8
LOGO
 10
-17.26086956521739
 20
1.648339032730826
 30
0.0
 70
0
  0
VERTEX
  5
AEE
  8
LOGO
 10
-17.255788959452858
 20
1.6369076697606257
 30
0.0
 70
0
  0
VERTEX
  5
AEF
  8
LOGO
 10
-17.251978505129458
 20
1.626746458231559
 30
0.0
 70
0
  0
VERTEX
  5
AF0
  8
LOGO
 10
-17.248803126526624
 20
1.6172203224230586
 30
0.0
 70
0
  0
VERTEX
  5
AF1
  8
LOGO
 10
-17.246262823644358
 20
1.6076941866145584
 30
0.0
 70
0
  0
VERTEX
  5
AF2
  8
LOGO
 10
-17.244992672203225
 20
1.5975329750854914
 30
0.0
 70
0
  0
VERTEX
  5
AF3
  8
LOGO
 10
-17.24372252076209
 20
1.586101612115291
 30
0.0
 70
0
  0
VERTEX
  5
AF4
  8
LOGO
 10
-17.24372252076209
 20
1.5734000977039577
 30
0.0
 70
0
  0
VERTEX
  5
AF5
  8
LOGO
 10
-17.24372252076209
 20
1.5581582804103566
 30
0.0
 70
0
  0
VERTEX
  5
AF6
  8
LOGO
 10
-17.24372252076209
 20
1.5422813873961896
 30
0.0
 70
0
  0
VERTEX
  5
AF7
  8
LOGO
 10
-17.244357596482654
 20
1.5289447972642898
 30
0.0
 70
0
  0
VERTEX
  5
AF8
  8
LOGO
 10
-17.24562774792379
 20
1.518148510014656
 30
0.0
 70
0
  0
VERTEX
  5
AF9
  8
LOGO
 10
-17.246897899364924
 20
1.507352222765022
 30
0.0
 70
0
  0
VERTEX
  5
AFA
  8
LOGO
 10
-17.250073277967758
 20
1.4978260869565219
 30
0.0
 70
0
  0
VERTEX
  5
AFB
  8
LOGO
 10
-17.25324865657059
 20
1.4876648754274555
 30
0.0
 70
0
  0
VERTEX
  5
AFC
  8
LOGO
 10
-17.258329262335124
 20
1.4768685881778216
 30
0.0
 70
0
  0
VERTEX
  5
AFD
  8
LOGO
 10
-17.264044943820224
 20
1.4648021494870547
 30
0.0
 70
0
  0
VERTEX
  5
AFE
  8
LOGO
 10
-17.27230092818759
 20
1.4489252564728876
 30
0.0
 70
0
  0
VERTEX
  5
AFF
  8
LOGO
 10
-17.28182706399609
 20
1.4343185148998536
 30
0.0
 70
0
  0
VERTEX
  5
B00
  8
LOGO
 10
-17.292623351245723
 20
1.420346849047387
 30
0.0
 70
0
  0
VERTEX
  5
B01
  8
LOGO
 10
-17.30468978993649
 20
1.4070102589154865
 30
0.0
 70
0
  0
VERTEX
  5
B02
  8
LOGO
 10
-17.317391304347826
 20
1.3949438202247195
 30
0.0
 70
0
  0
VERTEX
  5
B03
  8
LOGO
 10
-17.33199804592086
 20
1.383512457254519
 30
0.0
 70
0
  0
VERTEX
  5
B04
  8
LOGO
 10
-17.34660478749389
 20
1.3733512457254526
 30
0.0
 70
0
  0
VERTEX
  5
B05
  8
LOGO
 10
-17.363116756228624
 20
1.3638251099169525
 30
0.0
 70
0
  0
VERTEX
  5
B06
  8
LOGO
 10
-17.370737664875428
 20
1.360014655593552
 30
0.0
 70
0
  0
VERTEX
  5
B07
  8
LOGO
 10
-17.378358573522227
 20
1.3568392769907187
 30
0.0
 70
0
  0
VERTEX
  5
B08
  8
LOGO
 10
-17.386614557889594
 20
1.3542989741084521
 30
0.0
 70
0
  0
VERTEX
  5
B09
  8
LOGO
 10
-17.39487054225696
 20
1.3523937469467515
 30
0.0
 70
0
  0
VERTEX
  5
B0A
  8
LOGO
 10
-17.405666829506593
 20
1.3511235955056187
 30
0.0
 70
0
  0
VERTEX
  5
B0B
  8
LOGO
 10
-17.417098192476793
 20
1.350488519785052
 30
0.0
 70
0
  0
VERTEX
  5
B0C
  8
LOGO
 10
-17.431704934049826
 20
1.349853444064485
 30
0.0
 70
0
  0
VERTEX
  5
B0D
  8
LOGO
 10
-17.44885197850513
 20
1.349853444064485
 30
0.0
 70
0
  0
VERTEX
  5
B0E
  8
LOGO
 10
-17.46599902296043
 20
1.349853444064485
 30
0.0
 70
0
  0
VERTEX
  5
B0F
  8
LOGO
 10
-17.48060576453346
 20
1.350488519785052
 30
0.0
 70
0
  0
VERTEX
  5
B10
  8
LOGO
 10
-17.49267220322423
 20
1.3511235955056187
 30
0.0
 70
0
  0
VERTEX
  5
B11
  8
LOGO
 10
-17.503468490473864
 20
1.3523937469467515
 30
0.0
 70
0
  0
VERTEX
  5
B12
  8
LOGO
 10
-17.512359550561797
 20
1.3542989741084521
 30
0.0
 70
0
  0
VERTEX
  5
B13
  8
LOGO
 10
-17.520615534929163
 20
1.3568392769907187
 30
0.0
 70
0
  0
VERTEX
  5
B14
  8
LOGO
 10
-17.528236443575963
 20
1.3606497313141188
 30
0.0
 70
0
  0
VERTEX
  5
B15
  8
LOGO
 10
-17.53649242794333
 20
1.3644601856375185
 30
0.0
 70
0
  0
VERTEX
  5
B16
  8
LOGO
 10
-17.552369320957496
 20
1.3739863214460188
 30
0.0
 70
0
  0
VERTEX
  5
B17
  8
LOGO
 10
-17.5676111382511
 20
1.3841475329750856
 30
0.0
 70
0
  0
VERTEX
  5
B18
  8
LOGO
 10
-17.58221787982413
 20
1.3962139716658526
 30
0.0
 70
0
  0
VERTEX
  5
B19
  8
LOGO
 10
-17.59555446995603
 20
1.4089154860771864
 30
0.0
 70
0
  0
VERTEX
  5
B1A
  8
LOGO
 10
-17.608255984367364
 20
1.4228871519296535
 30
0.0
 70
0
  0
VERTEX
  5
B1B
  8
LOGO
 10
-17.619687347337567
 20
1.4368588177821209
 30
0.0
 70
0
  0
VERTEX
  5
B1C
  8
LOGO
 10
-17.629213483146067
 20
1.4514655593551542
 30
0.0
 70
0
  0
VERTEX
  5
B1D
  8
LOGO
 10
-17.637469467513434
 20
1.4667073766487544
 30
0.0
 70
0
  0
VERTEX
  5
B1E
  8
LOGO
 10
-17.642550073277967
 20
1.4775036638983885
 30
0.0
 70
0
  0
VERTEX
  5
B1F
  8
LOGO
 10
-17.646995603321933
 20
1.4870297997068884
 30
0.0
 70
0
  0
VERTEX
  5
B20
  8
LOGO
 10
-17.650170981924767
 20
1.4965559355153888
 30
0.0
 70
0
  0
VERTEX
  5
B21
  8
LOGO
 10
-17.652076209086466
 20
1.506717147044456
 30
0.0
 70
0
  0
VERTEX
  5
B22
  8
LOGO
 10
-17.653981436248166
 20
1.5168783585735224
 30
0.0
 70
0
  0
VERTEX
  5
B23
  8
LOGO
 10
-17.654616511968733
 20
1.529579872984856
 30
0.0
 70
0
  0
VERTEX
  5
B24
  8
LOGO
 10
-17.6552515876893
 20
1.5448216902784568
 30
0.0
 70
0
  0
VERTEX
  5
B25
  8
LOGO
 10
-17.6552515876893
 20
1.5626038104543238
 30
0.0
 70
0
  0
VERTEX
  5
B26
  8
LOGO
 10
-17.6552515876893
 20
1.5797508549096244
 30
0.0
 70
0
  0
VERTEX
  5
B27
  8
LOGO
 10
-17.654616511968733
 20
1.594357596482658
 30
0.0
 70
0
  0
VERTEX
  5
B28
  8
LOGO
 10
-17.653981436248166
 20
1.6064240351734247
 30
0.0
 70
0
  0
VERTEX
  5
B29
  8
LOGO
 10
-17.652711284807033
 20
1.6165852467024917
 30
0.0
 70
0
  0
VERTEX
  5
B2A
  8
LOGO
 10
-17.650806057645333
 20
1.6254763067904254
 30
0.0
 70
0
  0
VERTEX
  5
B2B
  8
LOGO
 10
-17.648265754763067
 20
1.6337322911577925
 30
0.0
 70
0
  0
VERTEX
  5
B2C
  8
LOGO
 10
-17.645090376160233
 20
1.641988275525159
 30
0.0
 70
0
  0
VERTEX
  5
B2D
  8
LOGO
 10
-17.640644846116267
 20
1.6502442598925258
 30
0.0
 70
0
  0
VERTEX
  5
B2E
  8
LOGO
 10
-17.633023937469467
 20
1.6635808500244262
 30
0.0
 70
0
  0
VERTEX
  5
B2F
  8
LOGO
 10
-17.624132877381534
 20
1.67628236443576
 30
0.0
 70
0
  0
VERTEX
  5
B30
  8
LOGO
 10
-17.613971665852464
 20
1.6896189545676603
 30
0.0
 70
0
  0
VERTEX
  5
B31
  8
LOGO
 10
-17.603810454323398
 20
1.7016853932584273
 30
0.0
 70
0
  0
VERTEX
  5
B32
  8
LOGO
 10
-17.592379091353198
 20
1.7137518319491938
 30
0.0
 70
0
  0
VERTEX
  5
B33
  8
LOGO
 10
-17.580947728383
 20
1.7245481191988281
 30
0.0
 70
0
  0
VERTEX
  5
B34
  8
LOGO
 10
-17.570151441133365
 20
1.7334391792867614
 30
0.0
 70
0
  0
VERTEX
  5
B35
  8
LOGO
 10
-17.558720078163162
 20
1.7410600879335616
 30
0.0
 70
0
  0
VERTEX
  5
B36
  8
LOGO
 10
-17.548558866634096
 20
1.7467757694186619
 30
0.0
 70
0
  0
VERTEX
  5
B37
  8
LOGO
 10
-17.535857352222763
 20
1.752491450903762
 30
0.0
 70
0
  0
VERTEX
  5
B38
  8
LOGO
 10
-17.52315583781143
 20
1.7575720566682957
 30
0.0
 70
0
  0
VERTEX
  5
B39
  8
LOGO
 10
-17.509184171958964
 20
1.7620175867122618
 30
0.0
 70
0
  0
VERTEX
  5
B3A
  8
LOGO
 10
-17.49457743038593
 20
1.7658280410356624
 30
0.0
 70
0
  0
VERTEX
  5
B3B
  8
LOGO
 10
-17.48060576453346
 20
1.7690034196384956
 30
0.0
 70
0
  0
VERTEX
  5
B3C
  8
LOGO
 10
-17.46726917440156
 20
1.7709086468001956
 30
0.0
 70
0
  0
VERTEX
  5
B3D
  8
LOGO
 10
-17.455202735710795
 20
1.7715437225207622
 30
0.0
 70
0
  0
VERTEX
  5
B3E
  8
LOGO
 10
-17.449487054225695
 20
1.7715437225207622
 30
0.0
 70
0
  0
VERTEX
  5
B3F
  8
LOGO
 10
-17.44313629702003
 20
1.7709086468001956
 30
0.0
 70
0
  0
VERTEX
  5
B40
  8
LOGO
 10
-17.436150464093796
 20
1.7702735710796296
 30
0.0
 70
0
  0
VERTEX
  5
B41
  8
LOGO
 10
-17.428529555446993
 20
1.7690034196384956
 30
0.0
 70
0
  0
VERTEX
  5
B42
  8
LOGO
 10
-17.420273571079626
 20
1.767733268197362
 30
0.0
 70
0
  0
VERTEX
  5
B43
  8
LOGO
 10
-17.41201758671226
 20
1.766463116756229
 30
0.0
 70
0
  0
VERTEX
  5
B44
  8
LOGO
 10
-17.403761602344893
 20
1.7645578895945284
 30
0.0
 70
0
  0
SEQEND
  5
ADC
  8
LOGO
  0
POLYLINE
  5
B45
  8
LOGO
 66
1
 10
0.0
 20
0.0
 30
0.0
 70
1
  0
VERTEX
  5
B47
  8
LOGO
 10
17.95564240351734
 20
2.3558133854421106
 30
0.0
 70
0
  0
VERTEX
  5
B48
  8
LOGO
 10
17.864191499755737
 20
2.3456521739130434
 30
0.0
 70
0
  0
VERTEX
  5
B49
  8
LOGO
 10
17.772740595994136
 20
2.3304103566194434
 30
0.0
 70
0
  0
VERTEX
  5
B4A
  8
LOGO
 10
17.6819247679531
 20
2.310723009281876
 30
0.0
 70
0
  0
VERTEX
  5
B4B
  8
LOGO
 10
17.591108939912065
 20
2.286590131900342
 30
0.0
 70
0
  0
VERTEX
  5
B4C
  8
LOGO
 10
17.500928187591597
 20
2.2573766487542746
 30
0.0
 70
0
  0
VERTEX
  5
B4D
  8
LOGO
 10
17.41011235955056
 20
2.223717635564241
 30
0.0
 70
0
  0
VERTEX
  5
B4E
  8
LOGO
 10
17.31866145578896
 20
2.184342940889106
 30
0.0
 70
0
  0
VERTEX
  5
B4F
  8
LOGO
 10
17.22594040058622
 20
2.140522716170005
 30
0.0
 70
0
  0
VERTEX
  5
B50
  8
LOGO
 10
17.157987298485587
 20
2.104958475818271
 30
0.0
 70
0
  0
VERTEX
  5
B51
  8
LOGO
 10
17.091939423546652
 20
2.0674890083048365
 30
0.0
 70
0
  0
VERTEX
  5
B52
  8
LOGO
 10
17.028431851489984
 20
2.028114313629702
 30
0.0
 70
0
  0
VERTEX
  5
B53
  8
LOGO
 10
16.96619443087445
 20
1.9868343917928677
 30
0.0
 70
0
  0
VERTEX
  5
B54
  8
LOGO
 10
16.905862237420614
 20
1.9430141670737666
 30
0.0
 70
0
  0
VERTEX
  5
B55
  8
LOGO
 10
16.846800195407912
 20
1.8966536394723992
 30
0.0
 70
0
  0
VERTEX
  5
B56
  8
LOGO
 10
16.788373229115777
 20
1.847752808988764
 30
0.0
 70
0
  0
VERTEX
  5
B57
  8
LOGO
 10
16.731216414264775
 20
1.7956765999022968
 30
0.0
 70
0
  0
VERTEX
  5
B58
  8
LOGO
 10
16.679140205178307
 20
1.7448705422569621
 30
0.0
 70
0
  0
VERTEX
  5
B59
  8
LOGO
 10
16.630239374694675
 20
1.6934294088910606
 30
0.0
 70
0
  0
VERTEX
  5
B5A
  8
LOGO
 10
16.584513922813873
 20
1.6407181240840254
 30
0.0
 70
0
  0
VERTEX
  5
B5B
  8
LOGO
 10
16.541328773815337
 20
1.586101612115291
 30
0.0
 70
0
  0
VERTEX
  5
B5C
  8
LOGO
 10
16.50131900341964
 20
1.5302149487054229
 30
0.0
 70
0
  0
VERTEX
  5
B5D
  8
LOGO
 10
16.463849535906203
 20
1.4717879824132885
 30
0.0
 70
0
  0
VERTEX
  5
B5E
  8
LOGO
 10
16.428285295554467
 20
1.4108207132388866
 30
0.0
 70
0
  0
VERTEX
  5
B5F
  8
LOGO
 10
16.394626282364435
 20
1.3466780654616515
 30
0.0
 70
0
  0
VERTEX
  5
B60
  8
LOGO
 10
16.381289692232535
 20
1.3187347337567177
 30
0.0
 70
0
  0
VERTEX
  5
B61
  8
LOGO
 10
16.367953102100635
 20
1.2869809477283836
 30
0.0
 70
0
  0
VERTEX
  5
B62
  8
LOGO
 10
16.3552515876893
 20
1.2526868588177829
 30
0.0
 70
0
  0
VERTEX
  5
B63
  8
LOGO
 10
16.343185148998533
 20
1.2171226184660484
 30
0.0
 70
0
  0
VERTEX
  5
B64
  8
LOGO
 10
16.3323888617489
 20
1.181558378114314
 30
0.0
 70
0
  0
VERTEX
  5
B65
  8
LOGO
 10
16.322227650219833
 20
1.1466292134831464
 30
0.0
 70
0
  0
VERTEX
  5
B66
  8
LOGO
 10
16.314606741573034
 20
1.1142403517342454
 30
0.0
 70
0
  0
VERTEX
  5
B67
  8
LOGO
 10
16.30889106008793
 20
1.0843917928676117
 30
0.0
 70
0
  0
VERTEX
  5
B68
  8
LOGO
 10
16.30317537860283
 20
1.0412066438690768
 30
0.0
 70
0
  0
VERTEX
  5
B69
  8
LOGO
 10
16.299999999999997
 20
0.9986565705911097
 30
0.0
 70
0
  0
VERTEX
  5
B6A
  8
LOGO
 10
16.299999999999997
 20
0.9567415730337083
 30
0.0
 70
0
  0
VERTEX
  5
B6B
  8
LOGO
 10
16.302540302882264
 20
0.9160967269174408
 30
0.0
 70
0
  0
VERTEX
  5
B6C
  8
LOGO
 10
16.30698583292623
 20
0.8779921836834398
 30
0.0
 70
0
  0
VERTEX
  5
B6D
  8
LOGO
 10
16.314606741573034
 20
0.8411577918905718
 30
0.0
 70
0
  0
VERTEX
  5
B6E
  8
LOGO
 10
16.3247679531021
 20
0.807498778700538
 30
0.0
 70
0
  0
VERTEX
  5
B6F
  8
LOGO
 10
16.337469467513433
 20
0.7763800683927705
 30
0.0
 70
0
  0
VERTEX
  5
B70
  8
LOGO
 10
16.346995603321933
 20
0.7573277967757701
 30
0.0
 70
0
  0
VERTEX
  5
B71
  8
LOGO
 10
16.358426966292132
 20
0.7376404494382027
 30
0.0
 70
0
  0
VERTEX
  5
B72
  8
LOGO
 10
16.370493404982902
 20
0.7173180263800686
 30
0.0
 70
0
  0
VERTEX
  5
B73
  8
LOGO
 10
16.3838299951148
 20
0.6982657547630682
 30
0.0
 70
0
  0
VERTEX
  5
B74
  8
LOGO
 10
16.396531509526135
 20
0.6798485588666344
 30
0.0
 70
0
  0
VERTEX
  5
B75
  8
LOGO
 10
16.409868099658034
 20
0.6633365901319006
 30
0.0
 70
0
  0
VERTEX
  5
B76
  8
LOGO
 10
16.4219345383488
 20
0.6500000000000001
 30
0.0
 70
0
  0
VERTEX
  5
B77
  8
LOGO
 10
16.432730825598437
 20
0.6392037127503669
 30
0.0
 70
0
  0
VERTEX
  5
B78
  8
LOGO
 10
16.446702491450903
 20
0.628407425500733
 30
0.0
 70
0
  0
VERTEX
  5
B79
  8
LOGO
 10
16.46257938446507
 20
0.6176111382510999
 30
0.0
 70
0
  0
VERTEX
  5
B7A
  8
LOGO
 10
16.47972642892037
 20
0.6068148510014659
 30
0.0
 70
0
  0
VERTEX
  5
B7B
  8
LOGO
 10
16.498143624816805
 20
0.5966536394723989
 30
0.0
 70
0
  0
VERTEX
  5
B7C
  8
LOGO
 10
16.51592574499267
 20
0.5877625793844654
 30
0.0
 70
0
  0
VERTEX
  5
B7D
  8
LOGO
 10
16.534342940889104
 20
0.5795065950170989
 30
0.0
 70
0
  0
VERTEX
  5
B7E
  8
LOGO
 10
16.551489985344404
 20
0.5731558378114321
 30
0.0
 70
0
  0
VERTEX
  5
B7F
  8
LOGO
 10
16.56800195407914
 20
0.5680752320468981
 30
0.0
 70
0
  0
VERTEX
  5
B80
  8
LOGO
 10
16.589594528578406
 20
0.562994626282365
 30
0.0
 70
0
  0
VERTEX
  5
B81
  8
LOGO
 10
16.613092330239372
 20
0.5598192476795315
 30
0.0
 70
0
  0
VERTEX
  5
B82
  8
LOGO
 10
16.63849535906204
 20
0.5579140205178311
 30
0.0
 70
0
  0
VERTEX
  5
B83
  8
LOGO
 10
16.664533463605274
 20
0.5572789447972649
 30
0.0
 70
0
  0
VERTEX
  5
B84
  8
LOGO
 10
16.691206643869076
 20
0.5585490962383979
 30
0.0
 70
0
  0
VERTEX
  5
B85
  8
LOGO
 10
16.718514899853442
 20
0.5610893991206645
 30
0.0
 70
0
  0
VERTEX
  5
B86
  8
LOGO
 10
16.745188080117245
 20
0.5655349291646316
 30
0.0
 70
0
  0
VERTEX
  5
B87
  8
LOGO
 10
16.771226184660478
 20
0.5706155349291647
 30
0.0
 70
0
  0
VERTEX
  5
B88
  8
LOGO
 10
16.796629213483143
 20
0.5776013678553984
 30
0.0
 70
0
  0
VERTEX
  5
B89
  8
LOGO
 10
16.82457254518808
 20
0.5864924279433318
 30
0.0
 70
0
  0
VERTEX
  5
B8A
  8
LOGO
 10
16.854421104054712
 20
0.5966536394723989
 30
0.0
 70
0
  0
VERTEX
  5
B8B
  8
LOGO
 10
16.884904738641914
 20
0.6087200781631658
 30
0.0
 70
0
  0
VERTEX
  5
B8C
  8
LOGO
 10
16.91602344894968
 20
0.6214215925744994
 30
0.0
 70
0
  0
VERTEX
  5
B8D
  8
LOGO
 10
16.94714215925745
 20
0.6347581827063998
 30
0.0
 70
0
  0
VERTEX
  5
B8E
  8
LOGO
 10
16.976990718124082
 20
0.6487298485588672
 30
0.0
 70
0
  0
VERTEX
  5
B8F
  8
LOGO
 10
17.00429897410845
 20
0.6627015144113338
 30
0.0
 70
0
  0
VERTEX
  5
B90
  8
LOGO
 10
17.09257449926722
 20
0.7128724963361023
 30
0.0
 70
0
  0
VERTEX
  5
B91
  8
LOGO
 10
17.189741084513923
 20
0.7744748412310701
 30
0.0
 70
0
  0
VERTEX
  5
B92
  8
LOGO
 10
17.29325842696629
 20
0.8443331704934052
 30
0.0
 70
0
  0
VERTEX
  5
B93
  8
LOGO
 10
17.401221299462627
 20
0.9224474841231077
 30
0.0
 70
0
  0
VERTEX
  5
B94
  8
LOGO
 10
17.510454323400097
 20
1.0050073277967764
 30
0.0
 70
0
  0
VERTEX
  5
B95
  8
LOGO
 10
17.617782120175868
 20
1.0913776257938448
 30
0.0
 70
0
  0
VERTEX
  5
B96
  8
LOGO
 10
17.721299462628235
 20
1.1790180752320474
 30
0.0
 70
0
  0
VERTEX
  5
B97
  8
LOGO
 10
17.817830972154372
 20
1.2653883732291165
 30
0.0
 70
0
  0
VERTEX
  5
B98
  8
LOGO
 10
17.916267708842206
 20
1.360014655593552
 30
0.0
 70
0
  0
VERTEX
  5
B99
  8
LOGO
 10
18.007083536883243
 20
1.4546409379579879
 30
0.0
 70
0
  0
VERTEX
  5
B9A
  8
LOGO
 10
18.09154860771861
 20
1.5492672203224234
 30
0.0
 70
0
  0
VERTEX
  5
B9B
  8
LOGO
 10
18.167757694186612
 20
1.642623351245726
 30
0.0
 70
0
  0
VERTEX
  5
B9C
  8
LOGO
 10
18.235710796287247
 20
1.734074255007328
 30
0.0
 70
0
  0
VERTEX
  5
B9D
  8
LOGO
 10
18.29477283829995
 20
1.8229848558866637
 30
0.0
 70
0
  0
VERTEX
  5
B9E
  8
LOGO
 10
18.343673668783584
 20
1.908085002442599
 30
0.0
 70
0
  0
VERTEX
  5
B9F
  8
LOGO
 10
18.382413287738153
 20
1.988739618954568
 30
0.0
 70
0
  0
VERTEX
  5
BA0
  8
LOGO
 10
18.395749877870053
 20
2.0243038593063027
 30
0.0
 70
0
  0
VERTEX
  5
BA1
  8
LOGO
 10
18.406546165119686
 20
2.0585979482169035
 30
0.0
 70
0
  0
VERTEX
  5
BA2
  8
LOGO
 10
18.414167073766485
 20
2.0916218856863704
 30
0.0
 70
0
  0
VERTEX
  5
BA3
  8
LOGO
 10
18.417977528089885
 20
2.1233756717147045
 30
0.0
 70
0
  0
VERTEX
  5
BA4
  8
LOGO
 10
18.41924767953102
 20
2.1532242305813387
 30
0.0
 70
0
  0
VERTEX
  5
BA5
  8
LOGO
 10
18.416707376648752
 20
2.180532486565706
 30
0.0
 70
0
  0
VERTEX
  5
BA6
  8
LOGO
 10
18.41162677088422
 20
2.2053004396678073
 30
0.0
 70
0
  0
VERTEX
  5
BA7
  8
LOGO
 10
18.402735710796286
 20
2.226893014167074
 30
0.0
 70
0
  0
VERTEX
  5
BA8
  8
LOGO
 10
18.38685881778212
 20
2.2516609672691748
 30
0.0
 70
0
  0
VERTEX
  5
BA9
  8
LOGO
 10
18.364631167562287
 20
2.2738886174890087
 30
0.0
 70
0
  0
VERTEX
  5
BAA
  8
LOGO
 10
18.337322911577917
 20
2.2942110405471428
 30
0.0
 70
0
  0
VERTEX
  5
BAB
  8
LOGO
 10
18.304934049829015
 20
2.3119931607230098
 30
0.0
 70
0
  0
VERTEX
  5
BAC
  8
LOGO
 10
18.267464582315583
 20
2.32723497801661
 30
0.0
 70
0
  0
VERTEX
  5
BAD
  8
LOGO
 10
18.22554958475818
 20
2.3399364924279435
 30
0.0
 70
0
  0
VERTEX
  5
BAE
  8
LOGO
 10
18.17918905715681
 20
2.3494626282364437
 30
0.0
 70
0
  0
VERTEX
  5
BAF
  8
LOGO
 10
18.129018075232047
 20
2.3564484611626773
 30
0.0
 70
0
  0
VERTEX
  5
BB0
  8
LOGO
 10
18.104250122129944
 20
2.358353688324377
 30
0.0
 70
0
  0
VERTEX
  5
BB1
  8
LOGO
 10
18.083292623351245
 20
2.3602589154860776
 30
0.0
 70
0
  0
VERTEX
  5
BB2
  8
LOGO
 10
18.064240351734245
 20
2.3615290669272104
 30
0.0
 70
0
  0
VERTEX
  5
BB3
  8
LOGO
 10
18.046458231558375
 20
2.3615290669272104
 30
0.0
 70
0
  0
VERTEX
  5
BB4
  8
LOGO
 10
18.027405959941376
 20
2.3615290669272104
 30
0.0
 70
0
  0
VERTEX
  5
BB5
  8
LOGO
 10
18.007083536883243
 20
2.3602589154860776
 30
0.0
 70
0
  0
VERTEX
  5
BB6
  8
LOGO
 10
17.983585735222274
 20
2.358353688324377
 30
0.0
 70
0
  0
SEQEND
  5
B46
  8
LOGO
  0
POLYLINE
  5
BB7
  8
LOGO
 66
1
 10
0.0
 20
0.0
 30
0.0
 70
1
  0
VERTEX
  5
BB9
  8
LOGO
 10
20.217782120175865
 20
2.224987787005374
 30
0.0
 70
0
  0
VERTEX
  5
BBA
  8
LOGO
 10
20.1904738641915
 20
2.222447484123107
 30
0.0
 70
0
  0
VERTEX
  5
BBB
  8
LOGO
 10
20.156814851001464
 20
2.218637029799707
 30
0.0
 70
0
  0
VERTEX
  5
BBC
  8
LOGO
 10
20.11871030776746
 20
2.212921348314607
 30
0.0
 70
0
  0
VERTEX
  5
BBD
  8
LOGO
 10
20.078065461651196
 20
2.20657059110894
 30
0.0
 70
0
  0
VERTEX
  5
BBE
  8
LOGO
 10
20.03678553981436
 20
2.2002198339032732
 30
0.0
 70
0
  0
VERTEX
  5
BBF
  8
LOGO
 10
19.996140693698095
 20
2.1932340009770397
 30
0.0
 70
0
  0
VERTEX
  5
BC0
  8
LOGO
 10
19.959306301905226
 20
2.18561309233024
 30
0.0
 70
0
  0
VERTEX
  5
BC1
  8
LOGO
 10
19.92755251587689
 20
2.179262335124573
 30
0.0
 70
0
  0
VERTEX
  5
BC2
  8
LOGO
 10
19.83038593063019
 20
2.1551294577430387
 30
0.0
 70
0
  0
VERTEX
  5
BC3
  8
LOGO
 10
19.73639472398632
 20
2.1290913531998052
 30
0.0
 70
0
  0
VERTEX
  5
BC4
  8
LOGO
 10
19.64430874450415
 20
2.0992427943331706
 30
0.0
 70
0
  0
VERTEX
  5
BC5
  8
LOGO
 10
19.551587689301414
 20
2.065583781143137
 30
0.0
 70
0
  0
VERTEX
  5
BC6
  8
LOGO
 10
19.457596482657546
 20
2.027479237909136
 30
0.0
 70
0
  0
VERTEX
  5
BC7
  8
LOGO
 10
19.36106497313141
 20
1.984929164631168
 30
0.0
 70
0
  0
VERTEX
  5
BC8
  8
LOGO
 10
19.26008793356131
 20
1.936028334147533
 30
0.0
 70
0
  0
VERTEX
  5
BC9
  8
LOGO
 10
19.15403028822667
 20
1.8820468978993652
 30
0.0
 70
0
  0
VERTEX
  5
BCA
  8
LOGO
 10
19.110845139228136
 20
1.859184171958965
 30
0.0
 70
0
  0
VERTEX
  5
BCB
  8
LOGO
 10
19.070835368832437
 20
1.836956521739131
 30
0.0
 70
0
  0
VERTEX
  5
BCC
  8
LOGO
 10
19.032730825598435
 20
1.8159990229604301
 30
0.0
 70
0
  0
VERTEX
  5
BCD
  8
LOGO
 10
18.994626282364433
 20
1.7937713727405962
 30
0.0
 70
0
  0
VERTEX
  5
BCE
  8
LOGO
 10
18.955886663409867
 20
1.7702735710796296
 30
0.0
 70
0
  0
VERTEX
  5
BCF
  8
LOGO
 10
18.915241817293598
 20
1.7455056179775281
 30
0.0
 70
0
  0
VERTEX
  5
BD0
  8
LOGO
 10
18.8714215925745
 20
1.718197361993161
 30
0.0
 70
0
  0
VERTEX
  5
BD1
  8
LOGO
 10
18.823790913531997
 20
1.6870786516853937
 30
0.0
 70
0
  0
VERTEX
  5
BD2
  8
LOGO
 10
18.709477283829994
 20
1.6108695652173919
 30
0.0
 70
0
  0
VERTEX
  5
BD3
  8
LOGO
 10
18.588812896922324
 20
1.5257694186614565
 30
0.0
 70
0
  0
VERTEX
  5
BD4
  8
LOGO
 10
18.462432828529554
 20
1.431778212017587
 30
0.0
 70
0
  0
VERTEX
  5
BD5
  8
LOGO
 10
18.329702002931118
 20
1.3288959452857847
 30
0.0
 70
0
  0
VERTEX
  5
BD6
  8
LOGO
 10
18.18998534440645
 20
1.2164875427454815
 30
0.0
 70
0
  0
VERTEX
  5
BD7
  8
LOGO
 10
18.04391792867611
 20
1.095188080117245
 30
0.0
 70
0
  0
VERTEX
  5
BD8
  8
LOGO
 10
17.89086468001954
 20
0.963727405959942
 30
0.0
 70
0
  0
VERTEX
  5
BD9
  8
LOGO
 10
17.730825598436734
 20
0.8227405959941382
 30
0.0
 70
0
  0
VERTEX
  5
BDA
  8
LOGO
 10
17.53649242794333
 20
0.6461895456766006
 30
0.0
 70
0
  0
VERTEX
  5
BDB
  8
LOGO
 10
17.362481680508058
 20
0.47979970688812934
 30
0.0
 70
0
  0
VERTEX
  5
BDC
  8
LOGO
 10
17.206253053248656
 20
0.32103077674645863
 30
0.0
 70
0
  0
VERTEX
  5
BDD
  8
LOGO
 10
17.06590131900342
 20
0.16797752808988792
 30
0.0
 70
0
  0
VERTEX
  5
BDE
  8
LOGO
 10
16.940791402051783
 20
0.018734733756717435
 30
0.0
 70
0
  0
VERTEX
  5
BDF
  8
LOGO
 10
16.827112848070346
 20
-0.1292379091353194
 30
0.0
 70
0
  0
VERTEX
  5
BE0
  8
LOGO
 10
16.72486565705911
 20
-0.27784562774792304
 30
0.0
 70
0
  0
VERTEX
  5
BE1
  8
LOGO
 10
16.630239374694675
 20
-0.428993649242794
 30
0.0
 70
0
  0
VERTEX
  5
BE2
  8
LOGO
 10
16.609281875915972
 20
-0.4664631167562282
 30
0.0
 70
0
  0
VERTEX
  5
BE3
  8
LOGO
 10
16.58705422569614
 20
-0.5077430385930626
 30
0.0
 70
0
  0
VERTEX
  5
BE4
  8
LOGO
 10
16.565461651196873
 20
-0.5515632633121635
 30
0.0
 70
0
  0
VERTEX
  5
BE5
  8
LOGO
 10
16.543869076697604
 20
-0.5966536394723981
 30
0.0
 70
0
  0
VERTEX
  5
BE6
  8
LOGO
 10
16.522911577918904
 20
-0.641108939912066
 30
0.0
 70
0
  0
VERTEX
  5
BE7
  8
LOGO
 10
16.50449438202247
 20
-0.6849291646311669
 30
0.0
 70
0
  0
VERTEX
  5
BE8
  8
LOGO
 10
16.487982413287735
 20
-0.7249389350268681
 30
0.0
 70
0
  0
VERTEX
  5
BE9
  8
LOGO
 10
16.47401074743527
 20
-0.7617733268197358
 30
0.0
 70
0
  0
VERTEX
  5
BEA
  8
LOGO
 10
16.455593551538836
 20
-0.8189301416707372
 30
0.0
 70
0
  0
VERTEX
  5
BEB
  8
LOGO
 10
16.43971665852467
 20
-0.8760869565217387
 30
0.0
 70
0
  0
VERTEX
  5
BEC
  8
LOGO
 10
16.426380068392767
 20
-0.9326086956521733
 30
0.0
 70
0
  0
VERTEX
  5
BED
  8
LOGO
 10
16.4162188568637
 20
-0.9891304347826082
 30
0.0
 70
0
  0
VERTEX
  5
BEE
  8
LOGO
 10
16.4085979482169
 20
-1.0456521739130429
 30
0.0
 70
0
  0
VERTEX
  5
BEF
  8
LOGO
 10
16.404152418172934
 20
-1.1015388373229111
 30
0.0
 70
0
  0
VERTEX
  5
BF0
  8
LOGO
 10
16.402247191011234
 20
-1.1574255007327794
 30
0.0
 70
0
  0
VERTEX
  5
BF1
  8
LOGO
 10
16.4028822667318
 20
-1.2126770884220806
 30
0.0
 70
0
  0
VERTEX
  5
BF2
  8
LOGO
 10
16.406057645334634
 20
-1.2666585246702486
 30
0.0
 70
0
  0
VERTEX
  5
BF3
  8
LOGO
 10
16.411138251099167
 20
-1.3180996580361501
 30
0.0
 70
0
  0
VERTEX
  5
BF4
  8
LOGO
 10
16.418759159745967
 20
-1.3682706399609181
 30
0.0
 70
0
  0
VERTEX
  5
BF5
  8
LOGO
 10
16.428920371275034
 20
-1.4165363947239862
 30
0.0
 70
0
  0
VERTEX
  5
BF6
  8
LOGO
 10
16.440986809965803
 20
-1.4635319980459203
 30
0.0
 70
0
  0
VERTEX
  5
BF7
  8
LOGO
 10
16.456228627259403
 20
-1.5092574499267215
 30
0.0
 70
0
  0
VERTEX
  5
BF8
  8
LOGO
 10
16.473375671714702
 20
-1.5537127503663892
 30
0.0
 70
0
  0
VERTEX
  5
BF9
  8
LOGO
 10
16.493063019052272
 20
-1.5981680508060572
 30
0.0
 70
0
  0
VERTEX
  5
BFA
  8
LOGO
 10
16.500048851978505
 20
-1.6134098680996576
 30
0.0
 70
0
  0
VERTEX
  5
BFB
  8
LOGO
 10
16.50830483634587
 20
-1.6292867611138246
 30
0.0
 70
0
  0
VERTEX
  5
BFC
  8
LOGO
 10
16.517195896433805
 20
-1.6457987298485584
 30
0.0
 70
0
  0
VERTEX
  5
BFD
  8
LOGO
 10
16.52545188080117
 20
-1.6616756228627254
 30
0.0
 70
0
  0
VERTEX
  5
BFE
  8
LOGO
 10
16.534342940889104
 20
-1.6775525158768925
 30
0.0
 70
0
  0
VERTEX
  5
BFF
  8
LOGO
 10
16.54259892525647
 20
-1.6921592574499262
 30
0.0
 70
0
  0
VERTEX
  5
C00
  8
LOGO
 10
16.55021983390327
 20
-1.7048607718612598
 30
0.0
 70
0
  0
VERTEX
  5
C01
  8
LOGO
 10
16.556570591108937
 20
-1.7156570591108935
 30
0.0
 70
0
  0
VERTEX
  5
C02
  8
LOGO
 10
16.582608695652173
 20
-1.7537616023448943
 30
0.0
 70
0
  0
VERTEX
  5
C03
  8
LOGO
 10
16.611187103077672
 20
-1.7918661455788956
 30
0.0
 70
0
  0
VERTEX
  5
C04
  8
LOGO
 10
16.64230581338544
 20
-1.8299706888128964
 30
0.0
 70
0
  0
VERTEX
  5
C05
  8
LOGO
 10
16.675329750854907
 20
-1.8680752320468974
 30
0.0
 70
0
  0
VERTEX
  5
C06
  8
LOGO
 10
16.70962383976551
 20
-1.904274548119198
 30
0.0
 70
0
  0
VERTEX
  5
C07
  8
LOGO
 10
16.74455300439668
 20
-1.9385686370297992
 30
0.0
 70
0
  0
VERTEX
  5
C08
  8
LOGO
 10
16.779482169027844
 20
-1.9709574987787
 30
0.0
 70
0
  0
VERTEX
  5
C09
  8
LOGO
 10
16.813776257938446
 20
-2.0001709819247675
 30
0.0
 70
0
  0
VERTEX
  5
C0A
  8
LOGO
 10
16.837274059599412
 20
-2.017318026380068
 30
0.0
 70
0
  0
VERTEX
  5
C0B
  8
LOGO
 10
16.86394723986321
 20
-2.0370053737176352
 30
0.0
 70
0
  0
VERTEX
  5
C0C
  8
LOGO
 10
16.89316072300928
 20
-2.0566927210552017
 30
0.0
 70
0
  0
VERTEX
  5
C0D
  8
LOGO
 10
16.924279433317047
 20
-2.077015144113336
 30
0.0
 70
0
  0
VERTEX
  5
C0E
  8
LOGO
 10
16.95476306790425
 20
-2.096702491450903
 30
0.0
 70
0
  0
VERTEX
  5
C0F
  8
LOGO
 10
16.985246702491448
 20
-2.11448461162677
 30
0.0
 70
0
  0
VERTEX
  5
C10
  8
LOGO
 10
17.013190034196384
 20
-2.1309965803615043
 30
0.0
 70
0
  0
VERTEX
  5
C11
  8
LOGO
 10
17.037322911577917
 20
-2.143698094772838
 30
0.0
 70
0
  0
VERTEX
  5
C12
  8
LOGO
 10
17.115437225207618
 20
-2.1798974108451388
 30
0.0
 70
0
  0
VERTEX
  5
C13
  8
LOGO
 10
17.198632144601856
 20
-2.212921348314606
 30
0.0
 70
0
  0
VERTEX
  5
C14
  8
LOGO
 10
17.286272594040057
 20
-2.2427699071812404
 30
0.0
 70
0
  0
VERTEX
  5
C15
  8
LOGO
 10
17.378358573522227
 20
-2.268808011724474
 30
0.0
 70
0
  0
VERTEX
  5
C16
  8
LOGO
 10
17.475525158768928
 20
-2.291670737664875
 30
0.0
 70
0
  0
VERTEX
  5
C17
  8
LOGO
 10
17.5771372740596
 20
-2.310723009281875
 30
0.0
 70
0
  0
VERTEX
  5
C18
  8
LOGO
 10
17.683829995114802
 20
-2.3272349780166093
 30
0.0
 70
0
  0
VERTEX
  5
C19
  8
LOGO
 10
17.79496824621397
 20
-2.339301416707376
 30
0.0
 70
0
  0
VERTEX
  5
C1A
  8
LOGO
 10
17.86736687835857
 20
-2.345652173913043
 30
0.0
 70
0
  0
VERTEX
  5
C1B
  8
LOGO
 10
17.94294088910601
 20
-2.350732779677576
 30
0.0
 70
0
  0
VERTEX
  5
C1C
  8
LOGO
 10
18.026135808500243
 20
-2.3545432340009764
 30
0.0
 70
0
  0
VERTEX
  5
C1D
  8
LOGO
 10
18.120127015144114
 20
-2.3577186126038097
 30
0.0
 70
0
  0
VERTEX
  5
C1E
  8
LOGO
 10
18.228724963361014
 20
-2.35962383976551
 30
0.0
 70
0
  0
VERTEX
  5
C1F
  8
LOGO
 10
18.355105031753784
 20
-2.3608939912066433
 30
0.0
 70
0
  0
VERTEX
  5
C20
  8
LOGO
 10
18.50371275036639
 20
-2.3615290669272095
 30
0.0
 70
0
  0
VERTEX
  5
C21
  8
LOGO
 10
18.677723497801658
 20
-2.3615290669272095
 30
0.0
 70
0
  0
VERTEX
  5
C22
  8
LOGO
 10
18.998436736687836
 20
-2.3602589154860762
 30
0.0
 70
0
  0
VERTEX
  5
C23
  8
LOGO
 10
19.26389838788471
 20
-2.357083536883243
 30
0.0
 70
0
  0
VERTEX
  5
C24
  8
LOGO
 10
19.482999511480212
 20
-2.3526380068392765
 30
0.0
 70
0
  0
VERTEX
  5
C25
  8
LOGO
 10
19.66526624328285
 20
-2.345652173913043
 30
0.0
 70
0
  0
VERTEX
  5
C26
  8
LOGO
 10
19.818319491939423
 20
-2.335490962383976
 30
0.0
 70
0
  0
VERTEX
  5
C27
  8
LOGO
 10
19.952320468978993
 20
-2.3227894479726423
 30
0.0
 70
0
  0
VERTEX
  5
C28
  8
LOGO
 10
20.076160234489496
 20
-2.3062774792379086
 30
0.0
 70
0
  0
VERTEX
  5
C29
  8
LOGO
 10
20.1980947728383
 20
-2.285319980459208
 30
0.0
 70
0
  0
VERTEX
  5
C2A
  8
LOGO
 10
20.2609672691744
 20
-2.272618466047874
 30
0.0
 70
0
  0
VERTEX
  5
C2B
  8
LOGO
 10
20.32066438690767
 20
-2.259281875915974
 30
0.0
 70
0
  0
VERTEX
  5
C2C
  8
LOGO
 10
20.376551050317538
 20
-2.2446751343429403
 30
0.0
 70
0
  0
VERTEX
  5
C2D
  8
LOGO
 10
20.427992183683436
 20
-2.22943331704934
 30
0.0
 70
0
  0
VERTEX
  5
C2E
  8
LOGO
 10
20.47498778700537
 20
-2.213556424035173
 30
0.0
 70
0
  0
VERTEX
  5
C2F
  8
LOGO
 10
20.516267708842207
 20
-2.197044455300439
 30
0.0
 70
0
  0
VERTEX
  5
C30
  8
LOGO
 10
20.55183194919394
 20
-2.181167562286272
 30
0.0
 70
0
  0
VERTEX
  5
C31
  8
LOGO
 10
20.58104543234001
 20
-2.1646555935515384
 30
0.0
 70
0
  0
VERTEX
  5
C32
  8
LOGO
 10
20.602638006839275
 20
-2.149413776257938
 30
0.0
 70
0
  0
VERTEX
  5
C33
  8
LOGO
 10
20.62105520273571
 20
-2.133536883243771
 30
0.0
 70
0
  0
VERTEX
  5
C34
  8
LOGO
 10
20.637567171470444
 20
-2.1163898387884705
 30
0.0
 70
0
  0
VERTEX
  5
C35
  8
LOGO
 10
20.650903761602343
 20
-2.098607718612603
 30
0.0
 70
0
  0
VERTEX
  5
C36
  8
LOGO
 10
20.66106497313141
 20
-2.0801905227161694
 30
0.0
 70
0
  0
VERTEX
  5
C37
  8
LOGO
 10
20.66868588177821
 20
-2.061138251099169
 30
0.0
 70
0
  0
VERTEX
  5
C38
  8
LOGO
 10
20.673131411822176
 20
-2.042085979482169
 30
0.0
 70
0
  0
VERTEX
  5
C39
  8
LOGO
 10
20.675036638983876
 20
-2.021763556424035
 30
0.0
 70
0
  0
VERTEX
  5
C3A
  8
LOGO
 10
20.673766487542743
 20
-2.0096971177332676
 30
0.0
 70
0
  0
VERTEX
  5
C3B
  8
LOGO
 10
20.669956033219343
 20
-1.9957254518808007
 30
0.0
 70
0
  0
VERTEX
  5
C3C
  8
LOGO
 10
20.663605276013676
 20
-1.9804836345872
 30
0.0
 70
0
  0
VERTEX
  5
C3D
  8
LOGO
 10
20.65534929164631
 20
-1.964606741573033
 30
0.0
 70
0
  0
VERTEX
  5
C3E
  8
LOGO
 10
20.645188080117244
 20
-1.948729848558866
 30
0.0
 70
0
  0
VERTEX
  5
C3F
  8
LOGO
 10
20.633121641426477
 20
-1.932852955544699
 30
0.0
 70
0
  0
VERTEX
  5
C40
  8
LOGO
 10
20.619785051294574
 20
-1.9176111382510987
 30
0.0
 70
0
  0
VERTEX
  5
C41
  8
LOGO
 10
20.60517830972154
 20
-1.9030043966780648
 30
0.0
 70
0
  0
VERTEX
  5
C42
  8
LOGO
 10
20.58295065950171
 20
-1.8839521250610645
 30
0.0
 70
0
  0
VERTEX
  5
C43
  8
LOGO
 10
20.54802149487054
 20
-1.8553737176355636
 30
0.0
 70
0
  0
VERTEX
  5
C44
  8
LOGO
 10
20.501025891548608
 20
-1.8191744015632627
 30
0.0
 70
0
  0
VERTEX
  5
C45
  8
LOGO
 10
20.442598925256473
 20
-1.7747191011235948
 30
0.0
 70
0
  0
VERTEX
  5
C46
  8
LOGO
 10
20.374645823155838
 20
-1.7239130434782601
 30
0.0
 70
0
  0
VERTEX
  5
C47
  8
LOGO
 10
20.297801660967266
 20
-1.6667562286272588
 30
0.0
 70
0
  0
VERTEX
  5
C48
  8
LOGO
 10
20.212701514411332
 20
-1.6038837322911572
 30
0.0
 70
0
  0
VERTEX
  5
C49
  8
LOGO
 10
20.1199804592086
 20
-1.536565705911089
 30
0.0
 70
0
  0
VERTEX
  5
C4A
  8
LOGO
 10
19.918661455788957
 20
-1.3904982901807519
 30
0.0
 70
0
  0
VERTEX
  5
C4B
  8
LOGO
 10
19.75925744992672
 20
-1.2730092818759156
 30
0.0
 70
0
  0
VERTEX
  5
C4C
  8
LOGO
 10
19.634147532975085
 20
-1.1802882266731796
 30
0.0
 70
0
  0
VERTEX
  5
C4D
  8
LOGO
 10
19.537616023448948
 20
-1.1059843673668777
 30
0.0
 70
0
  0
VERTEX
  5
C4E
  8
LOGO
 10
19.462042012701513
 20
-1.0456521739130429
 30
0.0
 70
0
  0
VERTEX
  5
C4F
  8
LOGO
 10
19.401709819247678
 20
-0.9935759648265751
 30
0.0
 70
0
  0
VERTEX
  5
C50
  8
LOGO
 10
19.350268685881776
 20
-0.9446751343429405
 30
0.0
 70
0
  0
VERTEX
  5
C51
  8
LOGO
 10
19.300097703957007
 20
-0.8945041524181724
 30
0.0
 70
0
  0
VERTEX
  5
C52
  8
LOGO
 10
19.27342452369321
 20
-0.8665608207132385
 30
0.0
 70
0
  0
VERTEX
  5
C53
  8
LOGO
 10
19.249926722032242
 20
-0.839252564728871
 30
0.0
 70
0
  0
VERTEX
  5
C54
  8
LOGO
 10
19.22896922325354
 20
-0.8132144601856373
 30
0.0
 70
0
  0
VERTEX
  5
C55
  8
LOGO
 10
19.20991695163654
 20
-0.7878114313629699
 30
0.0
 70
0
  0
VERTEX
  5
C56
  8
LOGO
 10
19.193404982901807
 20
-0.7624084025403026
 30
0.0
 70
0
  0
VERTEX
  5
C57
  8
LOGO
 10
19.17879824132877
 20
-0.7376404494382017
 30
0.0
 70
0
  0
VERTEX
  5
C58
  8
LOGO
 10
19.166096726917438
 20
-0.7122374206155344
 30
0.0
 70
0
  0
VERTEX
  5
C59
  8
LOGO
 10
19.155300439667805
 20
-0.6861993160723007
 30
0.0
 70
0
  0
VERTEX
  5
C5A
  8
LOGO
 10
19.149584758182705
 20
-0.6722276502198332
 30
0.0
 70
0
  0
VERTEX
  5
C5B
  8
LOGO
 10
19.14513922813874
 20
-0.6588910600879332
 30
0.0
 70
0
  0
VERTEX
  5
C5C
  8
LOGO
 10
19.14132877381534
 20
-0.6474596971177328
 30
0.0
 70
0
  0
VERTEX
  5
C5D
  8
LOGO
 10
19.138788470933072
 20
-0.6360283341475325
 30
0.0
 70
0
  0
VERTEX
  5
C5E
  8
LOGO
 10
19.13751831949194
 20
-0.6239618954567656
 30
0.0
 70
0
  0
VERTEX
  5
C5F
  8
LOGO
 10
19.136248168050805
 20
-0.6106253053248651
 30
0.0
 70
0
  0
VERTEX
  5
C60
  8
LOGO
 10
19.13561309233024
 20
-0.5953834880312648
 30
0.0
 70
0
  0
VERTEX
  5
C61
  8
LOGO
 10
19.13561309233024
 20
-0.5776013678553976
 30
0.0
 70
0
  0
VERTEX
  5
C62
  8
LOGO
 10
19.13561309233024
 20
-0.5598192476795305
 30
0.0
 70
0
  0
VERTEX
  5
C63
  8
LOGO
 10
19.13561309233024
 20
-0.5445774303859302
 30
0.0
 70
0
  0
VERTEX
  5
C64
  8
LOGO
 10
19.136883243771372
 20
-0.5312408402540297
 30
0.0
 70
0
  0
VERTEX
  5
C65
  8
LOGO
 10
19.138153395212505
 20
-0.5191744015632629
 30
0.0
 70
0
  0
VERTEX
  5
C66
  8
LOGO
 10
19.140693698094772
 20
-0.5077430385930626
 30
0.0
 70
0
  0
VERTEX
  5
C67
  8
LOGO
 10
19.143869076697605
 20
-0.49567659990229573
 30
0.0
 70
0
  0
VERTEX
  5
C68
  8
LOGO
 10
19.14831460674157
 20
-0.4823400097703952
 30
0.0
 70
0
  0
VERTEX
  5
C69
  8
LOGO
 10
19.153395212506105
 20
-0.46773326819736183
 30
0.0
 70
0
  0
VERTEX
  5
C6A
  8
LOGO
 10
19.15784074255007
 20
-0.4569369809477279
 30
0.0
 70
0
  0
VERTEX
  5
C6B
  8
LOGO
 10
19.162921348314605
 20
-0.44423546653639423
 30
0.0
 70
0
  0
VERTEX
  5
C6C
  8
LOGO
 10
19.168637029799704
 20
-0.43153395212506057
 30
0.0
 70
0
  0
VERTEX
  5
C6D
  8
LOGO
 10
19.175622862725938
 20
-0.41819736199316015
 30
0.0
 70
0
  0
VERTEX
  5
C6E
  8
LOGO
 10
19.182608695652174
 20
-0.4048607718612596
 30
0.0
 70
0
  0
VERTEX
  5
C6F
  8
LOGO
 10
19.189594528578407
 20
-0.39215925744992597
 30
0.0
 70
0
  0
VERTEX
  5
C70
  8
LOGO
 10
19.19658036150464
 20
-0.3800928187591592
 30
0.0
 70
0
  0
VERTEX
  5
C71
  8
LOGO
 10
19.203566194430874
 20
-0.36929653150952596
 30
0.0
 70
0
  0
VERTEX
  5
C72
  8
LOGO
 10
19.23277967757694
 20
-0.3280166096726916
 30
0.0
 70
0
  0
VERTEX
  5
C73
  8
LOGO
 10
19.26897899364924
 20
-0.28610161211529034
 30
0.0
 70
0
  0
VERTEX
  5
C74
  8
LOGO
 10
19.311529066927207
 20
-0.24228138739618937
 30
0.0
 70
0
  0
VERTEX
  5
C75
  8
LOGO
 10
19.359794821690276
 20
-0.1984611626770877
 30
0.0
 70
0
  0
VERTEX
  5
C76
  8
LOGO
 10
19.41441133365901
 20
-0.1533707865168538
 30
0.0
 70
0
  0
VERTEX
  5
C77
  8
LOGO
 10
19.473473375671713
 20
-0.10828041035661916
 30
0.0
 70
0
  0
VERTEX
  5
C78
  8
LOGO
 10
19.538251099169514
 20
-0.0625549584758177
 30
0.0
 70
0
  0
VERTEX
  5
C79
  8
LOGO
 10
19.60810942843185
 20
-0.01746458231558306
 30
0.0
 70
0
  0
VERTEX
  5
C7A
  8
LOGO
 10
19.662725940400584
 20
0.01555935515388402
 30
0.0
 70
0
  0
VERTEX
  5
C7B
  8
LOGO
 10
19.720517830972152
 20
0.049853444064484755
 30
0.0
 70
0
  0
VERTEX
  5
C7C
  8
LOGO
 10
19.783390327308254
 20
0.08605276013678598
 30
0.0
 70
0
  0
VERTEX
  5
C7D
  8
LOGO
 10
19.85324865657059
 20
0.12479237909135378
 30
0.0
 70
0
  0
VERTEX
  5
C7E
  8
LOGO
 10
19.931998045920857
 20
0.16734245236932108
 30
0.0
 70
0
  0
VERTEX
  5
C7F
  8
LOGO
 10
20.020273571079628
 20
0.21370297997068938
 30
0.0
 70
0
  0
VERTEX
  5
C80
  8
LOGO
 10
20.1199804592086
 20
0.2657791890571569
 30
0.0
 70
0
  0
VERTEX
  5
C81
  8
LOGO
 10
20.23365901319003
 20
0.32420615534929204
 30
0.0
 70
0
  0
VERTEX
  5
C82
  8
LOGO
 10
20.38925256472887
 20
0.40422569614069426
 30
0.0
 70
0
  0
VERTEX
  5
C83
  8
LOGO
 10
20.520713238886174
 20
0.4715437225207628
 30
0.0
 70
0
  0
VERTEX
  5
C84
  8
LOGO
 10
20.629946262823644
 20
0.5274303859306306
 30
0.0
 70
0
  0
VERTEX
  5
C85
  8
LOGO
 10
20.718856863702978
 20
0.5731558378114321
 30
0.0
 70
0
  0
VERTEX
  5
C86
  8
LOGO
 10
20.789985344406446
 20
0.6106253053248661
 30
0.0
 70
0
  0
VERTEX
  5
C87
  8
LOGO
 10
20.845236932095748
 20
0.6392037127503669
 30
0.0
 70
0
  0
VERTEX
  5
C88
  8
LOGO
 10
20.886516853932584
 20
0.6614313629702008
 30
0.0
 70
0
  0
VERTEX
  5
C89
  8
LOGO
 10
20.916365412799216
 20
0.6779433317049348
 30
0.0
 70
0
  0
VERTEX
  5
C8A
  8
LOGO
 10
20.99829018075232
 20
0.7249389350268691
 30
0.0
 70
0
  0
VERTEX
  5
C8B
  8
LOGO
 10
21.068783585735222
 20
0.7668539325842704
 30
0.0
 70
0
  0
VERTEX
  5
C8C
  8
LOGO
 10
21.13038593063019
 20
0.8055935515388375
 30
0.0
 70
0
  0
VERTEX
  5
C8D
  8
LOGO
 10
21.18373229115779
 20
0.8411577918905718
 30
0.0
 70
0
  0
VERTEX
  5
C8E
  8
LOGO
 10
21.230727894479724
 20
0.8754518808011725
 30
0.0
 70
0
  0
VERTEX
  5
C8F
  8
LOGO
 10
21.273277967757693
 20
0.909745969711774
 30
0.0
 70
0
  0
VERTEX
  5
C90
  8
LOGO
 10
21.313287738153395
 20
0.9446751343429416
 30
0.0
 70
0
  0
VERTEX
  5
C91
  8
LOGO
 10
21.35202735710796
 20
0.9815095261358089
 30
0.0
 70
0
  0
VERTEX
  5
C92
  8
LOGO
 10
21.374890083048363
 20
1.0043722520762097
 30
0.0
 70
0
  0
VERTEX
  5
C93
  8
LOGO
 10
21.393307278944796
 20
1.02342452369321
 30
0.0
 70
0
  0
VERTEX
  5
C94
  8
LOGO
 10
21.408549096238396
 20
1.039936492427944
 30
0.0
 70
0
  0
VERTEX
  5
C95
  8
LOGO
 10
21.420615534929162
 20
1.0545432340009775
 30
0.0
 70
0
  0
VERTEX
  5
C96
  8
LOGO
 10
21.43077674645823
 20
1.0685148998534446
 30
0.0
 70
0
  0
VERTEX
  5
C97
  8
LOGO
 10
21.44030288226673
 20
1.0824865657059113
 30
0.0
 70
0
  0
VERTEX
  5
C98
  8
LOGO
 10
21.448558866634098
 20
1.0983634587200783
 30
0.0
 70
0
  0
VERTEX
  5
C99
  8
LOGO
 10
21.458085002442598
 20
1.116145578895946
 30
0.0
 70
0
  0
VERTEX
  5
C9A
  8
LOGO
 10
21.463800683927698
 20
1.1282120175867127
 30
0.0
 70
0
  0
VERTEX
  5
C9B
  8
LOGO
 10
21.469516365412797
 20
1.1415486077186132
 30
0.0
 70
0
  0
VERTEX
  5
C9C
  8
LOGO
 10
21.475232046897897
 20
1.154885197850513
 30
0.0
 70
0
  0
VERTEX
  5
C9D
  8
LOGO
 10
21.48031265266243
 20
1.1682217879824135
 30
0.0
 70
0
  0
VERTEX
  5
C9E
  8
LOGO
 10
21.485393258426964
 20
1.180923302393747
 30
0.0
 70
0
  0
VERTEX
  5
C9F
  8
LOGO
 10
21.489203712750367
 20
1.1923546653639479
 30
0.0
 70
0
  0
VERTEX
  5
CA0
  8
LOGO
 10
21.4923790913532
 20
1.2025158768930142
 30
0.0
 70
0
  0
VERTEX
  5
CA1
  8
LOGO
 10
21.4942843185149
 20
1.2114069369809484
 30
0.0
 70
0
  0
VERTEX
  5
CA2
  8
LOGO
 10
21.498729848558867
 20
1.2406204201270152
 30
0.0
 70
0
  0
VERTEX
  5
CA3
  8
LOGO
 10
21.5
 20
1.2755495847581828
 30
0.0
 70
0
  0
VERTEX
  5
CA4
  8
LOGO
 10
21.498729848558867
 20
1.3136541279921838
 30
0.0
 70
0
  0
VERTEX
  5
CA5
  8
LOGO
 10
21.495554469956033
 20
1.3542989741084521
 30
0.0
 70
0
  0
VERTEX
  5
CA6
  8
LOGO
 10
21.48983878847093
 20
1.3955788959452864
 30
0.0
 70
0
  0
VERTEX
  5
CA7
  8
LOGO
 10
21.48221787982413
 20
1.4362237420615538
 30
0.0
 70
0
  0
VERTEX
  5
CA8
  8
LOGO
 10
21.47269174401563
 20
1.474328285295555
 30
0.0
 70
0
  0
VERTEX
  5
CA9
  8
LOGO
 10
21.46126038104543
 20
1.5086223742061557
 30
0.0
 70
0
  0
VERTEX
  5
CAA
  8
LOGO
 10
21.453004396678065
 20
1.5283097215437231
 30
0.0
 70
0
  0
VERTEX
  5
CAB
  8
LOGO
 10
21.44220810942843
 20
1.5524425989252566
 30
0.0
 70
0
  0
VERTEX
  5
CAC
  8
LOGO
 10
21.42887151929653
 20
1.578480703468491
 30
0.0
 70
0
  0
VERTEX
  5
CAD
  8
LOGO
 10
21.414899853444062
 20
1.6064240351734247
 30
0.0
 70
0
  0
VERTEX
  5
CAE
  8
LOGO
 10
21.399658036150463
 20
1.6343673668783587
 30
0.0
 70
0
  0
VERTEX
  5
CAF
  8
LOGO
 10
21.384416218856863
 20
1.6604054714215926
 30
0.0
 70
0
  0
VERTEX
  5
CB0
  8
LOGO
 10
21.370444553004397
 20
1.6845383488031271
 30
0.0
 70
0
  0
VERTEX
  5
CB1
  8
LOGO
 10
21.35774303859306
 20
1.7035906204201274
 30
0.0
 70
0
  0
VERTEX
  5
CB2
  8
LOGO
 10
21.32344894968246
 20
1.7512212994626288
 30
0.0
 70
0
  0
VERTEX
  5
CB3
  8
LOGO
 10
21.288519785051292
 20
1.7963116756228628
 30
0.0
 70
0
  0
VERTEX
  5
CB4
  8
LOGO
 10
21.25295554469956
 20
1.838226673180264
 30
0.0
 70
0
  0
VERTEX
  5
CB5
  8
LOGO
 10
21.21612115290669
 20
1.8788715192965315
 30
0.0
 70
0
  0
VERTEX
  5
CB6
  8
LOGO
 10
21.17801660967269
 20
1.9169760625305323
 30
0.0
 70
0
  0
VERTEX
  5
CB7
  8
LOGO
 10
21.13800683927699
 20
1.9531753786028339
 30
0.0
 70
0
  0
VERTEX
  5
CB8
  8
LOGO
 10
21.096726917440154
 20
1.9881045432340012
 30
0.0
 70
0
  0
VERTEX
  5
CB9
  8
LOGO
 10
21.052906692721052
 20
2.0217635564240353
 30
0.0
 70
0
  0
VERTEX
  5
CBA
  8
LOGO
 10
21.039570102589153
 20
2.0312896922325354
 30
0.0
 70
0
  0
VERTEX
  5
CBB
  8
LOGO
 10
21.024328285295553
 20
2.041450903761602
 30
0.0
 70
0
  0
VERTEX
  5
CBC
  8
LOGO
 10
21.007181240840254
 20
2.0522471910112365
 30
0.0
 70
0
  0
VERTEX
  5
CBD
  8
LOGO
 10
20.989399120664384
 20
2.0636785539814366
 30
0.0
 70
0
  0
VERTEX
  5
CBE
  8
LOGO
 10
20.970346849047385
 20
2.075109916951637
 30
0.0
 70
0
  0
VERTEX
  5
CBF
  8
LOGO
 10
20.951929653150952
 20
2.08590620420127
 30
0.0
 70
0
  0
VERTEX
  5
CC0
  8
LOGO
 10
20.93351245725452
 20
2.0954323400097707
 30
0.0
 70
0
  0
VERTEX
  5
CC1
  8
LOGO
 10
20.916365412799216
 20
2.104958475818271
 30
0.0
 70
0
  0
VERTEX
  5
CC2
  8
LOGO
 10
20.850952613580848
 20
2.1354421104054717
 30
0.0
 70
0
  0
VERTEX
  5
CC3
  8
LOGO
 10
20.786174890083046
 20
2.162115290669272
 30
0.0
 70
0
  0
VERTEX
  5
CC4
  8
LOGO
 10
20.72012701514411
 20
2.1837078651685395
 30
0.0
 70
0
  0
VERTEX
  5
CC5
  8
LOGO
 10
20.652808988764043
 20
2.20085490962384
 30
0.0
 70
0
  0
VERTEX
  5
CC6
  8
LOGO
 10
20.583585735222275
 20
2.2135564240351737
 30
0.0
 70
0
  0
VERTEX
  5
CC7
  8
LOGO
 10
20.511187103077674
 20
2.222447484123107
 30
0.0
 70
0
  0
VERTEX
  5
CC8
  8
LOGO
 10
20.435613092330236
 20
2.2275280898876413
 30
0.0
 70
0
  0
VERTEX
  5
CC9
  8
LOGO
 10
20.355593551538835
 20
2.2281631656082075
 30
0.0
 70
0
  0
VERTEX
  5
CCA
  8
LOGO
 10
20.333365901319002
 20
2.2281631656082075
 30
0.0
 70
0
  0
VERTEX
  5
CCB
  8
LOGO
 10
20.31113825109917
 20
2.2275280898876413
 30
0.0
 70
0
  0
VERTEX
  5
CCC
  8
LOGO
 10
20.2895456765999
 20
2.2275280898876413
 30
0.0
 70
0
  0
VERTEX
  5
CCD
  8
LOGO
 10
20.269858329262334
 20
2.226893014167074
 30
0.0
 70
0
  0
VERTEX
  5
CCE
  8
LOGO
 10
20.252711284807035
 20
2.2262579384465075
 30
0.0
 70
0
  0
VERTEX
  5
CCF
  8
LOGO
 10
20.23746946751343
 20
2.2262579384465075
 30
0.0
 70
0
  0
VERTEX
  5
CD0
  8
LOGO
 10
20.226038104543232
 20
2.225622862725941
 30
0.0
 70
0
  0
SEQEND
  5
BB8
  8
LOGO
  0
POLYLINE
  5
CD1
  8
LOGO
 66
1
 10
0.0
 20
0.0
 30
0.0
 70
1
  0
VERTEX
  5
CD3
  8
LOGO
 10
20.403859306301904
 20
1.762652662432829
 30
0.0
 70
0
  0
VERTEX
  5
CD4
  8
LOGO
 10
20.418466047874936
 20
1.7582071323888617
 30
0.0
 70
0
  0
VERTEX
  5
CD5
  8
LOGO
 10
20.43307278944797
 20
1.7531265266243286
 30
0.0
 70
0
  0
VERTEX
  5
CD6
  8
LOGO
 10
20.446409379579872
 20
1.7467757694186619
 30
0.0
 70
0
  0
VERTEX
  5
CD7
  8
LOGO
 10
20.459745969711772
 20
1.739789936492428
 30
0.0
 70
0
  0
VERTEX
  5
CD8
  8
LOGO
 10
20.47181240840254
 20
1.7321690278456283
 30
0.0
 70
0
  0
VERTEX
  5
CD9
  8
LOGO
 10
20.483878847093305
 20
1.723913043478261
 30
0.0
 70
0
  0
VERTEX
  5
CDA
  8
LOGO
 10
20.49467513434294
 20
1.7143869076697609
 30
0.0
 70
0
  0
VERTEX
  5
CDB
  8
LOGO
 10
20.504836345872008
 20
1.7048607718612605
 30
0.0
 70
0
  0
VERTEX
  5
CDC
  8
LOGO
 10
20.508646800195407
 20
1.7004152418172942
 30
0.0
 70
0
  0
VERTEX
  5
CDD
  8
LOGO
 10
20.513092330239374
 20
1.6946995603321935
 30
0.0
 70
0
  0
VERTEX
  5
CDE
  8
LOGO
 10
20.51753786028334
 20
1.6877137274059604
 30
0.0
 70
0
  0
VERTEX
  5
CDF
  8
LOGO
 10
20.521983390327307
 20
1.6807278944797268
 30
0.0
 70
0
  0
VERTEX
  5
CE0
  8
LOGO
 10
20.526428920371274
 20
1.6724719101123595
 30
0.0
 70
0
  0
VERTEX
  5
CE1
  8
LOGO
 10
20.531509526135807
 20
1.6648510014655598
 30
0.0
 70
0
  0
VERTEX
  5
CE2
  8
LOGO
 10
20.535319980459207
 20
1.6565950170981925
 30
0.0
 70
0
  0
VERTEX
  5
CE3
  8
LOGO
 10
20.539130434782606
 20
1.648339032730826
 30
0.0
 70
0
  0
VERTEX
  5
CE4
  8
LOGO
 10
20.54421104054714
 20
1.6369076697606257
 30
0.0
 70
0
  0
VERTEX
  5
CE5
  8
LOGO
 10
20.54802149487054
 20
1.626746458231559
 30
0.0
 70
0
  0
VERTEX
  5
CE6
  8
LOGO
 10
20.551196873473373
 20
1.6172203224230586
 30
0.0
 70
0
  0
VERTEX
  5
CE7
  8
LOGO
 10
20.55373717635564
 20
1.6076941866145584
 30
0.0
 70
0
  0
VERTEX
  5
CE8
  8
LOGO
 10
20.555007327796773
 20
1.5975329750854914
 30
0.0
 70
0
  0
VERTEX
  5
CE9
  8
LOGO
 10
20.556277479237906
 20
1.586101612115291
 30
0.0
 70
0
  0
VERTEX
  5
CEA
  8
LOGO
 10
20.556277479237906
 20
1.5734000977039577
 30
0.0
 70
0
  0
VERTEX
  5
CEB
  8
LOGO
 10
20.556277479237906
 20
1.5581582804103566
 30
0.0
 70
0
  0
VERTEX
  5
CEC
  8
LOGO
 10
20.556277479237906
 20
1.5422813873961896
 30
0.0
 70
0
  0
VERTEX
  5
CED
  8
LOGO
 10
20.555642403517343
 20
1.5289447972642898
 30
0.0
 70
0
  0
VERTEX
  5
CEE
  8
LOGO
 10
20.554372252076206
 20
1.518148510014656
 30
0.0
 70
0
  0
VERTEX
  5
CEF
  8
LOGO
 10
20.553102100635073
 20
1.507352222765022
 30
0.0
 70
0
  0
VERTEX
  5
CF0
  8
LOGO
 10
20.54992672203224
 20
1.4978260869565219
 30
0.0
 70
0
  0
VERTEX
  5
CF1
  8
LOGO
 10
20.546751343429406
 20
1.4876648754274555
 30
0.0
 70
0
  0
VERTEX
  5
CF2
  8
LOGO
 10
20.541670737664873
 20
1.4768685881778216
 30
0.0
 70
0
  0
VERTEX
  5
CF3
  8
LOGO
 10
20.535955056179773
 20
1.4648021494870547
 30
0.0
 70
0
  0
VERTEX
  5
CF4
  8
LOGO
 10
20.527699071812407
 20
1.4489252564728876
 30
0.0
 70
0
  0
VERTEX
  5
CF5
  8
LOGO
 10
20.518172936003907
 20
1.4343185148998536
 30
0.0
 70
0
  0
VERTEX
  5
CF6
  8
LOGO
 10
20.507376648754274
 20
1.420346849047387
 30
0.0
 70
0
  0
VERTEX
  5
CF7
  8
LOGO
 10
20.495310210063508
 20
1.4070102589154865
 30
0.0
 70
0
  0
VERTEX
  5
CF8
  8
LOGO
 10
20.48260869565217
 20
1.3949438202247195
 30
0.0
 70
0
  0
VERTEX
  5
CF9
  8
LOGO
 10
20.46800195407914
 20
1.383512457254519
 30
0.0
 70
0
  0
VERTEX
  5
CFA
  8
LOGO
 10
20.453395212506106
 20
1.3733512457254526
 30
0.0
 70
0
  0
VERTEX
  5
CFB
  8
LOGO
 10
20.436883243771373
 20
1.3638251099169525
 30
0.0
 70
0
  0
VERTEX
  5
CFC
  8
LOGO
 10
20.42926233512457
 20
1.360014655593552
 30
0.0
 70
0
  0
VERTEX
  5
CFD
  8
LOGO
 10
20.42164142647777
 20
1.3568392769907187
 30
0.0
 70
0
  0
VERTEX
  5
CFE
  8
LOGO
 10
20.413385442110403
 20
1.3542989741084521
 30
0.0
 70
0
  0
VERTEX
  5
CFF
  8
LOGO
 10
20.405129457743037
 20
1.3523937469467515
 30
0.0
 70
0
  0
VERTEX
  5
D00
  8
LOGO
 10
20.394333170493404
 20
1.3511235955056187
 30
0.0
 70
0
  0
VERTEX
  5
D01
  8
LOGO
 10
20.382901807523204
 20
1.350488519785052
 30
0.0
 70
0
  0
VERTEX
  5
D02
  8
LOGO
 10
20.36829506595017
 20
1.349853444064485
 30
0.0
 70
0
  0
VERTEX
  5
D03
  8
LOGO
 10
20.35114802149487
 20
1.349853444064485
 30
0.0
 70
0
  0
VERTEX
  5
D04
  8
LOGO
 10
20.33400097703957
 20
1.349853444064485
 30
0.0
 70
0
  0
VERTEX
  5
D05
  8
LOGO
 10
20.319394235466536
 20
1.350488519785052
 30
0.0
 70
0
  0
VERTEX
  5
D06
  8
LOGO
 10
20.307327796775766
 20
1.3511235955056187
 30
0.0
 70
0
  0
VERTEX
  5
D07
  8
LOGO
 10
20.296531509526133
 20
1.3523937469467515
 30
0.0
 70
0
  0
VERTEX
  5
D08
  8
LOGO
 10
20.2876404494382
 20
1.3542989741084521
 30
0.0
 70
0
  0
VERTEX
  5
D09
  8
LOGO
 10
20.279384465070834
 20
1.3568392769907187
 30
0.0
 70
0
  0
VERTEX
  5
D0A
  8
LOGO
 10
20.271763556424034
 20
1.3606497313141188
 30
0.0
 70
0
  0
VERTEX
  5
D0B
  8
LOGO
 10
20.263507572056668
 20
1.3644601856375185
 30
0.0
 70
0
  0
VERTEX
  5
D0C
  8
LOGO
 10
20.2476306790425
 20
1.3739863214460188
 30
0.0
 70
0
  0
VERTEX
  5
D0D
  8
LOGO
 10
20.2323888617489
 20
1.3841475329750856
 30
0.0
 70
0
  0
VERTEX
  5
D0E
  8
LOGO
 10
20.217782120175865
 20
1.3962139716658526
 30
0.0
 70
0
  0
VERTEX
  5
D0F
  8
LOGO
 10
20.204445530043966
 20
1.4089154860771864
 30
0.0
 70
0
  0
VERTEX
  5
D10
  8
LOGO
 10
20.191744015632633
 20
1.4228871519296535
 30
0.0
 70
0
  0
VERTEX
  5
D11
  8
LOGO
 10
20.18031265266243
 20
1.4368588177821209
 30
0.0
 70
0
  0
VERTEX
  5
D12
  8
LOGO
 10
20.17078651685393
 20
1.4514655593551542
 30
0.0
 70
0
  0
VERTEX
  5
D13
  8
LOGO
 10
20.162530532486564
 20
1.4667073766487544
 30
0.0
 70
0
  0
VERTEX
  5
D14
  8
LOGO
 10
20.15744992672203
 20
1.4775036638983885
 30
0.0
 70
0
  0
VERTEX
  5
D15
  8
LOGO
 10
20.153004396678064
 20
1.4870297997068884
 30
0.0
 70
0
  0
VERTEX
  5
D16
  8
LOGO
 10
20.14982901807523
 20
1.4965559355153888
 30
0.0
 70
0
  0
VERTEX
  5
D17
  8
LOGO
 10
20.14792379091353
 20
1.506717147044456
 30
0.0
 70
0
  0
VERTEX
  5
D18
  8
LOGO
 10
20.14601856375183
 20
1.5168783585735224
 30
0.0
 70
0
  0
VERTEX
  5
D19
  8
LOGO
 10
20.145383488031264
 20
1.529579872984856
 30
0.0
 70
0
  0
VERTEX
  5
D1A
  8
LOGO
 10
20.144748412310697
 20
1.5448216902784568
 30
0.0
 70
0
  0
VERTEX
  5
D1B
  8
LOGO
 10
20.144748412310697
 20
1.5626038104543238
 30
0.0
 70
0
  0
VERTEX
  5
D1C
  8
LOGO
 10
20.144748412310697
 20
1.5797508549096244
 30
0.0
 70
0
  0
VERTEX
  5
D1D
  8
LOGO
 10
20.145383488031264
 20
1.594357596482658
 30
0.0
 70
0
  0
VERTEX
  5
D1E
  8
LOGO
 10
20.14601856375183
 20
1.6064240351734247
 30
0.0
 70
0
  0
VERTEX
  5
D1F
  8
LOGO
 10
20.147288715192964
 20
1.6165852467024917
 30
0.0
 70
0
  0
VERTEX
  5
D20
  8
LOGO
 10
20.149193942354664
 20
1.6254763067904254
 30
0.0
 70
0
  0
VERTEX
  5
D21
  8
LOGO
 10
20.15173424523693
 20
1.6337322911577925
 30
0.0
 70
0
  0
VERTEX
  5
D22
  8
LOGO
 10
20.154909623839764
 20
1.641988275525159
 30
0.0
 70
0
  0
VERTEX
  5
D23
  8
LOGO
 10
20.15935515388373
 20
1.6502442598925258
 30
0.0
 70
0
  0
VERTEX
  5
D24
  8
LOGO
 10
20.16697606253053
 20
1.6635808500244262
 30
0.0
 70
0
  0
VERTEX
  5
D25
  8
LOGO
 10
20.175867122618463
 20
1.67628236443576
 30
0.0
 70
0
  0
VERTEX
  5
D26
  8
LOGO
 10
20.186028334147533
 20
1.6896189545676603
 30
0.0
 70
0
  0
VERTEX
  5
D27
  8
LOGO
 10
20.1961895456766
 20
1.7016853932584273
 30
0.0
 70
0
  0
VERTEX
  5
D28
  8
LOGO
 10
20.2076209086468
 20
1.7137518319491938
 30
0.0
 70
0
  0
VERTEX
  5
D29
  8
LOGO
 10
20.219052271617
 20
1.7245481191988281
 30
0.0
 70
0
  0
VERTEX
  5
D2A
  8
LOGO
 10
20.22984855886663
 20
1.7334391792867614
 30
0.0
 70
0
  0
VERTEX
  5
D2B
  8
LOGO
 10
20.241279921836835
 20
1.7410600879335616
 30
0.0
 70
0
  0
VERTEX
  5
D2C
  8
LOGO
 10
20.2514411333659
 20
1.7467757694186619
 30
0.0
 70
0
  0
VERTEX
  5
D2D
  8
LOGO
 10
20.264142647777234
 20
1.752491450903762
 30
0.0
 70
0
  0
VERTEX
  5
D2E
  8
LOGO
 10
20.276844162188567
 20
1.7575720566682957
 30
0.0
 70
0
  0
VERTEX
  5
D2F
  8
LOGO
 10
20.290815828041033
 20
1.7620175867122618
 30
0.0
 70
0
  0
VERTEX
  5
D30
  8
LOGO
 10
20.305422569614066
 20
1.7658280410356624
 30
0.0
 70
0
  0
VERTEX
  5
D31
  8
LOGO
 10
20.319394235466536
 20
1.7690034196384956
 30
0.0
 70
0
  0
VERTEX
  5
D32
  8
LOGO
 10
20.332730825598436
 20
1.7709086468001956
 30
0.0
 70
0
  0
VERTEX
  5
D33
  8
LOGO
 10
20.344797264289202
 20
1.7715437225207622
 30
0.0
 70
0
  0
VERTEX
  5
D34
  8
LOGO
 10
20.3505129457743
 20
1.7715437225207622
 30
0.0
 70
0
  0
VERTEX
  5
D35
  8
LOGO
 10
20.356863702979968
 20
1.7709086468001956
 30
0.0
 70
0
  0
VERTEX
  5
D36
  8
LOGO
 10
20.3638495359062
 20
1.7702735710796296
 30
0.0
 70
0
  0
VERTEX
  5
D37
  8
LOGO
 10
20.371470444553005
 20
1.7690034196384956
 30
0.0
 70
0
  0
VERTEX
  5
D38
  8
LOGO
 10
20.37972642892037
 20
1.767733268197362
 30
0.0
 70
0
  0
VERTEX
  5
D39
  8
LOGO
 10
20.387982413287737
 20
1.766463116756229
 30
0.0
 70
0
  0
VERTEX
  5
D3A
  8
LOGO
 10
20.396238397655104
 20
1.7645578895945284
 30
0.0
 70
0
  0
SEQEND
  5
CD2
  8
LOGO
  0
ENDSEC
  0
EOF
