  0
SECTION
  2
HEADER
  9
$ACADVER
  1
AC1009
  9
$DWGCODEPAGE
  3
ANSI_1252
  9
$INSBASE
 10
0.0
 20
0.0
 30
0.0
  9
$EXTMIN
 10
1e+20
 20
1e+20
 30
1e+20
  9
$EXTMAX
 10
-1e+20
 20
-1e+20
 30
-1e+20
  9
$LIMMIN
 10
0.0
 20
0.0
  9
$LIMMAX
 10
420.0
 20
297.0
  9
$ORTHOMODE
 70
0
  9
$REGENMODE
 70
1
  9
$FILLMODE
 70
1
  9
$DRAGMODE
 70
2
  9
$QTEXTMODE
 70
0
  9
$MIRRTEXT
 70
1
  9
$OSMODE
 70
20583
  9
$LTSCALE
 40
1.0
  9
$ATTMODE
 70
1
  9
$TEXTSIZE
 40
2.5
  9
$TRACEWID
 40
1.0
  9
$TEXTSTYLE
  7
Standard
  9
$CLAYER
  8
0
  9
$CELTYPE
  6
ByLayer
  9
$CECOLOR
 62
256
  9
$DIMSCALE
 40
1.0
  9
$DIMASZ
 40
2.5
  9
$DIMEXO
 40
0.625
  9
$DIMDLI
 40
3.75
  9
$DIMRND
 40
0.0
  9
$DIMDLE
 40
0.0
  9
$DIMEXE
 40
1.25
  9
$DIMTP
 40
0.0
  9
$DIMTM
 40
0.0
  9
$DIMTXT
 40
2.5
  9
$DIMCEN
 40
2.5
  9
$DIMTSZ
 40
0.0
  9
$DIMTOL
 70
0
  9
$DIMLIM
 70
0
  9
$DIMTIH
 70
0
  9
$DIMTOH
 70
0
  9
$DIMSE1
 70
0
  9
$DIMSE2
 70
0
  9
$DIMTAD
 70
1
  9
$DIMZIN
 70
8
  9
$DIMBLK
  1

  9
$DIMASO
 70
1
  9
$DIMSHO
 70
1
  9
$DIMPOST
  1

  9
$DIMAPOST
  1

  9
$DIMALT
 70
0
  9
$DIMALTD
 70
3
  9
$DIMALTF
 40
0.03937007874
  9
$DIMLFAC
 40
1.0
  9
$DIMTOFL
 70
1
  9
$DIMTVP
 40
0.0
  9
$DIMTIX
 70
0
  9
$DIMSOXD
 70
0
  9
$DIMSAH
 70
0
  9
$DIMBLK1
  1

  9
$DIMBLK2
  1

  9
$DIMSTYLE
  2
ISO-25
  9
$DIMCLRD
 70
0
  9
$DIMCLRE
 70
0
  9
$DIMCLRT
 70
0
  9
$DIMTFAC
 40
1.0
  9
$DIMGAP
 40
0.625
  9
$COORDS
 70
1
  9
$ATTDIA
 70
0
  9
$ATTREQ
 70
1
  9
$HANDLING
 70
1
  9
$LUNITS
 70
2
  9
$LUPREC
 70
4
  9
$SKETCHINC
 40
1.0
  9
$FILLETRAD
 40
10.0
  9
$AUNITS
 70
0
  9
$AUPREC
 70
2
  9
$MENU
  1
.
  9
$ELEVATION
 40
0.0
  9
$PELEVATION
 40
0.0
  9
$THICKNESS
 40
0.0
  9
$LIMCHECK
 70
0
  9
$CHAMFERA
 40
0.0
  9
$CHAMFERB
 40
0.0
  9
$SKPOLY
 70
0
  9
$TDCREATE
 40
2461313.385462963
  9
$TDUPDATE
 40
2461313.385462963
  9
$TDINDWG
 40
0.0
  9
$TDUSRTIMER
 40
0.0
  9
$USRTIMER
 70
1
  9
$ANGBASE
 50
0.0
  9
$ANGDIR
 70
0
  9
$PDMODE
 70
0
  9
$PDSIZE
 40
0.0
  9
$PLINEWID
 40
0.0
  9
$SPLFRAME
 70
0
  9
$SPLINETYPE
 70
6
  9
$SPLINESEGS
 70
8
  9
$HANDSEED
  5
FA5
  9
$SURFTAB1
 70
6
  9
$SURFTAB2
 70
6
  9
$SURFTYPE
 70
6
  9
$SURFU
 70
6
  9
$SURFV
 70
6
  9
$UCSNAME
  2

  9
$UCSORG
 10
0.0
 20
0.0
 30
0.0
  9
$UCSXDIR
 10
1.0
 20
0.0
 30
0.0
  9
$UCSYDIR
 10
0.0
 20
1.0
 30
0.0
  9
$PUCSNAME
  2

  9
$PUCSORG
 10
0.0
 20
0.0
 30
0.0
  9
$PUCSXDIR
 10
1.0
 20
0.0
 30
0.0
  9
$PUCSYDIR
 10
0.0
 20
1.0
 30
0.0
  9
$USERI1
 70
0
  9
$USERI2
 70
0
  9
$USERI3
 70
0
  9
$USERI4
 70
0
  9
$USERI5
 70
0
  9
$USERR1
 40
0.0
  9
$USERR2
 40
0.0
  9
$USERR3
 40
0.0
  9
$USERR4
 40
0.0
  9
$USERR5
 40
0.0
  9
$WORLDVIEW
 70
1
  9
$SHADEDGE
 70
3
  9
$SHADEDIF
 70
70
  9
$TILEMODE
 70
1
  9
$MAXACTVP
 70
64
  9
$PLIMCHECK
 70
0
  9
$PEXTMIN
 10
1e+20
 20
1e+20
 30
1e+20
  9
$PEXTMAX
 10
-1e+20
 20
-1e+20
 30
-1e+20
  9
$PLIMMIN
 10
0.0
 20
0.0
  9
$PLIMMAX
 10
420.0
 20
297.0
  9
$UNITMODE
 70
0
  9
$VISRETAIN
 70
1
  9
$PLINEGEN
 70
0
  9
$PSLTSCALE
 70
1
  0
ENDSEC
  0
SECTION
  2
TABLES
  0
TABLE
  2
VPORT
 70
1
  0
VPORT
  5
23
  2
*Active
 70
0
 10
0.0
 20
0.0
 11
1.0
 21
1.0
 12
0.0
 22
0.0
 13
0.0
 23
0.0
 14
0.5
 24
0.5
 15
0.5
 25
0.5
 16
0.0
 26
0.0
 36
1.0
 17
0.0
 27
0.0
 37
0.0
 40
1000.0
 41
1.34
 42
50.0
 43
0.0
 44
0.0
 50
0.0
 51
0.0
 71
0
 72
1000
 73
1
 74
3
 75
0
 76
0
 77
0
 78
0
  0
ENDTAB
  0
TABLE
  2
LTYPE
 70
3
  0
LTYPE
  5
24
  2
ByBlock
 70
0
  3

 72
65
 73
0
 40
0.0
  0
LTYPE
  5
25
  2
ByLayer
 70
0
  3

 72
65
 73
0
 40
0.0
  0
LTYPE
  5
26
  2
Continuous
 70
0
  3

 72
65
 73
0
 40
0.0
  0
ENDTAB
  0
TABLE
  2
LAYER
 70
5
  0
LAYER
  5
27
  2
0
 70
0
 62
7
  6
Continuous
  0
LAYER
  5
28
  2
Defpoints
 70
0
 62
7
  6
Continuous
  0
LAYER
  5
2D
  2
TAG
 70
0
 62
7
  6
Continuous
  0
LAYER
  5
2E
  2
TEXT
 70
0
 62
7
  6
Continuous
  0
LAYER
  5
2F
  2
LOGO
 70
0
 62
7
  6
Continuous
  0
ENDTAB
  0
TABLE
  2
STYLE
 70
1
  0
STYLE
  5
29
  2
Standard
 70
0
 40
0.0
 41
1.0
 50
0.0
 71
0
 42
2.5
  3
txt
  4

  0
ENDTAB
  0
TABLE
  2
VIEW
 70
0
  0
ENDTAB
  0
TABLE
  2
UCS
 70
0
  0
ENDTAB
  0
TABLE
  2
APPID
 70
3
  0
APPID
  5
2A
  2
ACAD
 70
0
  0
APPID
  5
FA3
  2
HATCHBACKGROUNDCOLOR
 70
0
  0
APPID
  5
FA4
  2
EZDXF
 70
0
  0
ENDTAB
  0
TABLE
  2
DIMSTYLE
 70
1
  0
DIMSTYLE
105
2B
  2
Standard
 70
0
  3

  4

  5

  6

  7

 40
1.0
 41
2.5
 42
0.625
 43
3.75
 44
1.25
 45
0.0
 46
0.0
 47
0.0
 48
0.0
140
2.5
141
2.5
142
0.0
143
0.03937007874
144
1.0
145
0.0
146
1.0
147
0.625
 71
0
 72
0
 73
0
 74
0
 75
0
 76
0
 77
1
 78
8
170
0
171
3
172
1
173
0
174
0
175
0
176
0
177
0
178
0
  0
ENDTAB
  0
ENDSEC
  0
SECTION
  2
BLOCKS
  0
BLOCK
  5
18
  8
0
  2
$Model_Space
 70
0
 10
0.0
 20
0.0
 30
0.0
  3
$Model_Space
  1

1001
EZDXF
1000
CREATED_BY_EZDXF
1000
1.4.2 @ 2026-09-29T14:15:04.298292+00:00
1000
WRITTEN_BY_EZDXF
1000
1.4.2 @ 2026-09-29T14:15:04.359748+00:00
  0
ENDBLK
  5
19
  8
0
  0
BLOCK
  5
1C
  8
0
  2
$Paper_Space
 70
0
 10
0.0
 20
0.0
 30
0.0
  3
$Paper_Space
  1

  0
ENDBLK
  5
1D
  8
0
  0
ENDSEC
  0
SECTION
  2
ENTITIES
  0
POLYLINE
  5
30
  8
TAG
 66
1
 10
0.0
 20
0.0
 30
0.0
 70
1
  0
VERTEX
  5
32
  8
TAG
 10
-10.4
 20
10.4
 30
0.0
 70
0
  0
VERTEX
  5
33
  8
TAG
 10
-10.4
 20
-10.400000000000002
 30
0.0
 70
0
  0
VERTEX
  5
34
  8
TAG
 10
10.400000000000002
 20
-10.400000000000002
 30
0.0
 70
0
  0
VERTEX
  5
35
  8
TAG
 10
10.400000000000002
 20
10.4
 30
0.0
 70
0
  0
SEQEND
  5
31
  8
TAG
  0
POLYLINE
  5
36
  8
TAG
 66
1
 10
0.0
 20
0.0
 30
0.0
 70
1
  0
VERTEX
  5
38
  8
TAG
 10
-7.8
 20
7.8
 30
0.0
 70
0
  0
VERTEX
  5
39
  8
TAG
 10
2.6000000000000014
 20
7.8
 30
0.0
 70
0
  0
VERTEX
  5
3A
  8
TAG
 10
2.6000000000000014
 20
5.199999999999999
 30
0.0
 70
0
  0
VERTEX
  5
3B
  8
TAG
 10
-2.5999999999999996
 20
5.199999999999999
 30
0.0
 70
0
  0
VERTEX
  5
3C
  8
TAG
 10
-2.5999999999999996
 20
0.0
 30
0.0
 70
0
  0
VERTEX
  5
3D
  8
TAG
 10
0.0
 20
0.0
 30
0.0
 70
0
  0
VERTEX
  5
3E
  8
TAG
 10
0.0
 20
2.5999999999999996
 30
0.0
 70
0
  0
VERTEX
  5
3F
  8
TAG
 10
5.199999999999999
 20
2.5999999999999996
 30
0.0
 70
0
  0
VERTEX
  5
40
  8
TAG
 10
5.199999999999999
 20
5.199999999999999
 30
0.0
 70
0
  0
VERTEX
  5
41
  8
TAG
 10
7.800000000000001
 20
5.199999999999999
 30
0.0
 70
0
  0
VERTEX
  5
42
  8
TAG
 10
7.800000000000001
 20
2.5999999999999996
 30
0.0
 70
0
  0
VERTEX
  5
43
  8
TAG
 10
5.199999999999999
 20
2.5999999999999996
 30
0.0
 70
0
  0
VERTEX
  5
44
  8
TAG
 10
5.199999999999999
 20
0.0
 30
0.0
 70
0
  0
VERTEX
  5
45
  8
TAG
 10
7.800000000000001
 20
0.0
 30
0.0
 70
0
  0
VERTEX
  5
46
  8
TAG
 10
7.800000000000001
 20
-2.6000000000000014
 30
0.0
 70
0
  0
VERTEX
  5
47
  8
TAG
 10
5.199999999999999
 20
-2.6000000000000014
 30
0.0
 70
0
  0
VERTEX
  5
48
  8
TAG
 10
5.199999999999999
 20
-5.199999999999999
 30
0.0
 70
0
  0
VERTEX
  5
49
  8
TAG
 10
2.6000000000000014
 20
-5.199999999999999
 30
0.0
 70
0
  0
VERTEX
  5
4A
  8
TAG
 10
2.6000000000000014
 20
-7.800000000000001
 30
0.0
 70
0
  0
VERTEX
  5
4B
  8
TAG
 10
-2.5999999999999996
 20
-7.800000000000001
 30
0.0
 70
0
  0
VERTEX
  5
4C
  8
TAG
 10
-2.5999999999999996
 20
0.0
 30
0.0
 70
0
  0
VERTEX
  5
4D
  8
TAG
 10
-5.199999999999999
 20
0.0
 30
0.0
 70
0
  0
VERTEX
  5
4E
  8
TAG
 10
-5.199999999999999
 20
-2.6000000000000014
 30
0.0
 70
0
  0
VERTEX
  5
4F
  8
TAG
 10
-7.8
 20
-2.6000000000000014
 30
0.0
 70
0
  0
SEQEND
  5
37
  8
TAG
  0
POLYLINE
  5
50
  8
TAG
 66
1
 10
0.0
 20
0.0
 30
0.0
 70
1
  0
VERTEX
  5
52
  8
TAG
 10
0.0
 20
0.0
 30
0.0
 70
0
  0
VERTEX
  5
53
  8
TAG
 10
0.0
 20
-2.6000000000000014
 30
0.0
 70
0
  0
VERTEX
  5
54
  8
TAG
 10
2.6000000000000014
 20
-2.6000000000000014
 30
0.0
 70
0
  0
VERTEX
  5
55
  8
TAG
 10
2.6000000000000014
 20
0.0
 30
0.0
 70
0
  0
SEQEND
  5
51
  8
TAG
  0
POLYLINE
  5
56
  8
TAG
 66
1
 10
0.0
 20
0.0
 30
0.0
 70
1
  0
VERTEX
  5
58
  8
TAG
 10
-7.8
 20
-5.199999999999999
 30
0.0
 70
0
  0
VERTEX
  5
59
  8
TAG
 10
-5.199999999999999
 20
-5.199999999999999
 30
0.0
 70
0
  0
VERTEX
  5
5A
  8
TAG
 10
-5.199999999999999
 20
-7.800000000000001
 30
0.0
 70
0
  0
VERTEX
  5
5B
  8
TAG
 10
-7.8
 20
-7.800000000000001
 30
0.0
 70
0
  0
SEQEND
  5
57
  8
TAG
  0
POLYLINE
  5
5C
  8
TEXT
 66
1
 10
0.0
 20
0.0
 30
0.0
 70
1
  0
VERTEX
  5
5E
  8
TEXT
 10
-12.690603852958134
 20
15.40806075404466
 30
0.0
 70
0
  0
VERTEX
  5
5F
  8
TEXT
 10
-12.72129971034261
 20
15.383321677326666
 30
0.0
 70
0
  0
VERTEX
  5
60
  8
TEXT
 10
-12.752349201445579
 20
15.35972565776133
 30
0.0
 70
0
  0
VERTEX
  5
61
  8
TEXT
 10
-12.783752326267042
 20
15.33727269534865
 30
0.0
 70
0
  0
VERTEX
  5
62
  8
TEXT
 10
-12.815509084806996
 20
15.315962790088628
 30
0.0
 70
0
  0
VERTEX
  5
63
  8
TEXT
 10
-12.847619477065443
 20
15.295795941981265
 30
0.0
 70
0
  0
VERTEX
  5
64
  8
TEXT
 10
-12.880083503042384
 20
15.276772151026556
 30
0.0
 70
0
  0
VERTEX
  5
65
  8
TEXT
 10
-12.912901162737816
 20
15.258891417224506
 30
0.0
 70
0
  0
VERTEX
  5
66
  8
TEXT
 10
-12.946072456151743
 20
15.242153740575112
 30
0.0
 70
0
  0
VERTEX
  5
67
  8
TEXT
 10
-12.979597383284162
 20
15.226559121078378
 30
0.0
 70
0
  0
VERTEX
  5
68
  8
TEXT
 10
-13.013475944135074
 20
15.212107558734298
 30
0.0
 70
0
  0
VERTEX
  5
69
  8
TEXT
 10
-13.047708138704479
 20
15.198799053542878
 30
0.0
 70
0
  0
VERTEX
  5
6A
  8
TEXT
 10
-13.082293966992376
 20
15.186633605504113
 30
0.0
 70
0
  0
VERTEX
  5
6B
  8
TEXT
 10
-13.117233428998766
 20
15.175611214618005
 30
0.0
 70
0
  0
VERTEX
  5
6C
  8
TEXT
 10
-13.155311791998471
 20
15.164928285522304
 30
0.0
 70
0
  0
VERTEX
  5
6D
  8
TEXT
 10
-13.193461610122043
 20
15.155523033239717
 30
0.0
 70
0
  0
VERTEX
  5
6E
  8
TEXT
 10
-13.23168288336948
 20
15.147395457770246
 30
0.0
 70
0
  0
VERTEX
  5
6F
  8
TEXT
 10
-13.269975611740781
 20
15.140545559113889
 30
0.0
 70
0
  0
VERTEX
  5
70
  8
TEXT
 10
-13.308339795235948
 20
15.13497333727065
 30
0.0
 70
0
  0
VERTEX
  5
71
  8
TEXT
 10
-13.34677543385498
 20
15.130678792240523
 30
0.0
 70
0
  0
VERTEX
  5
72
  8
TEXT
 10
-13.385282527597877
 20
15.127661924023514
 30
0.0
 70
0
  0
VERTEX
  5
73
  8
TEXT
 10
-13.423861076464638
 20
15.125922732619618
 30
0.0
 70
0
  0
VERTEX
  5
74
  8
TEXT
 10
-13.462511080455265
 20
15.125461218028839
 30
0.0
 70
0
  0
VERTEX
  5
75
  8
TEXT
 10
-13.501232539569758
 20
15.126277380251175
 30
0.0
 70
0
  0
VERTEX
  5
76
  8
TEXT
 10
-13.540025453808116
 20
15.128371219286626
 30
0.0
 70
0
  0
VERTEX
  5
77
  8
TEXT
 10
-13.57888982317034
 20
15.131742735135193
 30
0.0
 70
0
  0
VERTEX
  5
78
  8
TEXT
 10
-13.617659532172846
 20
15.136384374439427
 30
0.0
 70
0
  0
VERTEX
  5
79
  8
TEXT
 10
-13.656168465332058
 20
15.142288583841882
 30
0.0
 70
0
  0
VERTEX
  5
7A
  8
TEXT
 10
-13.694416622647976
 20
15.149455363342556
 30
0.0
 70
0
  0
VERTEX
  5
7B
  8
TEXT
 10
-13.7324040041206
 20
15.15788471294145
 30
0.0
 70
0
  0
VERTEX
  5
7C
  8
TEXT
 10
-13.770130609749927
 20
15.167576632638562
 30
0.0
 70
0
  0
VERTEX
  5
7D
  8
TEXT
 10
-13.80759643953596
 20
15.178531122433897
 30
0.0
 70
0
  0
VERTEX
  5
7E
  8
TEXT
 10
-13.844801493478698
 20
15.19074818232745
 30
0.0
 70
0
  0
VERTEX
  5
7F
  8
TEXT
 10
-13.881745771578142
 20
15.204227812319225
 30
0.0
 70
0
  0
VERTEX
  5
80
  8
TEXT
 10
-13.91842927383429
 20
15.218970012409217
 30
0.0
 70
0
  0
VERTEX
  5
81
  8
TEXT
 10
-13.954852000247143
 20
15.23497478259743
 30
0.0
 70
0
  0
VERTEX
  5
82
  8
TEXT
 10
-13.9910139508167
 20
15.252242122883864
 30
0.0
 70
0
  0
VERTEX
  5
83
  8
TEXT
 10
-14.026915125542963
 20
15.270772033268516
 30
0.0
 70
0
  0
VERTEX
  5
84
  8
TEXT
 10
-14.05967433510004
 20
15.288996838562046
 30
0.0
 70
0
  0
VERTEX
  5
85
  8
TEXT
 10
-14.091913588131979
 20
15.308296739795686
 30
0.0
 70
0
  0
VERTEX
  5
86
  8
TEXT
 10
-14.12363288463878
 20
15.32867173696944
 30
0.0
 70
0
  0
VERTEX
  5
87
  8
TEXT
 10
-14.154832224620446
 20
15.350121830083305
 30
0.0
 70
0
  0
VERTEX
  5
88
  8
TEXT
 10
-14.185511608076972
 20
15.37264701913728
 30
0.0
 70
0
  0
VERTEX
  5
89
  8
TEXT
 10
-14.215671035008361
 20
15.396247304131368
 30
0.0
 70
0
  0
VERTEX
  5
8A
  8
TEXT
 10
-14.245310505414615
 20
15.420922685065568
 30
0.0
 70
0
  0
VERTEX
  5
8B
  8
TEXT
 10
-14.274430019295728
 20
15.446673161939879
 30
0.0
 70
0
  0
VERTEX
  5
8C
  8
TEXT
 10
-14.303029576651706
 20
15.473498734754301
 30
0.0
 70
0
  0
VERTEX
  5
8D
  8
TEXT
 10
-14.331109177482547
 20
15.501399403508836
 30
0.0
 70
0
  0
VERTEX
  5
8E
  8
TEXT
 10
-14.35866882178825
 20
15.530375168203483
 30
0.0
 70
0
  0
VERTEX
  5
8F
  8
TEXT
 10
-14.385708509568815
 20
15.560426028838242
 30
0.0
 70
0
  0
VERTEX
  5
90
  8
TEXT
 10
-14.412228240824243
 20
15.59155198541311
 30
0.0
 70
0
  0
VERTEX
  5
91
  8
TEXT
 10
-14.43793238988411
 20
15.623366717669107
 30
0.0
 70
0
  0
VERTEX
  5
92
  8
TEXT
 10
-14.462525331077995
 20
15.655483905347248
 30
0.0
 70
0
  0
VERTEX
  5
93
  8
TEXT
 10
-14.486007064405896
 20
15.68790354844753
 30
0.0
 70
0
  0
VERTEX
  5
94
  8
TEXT
 10
-14.508377589867813
 20
15.720625646969955
 30
0.0
 70
0
  0
VERTEX
  5
95
  8
TEXT
 10
-14.529636907463747
 20
15.753650200914525
 30
0.0
 70
0
  0
VERTEX
  5
96
  8
TEXT
 10
-14.549785017193697
 20
15.786977210281234
 30
0.0
 70
0
  0
VERTEX
  5
97
  8
TEXT
 10
-14.568821919057664
 20
15.820606675070088
 30
0.0
 70
0
  0
VERTEX
  5
98
  8
TEXT
 10
-14.586747613055646
 20
15.854538595281085
 30
0.0
 70
0
  0
VERTEX
  5
99
  8
TEXT
 10
-14.603562099187647
 20
15.888772970914223
 30
0.0
 70
0
  0
VERTEX
  5
9A
  8
TEXT
 10
-14.619265377453663
 20
15.923309801969506
 30
0.0
 70
0
  0
VERTEX
  5
9B
  8
TEXT
 10
-14.633857447853696
 20
15.95814908844693
 30
0.0
 70
0
  0
VERTEX
  5
9C
  8
TEXT
 10
-14.647338310387745
 20
15.9932908303465
 30
0.0
 70
0
  0
VERTEX
  5
9D
  8
TEXT
 10
-14.65970796505581
 20
16.02873502766821
 30
0.0
 70
0
  0
VERTEX
  5
9E
  8
TEXT
 10
-14.671839119297248
 20
16.06729802579284
 30
0.0
 70
0
  0
VERTEX
  5
9F
  8
TEXT
 10
-14.682635472095564
 20
16.105863599262374
 30
0.0
 70
0
  0
VERTEX
  5
A0
  8
TEXT
 10
-14.692097023450762
 20
16.14443174807681
 30
0.0
 70
0
  0
VERTEX
  5
A1
  8
TEXT
 10
-14.70022377336284
 20
16.183002472236147
 30
0.0
 70
0
  0
VERTEX
  5
A2
  8
TEXT
 10
-14.707015721831796
 20
16.221575771740383
 30
0.0
 70
0
  0
VERTEX
  5
A3
  8
TEXT
 10
-14.712472868857633
 20
16.260151646589527
 30
0.0
 70
0
  0
VERTEX
  5
A4
  8
TEXT
 10
-14.716595214440352
 20
16.29873009678357
 30
0.0
 70
0
  0
VERTEX
  5
A5
  8
TEXT
 10
-14.719382758579949
 20
16.337311122322514
 30
0.0
 70
0
  0
VERTEX
  5
A6
  8
TEXT
 10
-14.720835501276426
 20
16.37589472320636
 30
0.0
 70
0
  0
VERTEX
  5
A7
  8
TEXT
 10
-14.720953442529783
 20
16.414480899435112
 30
0.0
 70
0
  0
VERTEX
  5
A8
  8
TEXT
 10
-14.71973658234002
 20
16.45306965100876
 30
0.0
 70
0
  0
VERTEX
  5
A9
  8
TEXT
 10
-14.71718492070714
 20
16.491660977927314
 30
0.0
 70
0
  0
VERTEX
  5
AA
  8
TEXT
 10
-14.713336042697208
 20
16.53010745404555
 30
0.0
 70
0
  0
VERTEX
  5
AB
  8
TEXT
 10
-14.708227533376295
 20
16.56826165321825
 30
0.0
 70
0
  0
VERTEX
  5
AC
  8
TEXT
 10
-14.701859392744403
 20
16.60612357544541
 30
0.0
 70
0
  0
VERTEX
  5
AD
  8
TEXT
 10
-14.69423162080153
 20
16.643693220727037
 30
0.0
 70
0
  0
VERTEX
  5
AE
  8
TEXT
 10
-14.685344217547676
 20
16.680970589063122
 30
0.0
 70
0
  0
VERTEX
  5
AF
  8
TEXT
 10
-14.675197182982844
 20
16.717955680453674
 30
0.0
 70
0
  0
VERTEX
  5
B0
  8
TEXT
 10
-14.66379051710703
 20
16.75464849489869
 30
0.0
 70
0
  0
VERTEX
  5
B1
  8
TEXT
 10
-14.651124219920236
 20
16.791049032398167
 30
0.0
 70
0
  0
VERTEX
  5
B2
  8
TEXT
 10
-14.637198291422463
 20
16.827157292952105
 30
0.0
 70
0
  0
VERTEX
  5
B3
  8
TEXT
 10
-14.622012731613708
 20
16.86297327656051
 30
0.0
 70
0
  0
VERTEX
  5
B4
  8
TEXT
 10
-14.605567540493974
 20
16.898496983223374
 30
0.0
 70
0
  0
VERTEX
  5
B5
  8
TEXT
 10
-14.58786271806326
 20
16.933728412940706
 30
0.0
 70
0
  0
VERTEX
  5
B6
  8
TEXT
 10
-14.570415561398498
 20
16.965842688805186
 30
0.0
 70
0
  0
VERTEX
  5
B7
  8
TEXT
 10
-14.5519226540249
 20
16.997412671024055
 30
0.0
 70
0
  0
VERTEX
  5
B8
  8
TEXT
 10
-14.532383995942464
 20
17.02843835959731
 30
0.0
 70
0
  0
VERTEX
  5
B9
  8
TEXT
 10
-14.51179958715119
 20
17.05891975452495
 30
0.0
 70
0
  0
VERTEX
  5
BA
  8
TEXT
 10
-14.490169427651079
 20
17.08885685580698
 30
0.0
 70
0
  0
VERTEX
  5
BB
  8
TEXT
 10
-14.46749351744213
 20
17.1182496634434
 30
0.0
 70
0
  0
VERTEX
  5
BC
  8
TEXT
 10
-14.443771856524343
 20
17.147098177434202
 30
0.0
 70
0
  0
VERTEX
  5
BD
  8
TEXT
 10
-14.41900444489772
 20
17.175402397779393
 30
0.0
 70
0
  0
VERTEX
  5
BE
  8
TEXT
 10
-14.393191282562258
 20
17.203162324478974
 30
0.0
 70
0
  0
VERTEX
  5
BF
  8
TEXT
 10
-14.366332369517961
 20
17.23037795753294
 30
0.0
 70
0
  0
VERTEX
  5
C0
  8
TEXT
 10
-14.338427705764824
 20
17.257049296941297
 30
0.0
 70
0
  0
VERTEX
  5
C1
  8
TEXT
 10
-14.309477291302851
 20
17.28317634270404
 30
0.0
 70
0
  0
VERTEX
  5
C2
  8
TEXT
 10
-14.27948112613204
 20
17.308759094821166
 30
0.0
 70
0
  0
VERTEX
  5
C3
  8
TEXT
 10
-14.248875632638406
 20
17.333472758249364
 30
0.0
 70
0
  0
VERTEX
  5
C4
  8
TEXT
 10
-14.218097233207965
 20
17.356992537945317
 30
0.0
 70
0
  0
VERTEX
  5
C5
  8
TEXT
 10
-14.187145927840715
 20
17.379318433909017
 30
0.0
 70
0
  0
VERTEX
  5
C6
  8
TEXT
 10
-14.156021716536657
 20
17.400450446140475
 30
0.0
 70
0
  0
VERTEX
  5
C7
  8
TEXT
 10
-14.124724599295792
 20
17.420388574639684
 30
0.0
 70
0
  0
VERTEX
  5
C8
  8
TEXT
 10
-14.093254576118118
 20
17.439132819406645
 30
0.0
 70
0
  0
VERTEX
  5
C9
  8
TEXT
 10
-14.061611647003636
 20
17.456683180441356
 30
0.0
 70
0
  0
VERTEX
  5
CA
  8
TEXT
 10
-14.029795811952345
 20
17.473039657743822
 30
0.0
 70
0
  0
VERTEX
  5
CB
  8
TEXT
 10
-13.997807070964248
 20
17.48820225131404
 30
0.0
 70
0
  0
VERTEX
  5
CC
  8
TEXT
 10
-13.96564542403934
 20
17.50217096115201
 30
0.0
 70
0
  0
VERTEX
  5
CD
  8
TEXT
 10
-13.933310871177627
 20
17.51494578725773
 30
0.0
 70
0
  0
VERTEX
  5
CE
  8
TEXT
 10
-13.900803412379103
 20
17.526526729631208
 30
0.0
 70
0
  0
VERTEX
  5
CF
  8
TEXT
 10
-13.868123047643772
 20
17.536913788272432
 30
0.0
 70
0
  0
VERTEX
  5
D0
  8
TEXT
 10
-13.82950081753051
 20
17.547793878750365
 30
0.0
 70
0
  0
VERTEX
  5
D1
  8
TEXT
 10
-13.791082969035914
 20
17.55729387417028
 30
0.0
 70
0
  0
VERTEX
  5
D2
  8
TEXT
 10
-13.752869502159983
 20
17.565413774532182
 30
0.0
 70
0
  0
VERTEX
  5
D3
  8
TEXT
 10
-13.714860416902718
 20
17.572153579836062
 30
0.0
 70
0
  0
VERTEX
  5
D4
  8
TEXT
 10
-13.67705571326412
 20
17.577513290081928
 30
0.0
 70
0
  0
VERTEX
  5
D5
  8
TEXT
 10
-13.639455391244187
 20
17.581492905269776
 30
0.0
 70
0
  0
VERTEX
  5
D6
  8
TEXT
 10
-13.602059450842923
 20
17.58409242539961
 30
0.0
 70
0
  0
VERTEX
  5
D7
  8
TEXT
 10
-13.56486789206032
 20
17.585311850471427
 30
0.0
 70
0
  0
VERTEX
  5
D8
  8
TEXT
 10
-13.527880714896387
 20
17.585151180485227
 30
0.0
 70
0
  0
VERTEX
  5
D9
  8
TEXT
 10
-13.49109791935112
 20
17.583610415441008
 30
0.0
 70
0
  0
VERTEX
  5
DA
  8
TEXT
 10
-13.454519505424518
 20
17.580689555338775
 30
0.0
 70
0
  0
VERTEX
  5
DB
  8
TEXT
 10
-13.414840776638375
 20
17.575992663150743
 30
0.0
 70
0
  0
VERTEX
  5
DC
  8
TEXT
 10
-13.376052281137945
 20
17.56984598337537
 30
0.0
 70
0
  0
VERTEX
  5
DD
  8
TEXT
 10
-13.338154018923221
 20
17.562249516012663
 30
0.0
 70
0
  0
VERTEX
  5
DE
  8
TEXT
 10
-13.301145989994211
 20
17.55320326106262
 30
0.0
 70
0
  0
VERTEX
  5
DF
  8
TEXT
 10
-13.265028194350908
 20
17.542707218525237
 30
0.0
 70
0
  0
VERTEX
  5
E0
  8
TEXT
 10
-13.229800631993314
 20
17.53076138840052
 30
0.0
 70
0
  0
VERTEX
  5
E1
  8
TEXT
 10
-13.195463302921432
 20
17.517365770688468
 30
0.0
 70
0
  0
VERTEX
  5
E2
  8
TEXT
 10
-13.162016207135256
 20
17.502520365389078
 30
0.0
 70
0
  0
VERTEX
  5
E3
  8
TEXT
 10
-13.129459344634792
 20
17.48622517250235
 30
0.0
 70
0
  0
VERTEX
  5
E4
  8
TEXT
 10
-13.097792715420038
 20
17.468480192028284
 30
0.0
 70
0
  0
VERTEX
  5
E5
  8
TEXT
 10
-13.278556805134206
 20
17.075824325253336
 30
0.0
 70
0
  0
VERTEX
  5
E6
  8
TEXT
 10
-13.31309335102608
 20
17.09480936790504
 30
0.0
 70
0
  0
VERTEX
  5
E7
  8
TEXT
 10
-13.348163252563433
 20
17.111510592583475
 30
0.0
 70
0
  0
VERTEX
  5
E8
  8
TEXT
 10
-13.383766509746264
 20
17.125927999288635
 30
0.0
 70
0
  0
VERTEX
  5
E9
  8
TEXT
 10
-13.419903122574576
 20
17.138061588020523
 30
0.0
 70
0
  0
VERTEX
  5
EA
  8
TEXT
 10
-13.456573091048366
 20
17.147911358779144
 30
0.0
 70
0
  0
VERTEX
  5
EB
  8
TEXT
 10
-13.493776415167636
 20
17.15547731156449
 30
0.0
 70
0
  0
VERTEX
  5
EC
  8
TEXT
 10
-13.531513094932386
 20
17.160759446376563
 30
0.0
 70
0
  0
VERTEX
  5
ED
  8
TEXT
 10
-13.569783130342616
 20
17.163757763215365
 30
0.0
 70
0
  0
VERTEX
  5
EE
  8
TEXT
 10
-13.608586521398324
 20
17.164472262080896
 30
0.0
 70
0
  0
VERTEX
  5
EF
  8
TEXT
 10
-13.647923268099511
 20
17.162902942973155
 30
0.0
 70
0
  0
VERTEX
  5
F0
  8
TEXT
 10
-13.683765383488645
 20
17.15932652982537
 30
0.0
 70
0
  0
VERTEX
  5
F1
  8
TEXT
 10
-13.7192855032489
 20
17.153526796008173
 30
0.0
 70
0
  0
VERTEX
  5
F2
  8
TEXT
 10
-13.754483627380278
 20
17.14550374152155
 30
0.0
 70
0
  0
VERTEX
  5
F3
  8
TEXT
 10
-13.78935975588278
 20
17.13525736636551
 30
0.0
 70
0
  0
VERTEX
  5
F4
  8
TEXT
 10
-13.823913888756405
 20
17.122787670540053
 30
0.0
 70
0
  0
VERTEX
  5
F5
  8
TEXT
 10
-13.858146026001153
 20
17.108094654045175
 30
0.0
 70
0
  0
VERTEX
  5
F6
  8
TEXT
 10
-13.892056167617024
 20
17.091178316880875
 30
0.0
 70
0
  0
VERTEX
  5
F7
  8
TEXT
 10
-13.92564431360402
 20
17.072038659047156
 30
0.0
 70
0
  0
VERTEX
  5
F8
  8
TEXT
 10
-13.958910463962138
 20
17.050675680544018
 30
0.0
 70
0
  0
VERTEX
  5
F9
  8
TEXT
 10
-13.991854618691377
 20
17.027089381371457
 30
0.0
 70
0
  0
VERTEX
  5
FA
  8
TEXT
 10
-14.024476777791742
 20
17.001279761529478
 30
0.0
 70
0
  0
VERTEX
  5
FB
  8
TEXT
 10
-14.05513724305265
 20
16.974710450499416
 30
0.0
 70
0
  0
VERTEX
  5
FC
  8
TEXT
 10
-14.083999714112739
 20
16.94734945108612
 30
0.0
 70
0
  0
VERTEX
  5
FD
  8
TEXT
 10
-14.111064190972009
 20
16.91919676328959
 30
0.0
 70
0
  0
VERTEX
  5
FE
  8
TEXT
 10
-14.136330673630459
 20
16.89025238710983
 30
0.0
 70
0
  0
VERTEX
  5
FF
  8
TEXT
 10
-14.159799162088092
 20
16.860516322546836
 30
0.0
 70
0
  0
VERTEX
  5
100
  8
TEXT
 10
-14.181469656344905
 20
16.82998856960061
 30
0.0
 70
0
  0
VERTEX
  5
101
  8
TEXT
 10
-14.2013421564009
 20
16.79866912827115
 30
0.0
 70
0
  0
VERTEX
  5
102
  8
TEXT
 10
-14.219416662256075
 20
16.76655799855846
 30
0.0
 70
0
  0
VERTEX
  5
103
  8
TEXT
 10
-14.235693173910432
 20
16.733655180462534
 30
0.0
 70
0
  0
VERTEX
  5
104
  8
TEXT
 10
-14.25017169136397
 20
16.69996067398338
 30
0.0
 70
0
  0
VERTEX
  5
105
  8
TEXT
 10
-14.26285221461669
 20
16.66547447912099
 30
0.0
 70
0
  0
VERTEX
  5
106
  8
TEXT
 10
-14.273717011049758
 20
16.630488009317045
 30
0.0
 70
0
  0
VERTEX
  5
107
  8
TEXT
 10
-14.282748348044342
 20
16.595292678013212
 30
0.0
 70
0
  0
VERTEX
  5
108
  8
TEXT
 10
-14.289946225600442
 20
16.5598884852095
 30
0.0
 70
0
  0
VERTEX
  5
109
  8
TEXT
 10
-14.295310643718057
 20
16.524275430905902
 30
0.0
 70
0
  0
VERTEX
  5
10A
  8
TEXT
 10
-14.29884160239719
 20
16.48845351510242
 30
0.0
 70
0
  0
VERTEX
  5
10B
  8
TEXT
 10
-14.300539101637836
 20
16.452422737799058
 30
0.0
 70
0
  0
VERTEX
  5
10C
  8
TEXT
 10
-14.300403141439999
 20
16.41618309899581
 30
0.0
 70
0
  0
VERTEX
  5
10D
  8
TEXT
 10
-14.298433721803677
 20
16.37973459869268
 30
0.0
 70
0
  0
VERTEX
  5
10E
  8
TEXT
 10
-14.294630842728873
 20
16.343077236889666
 30
0.0
 70
0
  0
VERTEX
  5
10F
  8
TEXT
 10
-14.288994504215584
 20
16.30621101358677
 30
0.0
 70
0
  0
VERTEX
  5
110
  8
TEXT
 10
-14.28152470626381
 20
16.26913592878399
 30
0.0
 70
0
  0
VERTEX
  5
111
  8
TEXT
 10
-14.273043444378837
 20
16.23513160144546
 30
0.0
 70
0
  0
VERTEX
  5
112
  8
TEXT
 10
-14.26297495945411
 20
16.20128106460987
 30
0.0
 70
0
  0
VERTEX
  5
113
  8
TEXT
 10
-14.251319251489631
 20
16.16758431827721
 30
0.0
 70
0
  0
VERTEX
  5
114
  8
TEXT
 10
-14.2380763204854
 20
16.134041362447487
 30
0.0
 70
0
  0
VERTEX
  5
115
  8
TEXT
 10
-14.223246166441417
 20
16.1006521971207
 30
0.0
 70
0
  0
VERTEX
  5
116
  8
TEXT
 10
-14.20682878935768
 20
16.06741682229685
 30
0.0
 70
0
  0
VERTEX
  5
117
  8
TEXT
 10
-14.18882418923419
 20
16.03433523797593
 30
0.0
 70
0
  0
VERTEX
  5
118
  8
TEXT
 10
-14.169232366070949
 20
16.001407444157948
 30
0.0
 70
0
  0
VERTEX
  5
119
  8
TEXT
 10
-14.148053319867955
 20
15.968633440842902
 30
0.0
 70
0
  0
VERTEX
  5
11A
  8
TEXT
 10
-14.125287050625207
 20
15.936013228030792
 30
0.0
 70
0
  0
VERTEX
  5
11B
  8
TEXT
 10
-14.100933558342708
 20
15.903546805721614
 30
0.0
 70
0
  0
VERTEX
  5
11C
  8
TEXT
 10
-14.074992843020457
 20
15.871234173915374
 30
0.0
 70
0
  0
VERTEX
  5
11D
  8
TEXT
 10
-14.048011790435007
 20
15.83976980158683
 30
0.0
 70
0
  0
VERTEX
  5
11E
  8
TEXT
 10
-14.020537286362913
 20
15.809848157710746
 30
0.0
 70
0
  0
VERTEX
  5
11F
  8
TEXT
 10
-13.992569330804173
 20
15.781469242287125
 30
0.0
 70
0
  0
VERTEX
  5
120
  8
TEXT
 10
-13.96410792375879
 20
15.754633055315962
 30
0.0
 70
0
  0
VERTEX
  5
121
  8
TEXT
 10
-13.935153065226762
 20
15.72933959679726
 30
0.0
 70
0
  0
VERTEX
  5
122
  8
TEXT
 10
-13.905704755208092
 20
15.70558886673102
 30
0.0
 70
0
  0
VERTEX
  5
123
  8
TEXT
 10
-13.875762993702775
 20
15.683380865117238
 30
0.0
 70
0
  0
VERTEX
  5
124
  8
TEXT
 10
-13.845327780710814
 20
15.66271559195592
 30
0.0
 70
0
  0
VERTEX
  5
125
  8
TEXT
 10
-13.81439911623221
 20
15.643593047247059
 30
0.0
 70
0
  0
VERTEX
  5
126
  8
TEXT
 10
-13.78297700026696
 20
15.62601323099066
 30
0.0
 70
0
  0
VERTEX
  5
127
  8
TEXT
 10
-13.751061432815067
 20
15.60997614318672
 30
0.0
 70
0
  0
VERTEX
  5
128
  8
TEXT
 10
-13.718652413876528
 20
15.595481783835243
 30
0.0
 70
0
  0
VERTEX
  5
129
  8
TEXT
 10
-13.682979767755336
 20
15.581433219517386
 30
0.0
 70
0
  0
VERTEX
  5
12A
  8
TEXT
 10
-13.647210726879456
 20
15.569228606837083
 30
0.0
 70
0
  0
VERTEX
  5
12B
  8
TEXT
 10
-13.611345291248886
 20
15.558867945794335
 30
0.0
 70
0
  0
VERTEX
  5
12C
  8
TEXT
 10
-13.575383460863627
 20
15.550351236389142
 30
0.0
 70
0
  0
VERTEX
  5
12D
  8
TEXT
 10
-13.539325235723679
 20
15.543678478621503
 30
0.0
 70
0
  0
VERTEX
  5
12E
  8
TEXT
 10
-13.503170615829042
 20
15.53884967249142
 30
0.0
 70
0
  0
VERTEX
  5
12F
  8
TEXT
 10
-13.466919601179717
 20
15.535864817998892
 30
0.0
 70
0
  0
VERTEX
  5
130
  8
TEXT
 10
-13.4305721917757
 20
15.534723915143916
 30
0.0
 70
0
  0
VERTEX
  5
131
  8
TEXT
 10
-13.394128387616997
 20
15.535426963926497
 30
0.0
 70
0
  0
VERTEX
  5
132
  8
TEXT
 10
-13.357588188703604
 20
15.537973964346632
 30
0.0
 70
0
  0
VERTEX
  5
133
  8
TEXT
 10
-13.320951595035522
 20
15.542364916404322
 30
0.0
 70
0
  0
VERTEX
  5
134
  8
TEXT
 10
-13.284499773475737
 20
15.548626050597242
 30
0.0
 70
0
  0
VERTEX
  5
135
  8
TEXT
 10
-13.248513890887233
 20
15.55678359742307
 30
0.0
 70
0
  0
VERTEX
  5
136
  8
TEXT
 10
-13.212993947270014
 20
15.566837556881804
 30
0.0
 70
0
  0
VERTEX
  5
137
  8
TEXT
 10
-13.177939942624077
 20
15.578787928973448
 30
0.0
 70
0
  0
VERTEX
  5
138
  8
TEXT
 10
-13.143351876949422
 20
15.592634713697997
 30
0.0
 70
0
  0
VERTEX
  5
139
  8
TEXT
 10
-13.109229750246051
 20
15.608377911055454
 30
0.0
 70
0
  0
VERTEX
  5
13A
  8
TEXT
 10
-13.075573562513961
 20
15.626017521045817
 30
0.0
 70
0
  0
VERTEX
  5
13B
  8
TEXT
 10
-13.042383313753156
 20
15.64555354366909
 30
0.0
 70
0
  0
VERTEX
  5
13C
  8
TEXT
 10
-13.009659003963632
 20
15.666985978925268
 30
0.0
 70
0
  0
VERTEX
  5
13D
  8
TEXT
 10
-12.977400633145391
 20
15.690314826814355
 30
0.0
 70
0
  0
VERTEX
  5
13E
  8
TEXT
 10
-12.945608201298432
 20
15.715540087336349
 30
0.0
 70
0
  0
VERTEX
  5
13F
  8
TEXT
 10
-12.915045787507115
 20
15.742049217888034
 30
0.0
 70
0
  0
VERTEX
  5
140
  8
TEXT
 10
-12.886176904547595
 20
15.76947894697895
 30
0.0
 70
0
  0
VERTEX
  5
141
  8
TEXT
 10
-12.85900155241987
 20
15.797829274609091
 30
0.0
 70
0
  0
VERTEX
  5
142
  8
TEXT
 10
-12.833519731123943
 20
15.827100200778462
 30
0.0
 70
0
  0
VERTEX
  5
143
  8
TEXT
 10
-12.809731440659812
 20
15.857291725487059
 30
0.0
 70
0
  0
VERTEX
  5
144
  8
TEXT
 10
-12.787636681027477
 20
15.888403848734884
 30
0.0
 70
0
  0
VERTEX
  5
145
  8
TEXT
 10
-12.767235452226938
 20
15.920436570521934
 30
0.0
 70
0
  0
VERTEX
  5
146
  8
TEXT
 10
-12.748527754258197
 20
15.953389890848214
 30
0.0
 70
0
  0
VERTEX
  5
147
  8
TEXT
 10
-12.73151358712125
 20
15.98726380971372
 30
0.0
 70
0
  0
VERTEX
  5
148
  8
TEXT
 10
-12.716410222631488
 20
16.02169729355116
 30
0.0
 70
0
  0
VERTEX
  5
149
  8
TEXT
 10
-12.70343493260429
 20
16.05632930879323
 30
0.0
 70
0
  0
VERTEX
  5
14A
  8
TEXT
 10
-12.692587717039657
 20
16.09115985543994
 30
0.0
 70
0
  0
VERTEX
  5
14B
  8
TEXT
 10
-12.683868575937593
 20
16.12618893349128
 30
0.0
 70
0
  0
VERTEX
  5
14C
  8
TEXT
 10
-12.677277509298094
 20
16.16141654294726
 30
0.0
 70
0
  0
VERTEX
  5
14D
  8
TEXT
 10
-12.67281451712116
 20
16.196842683807873
 30
0.0
 70
0
  0
VERTEX
  5
14E
  8
TEXT
 10
-12.670479599406795
 20
16.23246735607312
 30
0.0
 70
0
  0
VERTEX
  5
14F
  8
TEXT
 10
-12.670272756154995
 20
16.268290559743
 30
0.0
 70
0
  0
VERTEX
  5
150
  8
TEXT
 10
-12.67219398736576
 20
16.304312294817517
 30
0.0
 70
0
  0
VERTEX
  5
151
  8
TEXT
 10
-12.676460564854478
 20
16.340171527729375
 30
0.0
 70
0
  0
VERTEX
  5
152
  8
TEXT
 10
-12.683289760436532
 20
16.375507224911274
 30
0.0
 70
0
  0
VERTEX
  5
153
  8
TEXT
 10
-12.692681574111921
 20
16.410319386363213
 30
0.0
 70
0
  0
VERTEX
  5
154
  8
TEXT
 10
-12.704636005880646
 20
16.444608012085197
 30
0.0
 70
0
  0
VERTEX
  5
155
  8
TEXT
 10
-12.719153055742707
 20
16.47837310207722
 30
0.0
 70
0
  0
VERTEX
  5
156
  8
TEXT
 10
-12.736232723698105
 20
16.511614656339287
 30
0.0
 70
0
  0
VERTEX
  5
157
  8
TEXT
 10
-12.755875009746838
 20
16.5443326748714
 30
0.0
 70
0
  0
VERTEX
  5
158
  8
TEXT
 10
-12.778079913888908
 20
16.57652715767355
 30
0.0
 70
0
  0
VERTEX
  5
159
  8
TEXT
 10
-12.802847436124313
 20
16.608198104745743
 30
0.0
 70
0
  0
VERTEX
  5
15A
  8
TEXT
 10
-12.809016896164804
 20
16.615637120873767
 30
0.0
 70
0
  0
VERTEX
  5
15B
  8
TEXT
 10
-13.339666713297232
 20
16.175548971318737
 30
0.0
 70
0
  0
VERTEX
  5
15C
  8
TEXT
 10
-13.576162681516056
 20
16.46071125622635
 30
0.0
 70
0
  0
VERTEX
  5
15D
  8
TEXT
 10
-12.708277466579842
 20
17.180481594283645
 30
0.0
 70
0
  0
VERTEX
  5
15E
  8
TEXT
 10
-12.554040965567566
 20
16.994506191083026
 30
0.0
 70
0
  0
VERTEX
  5
15F
  8
TEXT
 10
-12.527500941934399
 20
16.961638786584256
 30
0.0
 70
0
  0
VERTEX
  5
160
  8
TEXT
 10
-12.502298672417691
 20
16.928652510217184
 30
0.0
 70
0
  0
VERTEX
  5
161
  8
TEXT
 10
-12.478434157017444
 20
16.895547361981816
 30
0.0
 70
0
  0
VERTEX
  5
162
  8
TEXT
 10
-12.455907395733657
 20
16.86232334187815
 30
0.0
 70
0
  0
VERTEX
  5
163
  8
TEXT
 10
-12.434718388566328
 20
16.828980449906183
 30
0.0
 70
0
  0
VERTEX
  5
164
  8
TEXT
 10
-12.414867135515461
 20
16.79551868606592
 30
0.0
 70
0
  0
VERTEX
  5
165
  8
TEXT
 10
-12.396353636581052
 20
16.761938050357355
 30
0.0
 70
0
  0
VERTEX
  5
166
  8
TEXT
 10
-12.379177891763105
 20
16.728238542780492
 30
0.0
 70
0
  0
VERTEX
  5
167
  8
TEXT
 10
-12.363339901061615
 20
16.69442016333533
 30
0.0
 70
0
  0
VERTEX
  5
168
  8
TEXT
 10
-12.348839664476586
 20
16.66048291202187
 30
0.0
 70
0
  0
VERTEX
  5
169
  8
TEXT
 10
-12.335677182008016
 20
16.62642678884011
 30
0.0
 70
0
  0
VERTEX
  5
16A
  8
TEXT
 10
-12.323852453655906
 20
16.59225179379005
 30
0.0
 70
0
  0
VERTEX
  5
16B
  8
TEXT
 10
-12.313365479420256
 20
16.557957926871694
 30
0.0
 70
0
  0
VERTEX
  5
16C
  8
TEXT
 10
-12.303389261231512
 20
16.520819313864635
 30
0.0
 70
0
  0
VERTEX
  5
16D
  8
TEXT
 10
-12.294733150549687
 20
16.48383563102388
 30
0.0
 70
0
  0
VERTEX
  5
16E
  8
TEXT
 10
-12.287397147374786
 20
16.447006878349434
 30
0.0
 70
0
  0
VERTEX
  5
16F
  8
TEXT
 10
-12.281381251706806
 20
16.410333055841296
 30
0.0
 70
0
  0
VERTEX
  5
170
  8
TEXT
 10
-12.27668546354575
 20
16.373814163499468
 30
0.0
 70
0
  0
VERTEX
  5
171
  8
TEXT
 10
-12.273309782891612
 20
16.337450201323943
 30
0.0
 70
0
  0
VERTEX
  5
172
  8
TEXT
 10
-12.271254209744399
 20
16.30124116931473
 30
0.0
 70
0
  0
VERTEX
  5
173
  8
TEXT
 10
-12.270518744104105
 20
16.26518706747182
 30
0.0
 70
0
  0
VERTEX
  5
174
  8
TEXT
 10
-12.271103385970733
 20
16.22928789579522
 30
0.0
 70
0
  0
VERTEX
  5
175
  8
TEXT
 10
-12.273008135344282
 20
16.19354365428493
 30
0.0
 70
0
  0
VERTEX
  5
176
  8
TEXT
 10
-12.276232992224754
 20
16.157954342940947
 30
0.0
 70
0
  0
VERTEX
  5
177
  8
TEXT
 10
-12.280777956612146
 20
16.12251996176327
 30
0.0
 70
0
  0
VERTEX
  5
178
  8
TEXT
 10
-12.28708622935669
 20
16.084187183060457
 30
0.0
 70
0
  0
VERTEX
  5
179
  8
TEXT
 10
-12.294654644373912
 20
16.04633120934007
 30
0.0
 70
0
  0
VERTEX
  5
17A
  8
TEXT
 10
-12.303483201663813
 20
16.008952040602114
 30
0.0
 70
0
  0
VERTEX
  5
17B
  8
TEXT
 10
-12.313571901226391
 20
15.972049676846582
 30
0.0
 70
0
  0
VERTEX
  5
17C
  8
TEXT
 10
-12.324920743061647
 20
15.935624118073477
 30
0.0
 70
0
  0
VERTEX
  5
17D
  8
TEXT
 10
-12.337529727169581
 20
15.899675364282798
 30
0.0
 70
0
  0
VERTEX
  5
17E
  8
TEXT
 10
-12.351398853550196
 20
15.864203415474545
 30
0.0
 70
0
  0
VERTEX
  5
17F
  8
TEXT
 10
-12.366528122203487
 20
15.829208271648719
 30
0.0
 70
0
  0
VERTEX
  5
180
  8
TEXT
 10
-12.382917533129456
 20
15.79468993280532
 30
0.0
 70
0
  0
VERTEX
  5
181
  8
TEXT
 10
-12.400567086328104
 20
15.760648398944346
 30
0.0
 70
0
  0
VERTEX
  5
182
  8
TEXT
 10
-12.41947678179943
 20
15.727083670065799
 30
0.0
 70
0
  0
VERTEX
  5
183
  8
TEXT
 10
-12.43948092558457
 20
15.694150456688709
 30
0.0
 70
0
  0
VERTEX
  5
184
  8
TEXT
 10
-12.460413823724659
 20
15.662003469332108
 30
0.0
 70
0
  0
VERTEX
  5
185
  8
TEXT
 10
-12.482275476219696
 20
15.630642707995994
 30
0.0
 70
0
  0
VERTEX
  5
186
  8
TEXT
 10
-12.50506588306968
 20
15.60006817268037
 30
0.0
 70
0
  0
VERTEX
  5
187
  8
TEXT
 10
-12.528785044274613
 20
15.570279863385233
 30
0.0
 70
0
  0
VERTEX
  5
188
  8
TEXT
 10
-12.553432959834497
 20
15.541277780110583
 30
0.0
 70
0
  0
VERTEX
  5
189
  8
TEXT
 10
-12.579009629749327
 20
15.513061922856423
 30
0.0
 70
0
  0
VERTEX
  5
18A
  8
TEXT
 10
-12.605515054019106
 20
15.48563229162275
 30
0.0
 70
0
  0
VERTEX
  5
18B
  8
TEXT
 10
-12.632949232643833
 20
15.458988886409566
 30
0.0
 70
0
  0
VERTEX
  5
18C
  8
TEXT
 10
-12.66131216562351
 20
15.43313170721687
 30
0.0
 70
0
  0
SEQEND
  5
5D
  8
TEXT
  0
POLYLINE
  5
18D
  8
TEXT
 66
1
 10
0.0
 20
0.0
 30
0.0
 70
1
  0
VERTEX
  5
18F
  8
TEXT
 10
-11.329534170214663
 20
16.497627637430714
 30
0.0
 70
0
  0
VERTEX
  5
190
  8
TEXT
 10
-12.615307468962259
 20
18.524148553737213
 30
0.0
 70
0
  0
VERTEX
  5
191
  8
TEXT
 10
-11.266787006869714
 20
19.379748705219253
 30
0.0
 70
0
  0
VERTEX
  5
192
  8
TEXT
 10
-11.05968258291037
 20
19.0533292287672
 30
0.0
 70
0
  0
VERTEX
  5
193
  8
TEXT
 10
-12.037580931114645
 20
18.432878891989
 30
0.0
 70
0
  0
VERTEX
  5
194
  8
TEXT
 10
-11.707076787879526
 20
17.911967810817597
 30
0.0
 70
0
  0
VERTEX
  5
195
  8
TEXT
 10
-10.783581685750592
 20
18.497900743602575
 30
0.0
 70
0
  0
VERTEX
  5
196
  8
TEXT
 10
-10.576477261791247
 20
18.17148126715052
 30
0.0
 70
0
  0
VERTEX
  5
197
  8
TEXT
 10
-11.49997236392018
 20
17.58554833436554
 30
0.0
 70
0
  0
VERTEX
  5
198
  8
TEXT
 10
-11.16601648028574
 20
17.059196928586605
 30
0.0
 70
0
  0
VERTEX
  5
199
  8
TEXT
 10
-10.188118132081463
 20
17.679647265364807
 30
0.0
 70
0
  0
VERTEX
  5
19A
  8
TEXT
 10
-9.981013708122118
 20
17.353227788912754
 30
0.0
 70
0
  0
SEQEND
  5
18E
  8
TEXT
  0
POLYLINE
  5
19B
  8
TEXT
 66
1
 10
0.0
 20
0.0
 30
0.0
 70
1
  0
VERTEX
  5
19D
  8
TEXT
 10
-9.45568435967159
 20
17.649779842881593
 30
0.0
 70
0
  0
VERTEX
  5
19E
  8
TEXT
 10
-10.486151006946704
 20
19.817298813699054
 30
0.0
 70
0
  0
VERTEX
  5
19F
  8
TEXT
 10
-10.177752334588783
 20
19.96391554472075
 30
0.0
 70
0
  0
VERTEX
  5
1A0
  8
TEXT
 10
-8.483749258028109
 20
19.064239828924666
 30
0.0
 70
0
  0
VERTEX
  5
1A1
  8
TEXT
 10
-9.144907724333482
 20
20.45494327597265
 30
0.0
 70
0
  0
VERTEX
  5
1A2
  8
TEXT
 10
-8.749226408855396
 20
20.6430553082269
 30
0.0
 70
0
  0
VERTEX
  5
1A3
  8
TEXT
 10
-7.718759761580283
 20
18.475536337409437
 30
0.0
 70
0
  0
VERTEX
  5
1A4
  8
TEXT
 10
-8.030067855375542
 20
18.32753642967999
 30
0.0
 70
0
  0
VERTEX
  5
1A5
  8
TEXT
 10
-9.733610100868646
 20
19.254780115119875
 30
0.0
 70
0
  0
VERTEX
  5
1A6
  8
TEXT
 10
-9.060003044193504
 20
17.837891875135842
 30
0.0
 70
0
  0
SEQEND
  5
19C
  8
TEXT
  0
POLYLINE
  5
1A7
  8
TEXT
 66
1
 10
0.0
 20
0.0
 30
0.0
 70
1
  0
VERTEX
  5
1A9
  8
TEXT
 10
-7.023444749873091
 20
18.74036515180159
 30
0.0
 70
0
  0
VERTEX
  5
1AA
  8
TEXT
 10
-7.783387125933836
 20
21.016872912620155
 30
0.0
 70
0
  0
VERTEX
  5
1AB
  8
TEXT
 10
-6.268516357577054
 20
21.52256611118675
 30
0.0
 70
0
  0
VERTEX
  5
1AC
  8
TEXT
 10
-6.14610953190284
 20
21.155880297363627
 30
0.0
 70
0
  0
VERTEX
  5
1AD
  8
TEXT
 10
-7.244639115814616
 20
20.789169848781295
 30
0.0
 70
0
  0
VERTEX
  5
1AE
  8
TEXT
 10
-7.049298223176184
 20
20.20400040422189
 30
0.0
 70
0
  0
VERTEX
  5
1AF
  8
TEXT
 10
-6.011882941568261
 20
20.550309715191855
 30
0.0
 70
0
  0
VERTEX
  5
1B0
  8
TEXT
 10
-5.8894761158940465
 20
20.18362390136873
 30
0.0
 70
0
  0
VERTEX
  5
1B1
  8
TEXT
 10
-6.9268913975019695
 20
19.83731459039877
 30
0.0
 70
0
  0
VERTEX
  5
1B2
  8
TEXT
 10
-6.729510391102299
 20
19.24603371560898
 30
0.0
 70
0
  0
VERTEX
  5
1B3
  8
TEXT
 10
-5.6309808071905225
 20
19.612744164191312
 30
0.0
 70
0
  0
VERTEX
  5
1B4
  8
TEXT
 10
-5.508573981516308
 20
19.246058350368187
 30
0.0
 70
0
  0
SEQEND
  5
1A8
  8
TEXT
  0
POLYLINE
  5
1B5
  8
TEXT
 66
1
 10
0.0
 20
0.0
 30
0.0
 70
1
  0
VERTEX
  5
1B7
  8
TEXT
 10
-4.926122541320966
 20
19.401721368601688
 30
0.0
 70
0
  0
VERTEX
  5
1B8
  8
TEXT
 10
-5.419461054887419
 20
21.750469356579973
 30
0.0
 70
0
  0
VERTEX
  5
1B9
  8
TEXT
 10
-4.546168178820325
 20
21.933898575718104
 30
0.0
 70
0
  0
VERTEX
  5
1BA
  8
TEXT
 10
-4.506490885294917
 20
21.94160388383787
 30
0.0
 70
0
  0
VERTEX
  5
1BB
  8
TEXT
 10
-4.467326945249496
 20
21.94794409140475
 30
0.0
 70
0
  0
VERTEX
  5
1BC
  8
TEXT
 10
-4.428676358684063
 20
21.95291919841874
 30
0.0
 70
0
  0
VERTEX
  5
1BD
  8
TEXT
 10
-4.390539125598617
 20
21.95652920487985
 30
0.0
 70
0
  0
VERTEX
  5
1BE
  8
TEXT
 10
-4.3529152459931595
 20
21.958774110788067
 30
0.0
 70
0
  0
VERTEX
  5
1BF
  8
TEXT
 10
-4.31580471986769
 20
21.959653916143402
 30
0.0
 70
0
  0
VERTEX
  5
1C0
  8
TEXT
 10
-4.2792075472222075
 20
21.95916862094585
 30
0.0
 70
0
  0
VERTEX
  5
1C1
  8
TEXT
 10
-4.2431237280567125
 20
21.95731822519541
 30
0.0
 70
0
  0
VERTEX
  5
1C2
  8
TEXT
 10
-4.207553262371206
 20
21.95410272889209
 30
0.0
 70
0
  0
VERTEX
  5
1C3
  8
TEXT
 10
-4.172496150165687
 20
21.949522132035877
 30
0.0
 70
0
  0
VERTEX
  5
1C4
  8
TEXT
 10
-4.137952391440155
 20
21.943576434626777
 30
0.0
 70
0
  0
VERTEX
  5
1C5
  8
TEXT
 10
-4.103921986194612
 20
21.936265636664796
 30
0.0
 70
0
  0
VERTEX
  5
1C6
  8
TEXT
 10
-4.06760550884832
 20
21.926754685446625
 30
0.0
 70
0
  0
VERTEX
  5
1C7
  8
TEXT
 10
-4.032344211730645
 20
21.915661864312305
 30
0.0
 70
0
  0
VERTEX
  5
1C8
  8
TEXT
 10
-3.9981380948415843
 20
21.902987173261845
 30
0.0
 70
0
  0
VERTEX
  5
1C9
  8
TEXT
 10
-3.9649871581811396
 20
21.888730612295237
 30
0.0
 70
0
  0
VERTEX
  5
1CA
  8
TEXT
 10
-3.9328914017493113
 20
21.87289218141249
 30
0.0
 70
0
  0
VERTEX
  5
1CB
  8
TEXT
 10
-3.901850825546098
 20
21.855471880613596
 30
0.0
 70
0
  0
VERTEX
  5
1CC
  8
TEXT
 10
-3.871865429571501
 20
21.83646970989856
 30
0.0
 70
0
  0
VERTEX
  5
1CD
  8
TEXT
 10
-3.8429352138255197
 20
21.815885669267377
 30
0.0
 70
0
  0
VERTEX
  5
1CE
  8
TEXT
 10
-3.815060178308154
 20
21.79371975872005
 30
0.0
 70
0
  0
VERTEX
  5
1CF
  8
TEXT
 10
-3.788240323019404
 20
21.76997197825658
 30
0.0
 70
0
  0
VERTEX
  5
1D0
  8
TEXT
 10
-3.7624756479592705
 20
21.744642327876967
 30
0.0
 70
0
  0
VERTEX
  5
1D1
  8
TEXT
 10
-3.739960674371235
 20
21.720054097425948
 30
0.0
 70
0
  0
VERTEX
  5
1D2
  8
TEXT
 10
-3.7186837426744748
 20
21.694177145858653
 30
0.0
 70
0
  0
VERTEX
  5
1D3
  8
TEXT
 10
-3.6986448528689904
 20
21.667011473175076
 30
0.0
 70
0
  0
VERTEX
  5
1D4
  8
TEXT
 10
-3.679844004954782
 20
21.63855707937522
 30
0.0
 70
0
  0
VERTEX
  5
1D5
  8
TEXT
 10
-3.66228119893185
 20
21.608813964459088
 30
0.0
 70
0
  0
VERTEX
  5
1D6
  8
TEXT
 10
-3.645956434800193
 20
21.577782128426676
 30
0.0
 70
0
  0
VERTEX
  5
1D7
  8
TEXT
 10
-3.6308697125598126
 20
21.545461571277983
 30
0.0
 70
0
  0
VERTEX
  5
1D8
  8
TEXT
 10
-3.6170210322107077
 20
21.51185229301301
 30
0.0
 70
0
  0
VERTEX
  5
1D9
  8
TEXT
 10
-3.604410393752879
 20
21.476954293631763
 30
0.0
 70
0
  0
VERTEX
  5
1DA
  8
TEXT
 10
-3.5930377971863257
 20
21.440767573134234
 30
0.0
 70
0
  0
VERTEX
  5
1DB
  8
TEXT
 10
-3.582903242511049
 20
21.403292131520427
 30
0.0
 70
0
  0
VERTEX
  5
1DC
  8
TEXT
 10
-3.5740067297270475
 20
21.364527968790338
 30
0.0
 70
0
  0
VERTEX
  5
1DD
  8
TEXT
 10
-3.566413390002052
 20
21.324404255760832
 30
0.0
 70
0
  0
VERTEX
  5
1DE
  8
TEXT
 10
-3.560629820735169
 20
21.284951951157467
 30
0.0
 70
0
  0
VERTEX
  5
1DF
  8
TEXT
 10
-3.5566560219264014
 20
21.24617105498025
 30
0.0
 70
0
  0
VERTEX
  5
1E0
  8
TEXT
 10
-3.5544919935757475
 20
21.20806156722917
 30
0.0
 70
0
  0
VERTEX
  5
1E1
  8
TEXT
 10
-3.554137735683208
 20
21.170623487904233
 30
0.0
 70
0
  0
VERTEX
  5
1E2
  8
TEXT
 10
-3.5555932482487815
 20
21.133856817005444
 30
0.0
 70
0
  0
VERTEX
  5
1E3
  8
TEXT
 10
-3.55885853127247
 20
21.097761554532795
 30
0.0
 70
0
  0
VERTEX
  5
1E4
  8
TEXT
 10
-3.5639335847542717
 20
21.062337700486292
 30
0.0
 70
0
  0
VERTEX
  5
1E5
  8
TEXT
 10
-3.570818408694188
 20
21.02758525486593
 30
0.0
 70
0
  0
VERTEX
  5
1E6
  8
TEXT
 10
-3.579513003092218
 20
20.993504217671713
 30
0.0
 70
0
  0
VERTEX
  5
1E7
  8
TEXT
 10
-3.5900173679483625
 20
20.960094588903637
 30
0.0
 70
0
  0
VERTEX
  5
1E8
  8
TEXT
 10
-3.6023315032626204
 20
20.927356368561707
 30
0.0
 70
0
  0
VERTEX
  5
1E9
  8
TEXT
 10
-3.617569897320005
 20
20.892598160956798
 30
0.0
 70
0
  0
VERTEX
  5
1EA
  8
TEXT
 10
-3.6344435801249255
 20
20.859019936968668
 30
0.0
 70
0
  0
VERTEX
  5
1EB
  8
TEXT
 10
-3.6529525516773815
 20
20.826621696597325
 30
0.0
 70
0
  0
VERTEX
  5
1EC
  8
TEXT
 10
-3.6730968119773735
 20
20.795403439842765
 30
0.0
 70
0
  0
VERTEX
  5
1ED
  8
TEXT
 10
-3.694876361024901
 20
20.765365166704985
 30
0.0
 70
0
  0
VERTEX
  5
1EE
  8
TEXT
 10
-3.7182911988199643
 20
20.73650687718399
 30
0.0
 70
0
  0
VERTEX
  5
1EF
  8
TEXT
 10
-3.7433413253625636
 20
20.708828571279778
 30
0.0
 70
0
  0
VERTEX
  5
1F0
  8
TEXT
 10
-3.7700267406526984
 20
20.682330248992347
 30
0.0
 70
0
  0
VERTEX
  5
1F1
  8
TEXT
 10
-3.798347444690369
 20
20.6570119103217
 30
0.0
 70
0
  0
VERTEX
  5
1F2
  8
TEXT
 10
-3.8283034374755758
 20
20.632873555267835
 30
0.0
 70
0
  0
VERTEX
  5
1F3
  8
TEXT
 10
-3.859894719008318
 20
20.609915183830758
 30
0.0
 70
0
  0
VERTEX
  5
1F4
  8
TEXT
 10
-3.1227885156517328
 20
19.780499395125194
 30
0.0
 70
0
  0
VERTEX
  5
1F5
  8
TEXT
 10
-3.6083015225626798
 20
19.678520695676557
 30
0.0
 70
0
  0
VERTEX
  5
1F6
  8
TEXT
 10
-4.27591934991762
 20
20.4435295085689
 30
0.0
 70
0
  0
VERTEX
  5
1F7
  8
TEXT
 10
-4.679462628389057
 20
20.35876799214406
 30
0.0
 70
0
  0
VERTEX
  5
1F8
  8
TEXT
 10
-4.497357807945065
 20
19.491780479803083
 30
0.0
 70
0
  0
SEQEND
  5
1B6
  8
TEXT
  0
POLYLINE
  5
1F9
  8
TEXT
 66
1
 10
0.0
 20
0.0
 30
0.0
 70
1
  0
VERTEX
  5
1FB
  8
TEXT
 10
-4.758926550037345
 20
20.73708981571103
 30
0.0
 70
0
  0
VERTEX
  5
1FC
  8
TEXT
 10
-4.308093043620037
 20
20.831784322341907
 30
0.0
 70
0
  0
VERTEX
  5
1FD
  8
TEXT
 10
-4.270352431452405
 20
20.841037333554194
 30
0.0
 70
0
  0
VERTEX
  5
1FE
  8
TEXT
 10
-4.234896747571613
 20
20.85246211663002
 30
0.0
 70
0
  0
VERTEX
  5
1FF
  8
TEXT
 10
-4.201725991977658
 20
20.866058671569377
 30
0.0
 70
0
  0
VERTEX
  5
200
  8
TEXT
 10
-4.17084016467054
 20
20.881826998372272
 30
0.0
 70
0
  0
VERTEX
  5
201
  8
TEXT
 10
-4.142239265650261
 20
20.8997670970387
 30
0.0
 70
0
  0
VERTEX
  5
202
  8
TEXT
 10
-4.115923294916819
 20
20.91987896756867
 30
0.0
 70
0
  0
VERTEX
  5
203
  8
TEXT
 10
-4.087532986002712
 20
20.946448653293167
 30
0.0
 70
0
  0
VERTEX
  5
204
  8
TEXT
 10
-4.062778475076445
 20
20.975283094958492
 30
0.0
 70
0
  0
VERTEX
  5
205
  8
TEXT
 10
-4.041659762138016
 20
21.00638229256464
 30
0.0
 70
0
  0
VERTEX
  5
206
  8
TEXT
 10
-4.024176847187427
 20
21.03974624611162
 30
0.0
 70
0
  0
VERTEX
  5
207
  8
TEXT
 10
-4.010329730224677
 20
21.075374955599425
 30
0.0
 70
0
  0
VERTEX
  5
208
  8
TEXT
 10
-4.001766154770719
 20
21.106433874722896
 30
0.0
 70
0
  0
VERTEX
  5
209
  8
TEXT
 10
-3.996124125023562
 20
21.13834215299628
 30
0.0
 70
0
  0
VERTEX
  5
20A
  8
TEXT
 10
-3.9934036409832068
 20
21.17109979041958
 30
0.0
 70
0
  0
VERTEX
  5
20B
  8
TEXT
 10
-3.9936047026496526
 20
21.204706786992787
 30
0.0
 70
0
  0
VERTEX
  5
20C
  8
TEXT
 10
-3.9967273100229
 20
21.23916314271591
 30
0.0
 70
0
  0
VERTEX
  5
20D
  8
TEXT
 10
-4.002771463102949
 20
21.274468857588946
 30
0.0
 70
0
  0
VERTEX
  5
20E
  8
TEXT
 10
-4.0116359925451075
 20
21.310142271882818
 30
0.0
 70
0
  0
VERTEX
  5
20F
  8
TEXT
 10
-4.022778262773306
 20
21.343599937959738
 30
0.0
 70
0
  0
VERTEX
  5
210
  8
TEXT
 10
-4.036198273787545
 20
21.374841855819707
 30
0.0
 70
0
  0
VERTEX
  5
211
  8
TEXT
 10
-4.051896025587824
 20
21.403868025462728
 30
0.0
 70
0
  0
VERTEX
  5
212
  8
TEXT
 10
-4.069871518174141
 20
21.430678446888802
 30
0.0
 70
0
  0
VERTEX
  5
213
  8
TEXT
 10
-4.090124751546499
 20
21.455273120097925
 30
0.0
 70
0
  0
VERTEX
  5
214
  8
TEXT
 10
-4.117017195646509
 20
21.481752243312364
 30
0.0
 70
0
  0
VERTEX
  5
215
  8
TEXT
 10
-4.146353478909635
 20
21.504821295114127
 30
0.0
 70
0
  0
VERTEX
  5
216
  8
TEXT
 10
-4.178133601335875
 20
21.524480275503212
 30
0.0
 70
0
  0
VERTEX
  5
217
  8
TEXT
 10
-4.212357562925231
 20
21.54072918447962
 30
0.0
 70
0
  0
VERTEX
  5
218
  8
TEXT
 10
-4.249025363677702
 20
21.553568022043347
 30
0.0
 70
0
  0
VERTEX
  5
219
  8
TEXT
 10
-4.281209156403228
 20
21.561392415799922
 30
0.0
 70
0
  0
VERTEX
  5
21A
  8
TEXT
 10
-4.314611000689758
 20
21.56630926064066
 30
0.0
 70
0
  0
VERTEX
  5
21B
  8
TEXT
 10
-4.349230896537292
 20
21.56831855656557
 30
0.0
 70
0
  0
VERTEX
  5
21C
  8
TEXT
 10
-4.385068843945831
 20
21.567420303574636
 30
0.0
 70
0
  0
VERTEX
  5
21D
  8
TEXT
 10
-4.422124842915374
 20
21.56361450166787
 30
0.0
 70
0
  0
VERTEX
  5
21E
  8
TEXT
 10
-4.460398893445922
 20
21.55690115084527
 30
0.0
 70
0
  0
VERTEX
  5
21F
  8
TEXT
 10
-4.911232399863231
 20
21.462206644214394
 30
0.0
 70
0
  0
SEQEND
  5
1FA
  8
TEXT
  0
POLYLINE
  5
220
  8
TEXT
 66
1
 10
0.0
 20
0.0
 30
0.0
 70
1
  0
VERTEX
  5
222
  8
TEXT
 10
-2.5587513636926915
 20
19.83685405801094
 30
0.0
 70
0
  0
VERTEX
  5
223
  8
TEXT
 10
-2.83969500747847
 20
22.22035372635922
 30
0.0
 70
0
  0
VERTEX
  5
224
  8
TEXT
 10
-2.403786511085915
 20
22.27173435919924
 30
0.0
 70
0
  0
VERTEX
  5
225
  8
TEXT
 10
-2.122842867300137
 20
19.888234690850958
 30
0.0
 70
0
  0
SEQEND
  5
221
  8
TEXT
  0
POLYLINE
  5
226
  8
TEXT
 66
1
 10
0.0
 20
0.0
 30
0.0
 70
1
  0
VERTEX
  5
228
  8
TEXT
 10
-0.25700024345923617
 20
19.960006250250988
 30
0.0
 70
0
  0
VERTEX
  5
229
  8
TEXT
 10
-0.29630237417513533
 20
19.959828663789793
 30
0.0
 70
0
  0
VERTEX
  5
22A
  8
TEXT
 10
-0.3351722503143306
 20
19.960760103983883
 30
0.0
 70
0
  0
VERTEX
  5
22B
  8
TEXT
 10
-0.37360987187682226
 20
19.962800570833252
 30
0.0
 70
0
  0
VERTEX
  5
22C
  8
TEXT
 10
-0.4116152388626098
 20
19.965950064337907
 30
0.0
 70
0
  0
VERTEX
  5
22D
  8
TEXT
 10
-0.44918835127169304
 20
19.970208584497847
 30
0.0
 70
0
  0
VERTEX
  5
22E
  8
TEXT
 10
-0.4863292091040726
 20
19.97557613131307
 30
0.0
 70
0
  0
VERTEX
  5
22F
  8
TEXT
 10
-0.5230378123597483
 20
19.982052704783573
 30
0.0
 70
0
  0
VERTEX
  5
230
  8
TEXT
 10
-0.5593141610387199
 20
19.989638304909363
 30
0.0
 70
0
  0
VERTEX
  5
231
  8
TEXT
 10
-0.5951582551409879
 20
19.998332931690438
 30
0.0
 70
0
  0
VERTEX
  5
232
  8
TEXT
 10
-0.6305700946665515
 20
20.008136585126792
 30
0.0
 70
0
  0
VERTEX
  5
233
  8
TEXT
 10
-0.6655496796154113
 20
20.01904926521843
 30
0.0
 70
0
  0
VERTEX
  5
234
  8
TEXT
 10
-0.7000970099875672
 20
20.031070971965356
 30
0.0
 70
0
  0
VERTEX
  5
235
  8
TEXT
 10
-0.7342120857830192
 20
20.044201705367563
 30
0.0
 70
0
  0
VERTEX
  5
236
  8
TEXT
 10
-0.7705540455050045
 20
20.059549093950693
 30
0.0
 70
0
  0
VERTEX
  5
237
  8
TEXT
 10
-0.806132202905577
 20
20.07593989178541
 30
0.0
 70
0
  0
VERTEX
  5
238
  8
TEXT
 10
-0.8409465579847366
 20
20.093374098871713
 30
0.0
 70
0
  0
VERTEX
  5
239
  8
TEXT
 10
-0.8749971107424833
 20
20.111851715209607
 30
0.0
 70
0
  0
VERTEX
  5
23A
  8
TEXT
 10
-0.9082838611788178
 20
20.131372740799087
 30
0.0
 70
0
  0
VERTEX
  5
23B
  8
TEXT
 10
-0.9408068092937387
 20
20.151937175640153
 30
0.0
 70
0
  0
VERTEX
  5
23C
  8
TEXT
 10
-0.9725659550872471
 20
20.17354501973281
 30
0.0
 70
0
  0
VERTEX
  5
23D
  8
TEXT
 10
-1.0035612985593427
 20
20.196196273077053
 30
0.0
 70
0
  0
VERTEX
  5
23E
  8
TEXT
 10
-1.0337928397100253
 20
20.219890935672883
 30
0.0
 70
0
  0
VERTEX
  5
23F
  8
TEXT
 10
-1.0632605785392952
 20
20.2446290075203
 30
0.0
 70
0
  0
VERTEX
  5
240
  8
TEXT
 10
-1.0919645150471524
 20
20.270410488619305
 30
0.0
 70
0
  0
VERTEX
  5
241
  8
TEXT
 10
-1.1199046492335967
 20
20.297235378969898
 30
0.0
 70
0
  0
VERTEX
  5
242
  8
TEXT
 10
-1.1469727152828897
 20
20.324996605146485
 30
0.0
 70
0
  0
VERTEX
  5
243
  8
TEXT
 10
-1.1730604473792932
 20
20.35358709372347
 30
0.0
 70
0
  0
VERTEX
  5
244
  8
TEXT
 10
-1.1981678455228069
 20
20.38300684470085
 30
0.0
 70
0
  0
VERTEX
  5
245
  8
TEXT
 10
-1.2222949097134308
 20
20.41325585807863
 30
0.0
 70
0
  0
VERTEX
  5
246
  8
TEXT
 10
-1.2454416399511654
 20
20.44433413385681
 30
0.0
 70
0
  0
VERTEX
  5
247
  8
TEXT
 10
-1.2676080362360098
 20
20.476241672035385
 30
0.0
 70
0
  0
VERTEX
  5
248
  8
TEXT
 10
-1.2887940985679651
 20
20.508978472614363
 30
0.0
 70
0
  0
VERTEX
  5
249
  8
TEXT
 10
-1.3089998269470304
 20
20.542544535593734
 30
0.0
 70
0
  0
VERTEX
  5
24A
  8
TEXT
 10
-1.3282252213732062
 20
20.576939860973507
 30
0.0
 70
0
  0
VERTEX
  5
24B
  8
TEXT
 10
-1.3464702818464922
 20
20.612164448753674
 30
0.0
 70
0
  0
VERTEX
  5
24C
  8
TEXT
 10
-1.3637350083668887
 20
20.648218298934243
 30
0.0
 70
0
  0
VERTEX
  5
24D
  8
TEXT
 10
-1.3800194009343953
 20
20.68510141151521
 30
0.0
 70
0
  0
VERTEX
  5
24E
  8
TEXT
 10
-1.3940673378030355
 20
20.719792556353536
 30
0.0
 70
0
  0
VERTEX
  5
24F
  8
TEXT
 10
-1.407052578086995
 20
20.755008617734052
 30
0.0
 70
0
  0
VERTEX
  5
250
  8
TEXT
 10
-1.418975121786274
 20
20.79074959565676
 30
0.0
 70
0
  0
VERTEX
  5
251
  8
TEXT
 10
-1.429834968900873
 20
20.82701549012166
 30
0.0
 70
0
  0
VERTEX
  5
252
  8
TEXT
 10
-1.439632119430791
 20
20.863806301128754
 30
0.0
 70
0
  0
VERTEX
  5
253
  8
TEXT
 10
-1.4483665733760285
 20
20.90112202867804
 30
0.0
 70
0
  0
VERTEX
  5
254
  8
TEXT
 10
-1.4560383307365856
 20
20.938962672769513
 30
0.0
 70
0
  0
VERTEX
  5
255
  8
TEXT
 10
-1.462647391512462
 20
20.97732823340318
 30
0.0
 70
0
  0
VERTEX
  5
256
  8
TEXT
 10
-1.4681937557036586
 20
21.016218710579043
 30
0.0
 70
0
  0
VERTEX
  5
257
  8
TEXT
 10
-1.4726774233101745
 20
21.055634104297095
 30
0.0
 70
0
  0
VERTEX
  5
258
  8
TEXT
 10
-1.47609839433201
 20
21.095574414557337
 30
0.0
 70
0
  0
VERTEX
  5
259
  8
TEXT
 10
-1.478456668769165
 20
21.136039641359773
 30
0.0
 70
0
  0
VERTEX
  5
25A
  8
TEXT
 10
-1.4797522466216395
 20
21.1770297847044
 30
0.0
 70
0
  0
VERTEX
  5
25B
  8
TEXT
 10
-1.4799830508408527
 20
21.218046803102055
 30
0.0
 70
0
  0
VERTEX
  5
25C
  8
TEXT
 10
-1.4791470043782247
 20
21.258592655063573
 30
0.0
 70
0
  0
VERTEX
  5
25D
  8
TEXT
 10
-1.477244107233755
 20
21.298667340588956
 30
0.0
 70
0
  0
VERTEX
  5
25E
  8
TEXT
 10
-1.4742743594074437
 20
21.3382708596782
 30
0.0
 70
0
  0
VERTEX
  5
25F
  8
TEXT
 10
-1.4702377608992907
 20
21.37740321233131
 30
0.0
 70
0
  0
VERTEX
  5
260
  8
TEXT
 10
-1.465134311709296
 20
21.41606439854828
 30
0.0
 70
0
  0
VERTEX
  5
261
  8
TEXT
 10
-1.4589640118374603
 20
21.454254418329118
 30
0.0
 70
0
  0
VERTEX
  5
262
  8
TEXT
 10
-1.4517268612837828
 20
21.491973271673817
 30
0.0
 70
0
  0
VERTEX
  5
263
  8
TEXT
 10
-1.4434228600482633
 20
21.52922095858238
 30
0.0
 70
0
  0
VERTEX
  5
264
  8
TEXT
 10
-1.4340520081309025
 20
21.565997479054808
 30
0.0
 70
0
  0
VERTEX
  5
265
  8
TEXT
 10
-1.4236143055317
 20
21.602302833091095
 30
0.0
 70
0
  0
VERTEX
  5
266
  8
TEXT
 10
-1.4121097522506565
 20
21.63813702069125
 30
0.0
 70
0
  0
VERTEX
  5
267
  8
TEXT
 10
-1.3995383482877708
 20
21.673500041855267
 30
0.0
 70
0
  0
VERTEX
  5
268
  8
TEXT
 10
-1.3848276151069832
 20
21.711144750338065
 30
0.0
 70
0
  0
VERTEX
  5
269
  8
TEXT
 10
-1.3690892123895329
 20
21.747969426903577
 30
0.0
 70
0
  0
VERTEX
  5
26A
  8
TEXT
 10
-1.3523231401354205
 20
21.7839740715518
 30
0.0
 70
0
  0
VERTEX
  5
26B
  8
TEXT
 10
-1.3345293983446458
 20
21.819158684282733
 30
0.0
 70
0
  0
VERTEX
  5
26C
  8
TEXT
 10
-1.3157079870172088
 20
21.853523265096378
 30
0.0
 70
0
  0
VERTEX
  5
26D
  8
TEXT
 10
-1.2958589061531096
 20
21.887067813992736
 30
0.0
 70
0
  0
VERTEX
  5
26E
  8
TEXT
 10
-1.274982155752348
 20
21.919792330971802
 30
0.0
 70
0
  0
VERTEX
  5
26F
  8
TEXT
 10
-1.2530777358149243
 20
21.951696816033582
 30
0.0
 70
0
  0
VERTEX
  5
270
  8
TEXT
 10
-1.2301456463408382
 20
21.98278126917807
 30
0.0
 70
0
  0
VERTEX
  5
271
  8
TEXT
 10
-1.20618588733009
 20
22.01304569040527
 30
0.0
 70
0
  0
VERTEX
  5
272
  8
TEXT
 10
-1.1811984587826796
 20
22.042490079715183
 30
0.0
 70
0
  0
VERTEX
  5
273
  8
TEXT
 10
-1.1551833606986066
 20
22.07111443710781
 30
0.0
 70
0
  0
VERTEX
  5
274
  8
TEXT
 10
-1.1282534137746691
 20
22.098818780996915
 30
0.0
 70
0
  0
VERTEX
  5
275
  8
TEXT
 10
-1.1005214387076636
 20
22.125503129796286
 30
0.0
 70
0
  0
VERTEX
  5
276
  8
TEXT
 10
-1.0719874354975913
 20
22.151167483505915
 30
0.0
 70
0
  0
VERTEX
  5
277
  8
TEXT
 10
-1.0426514041444512
 20
22.175811842125807
 30
0.0
 70
0
  0
VERTEX
  5
278
  8
TEXT
 10
-1.012513344648244
 20
22.19943620565596
 30
0.0
 70
0
  0
VERTEX
  5
279
  8
TEXT
 10
-0.981573257008969
 20
22.222040574096372
 30
0.0
 70
0
  0
VERTEX
  5
27A
  8
TEXT
 10
-0.9498311412266268
 20
22.243624947447046
 30
0.0
 70
0
  0
VERTEX
  5
27B
  8
TEXT
 10
-0.9172869973012171
 20
22.264189325707978
 30
0.0
 70
0
  0
VERTEX
  5
27C
  8
TEXT
 10
-0.88394082523274
 20
22.283733708879172
 30
0.0
 70
0
  0
VERTEX
  5
27D
  8
TEXT
 10
-0.8497926250211953
 20
22.302258096960625
 30
0.0
 70
0
  0
VERTEX
  5
27E
  8
TEXT
 10
-0.8148423966665836
 20
22.319762489952343
 30
0.0
 70
0
  0
VERTEX
  5
27F
  8
TEXT
 10
-0.7790901401689041
 20
22.336246887854315
 30
0.0
 70
0
  0
VERTEX
  5
280
  8
TEXT
 10
-0.7454672114393358
 20
22.350453772199728
 30
0.0
 70
0
  0
VERTEX
  5
281
  8
TEXT
 10
-0.7113429247630251
 20
22.363583224576697
 30
0.0
 70
0
  0
VERTEX
  5
282
  8
TEXT
 10
-0.6767172801399715
 20
22.375635244985215
 30
0.0
 70
0
  0
VERTEX
  5
283
  8
TEXT
 10
-0.6415902775701752
 20
22.38660983342529
 30
0.0
 70
0
  0
VERTEX
  5
284
  8
TEXT
 10
-0.6059619170536361
 20
22.396506989896913
 30
0.0
 70
0
  0
VERTEX
  5
285
  8
TEXT
 10
-0.5698321985903545
 20
22.405326714400093
 30
0.0
 70
0
  0
VERTEX
  5
286
  8
TEXT
 10
-0.53320112218033
 20
22.413069006934826
 30
0.0
 70
0
  0
VERTEX
  5
287
  8
TEXT
 10
-0.4960686878235627
 20
22.41973386750111
 30
0.0
 70
0
  0
VERTEX
  5
288
  8
TEXT
 10
-0.4584348955200529
 20
22.425321296098954
 30
0.0
 70
0
  0
VERTEX
  5
289
  8
TEXT
 10
-0.4202997452698001
 20
22.429831292728345
 30
0.0
 70
0
  0
VERTEX
  5
28A
  8
TEXT
 10
-0.3816632370728045
 20
22.433263857389292
 30
0.0
 70
0
  0
VERTEX
  5
28B
  8
TEXT
 10
-0.3425253709290664
 20
22.435618990081792
 30
0.0
 70
0
  0
VERTEX
  5
28C
  8
TEXT
 10
-0.3028861468385853
 20
22.436896690805845
 30
0.0
 70
0
  0
VERTEX
  5
28D
  8
TEXT
 10
-0.2604269849313988
 20
22.437079142142746
 30
0.0
 70
0
  0
VERTEX
  5
28E
  8
TEXT
 10
-0.21867239155238302
 20
22.436040279944304
 30
0.0
 70
0
  0
VERTEX
  5
28F
  8
TEXT
 10
-0.1776223667015385
 20
22.43378010421052
 30
0.0
 70
0
  0
VERTEX
  5
290
  8
TEXT
 10
-0.13727691037886483
 20
22.430298614941393
 30
0.0
 70
0
  0
VERTEX
  5
291
  8
TEXT
 10
-0.09763602258436288
 20
22.42559581213692
 30
0.0
 70
0
  0
VERTEX
  5
292
  8
TEXT
 10
-0.05869970331803115
 20
22.419671695797106
 30
0.0
 70
0
  0
VERTEX
  5
293
  8
TEXT
 10
-0.020467952579870885
 20
22.412526265921944
 30
0.0
 70
0
  0
VERTEX
  5
294
  8
TEXT
 10
0.017059229630118522
 20
22.404159522511442
 30
0.0
 70
0
  0
VERTEX
  5
295
  8
TEXT
 10
0.053881843311936795
 20
22.394571465565598
 30
0.0
 70
0
  0
VERTEX
  5
296
  8
TEXT
 10
0.08999988846558432
 20
22.383762095084407
 30
0.0
 70
0
  0
VERTEX
  5
297
  8
TEXT
 10
0.1254133650910605
 20
22.371731411067877
 30
0.0
 70
0
  0
VERTEX
  5
298
  8
TEXT
 10
0.16012227318836558
 20
22.358479413516
 30
0.0
 70
0
  0
VERTEX
  5
299
  8
TEXT
 10
0.19709504761203422
 20
22.34288445467226
 30
0.0
 70
0
  0
VERTEX
  5
29A
  8
TEXT
 10
0.23305346433783292
 20
22.326345369383688
 30
0.0
 70
0
  0
VERTEX
  5
29B
  8
TEXT
 10
0.2679975233657623
 20
22.30886215765028
 30
0.0
 70
0
  0
VERTEX
  5
29C
  8
TEXT
 10
0.3019272246958221
 20
22.29043481947204
 30
0.0
 70
0
  0
VERTEX
  5
29D
  8
TEXT
 10
0.3348425683280122
 20
22.27106335484897
 30
0.0
 70
0
  0
VERTEX
  5
29E
  8
TEXT
 10
0.3667435542623325
 20
22.250747763781064
 30
0.0
 70
0
  0
VERTEX
  5
29F
  8
TEXT
 10
0.3976301824987839
 20
22.22948804626833
 30
0.0
 70
0
  0
VERTEX
  5
2A0
  8
TEXT
 10
0.4275024530373649
 20
22.20728420231076
 30
0.0
 70
0
  0
VERTEX
  5
2A1
  8
TEXT
 10
0.45636036587807716
 20
22.184136231908358
 30
0.0
 70
0
  0
VERTEX
  5
2A2
  8
TEXT
 10
0.4842039210209189
 20
22.160044135061124
 30
0.0
 70
0
  0
VERTEX
  5
2A3
  8
TEXT
 10
0.5110331184658915
 20
22.135007911769055
 30
0.0
 70
0
  0
VERTEX
  5
2A4
  8
TEXT
 10
0.5391751759954939
 20
22.106655850766348
 30
0.0
 70
0
  0
VERTEX
  5
2A5
  8
TEXT
 10
0.5656929076730175
 20
22.077717898090093
 30
0.0
 70
0
  0
VERTEX
  5
2A6
  8
TEXT
 10
0.5905863134984604
 20
22.048194053740282
 30
0.0
 70
0
  0
VERTEX
  5
2A7
  8
TEXT
 10
0.6138553934718266
 20
22.01808431771692
 30
0.0
 70
0
  0
VERTEX
  5
2A8
  8
TEXT
 10
0.6355001475931129
 20
21.98738869002001
 30
0.0
 70
0
  0
VERTEX
  5
2A9
  8
TEXT
 10
0.6555205758623209
 20
21.956107170649545
 30
0.0
 70
0
  0
VERTEX
  5
2AA
  8
TEXT
 10
0.6739166782794493
 20
21.924239759605534
 30
0.0
 70
0
  0
VERTEX
  5
2AB
  8
TEXT
 10
0.6906884548444999
 20
21.89178645688797
 30
0.0
 70
0
  0
VERTEX
  5
2AC
  8
TEXT
 10
0.7058359055574709
 20
21.858747262496852
 30
0.0
 70
0
  0
VERTEX
  5
2AD
  8
TEXT
 10
0.7193590304183629
 20
21.82512217643219
 30
0.0
 70
0
  0
VERTEX
  5
2AE
  8
TEXT
 10
0.3314627006299917
 20
21.631863970707045
 30
0.0
 70
0
  0
VERTEX
  5
2AF
  8
TEXT
 10
0.31618259207090327
 20
21.667498468625773
 30
0.0
 70
0
  0
VERTEX
  5
2B0
  8
TEXT
 10
0.29907461847611927
 20
21.701794182379523
 30
0.0
 70
0
  0
VERTEX
  5
2B1
  8
TEXT
 10
0.2801387798456382
 20
21.734751111968293
 30
0.0
 70
0
  0
VERTEX
  5
2B2
  8
TEXT
 10
0.25937507617946076
 20
21.76636925739209
 30
0.0
 70
0
  0
VERTEX
  5
2B3
  8
TEXT
 10
0.23678350747758747
 20
21.796648618650906
 30
0.0
 70
0
  0
VERTEX
  5
2B4
  8
TEXT
 10
0.21236407374001798
 20
21.825589195744744
 30
0.0
 70
0
  0
VERTEX
  5
2B5
  8
TEXT
 10
0.18611677496675239
 20
21.853190988673607
 30
0.0
 70
0
  0
VERTEX
  5
2B6
  8
TEXT
 10
0.15804161115779025
 20
21.87945399743749
 30
0.0
 70
0
  0
VERTEX
  5
2B7
  8
TEXT
 10
0.12813858231313202
 20
21.904378222036396
 30
0.0
 70
0
  0
VERTEX
  5
2B8
  8
TEXT
 10
0.09640768843277764
 20
21.927963662470326
 30
0.0
 70
0
  0
VERTEX
  5
2B9
  8
TEXT
 10
0.06618956971250906
 20
21.94781447682617
 30
0.0
 70
0
  0
VERTEX
  5
2BA
  8
TEXT
 10
0.034889443366616923
 20
21.96570137743654
 30
0.0
 70
0
  0
VERTEX
  5
2BB
  8
TEXT
 10
0.002507309395102575
 20
21.981624364301442
 30
0.0
 70
0
  0
VERTEX
  5
2BC
  8
TEXT
 10
-0.03095683220203549
 20
21.995583437420873
 30
0.0
 70
0
  0
VERTEX
  5
2BD
  8
TEXT
 10
-0.06550298142479688
 20
22.00757859679483
 30
0.0
 70
0
  0
VERTEX
  5
2BE
  8
TEXT
 10
-0.10113113827318115
 20
22.017609842423315
 30
0.0
 70
0
  0
VERTEX
  5
2BF
  8
TEXT
 10
-0.13784130274718873
 20
22.025677174306328
 30
0.0
 70
0
  0
VERTEX
  5
2C0
  8
TEXT
 10
-0.17563347484681957
 20
22.031780592443866
 30
0.0
 70
0
  0
VERTEX
  5
2C1
  8
TEXT
 10
-0.21450765457207355
 20
22.035920096835934
 30
0.0
 70
0
  0
VERTEX
  5
2C2
  8
TEXT
 10
-0.2544638419229506
 20
22.03809568748253
 30
0.0
 70
0
  0
VERTEX
  5
2C3
  8
TEXT
 10
-0.29550203689945076
 20
22.038307364383655
 30
0.0
 70
0
  0
VERTEX
  5
2C4
  8
TEXT
 10
-0.336040122761457
 20
22.03667763640875
 30
0.0
 70
0
  0
VERTEX
  5
2C5
  8
TEXT
 10
-0.37566722780517015
 20
22.0333073143999
 30
0.0
 70
0
  0
VERTEX
  5
2C6
  8
TEXT
 10
-0.4143833520305901
 20
22.028196398357093
 30
0.0
 70
0
  0
VERTEX
  5
2C7
  8
TEXT
 10
-0.452188495437717
 20
22.02134488828034
 30
0.0
 70
0
  0
VERTEX
  5
2C8
  8
TEXT
 10
-0.48908265802655093
 20
22.01275278416963
 30
0.0
 70
0
  0
VERTEX
  5
2C9
  8
TEXT
 10
-0.5250658397970918
 20
22.002420086024973
 30
0.0
 70
0
  0
VERTEX
  5
2CA
  8
TEXT
 10
-0.5601380407493399
 20
21.990346793846363
 30
0.0
 70
0
  0
VERTEX
  5
2CB
  8
TEXT
 10
-0.5942992608832949
 20
21.976532907633803
 30
0.0
 70
0
  0
VERTEX
  5
2CC
  8
TEXT
 10
-0.6275495001989566
 20
21.960978427387293
 30
0.0
 70
0
  0
VERTEX
  5
2CD
  8
TEXT
 10
-0.6598887586963256
 20
21.94368335310683
 30
0.0
 70
0
  0
VERTEX
  5
2CE
  8
TEXT
 10
-0.6913170363754015
 20
21.92464768479242
 30
0.0
 70
0
  0
VERTEX
  5
2CF
  8
TEXT
 10
-0.7216418384082129
 20
21.90408135817095
 30
0.0
 70
0
  0
VERTEX
  5
2D0
  8
TEXT
 10
-0.7506706699667891
 20
21.882194308969318
 30
0.0
 70
0
  0
VERTEX
  5
2D1
  8
TEXT
 10
-0.7784035310511292
 20
21.85898653718752
 30
0.0
 70
0
  0
VERTEX
  5
2D2
  8
TEXT
 10
-0.8048404216612337
 20
21.83445804282556
 30
0.0
 70
0
  0
VERTEX
  5
2D3
  8
TEXT
 10
-0.8299813417971029
 20
21.808608825883432
 30
0.0
 70
0
  0
VERTEX
  5
2D4
  8
TEXT
 10
-0.8538262914587362
 20
21.781438886361144
 30
0.0
 70
0
  0
VERTEX
  5
2D5
  8
TEXT
 10
-0.876375270646134
 20
21.75294822425869
 30
0.0
 70
0
  0
VERTEX
  5
2D6
  8
TEXT
 10
-0.8976282793592961
 20
21.723136839576078
 30
0.0
 70
0
  0
VERTEX
  5
2D7
  8
TEXT
 10
-0.9175853175982225
 20
21.692004732313297
 30
0.0
 70
0
  0
VERTEX
  5
2D8
  8
TEXT
 10
-0.9362463853629134
 20
21.659551902470355
 30
0.0
 70
0
  0
VERTEX
  5
2D9
  8
TEXT
 10
-0.9536114826533686
 20
21.625778350047245
 30
0.0
 70
0
  0
VERTEX
  5
2DA
  8
TEXT
 10
-0.9682646802080663
 20
21.59378444626246
 30
0.0
 70
0
  0
VERTEX
  5
2DB
  8
TEXT
 10
-0.9815762341077069
 20
21.560931576715628
 30
0.0
 70
0
  0
VERTEX
  5
2DC
  8
TEXT
 10
-0.9935461443522912
 20
21.52721974140674
 30
0.0
 70
0
  0
VERTEX
  5
2DD
  8
TEXT
 10
-1.0041744109418187
 20
21.492648940335794
 30
0.0
 70
0
  0
VERTEX
  5
2DE
  8
TEXT
 10
-1.0134610338762895
 20
21.4572191735028
 30
0.0
 70
0
  0
VERTEX
  5
2DF
  8
TEXT
 10
-1.0214060131557035
 20
21.420930440907753
 30
0.0
 70
0
  0
VERTEX
  5
2E0
  8
TEXT
 10
-1.0280093487800608
 20
21.383782742550654
 30
0.0
 70
0
  0
VERTEX
  5
2E1
  8
TEXT
 10
-1.0332710407493613
 20
21.3457760784315
 30
0.0
 70
0
  0
VERTEX
  5
2E2
  8
TEXT
 10
-1.0371910890636054
 20
21.306910448550294
 30
0.0
 70
0
  0
VERTEX
  5
2E3
  8
TEXT
 10
-1.0397694937227926
 20
21.267185852907033
 30
0.0
 70
0
  0
VERTEX
  5
2E4
  8
TEXT
 10
-1.041006254726923
 20
21.22660229150172
 30
0.0
 70
0
  0
VERTEX
  5
2E5
  8
TEXT
 10
-1.040901372075997
 20
21.185159764334355
 30
0.0
 70
0
  0
VERTEX
  5
2E6
  8
TEXT
 10
-1.039473388919272
 20
21.14385921822634
 30
0.0
 70
0
  0
VERTEX
  5
2E7
  8
TEXT
 10
-1.0367358759414005
 20
21.103433189678256
 30
0.0
 70
0
  0
VERTEX
  5
2E8
  8
TEXT
 10
-1.0326888331423831
 20
21.063881678690098
 30
0.0
 70
0
  0
VERTEX
  5
2E9
  8
TEXT
 10
-1.0273322605222193
 20
21.02520468526187
 30
0.0
 70
0
  0
VERTEX
  5
2EA
  8
TEXT
 10
-1.020666158080909
 20
20.98740220939357
 30
0.0
 70
0
  0
VERTEX
  5
2EB
  8
TEXT
 10
-1.0126905258184522
 20
20.9504742510852
 30
0.0
 70
0
  0
VERTEX
  5
2EC
  8
TEXT
 10
-1.0034053637348492
 20
20.914420810336757
 30
0.0
 70
0
  0
VERTEX
  5
2ED
  8
TEXT
 10
-0.9928106718301
 20
20.879241887148247
 30
0.0
 70
0
  0
VERTEX
  5
2EE
  8
TEXT
 10
-0.9809064501042044
 20
20.844937481519665
 30
0.0
 70
0
  0
VERTEX
  5
2EF
  8
TEXT
 10
-0.9676926985571626
 20
20.81150759345101
 30
0.0
 70
0
  0
VERTEX
  5
2F0
  8
TEXT
 10
-0.9531694171889743
 20
20.778952222942287
 30
0.0
 70
0
  0
VERTEX
  5
2F1
  8
TEXT
 10
-0.9373366059996397
 20
20.74727136999349
 30
0.0
 70
0
  0
VERTEX
  5
2F2
  8
TEXT
 10
-0.9187273857364694
 20
20.713887994666546
 30
0.0
 70
0
  0
VERTEX
  5
2F3
  8
TEXT
 10
-0.8988726182558479
 20
20.681905710508605
 30
0.0
 70
0
  0
VERTEX
  5
2F4
  8
TEXT
 10
-0.8777723035577751
 20
20.651324517519676
 30
0.0
 70
0
  0
VERTEX
  5
2F5
  8
TEXT
 10
-0.8554264416422512
 20
20.622144415699754
 30
0.0
 70
0
  0
VERTEX
  5
2F6
  8
TEXT
 10
-0.8318350325092763
 20
20.59436540504884
 30
0.0
 70
0
  0
VERTEX
  5
2F7
  8
TEXT
 10
-0.80699807615885
 20
20.56798748556694
 30
0.0
 70
0
  0
VERTEX
  5
2F8
  8
TEXT
 10
-0.7809155725909726
 20
20.54301065725404
 30
0.0
 70
0
  0
VERTEX
  5
2F9
  8
TEXT
 10
-0.7535875218056443
 20
20.519434920110154
 30
0.0
 70
0
  0
VERTEX
  5
2FA
  8
TEXT
 10
-0.7250139238028643
 20
20.497260274135275
 30
0.0
 70
0
  0
VERTEX
  5
2FB
  8
TEXT
 10
-0.6951947785826336
 20
20.476486719329404
 30
0.0
 70
0
  0
VERTEX
  5
2FC
  8
TEXT
 10
-0.6641300861449516
 20
20.45711425569254
 30
0.0
 70
0
  0
VERTEX
  5
2FD
  8
TEXT
 10
-0.6320196150883284
 20
20.439325580777016
 30
0.0
 70
0
  0
VERTEX
  5
2FE
  8
TEXT
 10
-0.5990631340112738
 20
20.423303392135153
 30
0.0
 70
0
  0
VERTEX
  5
2FF
  8
TEXT
 10
-0.5652606429137877
 20
20.40904768976695
 30
0.0
 70
0
  0
VERTEX
  5
300
  8
TEXT
 10
-0.5306121417958704
 20
20.39655847367241
 30
0.0
 70
0
  0
VERTEX
  5
301
  8
TEXT
 10
-0.49511763065752173
 20
20.385835743851533
 30
0.0
 70
0
  0
VERTEX
  5
302
  8
TEXT
 10
-0.45877710949874156
 20
20.37687950030432
 30
0.0
 70
0
  0
VERTEX
  5
303
  8
TEXT
 10
-0.4215905783195302
 20
20.369689743030765
 30
0.0
 70
0
  0
VERTEX
  5
304
  8
TEXT
 10
-0.38355803711988756
 20
20.364266472030877
 30
0.0
 70
0
  0
VERTEX
  5
305
  8
TEXT
 10
-0.3446794858998132
 20
20.36060968730465
 30
0.0
 70
0
  0
VERTEX
  5
306
  8
TEXT
 10
-0.3049549246593078
 20
20.35871938885208
 30
0.0
 70
0
  0
VERTEX
  5
307
  8
TEXT
 10
-0.2643843533983707
 20
20.358595576673178
 30
0.0
 70
0
  0
VERTEX
  5
308
  8
TEXT
 10
-0.22338209577970103
 20
20.360323774363458
 30
0.0
 70
0
  0
VERTEX
  5
309
  8
TEXT
 10
-0.18353372050231548
 20
20.36396780749107
 30
0.0
 70
0
  0
VERTEX
  5
30A
  8
TEXT
 10
-0.14483922756621423
 20
20.369527676056016
 30
0.0
 70
0
  0
VERTEX
  5
30B
  8
TEXT
 10
-0.10729861697139664
 20
20.377003380058294
 30
0.0
 70
0
  0
VERTEX
  5
30C
  8
TEXT
 10
-0.07091188871786358
 20
20.386394919497906
 30
0.0
 70
0
  0
VERTEX
  5
30D
  8
TEXT
 10
-0.03567904280561479
 20
20.397702294374852
 30
0.0
 70
0
  0
VERTEX
  5
30E
  8
TEXT
 10
-0.001600079234649887
 20
20.410925504689132
 30
0.0
 70
0
  0
VERTEX
  5
30F
  8
TEXT
 10
0.03132500199503074
 20
20.426064550440742
 30
0.0
 70
0
  0
VERTEX
  5
310
  8
TEXT
 10
0.06309620088342704
 20
20.44311943162969
 30
0.0
 70
0
  0
VERTEX
  5
311
  8
TEXT
 10
0.09371351743053924
 20
20.462090148255967
 30
0.0
 70
0
  0
VERTEX
  5
312
  8
TEXT
 10
0.12317695163636738
 20
20.482976700319583
 30
0.0
 70
0
  0
VERTEX
  5
313
  8
TEXT
 10
0.15401392069227215
 20
20.50764472531161
 30
0.0
 70
0
  0
VERTEX
  5
314
  8
TEXT
 10
0.18297454318257778
 20
20.53359096676669
 30
0.0
 70
0
  0
VERTEX
  5
315
  8
TEXT
 10
0.21005881910728252
 20
20.560815424684815
 30
0.0
 70
0
  0
VERTEX
  5
316
  8
TEXT
 10
0.23526674846638818
 20
20.589318099065984
 30
0.0
 70
0
  0
VERTEX
  5
317
  8
TEXT
 10
0.2585983312598943
 20
20.619098989910203
 30
0.0
 70
0
  0
VERTEX
  5
318
  8
TEXT
 10
0.28005356748780075
 20
20.650158097217467
 30
0.0
 70
0
  0
VERTEX
  5
319
  8
TEXT
 10
0.299632457150108
 20
20.682495420987777
 30
0.0
 70
0
  0
VERTEX
  5
31A
  8
TEXT
 10
0.31733500024681516
 20
20.716110961221137
 30
0.0
 70
0
  0
VERTEX
  5
31B
  8
TEXT
 10
0.33316119677792233
 20
20.751004717917542
 30
0.0
 70
0
  0
VERTEX
  5
31C
  8
TEXT
 10
0.3471110467434303
 20
20.787176691076994
 30
0.0
 70
0
  0
VERTEX
  5
31D
  8
TEXT
 10
0.7418992124749938
 20
20.608418192141425
 30
0.0
 70
0
  0
VERTEX
  5
31E
  8
TEXT
 10
0.7296279553031774
 20
20.574468295835686
 30
0.0
 70
0
  0
VERTEX
  5
31F
  8
TEXT
 10
0.7157120846236905
 20
20.541027621965355
 30
0.0
 70
0
  0
VERTEX
  5
320
  8
TEXT
 10
0.7001516004365343
 20
20.508096170530433
 30
0.0
 70
0
  0
VERTEX
  5
321
  8
TEXT
 10
0.68294650274171
 20
20.475673941530914
 30
0.0
 70
0
  0
VERTEX
  5
322
  8
TEXT
 10
0.6640967915392159
 20
20.443760934966804
 30
0.0
 70
0
  0
VERTEX
  5
323
  8
TEXT
 10
0.6436024668290529
 20
20.4123571508381
 30
0.0
 70
0
  0
VERTEX
  5
324
  8
TEXT
 10
0.6214635286112203
 20
20.381462589144807
 30
0.0
 70
0
  0
VERTEX
  5
325
  8
TEXT
 10
0.5976799768857184
 20
20.351077249886917
 30
0.0
 70
0
  0
VERTEX
  5
326
  8
TEXT
 10
0.5722518116525476
 20
20.321201133064434
 30
0.0
 70
0
  0
VERTEX
  5
327
  8
TEXT
 10
0.5451790329117074
 20
20.29183423867736
 30
0.0
 70
0
  0
VERTEX
  5
328
  8
TEXT
 10
0.5192955489209978
 20
20.265821480869423
 30
0.0
 70
0
  0
VERTEX
  5
329
  8
TEXT
 10
0.4923634342119154
 20
20.24071463138993
 30
0.0
 70
0
  0
VERTEX
  5
32A
  8
TEXT
 10
0.46438268878445976
 20
20.216513690238884
 30
0.0
 70
0
  0
VERTEX
  5
32B
  8
TEXT
 10
0.43535331263862953
 20
20.19321865741628
 30
0.0
 70
0
  0
VERTEX
  5
32C
  8
TEXT
 10
0.4052753057744264
 20
20.17082953292212
 30
0.0
 70
0
  0
VERTEX
  5
32D
  8
TEXT
 10
0.37414866819185044
 20
20.1493463167564
 30
0.0
 70
0
  0
VERTEX
  5
32E
  8
TEXT
 10
0.34197339989090003
 20
20.12876900891913
 30
0.0
 70
0
  0
VERTEX
  5
32F
  8
TEXT
 10
0.3087495008715765
 20
20.109097609410295
 30
0.0
 70
0
  0
VERTEX
  5
330
  8
TEXT
 10
0.2744769711338798
 20
20.09033211822991
 30
0.0
 70
0
  0
VERTEX
  5
331
  8
TEXT
 10
0.2391558106778091
 20
20.072472535377965
 30
0.0
 70
0
  0
VERTEX
  5
332
  8
TEXT
 10
0.20278601950336517
 20
20.055518860854466
 30
0.0
 70
0
  0
VERTEX
  5
333
  8
TEXT
 10
0.1685917614927267
 20
20.04099039020116
 30
0.0
 70
0
  0
VERTEX
  5
334
  8
TEXT
 10
0.13364818277246837
 20
20.027656298899913
 30
0.0
 70
0
  0
VERTEX
  5
335
  8
TEXT
 10
0.0979552833425893
 20
20.015516586950735
 30
0.0
 70
0
  0
VERTEX
  5
336
  8
TEXT
 10
0.06151306320309047
 20
20.004571254353618
 30
0.0
 70
0
  0
VERTEX
  5
337
  8
TEXT
 10
0.024321522353970337
 20
19.994820301108568
 30
0.0
 70
0
  0
VERTEX
  5
338
  8
TEXT
 10
-0.013619339204769432
 20
19.98626372721558
 30
0.0
 70
0
  0
VERTEX
  5
339
  8
TEXT
 10
-0.05230952147312962
 20
19.978901532674655
 30
0.0
 70
0
  0
VERTEX
  5
33A
  8
TEXT
 10
-0.09174902445111033
 20
19.972733717485795
 30
0.0
 70
0
  0
VERTEX
  5
33B
  8
TEXT
 10
-0.13193784813871123
 20
19.967760281648996
 30
0.0
 70
0
  0
VERTEX
  5
33C
  8
TEXT
 10
-0.1728759925359325
 20
19.963981225164265
 30
0.0
 70
0
  0
VERTEX
  5
33D
  8
TEXT
 10
-0.21456345764277412
 20
19.961396548031594
 30
0.0
 70
0
  0
SEQEND
  5
227
  8
TEXT
  0
POLYLINE
  5
33E
  8
TEXT
 66
1
 10
0.0
 20
0.0
 30
0.0
 70
1
  0
VERTEX
  5
340
  8
TEXT
 10
2.242440199383622
 20
19.910473790221072
 30
0.0
 70
0
  0
VERTEX
  5
341
  8
TEXT
 10
2.654159978004588
 20
22.274894823770786
 30
0.0
 70
0
  0
VERTEX
  5
342
  8
TEXT
 10
3.0667435140602426
 20
22.203051104011422
 30
0.0
 70
0
  0
VERTEX
  5
343
  8
TEXT
 10
3.6649638491879406
 20
21.000178281740173
 30
0.0
 70
0
  0
VERTEX
  5
344
  8
TEXT
 10
4.62186607303925
 20
21.93225554491844
 30
0.0
 70
0
  0
VERTEX
  5
345
  8
TEXT
 10
5.034449609094905
 20
21.860411825159076
 30
0.0
 70
0
  0
VERTEX
  5
346
  8
TEXT
 10
4.622729830473938
 20
19.495990791609362
 30
0.0
 70
0
  0
VERTEX
  5
347
  8
TEXT
 10
4.18793025786144
 20
19.571703019355766
 30
0.0
 70
0
  0
VERTEX
  5
348
  8
TEXT
 10
4.467568120924808
 20
21.177605090464702
 30
0.0
 70
0
  0
VERTEX
  5
349
  8
TEXT
 10
3.568503570623533
 20
20.33355504055411
 30
0.0
 70
0
  0
VERTEX
  5
34A
  8
TEXT
 10
3.5177240584936063
 20
20.342397344524493
 30
0.0
 70
0
  0
VERTEX
  5
34B
  8
TEXT
 10
2.9586777115347074
 20
21.469779753154832
 30
0.0
 70
0
  0
VERTEX
  5
34C
  8
TEXT
 10
2.674066052487999
 20
19.835314206472816
 30
0.0
 70
0
  0
SEQEND
  5
33F
  8
TEXT
  0
POLYLINE
  5
34D
  8
TEXT
 66
1
 10
0.0
 20
0.0
 30
0.0
 70
1
  0
VERTEX
  5
34F
  8
TEXT
 10
6.450080211409429
 20
18.89051748790177
 30
0.0
 70
0
  0
VERTEX
  5
350
  8
TEXT
 10
6.411773235616676
 20
18.904178844124857
 30
0.0
 70
0
  0
VERTEX
  5
351
  8
TEXT
 10
6.374241385786437
 20
18.91873876861748
 30
0.0
 70
0
  0
VERTEX
  5
352
  8
TEXT
 10
6.337484661918715
 20
18.93419726137963
 30
0.0
 70
0
  0
VERTEX
  5
353
  8
TEXT
 10
6.301503064013509
 20
18.950554322411314
 30
0.0
 70
0
  0
VERTEX
  5
354
  8
TEXT
 10
6.266296592070818
 20
18.96780995171253
 30
0.0
 70
0
  0
VERTEX
  5
355
  8
TEXT
 10
6.231865246090643
 20
18.985964149283276
 30
0.0
 70
0
  0
VERTEX
  5
356
  8
TEXT
 10
6.198209026072983
 20
19.005016915123555
 30
0.0
 70
0
  0
VERTEX
  5
357
  8
TEXT
 10
6.16532793201784
 20
19.024968249233364
 30
0.0
 70
0
  0
VERTEX
  5
358
  8
TEXT
 10
6.133221963925212
 20
19.045818151612707
 30
0.0
 70
0
  0
VERTEX
  5
359
  8
TEXT
 10
6.1018911217951
 20
19.06756662226158
 30
0.0
 70
0
  0
VERTEX
  5
35A
  8
TEXT
 10
6.071335405627504
 20
19.090213661179988
 30
0.0
 70
0
  0
VERTEX
  5
35B
  8
TEXT
 10
6.041554815422424
 20
19.113759268367925
 30
0.0
 70
0
  0
VERTEX
  5
35C
  8
TEXT
 10
6.01254935117986
 20
19.138203443825397
 30
0.0
 70
0
  0
VERTEX
  5
35D
  8
TEXT
 10
5.984400137043494
 20
19.163407704138493
 30
0.0
 70
0
  0
VERTEX
  5
35E
  8
TEXT
 10
5.957188297157008
 20
19.18923356589332
 30
0.0
 70
0
  0
VERTEX
  5
35F
  8
TEXT
 10
5.930913831520402
 20
19.215681029089875
 30
0.0
 70
0
  0
VERTEX
  5
360
  8
TEXT
 10
5.905576740133678
 20
19.242750093728155
 30
0.0
 70
0
  0
VERTEX
  5
361
  8
TEXT
 10
5.881177022996833
 20
19.270440759808167
 30
0.0
 70
0
  0
VERTEX
  5
362
  8
TEXT
 10
5.8577146801098685
 20
19.2987530273299
 30
0.0
 70
0
  0
VERTEX
  5
363
  8
TEXT
 10
5.835189711472785
 20
19.327686896293365
 30
0.0
 70
0
  0
VERTEX
  5
364
  8
TEXT
 10
5.813602117085582
 20
19.357242366698557
 30
0.0
 70
0
  0
VERTEX
  5
365
  8
TEXT
 10
5.792951896948258
 20
19.38741943854548
 30
0.0
 70
0
  0
VERTEX
  5
366
  8
TEXT
 10
5.773239051060816
 20
19.418218111834125
 30
0.0
 70
0
  0
VERTEX
  5
367
  8
TEXT
 10
5.754463579423254
 20
19.449638386564498
 30
0.0
 70
0
  0
VERTEX
  5
368
  8
TEXT
 10
5.736625482035572
 20
19.4816802627366
 30
0.0
 70
0
  0
VERTEX
  5
369
  8
TEXT
 10
5.719724758897771
 20
19.51434374035043
 30
0.0
 70
0
  0
VERTEX
  5
36A
  8
TEXT
 10
5.703819984888512
 20
19.54749803533479
 30
0.0
 70
0
  0
VERTEX
  5
36B
  8
TEXT
 10
5.688969734886459
 20
19.581012363618495
 30
0.0
 70
0
  0
VERTEX
  5
36C
  8
TEXT
 10
5.675174008891611
 20
19.61488672520154
 30
0.0
 70
0
  0
VERTEX
  5
36D
  8
TEXT
 10
5.662432806903969
 20
19.649121120083926
 30
0.0
 70
0
  0
VERTEX
  5
36E
  8
TEXT
 10
5.650746128923532
 20
19.683715548265653
 30
0.0
 70
0
  0
VERTEX
  5
36F
  8
TEXT
 10
5.640113974950301
 20
19.71867000974672
 30
0.0
 70
0
  0
VERTEX
  5
370
  8
TEXT
 10
5.630536344984275
 20
19.75398450452713
 30
0.0
 70
0
  0
VERTEX
  5
371
  8
TEXT
 10
5.6220132390254545
 20
19.789659032606878
 30
0.0
 70
0
  0
VERTEX
  5
372
  8
TEXT
 10
5.614544657073839
 20
19.825693593985967
 30
0.0
 70
0
  0
VERTEX
  5
373
  8
TEXT
 10
5.608130599129429
 20
19.862088188664394
 30
0.0
 70
0
  0
VERTEX
  5
374
  8
TEXT
 10
5.602771065192225
 20
19.898842816642166
 30
0.0
 70
0
  0
VERTEX
  5
375
  8
TEXT
 10
5.598466055262225
 20
19.935957477919278
 30
0.0
 70
0
  0
VERTEX
  5
376
  8
TEXT
 10
5.595215569339431
 20
19.97343217249573
 30
0.0
 70
0
  0
VERTEX
  5
377
  8
TEXT
 10
5.593105241420529
 20
20.011126877089083
 30
0.0
 70
0
  0
VERTEX
  5
378
  8
TEXT
 10
5.592220705502205
 20
20.048901568416884
 30
0.0
 70
0
  0
VERTEX
  5
379
  8
TEXT
 10
5.592561961584459
 20
20.08675624647914
 30
0.0
 70
0
  0
VERTEX
  5
37A
  8
TEXT
 10
5.5941290096672915
 20
20.12469091127585
 30
0.0
 70
0
  0
VERTEX
  5
37B
  8
TEXT
 10
5.596921849750701
 20
20.16270556280701
 30
0.0
 70
0
  0
VERTEX
  5
37C
  8
TEXT
 10
5.600940481834688
 20
20.200800201072624
 30
0.0
 70
0
  0
VERTEX
  5
37D
  8
TEXT
 10
5.606184905919254
 20
20.238974826072692
 30
0.0
 70
0
  0
VERTEX
  5
37E
  8
TEXT
 10
5.612655122004398
 20
20.27722943780721
 30
0.0
 70
0
  0
VERTEX
  5
37F
  8
TEXT
 10
5.6203511300901186
 20
20.315564036276186
 30
0.0
 70
0
  0
VERTEX
  5
380
  8
TEXT
 10
5.629272930176418
 20
20.353978621479612
 30
0.0
 70
0
  0
VERTEX
  5
381
  8
TEXT
 10
5.639420522263295
 20
20.39247319341749
 30
0.0
 70
0
  0
VERTEX
  5
382
  8
TEXT
 10
5.650793906350751
 20
20.431047752089825
 30
0.0
 70
0
  0
VERTEX
  5
383
  8
TEXT
 10
5.663393082438784
 20
20.46970229749661
 30
0.0
 70
0
  0
VERTEX
  5
384
  8
TEXT
 10
5.677058838762255
 20
20.507992663993267
 30
0.0
 70
0
  0
VERTEX
  5
385
  8
TEXT
 10
5.691631963556022
 20
20.54547468593522
 30
0.0
 70
0
  0
VERTEX
  5
386
  8
TEXT
 10
5.707112456820087
 20
20.582148363322464
 30
0.0
 70
0
  0
VERTEX
  5
387
  8
TEXT
 10
5.723500318554449
 20
20.618013696155003
 30
0.0
 70
0
  0
VERTEX
  5
388
  8
TEXT
 10
5.740795548759108
 20
20.653070684432837
 30
0.0
 70
0
  0
VERTEX
  5
389
  8
TEXT
 10
5.758998147434064
 20
20.68731932815596
 30
0.0
 70
0
  0
VERTEX
  5
38A
  8
TEXT
 10
5.778108114579317
 20
20.72075962732438
 30
0.0
 70
0
  0
VERTEX
  5
38B
  8
TEXT
 10
5.798125450194867
 20
20.753391581938093
 30
0.0
 70
0
  0
VERTEX
  5
38C
  8
TEXT
 10
5.819050154280715
 20
20.785215191997096
 30
0.0
 70
0
  0
VERTEX
  5
38D
  8
TEXT
 10
5.840882226836859
 20
20.816230457501398
 30
0.0
 70
0
  0
VERTEX
  5
38E
  8
TEXT
 10
5.863621667863301
 20
20.84643737845099
 30
0.0
 70
0
  0
VERTEX
  5
38F
  8
TEXT
 10
5.887268477360039
 20
20.875835954845876
 30
0.0
 70
0
  0
VERTEX
  5
390
  8
TEXT
 10
5.911822655327074
 20
20.904426186686052
 30
0.0
 70
0
  0
VERTEX
  5
391
  8
TEXT
 10
5.937142033308083
 20
20.932138279336662
 30
0.0
 70
0
  0
VERTEX
  5
392
  8
TEXT
 10
5.963084442846738
 20
20.958902438162845
 30
0.0
 70
0
  0
VERTEX
  5
393
  8
TEXT
 10
5.989649883943042
 20
20.984718663164593
 30
0.0
 70
0
  0
VERTEX
  5
394
  8
TEXT
 10
6.0168383565969945
 20
21.009586954341916
 30
0.0
 70
0
  0
VERTEX
  5
395
  8
TEXT
 10
6.044649860808594
 20
21.033507311694805
 30
0.0
 70
0
  0
VERTEX
  5
396
  8
TEXT
 10
6.073084396577841
 20
21.056479735223267
 30
0.0
 70
0
  0
VERTEX
  5
397
  8
TEXT
 10
6.102141963904738
 20
21.078504224927293
 30
0.0
 70
0
  0
VERTEX
  5
398
  8
TEXT
 10
6.131822562789281
 20
21.099580780806896
 30
0.0
 70
0
  0
VERTEX
  5
399
  8
TEXT
 10
6.162126193231472
 20
21.119709402862064
 30
0.0
 70
0
  0
VERTEX
  5
39A
  8
TEXT
 10
6.193052855231311
 20
21.138890091092804
 30
0.0
 70
0
  0
VERTEX
  5
39B
  8
TEXT
 10
6.224602548788799
 20
21.157122845499114
 30
0.0
 70
0
  0
VERTEX
  5
39C
  8
TEXT
 10
6.256775273903934
 20
21.174407666080995
 30
0.0
 70
0
  0
VERTEX
  5
39D
  8
TEXT
 10
6.289571030576718
 20
21.190744552838442
 30
0.0
 70
0
  0
VERTEX
  5
39E
  8
TEXT
 10
6.322860574604497
 20
21.206079440745803
 30
0.0
 70
0
  0
VERTEX
  5
39F
  8
TEXT
 10
6.3565146617846215
 20
21.220358264777417
 30
0.0
 70
0
  0
VERTEX
  5
3A0
  8
TEXT
 10
6.39053329211709
 20
21.233581024933283
 30
0.0
 70
0
  0
VERTEX
  5
3A1
  8
TEXT
 10
6.424916465601904
 20
21.2457477212134
 30
0.0
 70
0
  0
VERTEX
  5
3A2
  8
TEXT
 10
6.459664182239063
 20
21.256858353617776
 30
0.0
 70
0
  0
VERTEX
  5
3A3
  8
TEXT
 10
6.4947764420285665
 20
21.2669129221464
 30
0.0
 70
0
  0
VERTEX
  5
3A4
  8
TEXT
 10
6.530253244970414
 20
21.275911426799276
 30
0.0
 70
0
  0
VERTEX
  5
3A5
  8
TEXT
 10
6.566094591064607
 20
21.283853867576408
 30
0.0
 70
0
  0
VERTEX
  5
3A6
  8
TEXT
 10
6.602300480311144
 20
21.290740244477792
 30
0.0
 70
0
  0
VERTEX
  5
3A7
  8
TEXT
 10
6.638870912710027
 20
21.29657055750343
 30
0.0
 70
0
  0
VERTEX
  5
3A8
  8
TEXT
 10
6.675805888261254
 20
21.30134480665332
 30
0.0
 70
0
  0
VERTEX
  5
3A9
  8
TEXT
 10
6.713105406964826
 20
21.30506299192746
 30
0.0
 70
0
  0
VERTEX
  5
3AA
  8
TEXT
 10
6.750769468820743
 20
21.307725113325855
 30
0.0
 70
0
  0
VERTEX
  5
3AB
  8
TEXT
 10
6.788661955094225
 20
21.309264346198102
 30
0.0
 70
0
  0
VERTEX
  5
3AC
  8
TEXT
 10
6.8266467470504955
 20
21.309613865893805
 30
0.0
 70
0
  0
VERTEX
  5
3AD
  8
TEXT
 10
6.864723844689552
 20
21.30877367241296
 30
0.0
 70
0
  0
VERTEX
  5
3AE
  8
TEXT
 10
6.902893248011396
 20
21.30674376575557
 30
0.0
 70
0
  0
VERTEX
  5
3AF
  8
TEXT
 10
6.9411549570160265
 20
21.30352414592163
 30
0.0
 70
0
  0
VERTEX
  5
3B0
  8
TEXT
 10
6.979508971703445
 20
21.29911481291115
 30
0.0
 70
0
  0
VERTEX
  5
3B1
  8
TEXT
 10
7.017955292073649
 20
21.29351576672412
 30
0.0
 70
0
  0
VERTEX
  5
3B2
  8
TEXT
 10
7.056493918126642
 20
21.286727007360547
 30
0.0
 70
0
  0
VERTEX
  5
3B3
  8
TEXT
 10
7.095124849862421
 20
21.278748534820423
 30
0.0
 70
0
  0
VERTEX
  5
3B4
  8
TEXT
 10
7.133848087280987
 20
21.269580349103755
 30
0.0
 70
0
  0
VERTEX
  5
3B5
  8
TEXT
 10
7.17266363038234
 20
21.25922245021054
 30
0.0
 70
0
  0
VERTEX
  5
3B6
  8
TEXT
 10
7.211571479166482
 20
21.24767483814078
 30
0.0
 70
0
  0
VERTEX
  5
3B7
  8
TEXT
 10
7.250571633633409
 20
21.234937512894476
 30
0.0
 70
0
  0
VERTEX
  5
3B8
  8
TEXT
 10
7.28921684840146
 20
21.221160666530757
 30
0.0
 70
0
  0
VERTEX
  5
3B9
  8
TEXT
 10
7.3270598780889715
 20
21.206494491108753
 30
0.0
 70
0
  0
VERTEX
  5
3BA
  8
TEXT
 10
7.364100722695944
 20
21.19093898662847
 30
0.0
 70
0
  0
VERTEX
  5
3BB
  8
TEXT
 10
7.400339382222376
 20
21.174494153089906
 30
0.0
 70
0
  0
VERTEX
  5
3BC
  8
TEXT
 10
7.435775856668269
 20
21.157159990493064
 30
0.0
 70
0
  0
VERTEX
  5
3BD
  8
TEXT
 10
7.470410146033623
 20
21.138936498837936
 30
0.0
 70
0
  0
VERTEX
  5
3BE
  8
TEXT
 10
7.504242250318436
 20
21.11982367812453
 30
0.0
 70
0
  0
VERTEX
  5
3BF
  8
TEXT
 10
7.53727216952271
 20
21.09982152835284
 30
0.0
 70
0
  0
VERTEX
  5
3C0
  8
TEXT
 10
7.569499903646445
 20
21.078930049522867
 30
0.0
 70
0
  0
VERTEX
  5
3C1
  8
TEXT
 10
7.60092545268964
 20
21.05714924163462
 30
0.0
 70
0
  0
VERTEX
  5
3C2
  8
TEXT
 10
7.631548816652295
 20
21.034479104688085
 30
0.0
 70
0
  0
VERTEX
  5
3C3
  8
TEXT
 10
7.661369995534411
 20
21.010919638683273
 30
0.0
 70
0
  0
VERTEX
  5
3C4
  8
TEXT
 10
7.690388989335988
 20
20.98647084362018
 30
0.0
 70
0
  0
VERTEX
  5
3C5
  8
TEXT
 10
7.718540513275167
 20
20.961273348086586
 30
0.0
 70
0
  0
VERTEX
  5
3C6
  8
TEXT
 10
7.74575928257009
 20
20.935467780670276
 30
0.0
 70
0
  0
VERTEX
  5
3C7
  8
TEXT
 10
7.7720452972207585
 20
20.90905414137125
 30
0.0
 70
0
  0
VERTEX
  5
3C8
  8
TEXT
 10
7.797398557227172
 20
20.88203243018951
 30
0.0
 70
0
  0
VERTEX
  5
3C9
  8
TEXT
 10
7.821819062589332
 20
20.854402647125056
 30
0.0
 70
0
  0
VERTEX
  5
3CA
  8
TEXT
 10
7.845306813307234
 20
20.826164792177885
 30
0.0
 70
0
  0
VERTEX
  5
3CB
  8
TEXT
 10
7.867861809380882
 20
20.797318865347997
 30
0.0
 70
0
  0
VERTEX
  5
3CC
  8
TEXT
 10
7.8894840508102755
 20
20.767864866635396
 30
0.0
 70
0
  0
VERTEX
  5
3CD
  8
TEXT
 10
7.910173537595414
 20
20.737802796040075
 30
0.0
 70
0
  0
VERTEX
  5
3CE
  8
TEXT
 10
7.929930269736296
 20
20.70713265356204
 30
0.0
 70
0
  0
VERTEX
  5
3CF
  8
TEXT
 10
7.948754247232924
 20
20.675854439201295
 30
0.0
 70
0
  0
VERTEX
  5
3D0
  8
TEXT
 10
7.966645470085297
 20
20.64396815295783
 30
0.0
 70
0
  0
VERTEX
  5
3D1
  8
TEXT
 10
7.983603938293413
 20
20.61147379483165
 30
0.0
 70
0
  0
VERTEX
  5
3D2
  8
TEXT
 10
7.999560462527754
 20
20.57849318406425
 30
0.0
 70
0
  0
VERTEX
  5
3D3
  8
TEXT
 10
8.014445853458792
 20
20.545148139897126
 30
0.0
 70
0
  0
VERTEX
  5
3D4
  8
TEXT
 10
8.02826011108653
 20
20.511438662330278
 30
0.0
 70
0
  0
VERTEX
  5
3D5
  8
TEXT
 10
8.041003235410967
 20
20.47736475136371
 30
0.0
 70
0
  0
VERTEX
  5
3D6
  8
TEXT
 10
8.052675226432104
 20
20.442926406997415
 30
0.0
 70
0
  0
VERTEX
  5
3D7
  8
TEXT
 10
8.063276084149939
 20
20.408123629231397
 30
0.0
 70
0
  0
VERTEX
  5
3D8
  8
TEXT
 10
8.072805808564473
 20
20.37295641806566
 30
0.0
 70
0
  0
VERTEX
  5
3D9
  8
TEXT
 10
8.081264399675707
 20
20.337424773500192
 30
0.0
 70
0
  0
VERTEX
  5
3DA
  8
TEXT
 10
8.08865185748364
 20
20.301528695535005
 30
0.0
 70
0
  0
VERTEX
  5
3DB
  8
TEXT
 10
8.094968181988271
 20
20.265268184170093
 30
0.0
 70
0
  0
VERTEX
  5
3DC
  8
TEXT
 10
8.100213373189604
 20
20.22864323940546
 30
0.0
 70
0
  0
VERTEX
  5
3DD
  8
TEXT
 10
8.104387431087634
 20
20.191653861241104
 30
0.0
 70
0
  0
VERTEX
  5
3DE
  8
TEXT
 10
8.107490355682364
 20
20.154300049677023
 30
0.0
 70
0
  0
VERTEX
  5
3DF
  8
TEXT
 10
8.109450812470389
 20
20.11671946331654
 30
0.0
 70
0
  0
VERTEX
  5
3E0
  8
TEXT
 10
8.110197466948307
 20
20.07904976076297
 30
0.0
 70
0
  0
VERTEX
  5
3E1
  8
TEXT
 10
8.109730319116116
 20
20.041290942016325
 30
0.0
 70
0
  0
VERTEX
  5
3E2
  8
TEXT
 10
8.108049368973818
 20
20.00344300707659
 30
0.0
 70
0
  0
VERTEX
  5
3E3
  8
TEXT
 10
8.105154616521414
 20
19.96550595594378
 30
0.0
 70
0
  0
VERTEX
  5
3E4
  8
TEXT
 10
8.1010460617589
 20
19.927479788617884
 30
0.0
 70
0
  0
VERTEX
  5
3E5
  8
TEXT
 10
8.095723704686279
 20
19.889364505098907
 30
0.0
 70
0
  0
VERTEX
  5
3E6
  8
TEXT
 10
8.089187545303549
 20
19.851160105386846
 30
0.0
 70
0
  0
VERTEX
  5
3E7
  8
TEXT
 10
8.081437583610711
 20
19.812866589481704
 30
0.0
 70
0
  0
VERTEX
  5
3E8
  8
TEXT
 10
8.072473819607767
 20
19.77448395738348
 30
0.0
 70
0
  0
VERTEX
  5
3E9
  8
TEXT
 10
8.062296253294713
 20
19.736012209092173
 30
0.0
 70
0
  0
VERTEX
  5
3EA
  8
TEXT
 10
8.050904884671555
 20
19.697451344607785
 30
0.0
 70
0
  0
VERTEX
  5
3EB
  8
TEXT
 10
8.038299713738285
 20
19.658801363930316
 30
0.0
 70
0
  0
VERTEX
  5
3EC
  8
TEXT
 10
8.02462719263531
 20
19.62051330723647
 30
0.0
 70
0
  0
VERTEX
  5
3ED
  8
TEXT
 10
8.010033773503023
 20
19.583038214702956
 30
0.0
 70
0
  0
VERTEX
  5
3EE
  8
TEXT
 10
7.994519456341429
 20
19.546376086329776
 30
0.0
 70
0
  0
VERTEX
  5
3EF
  8
TEXT
 10
7.978084241150525
 20
19.510526922116924
 30
0.0
 70
0
  0
VERTEX
  5
3F0
  8
TEXT
 10
7.960728127930313
 20
19.475490722064407
 30
0.0
 70
0
  0
VERTEX
  5
3F1
  8
TEXT
 10
7.942451116680791
 20
19.44126748617222
 30
0.0
 70
0
  0
VERTEX
  5
3F2
  8
TEXT
 10
7.923253207401961
 20
19.407857214440366
 30
0.0
 70
0
  0
VERTEX
  5
3F3
  8
TEXT
 10
7.903134400093822
 20
19.37525990686884
 30
0.0
 70
0
  0
VERTEX
  5
3F4
  8
TEXT
 10
7.882094694756373
 20
19.343475563457652
 30
0.0
 70
0
  0
VERTEX
  5
3F5
  8
TEXT
 10
7.860134091389615
 20
19.312504184206794
 30
0.0
 70
0
  0
VERTEX
  5
3F6
  8
TEXT
 10
7.83725258999355
 20
19.282345769116265
 30
0.0
 70
0
  0
VERTEX
  5
3F7
  8
TEXT
 10
7.813450190568174
 20
19.25300031818607
 30
0.0
 70
0
  0
VERTEX
  5
3F8
  8
TEXT
 10
7.78872689311349
 20
19.22446783141621
 30
0.0
 70
0
  0
VERTEX
  5
3F9
  8
TEXT
 10
7.763236085842021
 20
19.196806719056408
 30
0.0
 70
0
  0
VERTEX
  5
3FA
  8
TEXT
 10
7.73713115696629
 20
19.170075391356402
 30
0.0
 70
0
  0
VERTEX
  5
3FB
  8
TEXT
 10
7.710412106486298
 20
19.144273848316185
 30
0.0
 70
0
  0
VERTEX
  5
3FC
  8
TEXT
 10
7.683078934402044
 20
19.119402089935765
 30
0.0
 70
0
  0
VERTEX
  5
3FD
  8
TEXT
 10
7.65513164071353
 20
19.095460116215136
 30
0.0
 70
0
  0
VERTEX
  5
3FE
  8
TEXT
 10
7.626570225420754
 20
19.0724479271543
 30
0.0
 70
0
  0
VERTEX
  5
3FF
  8
TEXT
 10
7.597394688523717
 20
19.050365522753257
 30
0.0
 70
0
  0
VERTEX
  5
400
  8
TEXT
 10
7.567605030022419
 20
19.029212903012006
 30
0.0
 70
0
  0
VERTEX
  5
401
  8
TEXT
 10
7.537201249916858
 20
19.00899006793055
 30
0.0
 70
0
  0
VERTEX
  5
402
  8
TEXT
 10
7.506183348207037
 20
18.989697017508885
 30
0.0
 70
0
  0
VERTEX
  5
403
  8
TEXT
 10
7.474551324892954
 20
18.971333751747014
 30
0.0
 70
0
  0
VERTEX
  5
404
  8
TEXT
 10
7.4423051799746105
 20
18.953900270644937
 30
0.0
 70
0
  0
VERTEX
  5
405
  8
TEXT
 10
7.409444913452005
 20
18.93739657420265
 30
0.0
 70
0
  0
VERTEX
  5
406
  8
TEXT
 10
7.3760968544196395
 20
18.92189031188114
 30
0.0
 70
0
  0
VERTEX
  5
407
  8
TEXT
 10
7.342387331972011
 20
18.907449133141384
 30
0.0
 70
0
  0
VERTEX
  5
408
  8
TEXT
 10
7.308316346109121
 20
18.894073037983382
 30
0.0
 70
0
  0
VERTEX
  5
409
  8
TEXT
 10
7.273883896830972
 20
18.881762026407138
 30
0.0
 70
0
  0
VERTEX
  5
40A
  8
TEXT
 10
7.239089984137561
 20
18.870516098412644
 30
0.0
 70
0
  0
VERTEX
  5
40B
  8
TEXT
 10
7.203934608028888
 20
18.86033525399991
 30
0.0
 70
0
  0
VERTEX
  5
40C
  8
TEXT
 10
7.168417768504954
 20
18.85121949316893
 30
0.0
 70
0
  0
VERTEX
  5
40D
  8
TEXT
 10
7.132539465565759
 20
18.843168815919704
 30
0.0
 70
0
  0
VERTEX
  5
40E
  8
TEXT
 10
7.096299699211302
 20
18.83618322225223
 30
0.0
 70
0
  0
VERTEX
  5
40F
  8
TEXT
 10
7.059698469441584
 20
18.830262712166515
 30
0.0
 70
0
  0
VERTEX
  5
410
  8
TEXT
 10
7.022735776256606
 20
18.825407285662557
 30
0.0
 70
0
  0
VERTEX
  5
411
  8
TEXT
 10
6.985411619656365
 20
18.821616942740352
 30
0.0
 70
0
  0
VERTEX
  5
412
  8
TEXT
 10
6.9477259996408645
 20
18.8188916833999
 30
0.0
 70
0
  0
VERTEX
  5
413
  8
TEXT
 10
6.909827794569622
 20
18.817291457759477
 30
0.0
 70
0
  0
VERTEX
  5
414
  8
TEXT
 10
6.871865882802157
 20
18.816876215937352
 30
0.0
 70
0
  0
VERTEX
  5
415
  8
TEXT
 10
6.8338402643384715
 20
18.81764595793353
 30
0.0
 70
0
  0
VERTEX
  5
416
  8
TEXT
 10
6.795750939178564
 20
18.819600683748007
 30
0.0
 70
0
  0
VERTEX
  5
417
  8
TEXT
 10
6.7575979073224355
 20
18.82274039338078
 30
0.0
 70
0
  0
VERTEX
  5
418
  8
TEXT
 10
6.719381168770085
 20
18.827065086831855
 30
0.0
 70
0
  0
VERTEX
  5
419
  8
TEXT
 10
6.681100723521513
 20
18.83257476410123
 30
0.0
 70
0
  0
VERTEX
  5
41A
  8
TEXT
 10
6.64275657157672
 20
18.839269425188906
 30
0.0
 70
0
  0
VERTEX
  5
41B
  8
TEXT
 10
6.604348712935704
 20
18.84714907009488
 30
0.0
 70
0
  0
VERTEX
  5
41C
  8
TEXT
 10
6.565877147598468
 20
18.856213698819154
 30
0.0
 70
0
  0
VERTEX
  5
41D
  8
TEXT
 10
6.52734187556501
 20
18.866463311361727
 30
0.0
 70
0
  0
VERTEX
  5
41E
  8
TEXT
 10
6.488742896835331
 20
18.8778979077226
 30
0.0
 70
0
  0
SEQEND
  5
34E
  8
TEXT
  0
POLYLINE
  5
41F
  8
TEXT
 66
1
 10
0.0
 20
0.0
 30
0.0
 70
1
  0
VERTEX
  5
421
  8
TEXT
 10
6.578897914270571
 20
19.267789240948385
 30
0.0
 70
0
  0
VERTEX
  5
422
  8
TEXT
 10
6.615751260078639
 20
19.25602533853182
 30
0.0
 70
0
  0
VERTEX
  5
423
  8
TEXT
 10
6.65246596222638
 20
19.24594778097795
 30
0.0
 70
0
  0
VERTEX
  5
424
  8
TEXT
 10
6.689042020713793
 20
19.23755656828678
 30
0.0
 70
0
  0
VERTEX
  5
425
  8
TEXT
 10
6.725479435540879
 20
19.230851700458302
 30
0.0
 70
0
  0
VERTEX
  5
426
  8
TEXT
 10
6.761778206707637
 20
19.225833177492525
 30
0.0
 70
0
  0
VERTEX
  5
427
  8
TEXT
 10
6.797938334214068
 20
19.222500999389446
 30
0.0
 70
0
  0
VERTEX
  5
428
  8
TEXT
 10
6.833959818060171
 20
19.22085516614906
 30
0.0
 70
0
  0
VERTEX
  5
429
  8
TEXT
 10
6.869842658245947
 20
19.22089567777137
 30
0.0
 70
0
  0
VERTEX
  5
42A
  8
TEXT
 10
6.9055868547713954
 20
19.22262253425638
 30
0.0
 70
0
  0
VERTEX
  5
42B
  8
TEXT
 10
6.945427421057021
 20
19.226445164606
 30
0.0
 70
0
  0
VERTEX
  5
42C
  8
TEXT
 10
6.984680651849507
 20
19.23213049059306
 30
0.0
 70
0
  0
VERTEX
  5
42D
  8
TEXT
 10
7.023346547148854
 20
19.23967851221756
 30
0.0
 70
0
  0
VERTEX
  5
42E
  8
TEXT
 10
7.061425106955063
 20
19.249089229479498
 30
0.0
 70
0
  0
VERTEX
  5
42F
  8
TEXT
 10
7.098916331268132
 20
19.260362642378873
 30
0.0
 70
0
  0
VERTEX
  5
430
  8
TEXT
 10
7.135820220088062
 20
19.273498750915685
 30
0.0
 70
0
  0
VERTEX
  5
431
  8
TEXT
 10
7.172136773414853
 20
19.28849755508994
 30
0.0
 70
0
  0
VERTEX
  5
432
  8
TEXT
 10
7.2078659912485055
 20
19.30535905490163
 30
0.0
 70
0
  0
VERTEX
  5
433
  8
TEXT
 10
7.238938414606348
 20
19.32185089726366
 30
0.0
 70
0
  0
VERTEX
  5
434
  8
TEXT
 10
7.269159151191729
 20
19.33969469522901
 30
0.0
 70
0
  0
VERTEX
  5
435
  8
TEXT
 10
7.298528201004648
 20
19.358890448797688
 30
0.0
 70
0
  0
VERTEX
  5
436
  8
TEXT
 10
7.327045564045105
 20
19.379438157969695
 30
0.0
 70
0
  0
VERTEX
  5
437
  8
TEXT
 10
7.3547112403131
 20
19.401337822745024
 30
0.0
 70
0
  0
VERTEX
  5
438
  8
TEXT
 10
7.381525229808635
 20
19.424589443123683
 30
0.0
 70
0
  0
VERTEX
  5
439
  8
TEXT
 10
7.407487532531706
 20
19.449193019105664
 30
0.0
 70
0
  0
VERTEX
  5
43A
  8
TEXT
 10
7.432598148482318
 20
19.475148550690975
 30
0.0
 70
0
  0
VERTEX
  5
43B
  8
TEXT
 10
7.456857077660466
 20
19.502456037879607
 30
0.0
 70
0
  0
VERTEX
  5
43C
  8
TEXT
 10
7.480092198674859
 20
19.531011400810364
 30
0.0
 70
0
  0
VERTEX
  5
43D
  8
TEXT
 10
7.502131390134201
 20
19.560710559622034
 30
0.0
 70
0
  0
VERTEX
  5
43E
  8
TEXT
 10
7.522974652038492
 20
19.59155351431462
 30
0.0
 70
0
  0
VERTEX
  5
43F
  8
TEXT
 10
7.542621984387733
 20
19.62354026488812
 30
0.0
 70
0
  0
VERTEX
  5
440
  8
TEXT
 10
7.5610733871819225
 20
19.656670811342533
 30
0.0
 70
0
  0
VERTEX
  5
441
  8
TEXT
 10
7.5783288604210615
 20
19.690945153677866
 30
0.0
 70
0
  0
VERTEX
  5
442
  8
TEXT
 10
7.59438840410515
 20
19.726363291894113
 30
0.0
 70
0
  0
VERTEX
  5
443
  8
TEXT
 10
7.609252018234187
 20
19.762925225991275
 30
0.0
 70
0
  0
VERTEX
  5
444
  8
TEXT
 10
7.622919702808174
 20
19.80063095596935
 30
0.0
 70
0
  0
VERTEX
  5
445
  8
TEXT
 10
7.635107123952482
 20
19.83864774582274
 30
0.0
 70
0
  0
VERTEX
  5
446
  8
TEXT
 10
7.64564560902962
 20
19.876481599615914
 30
0.0
 70
0
  0
VERTEX
  5
447
  8
TEXT
 10
7.654535158039589
 20
19.914132517348875
 30
0.0
 70
0
  0
VERTEX
  5
448
  8
TEXT
 10
7.661775770982386
 20
19.951600499021623
 30
0.0
 70
0
  0
VERTEX
  5
449
  8
TEXT
 10
7.667367447858014
 20
19.988885544634158
 30
0.0
 70
0
  0
VERTEX
  5
44A
  8
TEXT
 10
7.671310188666473
 20
20.02598765418648
 30
0.0
 70
0
  0
VERTEX
  5
44B
  8
TEXT
 10
7.673603993407761
 20
20.062906827678585
 30
0.0
 70
0
  0
VERTEX
  5
44C
  8
TEXT
 10
7.674248862081879
 20
20.099643065110477
 30
0.0
 70
0
  0
VERTEX
  5
44D
  8
TEXT
 10
7.673244794688827
 20
20.136196366482153
 30
0.0
 70
0
  0
VERTEX
  5
44E
  8
TEXT
 10
7.670675560285976
 20
20.17241205187907
 30
0.0
 70
0
  0
VERTEX
  5
44F
  8
TEXT
 10
7.666624927930696
 20
20.20813544138668
 30
0.0
 70
0
  0
VERTEX
  5
450
  8
TEXT
 10
7.6610928976229875
 20
20.243366535004984
 30
0.0
 70
0
  0
VERTEX
  5
451
  8
TEXT
 10
7.65407946936285
 20
20.27810533273398
 30
0.0
 70
0
  0
VERTEX
  5
452
  8
TEXT
 10
7.645584643150283
 20
20.312351834573665
 30
0.0
 70
0
  0
VERTEX
  5
453
  8
TEXT
 10
7.635608418985288
 20
20.346106040524045
 30
0.0
 70
0
  0
VERTEX
  5
454
  8
TEXT
 10
7.624150796867863
 20
20.379367950585117
 30
0.0
 70
0
  0
VERTEX
  5
455
  8
TEXT
 10
7.61121177679801
 20
20.412137564756883
 30
0.0
 70
0
  0
VERTEX
  5
456
  8
TEXT
 10
7.596791358775728
 20
20.44441488303934
 30
0.0
 70
0
  0
VERTEX
  5
457
  8
TEXT
 10
7.578920958838735
 20
20.479856967172747
 30
0.0
 70
0
  0
VERTEX
  5
458
  8
TEXT
 10
7.55942227227437
 20
20.514113086312914
 30
0.0
 70
0
  0
VERTEX
  5
459
  8
TEXT
 10
7.538295299082635
 20
20.54718324045984
 30
0.0
 70
0
  0
VERTEX
  5
45A
  8
TEXT
 10
7.51554003926353
 20
20.579067429613524
 30
0.0
 70
0
  0
VERTEX
  5
45B
  8
TEXT
 10
7.491156492817054
 20
20.60976565377397
 30
0.0
 70
0
  0
VERTEX
  5
45C
  8
TEXT
 10
7.465144659743207
 20
20.639277912941168
 30
0.0
 70
0
  0
VERTEX
  5
45D
  8
TEXT
 10
7.43750454004199
 20
20.66760420711513
 30
0.0
 70
0
  0
VERTEX
  5
45E
  8
TEXT
 10
7.4082361337134035
 20
20.69474453629585
 30
0.0
 70
0
  0
VERTEX
  5
45F
  8
TEXT
 10
7.38093038828073
 20
20.717731590756767
 30
0.0
 70
0
  0
VERTEX
  5
460
  8
TEXT
 10
7.352493240235637
 20
20.73949747114557
 30
0.0
 70
0
  0
VERTEX
  5
461
  8
TEXT
 10
7.322924689578126
 20
20.76004217746225
 30
0.0
 70
0
  0
VERTEX
  5
462
  8
TEXT
 10
7.292224736308196
 20
20.779365709706813
 30
0.0
 70
0
  0
VERTEX
  5
463
  8
TEXT
 10
7.260393380425848
 20
20.797468067879258
 30
0.0
 70
0
  0
VERTEX
  5
464
  8
TEXT
 10
7.227430621931081
 20
20.814349251979586
 30
0.0
 70
0
  0
VERTEX
  5
465
  8
TEXT
 10
7.193336460823895
 20
20.830009262007795
 30
0.0
 70
0
  0
VERTEX
  5
466
  8
TEXT
 10
7.158110897104291
 20
20.844448097963888
 30
0.0
 70
0
  0
VERTEX
  5
467
  8
TEXT
 10
7.121753930772268
 20
20.85766575984786
 30
0.0
 70
0
  0
VERTEX
  5
468
  8
TEXT
 10
7.084905404182413
 20
20.86944377643401
 30
0.0
 70
0
  0
VERTEX
  5
469
  8
TEXT
 10
7.0482051596893145
 20
20.87956367649664
 30
0.0
 70
0
  0
VERTEX
  5
46A
  8
TEXT
 10
7.011653197292971
 20
20.888025460035745
 30
0.0
 70
0
  0
VERTEX
  5
46B
  8
TEXT
 10
6.975249516993384
 20
20.894829127051324
 30
0.0
 70
0
  0
VERTEX
  5
46C
  8
TEXT
 10
6.938994118790552
 20
20.899974677543383
 30
0.0
 70
0
  0
VERTEX
  5
46D
  8
TEXT
 10
6.902887002684475
 20
20.903462111511914
 30
0.0
 70
0
  0
VERTEX
  5
46E
  8
TEXT
 10
6.866928168675154
 20
20.905291428956925
 30
0.0
 70
0
  0
VERTEX
  5
46F
  8
TEXT
 10
6.831117616762589
 20
20.905462629878407
 30
0.0
 70
0
  0
VERTEX
  5
470
  8
TEXT
 10
6.795455346946779
 20
20.90397571427637
 30
0.0
 70
0
  0
VERTEX
  5
471
  8
TEXT
 10
6.755700171183884
 20
20.90040316936911
 30
0.0
 70
0
  0
VERTEX
  5
472
  8
TEXT
 10
6.716507933621919
 20
20.894896475840877
 30
0.0
 70
0
  0
VERTEX
  5
473
  8
TEXT
 10
6.6778786342608845
 20
20.887455633691676
 30
0.0
 70
0
  0
VERTEX
  5
474
  8
TEXT
 10
6.63981227310078
 20
20.878080642921507
 30
0.0
 70
0
  0
VERTEX
  5
475
  8
TEXT
 10
6.602308850141607
 20
20.866771503530366
 30
0.0
 70
0
  0
VERTEX
  5
476
  8
TEXT
 10
6.565368365383364
 20
20.853528215518253
 30
0.0
 70
0
  0
VERTEX
  5
477
  8
TEXT
 10
6.528990818826052
 20
20.83835077888517
 30
0.0
 70
0
  0
VERTEX
  5
478
  8
TEXT
 10
6.493176210469669
 20
20.821239193631122
 30
0.0
 70
0
  0
VERTEX
  5
479
  8
TEXT
 10
6.4620266796204024
 20
20.80452152455571
 30
0.0
 70
0
  0
VERTEX
  5
47A
  8
TEXT
 10
6.431748112416454
 20
20.78650835655532
 30
0.0
 70
0
  0
VERTEX
  5
47B
  8
TEXT
 10
6.402340508857822
 20
20.767199689629948
 30
0.0
 70
0
  0
VERTEX
  5
47C
  8
TEXT
 10
6.373803868944509
 20
20.746595523779597
 30
0.0
 70
0
  0
VERTEX
  5
47D
  8
TEXT
 10
6.346138192676513
 20
20.724695859004267
 30
0.0
 70
0
  0
VERTEX
  5
47E
  8
TEXT
 10
6.319343480053835
 20
20.701500695303956
 30
0.0
 70
0
  0
VERTEX
  5
47F
  8
TEXT
 10
6.293419731076475
 20
20.677010032678666
 30
0.0
 70
0
  0
VERTEX
  5
480
  8
TEXT
 10
6.268366945744433
 20
20.651223871128394
 30
0.0
 70
0
  0
VERTEX
  5
481
  8
TEXT
 10
6.244185124057709
 20
20.624142210653144
 30
0.0
 70
0
  0
VERTEX
  5
482
  8
TEXT
 10
6.221035142565097
 20
20.59583619805175
 30
0.0
 70
0
  0
VERTEX
  5
483
  8
TEXT
 10
6.199077877815394
 20
20.56637698012305
 30
0.0
 70
0
  0
VERTEX
  5
484
  8
TEXT
 10
6.178313329808598
 20
20.535764556867043
 30
0.0
 70
0
  0
VERTEX
  5
485
  8
TEXT
 10
6.158741498544711
 20
20.503998928283732
 30
0.0
 70
0
  0
VERTEX
  5
486
  8
TEXT
 10
6.1403623840237325
 20
20.47108009437311
 30
0.0
 70
0
  0
VERTEX
  5
487
  8
TEXT
 10
6.123175986245661
 20
20.437008055135188
 30
0.0
 70
0
  0
VERTEX
  5
488
  8
TEXT
 10
6.107182305210498
 20
20.401782810569955
 30
0.0
 70
0
  0
VERTEX
  5
489
  8
TEXT
 10
6.092381340918243
 20
20.36540436067742
 30
0.0
 70
0
  0
VERTEX
  5
48A
  8
TEXT
 10
6.078773093368896
 20
20.327872705457576
 30
0.0
 70
0
  0
VERTEX
  5
48B
  8
TEXT
 10
6.066526235199948
 20
20.289681840845954
 30
0.0
 70
0
  0
VERTEX
  5
48C
  8
TEXT
 10
6.055925100286028
 20
20.251664502848154
 30
0.0
 70
0
  0
VERTEX
  5
48D
  8
TEXT
 10
6.046969688627135
 20
20.213820691464175
 30
0.0
 70
0
  0
VERTEX
  5
48E
  8
TEXT
 10
6.039660000223268
 20
20.17615040669402
 30
0.0
 70
0
  0
VERTEX
  5
48F
  8
TEXT
 10
6.03399603507443
 20
20.13865364853769
 30
0.0
 70
0
  0
VERTEX
  5
490
  8
TEXT
 10
6.029977793180619
 20
20.101330416995182
 30
0.0
 70
0
  0
VERTEX
  5
491
  8
TEXT
 10
6.027605274541834
 20
20.0641807120665
 30
0.0
 70
0
  0
VERTEX
  5
492
  8
TEXT
 10
6.026878479158078
 20
20.027204533751636
 30
0.0
 70
0
  0
VERTEX
  5
493
  8
TEXT
 10
6.027797407029348
 20
19.990401882050598
 30
0.0
 70
0
  0
VERTEX
  5
494
  8
TEXT
 10
6.030289533940774
 20
19.953960369940294
 30
0.0
 70
0
  0
VERTEX
  5
495
  8
TEXT
 10
6.034282335677486
 20
19.91806761039765
 30
0.0
 70
0
  0
VERTEX
  5
496
  8
TEXT
 10
6.0397758122394825
 20
19.882723603422654
 30
0.0
 70
0
  0
VERTEX
  5
497
  8
TEXT
 10
6.0467699636267636
 20
19.847928349015312
 30
0.0
 70
0
  0
VERTEX
  5
498
  8
TEXT
 10
6.05526478983933
 20
19.813681847175626
 30
0.0
 70
0
  0
VERTEX
  5
499
  8
TEXT
 10
6.065260290877182
 20
19.779984097903593
 30
0.0
 70
0
  0
VERTEX
  5
49A
  8
TEXT
 10
6.076756466740319
 20
19.746835101199213
 30
0.0
 70
0
  0
VERTEX
  5
49B
  8
TEXT
 10
6.08975331742874
 20
19.714234857062486
 30
0.0
 70
0
  0
VERTEX
  5
49C
  8
TEXT
 10
6.104250842942447
 20
19.68218336549341
 30
0.0
 70
0
  0
VERTEX
  5
49D
  8
TEXT
 10
6.122212587817465
 20
19.64698933369468
 30
0.0
 70
0
  0
VERTEX
  5
49E
  8
TEXT
 10
6.141790130858233
 20
19.612905747690288
 30
0.0
 70
0
  0
VERTEX
  5
49F
  8
TEXT
 10
6.162983472064752
 20
19.57993260748024
 30
0.0
 70
0
  0
VERTEX
  5
4A0
  8
TEXT
 10
6.185792611437022
 20
19.548069913064534
 30
0.0
 70
0
  0
VERTEX
  5
4A1
  8
TEXT
 10
6.210217548975042
 20
19.51731766444317
 30
0.0
 70
0
  0
VERTEX
  5
4A2
  8
TEXT
 10
6.236258284678813
 20
19.487675861616143
 30
0.0
 70
0
  0
VERTEX
  5
4A3
  8
TEXT
 10
6.263914818548335
 20
19.459144504583463
 30
0.0
 70
0
  0
VERTEX
  5
4A4
  8
TEXT
 10
6.293187150583607
 20
19.431723593345122
 30
0.0
 70
0
  0
VERTEX
  5
4A5
  8
TEXT
 10
6.320481540154574
 20
19.408472501910165
 30
0.0
 70
0
  0
VERTEX
  5
4A6
  8
TEXT
 10
6.348888742435216
 20
19.386480451322925
 30
0.0
 70
0
  0
VERTEX
  5
4A7
  8
TEXT
 10
6.378408757425531
 20
19.365747441583405
 30
0.0
 70
0
  0
VERTEX
  5
4A8
  8
TEXT
 10
6.40904158512552
 20
19.346273472691603
 30
0.0
 70
0
  0
VERTEX
  5
4A9
  8
TEXT
 10
6.440787225535183
 20
19.328058544647522
 30
0.0
 70
0
  0
VERTEX
  5
4AA
  8
TEXT
 10
6.473645678654519
 20
19.31110265745116
 30
0.0
 70
0
  0
VERTEX
  5
4AB
  8
TEXT
 10
6.507616944483529
 20
19.295405811102516
 30
0.0
 70
0
  0
VERTEX
  5
4AC
  8
TEXT
 10
6.542701023022213
 20
19.28096800560159
 30
0.0
 70
0
  0
SEQEND
  5
420
  8
TEXT
  0
POLYLINE
  5
4AD
  8
TEXT
 66
1
 10
0.0
 20
0.0
 30
0.0
 70
1
  0
VERTEX
  5
4AF
  8
TEXT
 10
9.068156491043839
 20
17.78268043766961
 30
0.0
 70
0
  0
VERTEX
  5
4B0
  8
TEXT
 10
9.03354756786386
 20
17.800993214199803
 30
0.0
 70
0
  0
VERTEX
  5
4B1
  8
TEXT
 10
9.000032650073276
 20
17.82007649499315
 30
0.0
 70
0
  0
VERTEX
  5
4B2
  8
TEXT
 10
8.967611737672089
 20
17.839930280049646
 30
0.0
 70
0
  0
VERTEX
  5
4B3
  8
TEXT
 10
8.936284830660295
 20
17.860554569369295
 30
0.0
 70
0
  0
VERTEX
  5
4B4
  8
TEXT
 10
8.906051929037897
 20
17.881949362952096
 30
0.0
 70
0
  0
VERTEX
  5
4B5
  8
TEXT
 10
8.876913032804895
 20
17.90411466079805
 30
0.0
 70
0
  0
VERTEX
  5
4B6
  8
TEXT
 10
8.848868141961288
 20
17.927050462907157
 30
0.0
 70
0
  0
VERTEX
  5
4B7
  8
TEXT
 10
8.821917256507076
 20
17.95075676927942
 30
0.0
 70
0
  0
VERTEX
  5
4B8
  8
TEXT
 10
8.79606037644226
 20
17.97523357991483
 30
0.0
 70
0
  0
VERTEX
  5
4B9
  8
TEXT
 10
8.771297501766838
 20
18.000480894813396
 30
0.0
 70
0
  0
VERTEX
  5
4BA
  8
TEXT
 10
8.747628632480811
 20
18.026498713975112
 30
0.0
 70
0
  0
VERTEX
  5
4BB
  8
TEXT
 10
8.72505376858418
 20
18.053287037399983
 30
0.0
 70
0
  0
VERTEX
  5
4BC
  8
TEXT
 10
8.703572910076945
 20
18.080845865088005
 30
0.0
 70
0
  0
VERTEX
  5
4BD
  8
TEXT
 10
8.683186056959105
 20
18.10917519703918
 30
0.0
 70
0
  0
VERTEX
  5
4BE
  8
TEXT
 10
8.662542048804967
 20
18.140302804314935
 30
0.0
 70
0
  0
VERTEX
  5
4BF
  8
TEXT
 10
8.643342009869325
 20
18.171838829656274
 30
0.0
 70
0
  0
VERTEX
  5
4C0
  8
TEXT
 10
8.625585940152177
 20
18.203783273063195
 30
0.0
 70
0
  0
VERTEX
  5
4C1
  8
TEXT
 10
8.609273839653524
 20
18.236136134535702
 30
0.0
 70
0
  0
VERTEX
  5
4C2
  8
TEXT
 10
8.594405708373365
 20
18.268897414073795
 30
0.0
 70
0
  0
VERTEX
  5
4C3
  8
TEXT
 10
8.580981546311701
 20
18.302067111677466
 30
0.0
 70
0
  0
VERTEX
  5
4C4
  8
TEXT
 10
8.569001353468531
 20
18.335645227346728
 30
0.0
 70
0
  0
VERTEX
  5
4C5
  8
TEXT
 10
8.558465129843857
 20
18.369631761081568
 30
0.0
 70
0
  0
VERTEX
  5
4C6
  8
TEXT
 10
8.549372875437676
 20
18.404026712881997
 30
0.0
 70
0
  0
VERTEX
  5
4C7
  8
TEXT
 10
8.54172459024999
 20
18.438830082748005
 30
0.0
 70
0
  0
VERTEX
  5
4C8
  8
TEXT
 10
8.535520274280799
 20
18.4740418706796
 30
0.0
 70
0
  0
VERTEX
  5
4C9
  8
TEXT
 10
8.530759927530102
 20
18.50966207667678
 30
0.0
 70
0
  0
VERTEX
  5
4CA
  8
TEXT
 10
8.527443549997901
 20
18.54569070073954
 30
0.0
 70
0
  0
VERTEX
  5
4CB
  8
TEXT
 10
8.52564170893505
 20
18.581888482384663
 30
0.0
 70
0
  0
VERTEX
  5
4CC
  8
TEXT
 10
8.525424971592406
 20
18.618016161128917
 30
0.0
 70
0
  0
VERTEX
  5
4CD
  8
TEXT
 10
8.52679333796997
 20
18.654073736972304
 30
0.0
 70
0
  0
VERTEX
  5
4CE
  8
TEXT
 10
8.52974680806774
 20
18.690061209914827
 30
0.0
 70
0
  0
VERTEX
  5
4CF
  8
TEXT
 10
8.534285381885718
 20
18.72597857995648
 30
0.0
 70
0
  0
VERTEX
  5
4D0
  8
TEXT
 10
8.540409059423904
 20
18.76182584709727
 30
0.0
 70
0
  0
VERTEX
  5
4D1
  8
TEXT
 10
8.548117840682295
 20
18.79760301133719
 30
0.0
 70
0
  0
VERTEX
  5
4D2
  8
TEXT
 10
8.557411725660895
 20
18.833310072676248
 30
0.0
 70
0
  0
VERTEX
  5
4D3
  8
TEXT
 10
8.568290714359701
 20
18.868947031114438
 30
0.0
 70
0
  0
VERTEX
  5
4D4
  8
TEXT
 10
8.580754806778716
 20
18.90451388665176
 30
0.0
 70
0
  0
VERTEX
  5
4D5
  8
TEXT
 10
8.594804002917938
 20
18.940010639288214
 30
0.0
 70
0
  0
VERTEX
  5
4D6
  8
TEXT
 10
8.610438302777366
 20
18.975437289023805
 30
0.0
 70
0
  0
VERTEX
  5
4D7
  8
TEXT
 10
8.627657706357
 20
19.01079383585853
 30
0.0
 70
0
  0
VERTEX
  5
4D8
  8
TEXT
 10
9.329392232817089
 20
20.38689722009586
 30
0.0
 70
0
  0
VERTEX
  5
4D9
  8
TEXT
 10
9.720412224688488
 20
20.187499244641874
 30
0.0
 70
0
  0
VERTEX
  5
4DA
  8
TEXT
 10
9.029653733574492
 20
18.832919896654342
 30
0.0
 70
0
  0
VERTEX
  5
4DB
  8
TEXT
 10
9.013783085220854
 20
18.799526079277236
 30
0.0
 70
0
  0
VERTEX
  5
4DC
  8
TEXT
 10
9.000196849732822
 20
18.766069139520297
 30
0.0
 70
0
  0
VERTEX
  5
4DD
  8
TEXT
 10
8.988895027110393
 20
18.732549077383528
 30
0.0
 70
0
  0
VERTEX
  5
4DE
  8
TEXT
 10
8.979877617353571
 20
18.69896589286693
 30
0.0
 70
0
  0
VERTEX
  5
4DF
  8
TEXT
 10
8.973144620462355
 20
18.665319585970497
 30
0.0
 70
0
  0
VERTEX
  5
4E0
  8
TEXT
 10
8.968696036436745
 20
18.63161015669424
 30
0.0
 70
0
  0
VERTEX
  5
4E1
  8
TEXT
 10
8.966531865276739
 20
18.597837605038148
 30
0.0
 70
0
  0
VERTEX
  5
4E2
  8
TEXT
 10
8.96665210698234
 20
18.564001931002228
 30
0.0
 70
0
  0
VERTEX
  5
4E3
  8
TEXT
 10
8.969477001799826
 20
18.52578173983551
 30
0.0
 70
0
  0
VERTEX
  5
4E4
  8
TEXT
 10
8.975066090507358
 20
18.48853198970869
 30
0.0
 70
0
  0
VERTEX
  5
4E5
  8
TEXT
 10
8.98341937310494
 20
18.452252680621775
 30
0.0
 70
0
  0
VERTEX
  5
4E6
  8
TEXT
 10
8.99453684959257
 20
18.41694381257476
 30
0.0
 70
0
  0
VERTEX
  5
4E7
  8
TEXT
 10
9.00841851997025
 20
18.382605385567647
 30
0.0
 70
0
  0
VERTEX
  5
4E8
  8
TEXT
 10
9.025064384237977
 20
18.349237399600437
 30
0.0
 70
0
  0
VERTEX
  5
4E9
  8
TEXT
 10
9.044474442395755
 20
18.316839854673127
 30
0.0
 70
0
  0
VERTEX
  5
4EA
  8
TEXT
 10
9.063593227269125
 20
18.28960990600371
 30
0.0
 70
0
  0
VERTEX
  5
4EB
  8
TEXT
 10
9.084563310459341
 20
18.263766627708357
 30
0.0
 70
0
  0
VERTEX
  5
4EC
  8
TEXT
 10
9.1073846919664
 20
18.23931001978705
 30
0.0
 70
0
  0
VERTEX
  5
4ED
  8
TEXT
 10
9.132057371790301
 20
18.2162400822398
 30
0.0
 70
0
  0
VERTEX
  5
4EE
  8
TEXT
 10
9.158581349931046
 20
18.194556815066605
 30
0.0
 70
0
  0
VERTEX
  5
4EF
  8
TEXT
 10
9.186956626388634
 20
18.174260218267463
 30
0.0
 70
0
  0
VERTEX
  5
4F0
  8
TEXT
 10
9.217183201163065
 20
18.155350291842378
 30
0.0
 70
0
  0
VERTEX
  5
4F1
  8
TEXT
 10
9.24926107425434
 20
18.137827035791343
 30
0.0
 70
0
  0
VERTEX
  5
4F2
  8
TEXT
 10
9.282769854329453
 20
18.121904825804716
 30
0.0
 70
0
  0
VERTEX
  5
4F3
  8
TEXT
 10
9.316212948242914
 20
18.108346839340157
 30
0.0
 70
0
  0
VERTEX
  5
4F4
  8
TEXT
 10
9.349590355994717
 20
18.09715307639766
 30
0.0
 70
0
  0
VERTEX
  5
4F5
  8
TEXT
 10
9.382902077584866
 20
18.08832353697723
 30
0.0
 70
0
  0
VERTEX
  5
4F6
  8
TEXT
 10
9.416148113013362
 20
18.081858221078868
 30
0.0
 70
0
  0
VERTEX
  5
4F7
  8
TEXT
 10
9.449328462280201
 20
18.07775712870257
 30
0.0
 70
0
  0
VERTEX
  5
4F8
  8
TEXT
 10
9.482443125385387
 20
18.076020259848335
 30
0.0
 70
0
  0
VERTEX
  5
4F9
  8
TEXT
 10
9.515492102328917
 20
18.076647614516165
 30
0.0
 70
0
  0
VERTEX
  5
4FA
  8
TEXT
 10
9.552827896202507
 20
18.080107999590567
 30
0.0
 70
0
  0
VERTEX
  5
4FB
  8
TEXT
 10
9.589369828994238
 20
18.086353231547797
 30
0.0
 70
0
  0
VERTEX
  5
4FC
  8
TEXT
 10
9.625117900704112
 20
18.095383310387852
 30
0.0
 70
0
  0
VERTEX
  5
4FD
  8
TEXT
 10
9.660072111332129
 20
18.107198236110733
 30
0.0
 70
0
  0
VERTEX
  5
4FE
  8
TEXT
 10
9.694232460878288
 20
18.12179800871644
 30
0.0
 70
0
  0
VERTEX
  5
4FF
  8
TEXT
 10
9.72759894934259
 20
18.139182628204974
 30
0.0
 70
0
  0
VERTEX
  5
500
  8
TEXT
 10
9.760171576725034
 20
18.159352094576338
 30
0.0
 70
0
  0
VERTEX
  5
501
  8
TEXT
 10
9.787629006464492
 20
18.179124723325078
 30
0.0
 70
0
  0
VERTEX
  5
502
  8
TEXT
 10
9.813693826210216
 20
18.20070930239895
 30
0.0
 70
0
  0
VERTEX
  5
503
  8
TEXT
 10
9.838366035962203
 20
18.224105831797942
 30
0.0
 70
0
  0
VERTEX
  5
504
  8
TEXT
 10
9.861645635720453
 20
18.249314311522067
 30
0.0
 70
0
  0
VERTEX
  5
505
  8
TEXT
 10
9.88353262548497
 20
18.276334741571315
 30
0.0
 70
0
  0
VERTEX
  5
506
  8
TEXT
 10
9.904027005255749
 20
18.30516712194569
 30
0.0
 70
0
  0
VERTEX
  5
507
  8
TEXT
 10
9.923128775032794
 20
18.335811452645192
 30
0.0
 70
0
  0
VERTEX
  5
508
  8
TEXT
 10
9.940837934816104
 20
18.36826773366982
 30
0.0
 70
0
  0
VERTEX
  5
509
  8
TEXT
 10
10.631596425930098
 20
19.722847081657353
 30
0.0
 70
0
  0
VERTEX
  5
50A
  8
TEXT
 10
11.0226164178015
 20
19.523449106203365
 30
0.0
 70
0
  0
VERTEX
  5
50B
  8
TEXT
 10
10.320881891341411
 20
18.147345721966033
 30
0.0
 70
0
  0
VERTEX
  5
50C
  8
TEXT
 10
10.302376140033239
 20
18.112645139373885
 30
0.0
 70
0
  0
VERTEX
  5
50D
  8
TEXT
 10
10.282882796988194
 20
18.07918638236603
 30
0.0
 70
0
  0
VERTEX
  5
50E
  8
TEXT
 10
10.26240186220628
 20
18.046969450942456
 30
0.0
 70
0
  0
VERTEX
  5
50F
  8
TEXT
 10
10.240933335687497
 20
18.015994345103174
 30
0.0
 70
0
  0
VERTEX
  5
510
  8
TEXT
 10
10.218477217431845
 20
17.98626106484818
 30
0.0
 70
0
  0
VERTEX
  5
511
  8
TEXT
 10
10.195033507439323
 20
17.95776961017747
 30
0.0
 70
0
  0
VERTEX
  5
512
  8
TEXT
 10
10.17060220570993
 20
17.93051998109105
 30
0.0
 70
0
  0
VERTEX
  5
513
  8
TEXT
 10
10.145183312243669
 20
17.904512177588916
 30
0.0
 70
0
  0
VERTEX
  5
514
  8
TEXT
 10
10.118776827040538
 20
17.87974619967107
 30
0.0
 70
0
  0
VERTEX
  5
515
  8
TEXT
 10
10.091382750100536
 20
17.856222047337514
 30
0.0
 70
0
  0
VERTEX
  5
516
  8
TEXT
 10
10.063001081423664
 20
17.83393972058824
 30
0.0
 70
0
  0
VERTEX
  5
517
  8
TEXT
 10
10.033631821009925
 20
17.812899219423258
 30
0.0
 70
0
  0
VERTEX
  5
518
  8
TEXT
 10
10.003274968859314
 20
17.793100543842566
 30
0.0
 70
0
  0
VERTEX
  5
519
  8
TEXT
 10
9.972167747193977
 20
17.77462599918883
 30
0.0
 70
0
  0
VERTEX
  5
51A
  8
TEXT
 10
9.940547378236058
 20
17.757557890804737
 30
0.0
 70
0
  0
VERTEX
  5
51B
  8
TEXT
 10
9.908413861985558
 20
17.74189621869028
 30
0.0
 70
0
  0
VERTEX
  5
51C
  8
TEXT
 10
9.875767198442476
 20
17.727640982845454
 30
0.0
 70
0
  0
VERTEX
  5
51D
  8
TEXT
 10
9.842607387606812
 20
17.71479218327027
 30
0.0
 70
0
  0
VERTEX
  5
51E
  8
TEXT
 10
9.808934429478565
 20
17.70334981996472
 30
0.0
 70
0
  0
VERTEX
  5
51F
  8
TEXT
 10
9.774748324057736
 20
17.69331389292881
 30
0.0
 70
0
  0
VERTEX
  5
520
  8
TEXT
 10
9.740049071344327
 20
17.68468440216253
 30
0.0
 70
0
  0
VERTEX
  5
521
  8
TEXT
 10
9.704836671338333
 20
17.677461347665893
 30
0.0
 70
0
  0
VERTEX
  5
522
  8
TEXT
 10
9.669111124039759
 20
17.671644729438892
 30
0.0
 70
0
  0
VERTEX
  5
523
  8
TEXT
 10
9.632872429448602
 20
17.667234547481527
 30
0.0
 70
0
  0
VERTEX
  5
524
  8
TEXT
 10
9.596120587564863
 20
17.6642308017938
 30
0.0
 70
0
  0
VERTEX
  5
525
  8
TEXT
 10
9.558855598388543
 20
17.662633492375708
 30
0.0
 70
0
  0
VERTEX
  5
526
  8
TEXT
 10
9.523999255407082
 20
17.66247505114316
 30
0.0
 70
0
  0
VERTEX
  5
527
  8
TEXT
 10
9.489113128847555
 20
17.663660182685884
 30
0.0
 70
0
  0
VERTEX
  5
528
  8
TEXT
 10
9.454197218709957
 20
17.666188887003877
 30
0.0
 70
0
  0
VERTEX
  5
529
  8
TEXT
 10
9.41925152499429
 20
17.67006116409714
 30
0.0
 70
0
  0
VERTEX
  5
52A
  8
TEXT
 10
9.384276047700554
 20
17.675277013965673
 30
0.0
 70
0
  0
VERTEX
  5
52B
  8
TEXT
 10
9.34927078682875
 20
17.681836436609476
 30
0.0
 70
0
  0
VERTEX
  5
52C
  8
TEXT
 10
9.314235742378878
 20
17.68973943202855
 30
0.0
 70
0
  0
VERTEX
  5
52D
  8
TEXT
 10
9.279170914350937
 20
17.69898600022289
 30
0.0
 70
0
  0
VERTEX
  5
52E
  8
TEXT
 10
9.244076302744926
 20
17.709576141192503
 30
0.0
 70
0
  0
VERTEX
  5
52F
  8
TEXT
 10
9.208951907560845
 20
17.721509854937384
 30
0.0
 70
0
  0
VERTEX
  5
530
  8
TEXT
 10
9.173797728798696
 20
17.734787141457538
 30
0.0
 70
0
  0
VERTEX
  5
531
  8
TEXT
 10
9.13861376645848
 20
17.749408000752958
 30
0.0
 70
0
  0
VERTEX
  5
532
  8
TEXT
 10
9.103400020540194
 20
17.76537243282365
 30
0.0
 70
0
  0
SEQEND
  5
4AE
  8
TEXT
  0
POLYLINE
  5
533
  8
TEXT
 66
1
 10
0.0
 20
0.0
 30
0.0
 70
1
  0
VERTEX
  5
535
  8
TEXT
 10
11.234163957497634
 20
16.50002363455691
 30
0.0
 70
0
  0
VERTEX
  5
536
  8
TEXT
 10
11.200698270657393
 20
16.523530630126924
 30
0.0
 70
0
  0
VERTEX
  5
537
  8
TEXT
 10
11.16842970371081
 20
16.547890764856383
 30
0.0
 70
0
  0
VERTEX
  5
538
  8
TEXT
 10
11.137358256657887
 20
16.573104038745285
 30
0.0
 70
0
  0
VERTEX
  5
539
  8
TEXT
 10
11.10748392949862
 20
16.599170451793626
 30
0.0
 70
0
  0
VERTEX
  5
53A
  8
TEXT
 10
11.078806722233013
 20
16.626090004001412
 30
0.0
 70
0
  0
VERTEX
  5
53B
  8
TEXT
 10
11.051326634861065
 20
16.653862695368638
 30
0.0
 70
0
  0
VERTEX
  5
53C
  8
TEXT
 10
11.025043667382773
 20
16.68248852589531
 30
0.0
 70
0
  0
VERTEX
  5
53D
  8
TEXT
 10
10.99995781979814
 20
16.71196749558142
 30
0.0
 70
0
  0
VERTEX
  5
53E
  8
TEXT
 10
10.976069092107165
 20
16.74229960442697
 30
0.0
 70
0
  0
VERTEX
  5
53F
  8
TEXT
 10
10.95337748430985
 20
16.773484852431967
 30
0.0
 70
0
  0
VERTEX
  5
540
  8
TEXT
 10
10.931882996406191
 20
16.805523239596404
 30
0.0
 70
0
  0
VERTEX
  5
541
  8
TEXT
 10
10.911677153920975
 20
16.838187934789282
 30
0.0
 70
0
  0
VERTEX
  5
542
  8
TEXT
 10
10.89285148237898
 20
16.871252106879606
 30
0.0
 70
0
  0
VERTEX
  5
543
  8
TEXT
 10
10.87540598178021
 20
16.90471575586737
 30
0.0
 70
0
  0
VERTEX
  5
544
  8
TEXT
 10
10.859340652124661
 20
16.93857888175258
 30
0.0
 70
0
  0
VERTEX
  5
545
  8
TEXT
 10
10.844655493412336
 20
16.97284148453523
 30
0.0
 70
0
  0
VERTEX
  5
546
  8
TEXT
 10
10.831350505643234
 20
17.007503564215323
 30
0.0
 70
0
  0
VERTEX
  5
547
  8
TEXT
 10
10.819425688817356
 20
17.04256512079286
 30
0.0
 70
0
  0
VERTEX
  5
548
  8
TEXT
 10
10.808881042934699
 20
17.078026154267842
 30
0.0
 70
0
  0
VERTEX
  5
549
  8
TEXT
 10
10.799716567995267
 20
17.113886664640265
 30
0.0
 70
0
  0
VERTEX
  5
54A
  8
TEXT
 10
10.791932263999056
 20
17.150146651910134
 30
0.0
 70
0
  0
VERTEX
  5
54B
  8
TEXT
 10
10.78552813094607
 20
17.18680611607744
 30
0.0
 70
0
  0
VERTEX
  5
54C
  8
TEXT
 10
10.780538635306888
 20
17.223660806946224
 30
0.0
 70
0
  0
VERTEX
  5
54D
  8
TEXT
 10
10.776998243552093
 20
17.260506474320504
 30
0.0
 70
0
  0
VERTEX
  5
54E
  8
TEXT
 10
10.774906955681688
 20
17.29734311820028
 30
0.0
 70
0
  0
VERTEX
  5
54F
  8
TEXT
 10
10.77426477169567
 20
17.334170738585556
 30
0.0
 70
0
  0
VERTEX
  5
550
  8
TEXT
 10
10.77507169159404
 20
17.37098933547633
 30
0.0
 70
0
  0
VERTEX
  5
551
  8
TEXT
 10
10.777327715376796
 20
17.407798908872604
 30
0.0
 70
0
  0
VERTEX
  5
552
  8
TEXT
 10
10.781032843043942
 20
17.444599458774377
 30
0.0
 70
0
  0
VERTEX
  5
553
  8
TEXT
 10
10.786187074595475
 20
17.481390985181648
 30
0.0
 70
0
  0
VERTEX
  5
554
  8
TEXT
 10
10.792790410031396
 20
17.518173488094416
 30
0.0
 70
0
  0
VERTEX
  5
555
  8
TEXT
 10
10.800842849351705
 20
17.554946967512684
 30
0.0
 70
0
  0
VERTEX
  5
556
  8
TEXT
 10
10.8103443925564
 20
17.59171142343645
 30
0.0
 70
0
  0
VERTEX
  5
557
  8
TEXT
 10
11.201823591038309
 20
17.519081826981992
 30
0.0
 70
0
  0
VERTEX
  5
558
  8
TEXT
 10
11.194827623031594
 20
17.478931329948313
 30
0.0
 70
0
  0
VERTEX
  5
559
  8
TEXT
 10
11.189717037053503
 20
17.439344513415126
 30
0.0
 70
0
  0
VERTEX
  5
55A
  8
TEXT
 10
11.186491833104037
 20
17.400321377382433
 30
0.0
 70
0
  0
VERTEX
  5
55B
  8
TEXT
 10
11.185152011183197
 20
17.361861921850235
 30
0.0
 70
0
  0
VERTEX
  5
55C
  8
TEXT
 10
11.185697571290982
 20
17.32396614681853
 30
0.0
 70
0
  0
VERTEX
  5
55D
  8
TEXT
 10
11.188128513427392
 20
17.28663405228732
 30
0.0
 70
0
  0
VERTEX
  5
55E
  8
TEXT
 10
11.192444837592426
 20
17.249865638256605
 30
0.0
 70
0
  0
VERTEX
  5
55F
  8
TEXT
 10
11.198646543786085
 20
17.21366090472638
 30
0.0
 70
0
  0
VERTEX
  5
560
  8
TEXT
 10
11.20673363200837
 20
17.178019851696654
 30
0.0
 70
0
  0
VERTEX
  5
561
  8
TEXT
 10
11.21670610225928
 20
17.142942479167417
 30
0.0
 70
0
  0
VERTEX
  5
562
  8
TEXT
 10
11.228563954538814
 20
17.108428787138678
 30
0.0
 70
0
  0
VERTEX
  5
563
  8
TEXT
 10
11.242193274039701
 20
17.07479715556339
 30
0.0
 70
0
  0
VERTEX
  5
564
  8
TEXT
 10
11.257480145954666
 20
17.042365964394527
 30
0.0
 70
0
  0
VERTEX
  5
565
  8
TEXT
 10
11.274424570283712
 20
17.01113521363208
 30
0.0
 70
0
  0
VERTEX
  5
566
  8
TEXT
 10
11.293026547026836
 20
16.981104903276055
 30
0.0
 70
0
  0
VERTEX
  5
567
  8
TEXT
 10
11.31328607618404
 20
16.952275033326448
 30
0.0
 70
0
  0
VERTEX
  5
568
  8
TEXT
 10
11.335203157755322
 20
16.924645603783258
 30
0.0
 70
0
  0
VERTEX
  5
569
  8
TEXT
 10
11.358777791740684
 20
16.898216614646486
 30
0.0
 70
0
  0
VERTEX
  5
56A
  8
TEXT
 10
11.384009978140126
 20
16.872988065916136
 30
0.0
 70
0
  0
VERTEX
  5
56B
  8
TEXT
 10
11.410899716953645
 20
16.848959957592204
 30
0.0
 70
0
  0
VERTEX
  5
56C
  8
TEXT
 10
11.439447008181245
 20
16.82613228967469
 30
0.0
 70
0
  0
VERTEX
  5
56D
  8
TEXT
 10
11.469651851822924
 20
16.804505062163596
 30
0.0
 70
0
  0
VERTEX
  5
56E
  8
TEXT
 10
11.501513197593113
 20
16.78414676731881
 30
0.0
 70
0
  0
VERTEX
  5
56F
  8
TEXT
 10
11.533090393965695
 20
16.76644008535696
 30
0.0
 70
0
  0
VERTEX
  5
570
  8
TEXT
 10
11.56438344094067
 20
16.751385016278057
 30
0.0
 70
0
  0
VERTEX
  5
571
  8
TEXT
 10
11.59539233851804
 20
16.738981560082088
 30
0.0
 70
0
  0
VERTEX
  5
572
  8
TEXT
 10
11.626117086697805
 20
16.729229716769062
 30
0.0
 70
0
  0
VERTEX
  5
573
  8
TEXT
 10
11.656557685479964
 20
16.722129486338975
 30
0.0
 70
0
  0
VERTEX
  5
574
  8
TEXT
 10
11.692308234791
 20
16.71697386957449
 30
0.0
 70
0
  0
VERTEX
  5
575
  8
TEXT
 10
11.726843424924054
 20
16.71536563685371
 30
0.0
 70
0
  0
VERTEX
  5
576
  8
TEXT
 10
11.760163255879124
 20
16.71730478817664
 30
0.0
 70
0
  0
VERTEX
  5
577
  8
TEXT
 10
11.792267727656215
 20
16.722791323543284
 30
0.0
 70
0
  0
VERTEX
  5
578
  8
TEXT
 10
11.823156840255324
 20
16.731825242953633
 30
0.0
 70
0
  0
VERTEX
  5
579
  8
TEXT
 10
11.852379769164598
 20
16.744459070601884
 30
0.0
 70
0
  0
VERTEX
  5
57A
  8
TEXT
 10
11.879485689872185
 20
16.76074533068223
 30
0.0
 70
0
  0
VERTEX
  5
57B
  8
TEXT
 10
11.904474602378084
 20
16.780684023194667
 30
0.0
 70
0
  0
VERTEX
  5
57C
  8
TEXT
 10
11.927346506682298
 20
16.804275148139194
 30
0.0
 70
0
  0
VERTEX
  5
57D
  8
TEXT
 10
11.948101402784824
 20
16.831518705515816
 30
0.0
 70
0
  0
VERTEX
  5
57E
  8
TEXT
 10
11.966088419014678
 20
16.86117649284021
 30
0.0
 70
0
  0
VERTEX
  5
57F
  8
TEXT
 10
11.979994113939348
 20
16.89103242533597
 30
0.0
 70
0
  0
VERTEX
  5
580
  8
TEXT
 10
11.989818487558834
 20
16.921086503003075
 30
0.0
 70
0
  0
VERTEX
  5
581
  8
TEXT
 10
11.995561539873137
 20
16.951338725841538
 30
0.0
 70
0
  0
VERTEX
  5
582
  8
TEXT
 10
11.997223270882257
 20
16.981789093851358
 30
0.0
 70
0
  0
VERTEX
  5
583
  8
TEXT
 10
11.994803680586193
 20
17.012437607032535
 30
0.0
 70
0
  0
VERTEX
  5
584
  8
TEXT
 10
11.988403763356017
 20
17.043513088202037
 30
0.0
 70
0
  0
VERTEX
  5
585
  8
TEXT
 10
11.9781245135628
 20
17.075244360176846
 30
0.0
 70
0
  0
VERTEX
  5
586
  8
TEXT
 10
11.963965931206541
 20
17.107631422956956
 30
0.0
 70
0
  0
VERTEX
  5
587
  8
TEXT
 10
11.945928016287242
 20
17.14067427654237
 30
0.0
 70
0
  0
VERTEX
  5
588
  8
TEXT
 10
11.9240107688049
 20
17.174372920933088
 30
0.0
 70
0
  0
VERTEX
  5
589
  8
TEXT
 10
11.898214188759518
 20
17.20872735612911
 30
0.0
 70
0
  0
VERTEX
  5
58A
  8
TEXT
 10
11.59996248310136
 20
17.58980934158813
 30
0.0
 70
0
  0
VERTEX
  5
58B
  8
TEXT
 10
11.573060649283939
 20
17.625101568423034
 30
0.0
 70
0
  0
VERTEX
  5
58C
  8
TEXT
 10
11.548047021811055
 20
17.660317509846767
 30
0.0
 70
0
  0
VERTEX
  5
58D
  8
TEXT
 10
11.524921600682708
 20
17.69545716585932
 30
0.0
 70
0
  0
VERTEX
  5
58E
  8
TEXT
 10
11.503684385898897
 20
17.730520536460702
 30
0.0
 70
0
  0
VERTEX
  5
58F
  8
TEXT
 10
11.48433537745962
 20
17.765507621650908
 30
0.0
 70
0
  0
VERTEX
  5
590
  8
TEXT
 10
11.466874575364882
 20
17.80041842142994
 30
0.0
 70
0
  0
VERTEX
  5
591
  8
TEXT
 10
11.45130197961468
 20
17.835252935797797
 30
0.0
 70
0
  0
VERTEX
  5
592
  8
TEXT
 10
11.437617590209012
 20
17.87001116475448
 30
0.0
 70
0
  0
VERTEX
  5
593
  8
TEXT
 10
11.425821407147883
 20
17.904693108299988
 30
0.0
 70
0
  0
VERTEX
  5
594
  8
TEXT
 10
11.415913430431289
 20
17.93929876643432
 30
0.0
 70
0
  0
VERTEX
  5
595
  8
TEXT
 10
11.40789366005923
 20
17.973828139157476
 30
0.0
 70
0
  0
VERTEX
  5
596
  8
TEXT
 10
11.401762096031709
 20
18.00828122646946
 30
0.0
 70
0
  0
VERTEX
  5
597
  8
TEXT
 10
11.397518738348722
 20
18.04265802837027
 30
0.0
 70
0
  0
VERTEX
  5
598
  8
TEXT
 10
11.395015797869736
 20
18.07966949017623
 30
0.0
 70
0
  0
VERTEX
  5
599
  8
TEXT
 10
11.394655361206
 20
18.116303447337792
 30
0.0
 70
0
  0
VERTEX
  5
59A
  8
TEXT
 10
11.396437428357514
 20
18.152559899854964
 30
0.0
 70
0
  0
VERTEX
  5
59B
  8
TEXT
 10
11.400361999324277
 20
18.188438847727742
 30
0.0
 70
0
  0
VERTEX
  5
59C
  8
TEXT
 10
11.40642907410629
 20
18.223940290956126
 30
0.0
 70
0
  0
VERTEX
  5
59D
  8
TEXT
 10
11.414638652703553
 20
18.259064229540115
 30
0.0
 70
0
  0
VERTEX
  5
59E
  8
TEXT
 10
11.424990735116065
 20
18.29381066347971
 30
0.0
 70
0
  0
VERTEX
  5
59F
  8
TEXT
 10
11.437485321343829
 20
18.328179592774912
 30
0.0
 70
0
  0
VERTEX
  5
5A0
  8
TEXT
 10
11.45212241138684
 20
18.36217101742572
 30
0.0
 70
0
  0
VERTEX
  5
5A1
  8
TEXT
 10
11.468902005245102
 20
18.395784937432133
 30
0.0
 70
0
  0
VERTEX
  5
5A2
  8
TEXT
 10
11.487824102918614
 20
18.42902135279415
 30
0.0
 70
0
  0
VERTEX
  5
5A3
  8
TEXT
 10
11.508888704407376
 20
18.461880263511777
 30
0.0
 70
0
  0
VERTEX
  5
5A4
  8
TEXT
 10
11.532674358797289
 20
18.49516908268658
 30
0.0
 70
0
  0
VERTEX
  5
5A5
  8
TEXT
 10
11.557591205045627
 20
18.526494881373235
 30
0.0
 70
0
  0
VERTEX
  5
5A6
  8
TEXT
 10
11.583639243152392
 20
18.555857659571746
 30
0.0
 70
0
  0
VERTEX
  5
5A7
  8
TEXT
 10
11.610818473117583
 20
18.583257417282105
 30
0.0
 70
0
  0
VERTEX
  5
5A8
  8
TEXT
 10
11.6391288949412
 20
18.60869415450432
 30
0.0
 70
0
  0
VERTEX
  5
5A9
  8
TEXT
 10
11.668570508623242
 20
18.632167871238384
 30
0.0
 70
0
  0
VERTEX
  5
5AA
  8
TEXT
 10
11.699143314163711
 20
18.653678567484302
 30
0.0
 70
0
  0
VERTEX
  5
5AB
  8
TEXT
 10
11.730847311562606
 20
18.673226243242073
 30
0.0
 70
0
  0
VERTEX
  5
5AC
  8
TEXT
 10
11.763682500819927
 20
18.690810898511696
 30
0.0
 70
0
  0
VERTEX
  5
5AD
  8
TEXT
 10
11.797648881935674
 20
18.70643253329317
 30
0.0
 70
0
  0
VERTEX
  5
5AE
  8
TEXT
 10
11.832458015163278
 20
18.720053103553887
 30
0.0
 70
0
  0
VERTEX
  5
5AF
  8
TEXT
 10
11.86782146075617
 20
18.73163456526124
 30
0.0
 70
0
  0
VERTEX
  5
5B0
  8
TEXT
 10
11.903739218714348
 20
18.741176918415224
 30
0.0
 70
0
  0
VERTEX
  5
5B1
  8
TEXT
 10
11.940211289037814
 20
18.74868016301584
 30
0.0
 70
0
  0
VERTEX
  5
5B2
  8
TEXT
 10
11.977237671726567
 20
18.75414429906309
 30
0.0
 70
0
  0
VERTEX
  5
5B3
  8
TEXT
 10
12.014818366780608
 20
18.75756932655697
 30
0.0
 70
0
  0
VERTEX
  5
5B4
  8
TEXT
 10
12.052953374199936
 20
18.758955245497486
 30
0.0
 70
0
  0
VERTEX
  5
5B5
  8
TEXT
 10
12.091642693984552
 20
18.75830205588463
 30
0.0
 70
0
  0
VERTEX
  5
5B6
  8
TEXT
 10
12.130886326134455
 20
18.755609757718414
 30
0.0
 70
0
  0
VERTEX
  5
5B7
  8
TEXT
 10
12.170684270649645
 20
18.750878350998825
 30
0.0
 70
0
  0
VERTEX
  5
5B8
  8
TEXT
 10
12.207069171871067
 20
18.74479766900902
 30
0.0
 70
0
  0
VERTEX
  5
5B9
  8
TEXT
 10
12.24336005608473
 20
18.737011915760096
 30
0.0
 70
0
  0
VERTEX
  5
5BA
  8
TEXT
 10
12.279556923290635
 20
18.72752109125205
 30
0.0
 70
0
  0
VERTEX
  5
5BB
  8
TEXT
 10
12.315659773488779
 20
18.716325195484888
 30
0.0
 70
0
  0
VERTEX
  5
5BC
  8
TEXT
 10
12.351668606679162
 20
18.70342422845861
 30
0.0
 70
0
  0
VERTEX
  5
5BD
  8
TEXT
 10
12.387583422861786
 20
18.688818190173205
 30
0.0
 70
0
  0
VERTEX
  5
5BE
  8
TEXT
 10
12.42340422203665
 20
18.672507080628687
 30
0.0
 70
0
  0
VERTEX
  5
5BF
  8
TEXT
 10
12.459131004203755
 20
18.654490899825046
 30
0.0
 70
0
  0
VERTEX
  5
5C0
  8
TEXT
 10
12.4947637693631
 20
18.63476964776229
 30
0.0
 70
0
  0
VERTEX
  5
5C1
  8
TEXT
 10
12.530302517514684
 20
18.61334332444041
 30
0.0
 70
0
  0
VERTEX
  5
5C2
  8
TEXT
 10
12.565747248658507
 20
18.590211929859414
 30
0.0
 70
0
  0
VERTEX
  5
5C3
  8
TEXT
 10
12.597646793221955
 20
18.56784648175479
 30
0.0
 70
0
  0
VERTEX
  5
5C4
  8
TEXT
 10
12.628368785354045
 20
18.544775433991795
 30
0.0
 70
0
  0
VERTEX
  5
5C5
  8
TEXT
 10
12.657913225054774
 20
18.520998786570434
 30
0.0
 70
0
  0
VERTEX
  5
5C6
  8
TEXT
 10
12.686280112324146
 20
18.49651653949071
 30
0.0
 70
0
  0
VERTEX
  5
5C7
  8
TEXT
 10
12.713469447162158
 20
18.471328692752614
 30
0.0
 70
0
  0
VERTEX
  5
5C8
  8
TEXT
 10
12.739481229568812
 20
18.44543524635615
 30
0.0
 70
0
  0
VERTEX
  5
5C9
  8
TEXT
 10
12.764315459544106
 20
18.418836200301325
 30
0.0
 70
0
  0
VERTEX
  5
5CA
  8
TEXT
 10
12.787972137088042
 20
18.391531554588127
 30
0.0
 70
0
  0
VERTEX
  5
5CB
  8
TEXT
 10
12.810451262200619
 20
18.363521309216562
 30
0.0
 70
0
  0
VERTEX
  5
5CC
  8
TEXT
 10
12.831752834881836
 20
18.334805464186633
 30
0.0
 70
0
  0
VERTEX
  5
5CD
  8
TEXT
 10
12.851876855131696
 20
18.305384019498334
 30
0.0
 70
0
  0
VERTEX
  5
5CE
  8
TEXT
 10
12.872618058395794
 20
18.27243356936182
 30
0.0
 70
0
  0
VERTEX
  5
5CF
  8
TEXT
 10
12.891864131312893
 20
18.239085556890736
 30
0.0
 70
0
  0
VERTEX
  5
5D0
  8
TEXT
 10
12.90961507388299
 20
18.20533998208508
 30
0.0
 70
0
  0
VERTEX
  5
5D1
  8
TEXT
 10
12.925870886106088
 20
18.171196844944856
 30
0.0
 70
0
  0
VERTEX
  5
5D2
  8
TEXT
 10
12.940631567982186
 20
18.136656145470063
 30
0.0
 70
0
  0
VERTEX
  5
5D3
  8
TEXT
 10
12.953897119511284
 20
18.101717883660697
 30
0.0
 70
0
  0
VERTEX
  5
5D4
  8
TEXT
 10
12.965667540693381
 20
18.066382059516762
 30
0.0
 70
0
  0
VERTEX
  5
5D5
  8
TEXT
 10
12.97594283152848
 20
18.030648673038257
 30
0.0
 70
0
  0
VERTEX
  5
5D6
  8
TEXT
 10
12.984722992016577
 20
17.994517724225187
 30
0.0
 70
0
  0
VERTEX
  5
5D7
  8
TEXT
 10
12.992008022157675
 20
17.957989213077543
 30
0.0
 70
0
  0
VERTEX
  5
5D8
  8
TEXT
 10
12.997724377069884
 20
17.921234573497607
 30
0.0
 70
0
  0
VERTEX
  5
5D9
  8
TEXT
 10
13.001798511871316
 20
17.884425239387664
 30
0.0
 70
0
  0
VERTEX
  5
5DA
  8
TEXT
 10
13.004230426561968
 20
17.847561210747713
 30
0.0
 70
0
  0
VERTEX
  5
5DB
  8
TEXT
 10
13.005020121141843
 20
17.81064248757775
 30
0.0
 70
0
  0
VERTEX
  5
5DC
  8
TEXT
 10
13.00416759561094
 20
17.773669069877776
 30
0.0
 70
0
  0
VERTEX
  5
5DD
  8
TEXT
 10
13.00167284996926
 20
17.736640957647793
 30
0.0
 70
0
  0
VERTEX
  5
5DE
  8
TEXT
 10
12.9975358842168
 20
17.699558150887803
 30
0.0
 70
0
  0
VERTEX
  5
5DF
  8
TEXT
 10
12.991756698353564
 20
17.662420649597802
 30
0.0
 70
0
  0
VERTEX
  5
5E0
  8
TEXT
 10
12.984335292379548
 20
17.62522845377779
 30
0.0
 70
0
  0
VERTEX
  5
5E1
  8
TEXT
 10
12.975271666294756
 20
17.58798156342777
 30
0.0
 70
0
  0
VERTEX
  5
5E2
  8
TEXT
 10
12.586674405334904
 20
17.657685661405136
 30
0.0
 70
0
  0
VERTEX
  5
5E3
  8
TEXT
 10
12.59408473531094
 20
17.694890225956982
 30
0.0
 70
0
  0
VERTEX
  5
5E4
  8
TEXT
 10
12.599402617699495
 20
17.731576618312353
 30
0.0
 70
0
  0
VERTEX
  5
5E5
  8
TEXT
 10
12.602628052500567
 20
17.767744838471245
 30
0.0
 70
0
  0
VERTEX
  5
5E6
  8
TEXT
 10
12.603761039714158
 20
17.803394886433658
 30
0.0
 70
0
  0
VERTEX
  5
5E7
  8
TEXT
 10
12.602801579340266
 20
17.838526762199596
 30
0.0
 70
0
  0
VERTEX
  5
5E8
  8
TEXT
 10
12.599749671378891
 20
17.87314046576906
 30
0.0
 70
0
  0
VERTEX
  5
5E9
  8
TEXT
 10
12.594605315830036
 20
17.907235997142042
 30
0.0
 70
0
  0
VERTEX
  5
5EA
  8
TEXT
 10
12.587368512693697
 20
17.94081335631855
 30
0.0
 70
0
  0
VERTEX
  5
5EB
  8
TEXT
 10
12.578039261969877
 20
17.97387254329858
 30
0.0
 70
0
  0
VERTEX
  5
5EC
  8
TEXT
 10
12.566617563658575
 20
18.006413558082134
 30
0.0
 70
0
  0
VERTEX
  5
5ED
  8
TEXT
 10
12.551640735238706
 20
18.04157240899055
 30
0.0
 70
0
  0
VERTEX
  5
5EE
  8
TEXT
 10
12.534416743545867
 20
18.0753113424151
 30
0.0
 70
0
  0
VERTEX
  5
5EF
  8
TEXT
 10
12.514945588580055
 20
18.107630358355784
 30
0.0
 70
0
  0
VERTEX
  5
5F0
  8
TEXT
 10
12.493227270341272
 20
18.138529456812602
 30
0.0
 70
0
  0
VERTEX
  5
5F1
  8
TEXT
 10
12.469261788829515
 20
18.16800863778555
 30
0.0
 70
0
  0
VERTEX
  5
5F2
  8
TEXT
 10
12.443049144044789
 20
18.196067901274635
 30
0.0
 70
0
  0
VERTEX
  5
5F3
  8
TEXT
 10
12.414589335987088
 20
18.222707247279853
 30
0.0
 70
0
  0
VERTEX
  5
5F4
  8
TEXT
 10
12.383882364656417
 20
18.247926675801203
 30
0.0
 70
0
  0
VERTEX
  5
5F5
  8
TEXT
 10
12.350928230052773
 20
18.271726186838688
 30
0.0
 70
0
  0
VERTEX
  5
5F6
  8
TEXT
 10
12.320721482935586
 20
18.29097691032685
 30
0.0
 70
0
  0
VERTEX
  5
5F7
  8
TEXT
 10
12.290552146914337
 20
18.307770222806194
 30
0.0
 70
0
  0
VERTEX
  5
5F8
  8
TEXT
 10
12.260420221989026
 20
18.322106124276715
 30
0.0
 70
0
  0
VERTEX
  5
5F9
  8
TEXT
 10
12.230325708159658
 20
18.33398461473842
 30
0.0
 70
0
  0
VERTEX
  5
5FA
  8
TEXT
 10
12.200268605426228
 20
18.343405694191297
 30
0.0
 70
0
  0
VERTEX
  5
5FB
  8
TEXT
 10
12.170248913788736
 20
18.350369362635355
 30
0.0
 70
0
  0
VERTEX
  5
5FC
  8
TEXT
 10
12.13481883429194
 20
18.35536621274697
 30
0.0
 70
0
  0
VERTEX
  5
5FD
  8
TEXT
 10
12.100530962416405
 20
18.35659285202666
 30
0.0
 70
0
  0
VERTEX
  5
5FE
  8
TEXT
 10
12.06738529816213
 20
18.354049280474435
 30
0.0
 70
0
  0
VERTEX
  5
5FF
  8
TEXT
 10
12.035381841529116
 20
18.347735498090284
 30
0.0
 70
0
  0
VERTEX
  5
600
  8
TEXT
 10
12.00452059251736
 20
18.33765150487421
 30
0.0
 70
0
  0
VERTEX
  5
601
  8
TEXT
 10
11.975271752551777
 20
18.323945669229055
 30
0.0
 70
0
  0
VERTEX
  5
602
  8
TEXT
 10
11.948105523057269
 20
18.306766359557656
 30
0.0
 70
0
  0
VERTEX
  5
603
  8
TEXT
 10
11.92302190403384
 20
18.28611357586002
 30
0.0
 70
0
  0
VERTEX
  5
604
  8
TEXT
 10
11.900020895481488
 20
18.26198731813614
 30
0.0
 70
0
  0
VERTEX
  5
605
  8
TEXT
 10
11.879102497400215
 20
18.23438758638602
 30
0.0
 70
0
  0
VERTEX
  5
606
  8
TEXT
 10
11.8593531865501
 20
18.20064519447698
 30
0.0
 70
0
  0
VERTEX
  5
607
  8
TEXT
 10
11.844919063324687
 20
18.165558421052438
 30
0.0
 70
0
  0
VERTEX
  5
608
  8
TEXT
 10
11.835800127723974
 20
18.1291272661124
 30
0.0
 70
0
  0
VERTEX
  5
609
  8
TEXT
 10
11.831996379747965
 20
18.09135172965686
 30
0.0
 70
0
  0
VERTEX
  5
60A
  8
TEXT
 10
11.833507819396655
 20
18.05223181168582
 30
0.0
 70
0
  0
VERTEX
  5
60B
  8
TEXT
 10
11.8390528362479
 20
18.018857632071068
 30
0.0
 70
0
  0
VERTEX
  5
60C
  8
TEXT
 10
11.848739497699901
 20
17.985055274441457
 30
0.0
 70
0
  0
VERTEX
  5
60D
  8
TEXT
 10
11.862567803752656
 20
17.95082473879699
 30
0.0
 70
0
  0
VERTEX
  5
60E
  8
TEXT
 10
11.880537754406168
 20
17.916166025137663
 30
0.0
 70
0
  0
VERTEX
  5
60F
  8
TEXT
 10
11.902649349660434
 20
17.881079133463476
 30
0.0
 70
0
  0
VERTEX
  5
610
  8
TEXT
 10
11.928902589515454
 20
17.845564063774432
 30
0.0
 70
0
  0
VERTEX
  5
611
  8
TEXT
 10
12.215455120224116
 20
17.483109998259483
 30
0.0
 70
0
  0
VERTEX
  5
612
  8
TEXT
 10
12.24143877658242
 20
17.44934381286837
 30
0.0
 70
0
  0
VERTEX
  5
613
  8
TEXT
 10
12.265777120165954
 20
17.415779154156198
 30
0.0
 70
0
  0
VERTEX
  5
614
  8
TEXT
 10
12.288470150974717
 20
17.382416022122968
 30
0.0
 70
0
  0
VERTEX
  5
615
  8
TEXT
 10
12.309517869008712
 20
17.349254416768677
 30
0.0
 70
0
  0
VERTEX
  5
616
  8
TEXT
 10
12.328920274267935
 20
17.316294338093325
 30
0.0
 70
0
  0
VERTEX
  5
617
  8
TEXT
 10
12.346677366752388
 20
17.283535786096916
 30
0.0
 70
0
  0
VERTEX
  5
618
  8
TEXT
 10
12.362789146462072
 20
17.250978760779446
 30
0.0
 70
0
  0
VERTEX
  5
619
  8
TEXT
 10
12.377255613396985
 20
17.218623262140916
 30
0.0
 70
0
  0
VERTEX
  5
61A
  8
TEXT
 10
12.390076767557126
 20
17.18646929018133
 30
0.0
 70
0
  0
VERTEX
  5
61B
  8
TEXT
 10
12.4012526089425
 20
17.15451684490068
 30
0.0
 70
0
  0
VERTEX
  5
61C
  8
TEXT
 10
12.4107831375531
 20
17.12276592629897
 30
0.0
 70
0
  0
VERTEX
  5
61D
  8
TEXT
 10
12.418668353388933
 20
17.091216534376205
 30
0.0
 70
0
  0
VERTEX
  5
61E
  8
TEXT
 10
12.424908256449994
 20
17.059868669132378
 30
0.0
 70
0
  0
VERTEX
  5
61F
  8
TEXT
 10
12.429502846736284
 20
17.028722330567494
 30
0.0
 70
0
  0
VERTEX
  5
620
  8
TEXT
 10
12.432782065325137
 20
16.992627245489043
 30
0.0
 70
0
  0
VERTEX
  5
621
  8
TEXT
 10
12.43381854199425
 20
16.956781665779666
 30
0.0
 70
0
  0
VERTEX
  5
622
  8
TEXT
 10
12.432612276743622
 20
16.921185591439357
 30
0.0
 70
0
  0
VERTEX
  5
623
  8
TEXT
 10
12.429163269573255
 20
16.885839022468122
 30
0.0
 70
0
  0
VERTEX
  5
624
  8
TEXT
 10
12.423471520483146
 20
16.85074195886596
 30
0.0
 70
0
  0
VERTEX
  5
625
  8
TEXT
 10
12.415537029473297
 20
16.815894400632867
 30
0.0
 70
0
  0
VERTEX
  5
626
  8
TEXT
 10
12.405359796543708
 20
16.781296347768848
 30
0.0
 70
0
  0
VERTEX
  5
627
  8
TEXT
 10
12.392939821694378
 20
16.746947800273897
 30
0.0
 70
0
  0
VERTEX
  5
628
  8
TEXT
 10
12.378277104925306
 20
16.712848758148024
 30
0.0
 70
0
  0
VERTEX
  5
629
  8
TEXT
 10
12.361371646236497
 20
16.678999221391216
 30
0.0
 70
0
  0
VERTEX
  5
62A
  8
TEXT
 10
12.342223445627946
 20
16.645399190003484
 30
0.0
 70
0
  0
VERTEX
  5
62B
  8
TEXT
 10
12.320832503099654
 20
16.612048663984822
 30
0.0
 70
0
  0
VERTEX
  5
62C
  8
TEXT
 10
12.297171733954354
 20
16.579030309279776
 30
0.0
 70
0
  0
VERTEX
  5
62D
  8
TEXT
 10
12.272268141751745
 20
16.547982513661243
 30
0.0
 70
0
  0
VERTEX
  5
62E
  8
TEXT
 10
12.246121726491827
 20
16.51890527712922
 30
0.0
 70
0
  0
VERTEX
  5
62F
  8
TEXT
 10
12.218732488174604
 20
16.49179859968371
 30
0.0
 70
0
  0
VERTEX
  5
630
  8
TEXT
 10
12.190100426800072
 20
16.466662481324718
 30
0.0
 70
0
  0
VERTEX
  5
631
  8
TEXT
 10
12.160225542368233
 20
16.443496922052233
 30
0.0
 70
0
  0
VERTEX
  5
632
  8
TEXT
 10
12.129107834879084
 20
16.422301921866264
 30
0.0
 70
0
  0
VERTEX
  5
633
  8
TEXT
 10
12.09674730433263
 20
16.403077480766804
 30
0.0
 70
0
  0
VERTEX
  5
634
  8
TEXT
 10
12.063143950728868
 20
16.38582359875386
 30
0.0
 70
0
  0
VERTEX
  5
635
  8
TEXT
 10
12.028297774067797
 20
16.370540275827427
 30
0.0
 70
0
  0
VERTEX
  5
636
  8
TEXT
 10
11.992546362316165
 20
16.357266304242035
 30
0.0
 70
0
  0
VERTEX
  5
637
  8
TEXT
 10
11.956227303440718
 20
16.346040476252217
 30
0.0
 70
0
  0
VERTEX
  5
638
  8
TEXT
 10
11.919340597441453
 20
16.336862791857964
 30
0.0
 70
0
  0
VERTEX
  5
639
  8
TEXT
 10
11.881886244318371
 20
16.32973325105928
 30
0.0
 70
0
  0
VERTEX
  5
63A
  8
TEXT
 10
11.843864244071476
 20
16.32465185385617
 30
0.0
 70
0
  0
VERTEX
  5
63B
  8
TEXT
 10
11.805274596700762
 20
16.321618600248627
 30
0.0
 70
0
  0
VERTEX
  5
63C
  8
TEXT
 10
11.766117302206235
 20
16.320633490236656
 30
0.0
 70
0
  0
VERTEX
  5
63D
  8
TEXT
 10
11.726392360587889
 20
16.32169652382025
 30
0.0
 70
0
  0
VERTEX
  5
63E
  8
TEXT
 10
11.68609977184573
 20
16.32480770099942
 30
0.0
 70
0
  0
VERTEX
  5
63F
  8
TEXT
 10
11.645239535979751
 20
16.329967021774156
 30
0.0
 70
0
  0
VERTEX
  5
640
  8
TEXT
 10
11.610955354621769
 20
16.335871395355824
 30
0.0
 70
0
  0
VERTEX
  5
641
  8
TEXT
 10
11.576676242927629
 20
16.34327886181329
 30
0.0
 70
0
  0
VERTEX
  5
642
  8
TEXT
 10
11.542402200897333
 20
16.352189421146555
 30
0.0
 70
0
  0
VERTEX
  5
643
  8
TEXT
 10
11.508133228530882
 20
16.362603073355622
 30
0.0
 70
0
  0
VERTEX
  5
644
  8
TEXT
 10
11.473869325828273
 20
16.374519818440486
 30
0.0
 70
0
  0
VERTEX
  5
645
  8
TEXT
 10
11.439610492789509
 20
16.387939656401148
 30
0.0
 70
0
  0
VERTEX
  5
646
  8
TEXT
 10
11.405356729414587
 20
16.40286258723761
 30
0.0
 70
0
  0
VERTEX
  5
647
  8
TEXT
 10
11.371108035703509
 20
16.419288610949874
 30
0.0
 70
0
  0
VERTEX
  5
648
  8
TEXT
 10
11.336864411656276
 20
16.437217727537934
 30
0.0
 70
0
  0
VERTEX
  5
649
  8
TEXT
 10
11.302625857272885
 20
16.456649937001792
 30
0.0
 70
0
  0
VERTEX
  5
64A
  8
TEXT
 10
11.268392372553338
 20
16.47758523934145
 30
0.0
 70
0
  0
SEQEND
  5
534
  8
TEXT
  0
POLYLINE
  5
64B
  8
TEXT
 66
1
 10
0.0
 20
0.0
 30
0.0
 70
1
  0
VERTEX
  5
64D
  8
TEXT
 10
12.477197379657602
 20
15.64767100007042
 30
0.0
 70
0
  0
VERTEX
  5
64E
  8
TEXT
 10
14.040743191761287
 20
17.468474255079876
 30
0.0
 70
0
  0
VERTEX
  5
64F
  8
TEXT
 10
15.252371666487377
 20
16.42803420628739
 30
0.0
 70
0
  0
VERTEX
  5
650
  8
TEXT
 10
15.000525361182085
 20
16.134750460514056
 30
0.0
 70
0
  0
VERTEX
  5
651
  8
TEXT
 10
14.12189613946947
 20
16.88924001682449
 30
0.0
 70
0
  0
VERTEX
  5
652
  8
TEXT
 10
13.719991410586442
 20
16.421208039194543
 30
0.0
 70
0
  0
VERTEX
  5
653
  8
TEXT
 10
14.549740008003502
 20
15.708692867101655
 30
0.0
 70
0
  0
VERTEX
  5
654
  8
TEXT
 10
14.297893702698211
 20
15.41540912132832
 30
0.0
 70
0
  0
VERTEX
  5
655
  8
TEXT
 10
13.468145105281149
 20
16.12792429342121
 30
0.0
 70
0
  0
VERTEX
  5
656
  8
TEXT
 10
13.062042937976367
 20
15.655004253361705
 30
0.0
 70
0
  0
VERTEX
  5
657
  8
TEXT
 10
13.940672159688983
 20
14.90051469705127
 30
0.0
 70
0
  0
VERTEX
  5
658
  8
TEXT
 10
13.688825854383692
 20
14.607230951277934
 30
0.0
 70
0
  0
SEQEND
  5
64C
  8
TEXT
  0
POLYLINE
  5
659
  8
TEXT
 66
1
 10
0.0
 20
0.0
 30
0.0
 70
1
  0
VERTEX
  5
65B
  8
TEXT
 10
-10.40006392829459
 20
-20.099671095278733
 30
0.0
 70
0
  0
VERTEX
  5
65C
  8
TEXT
 10
-9.158787005260505
 20
-18.136938306087504
 30
0.0
 70
0
  0
VERTEX
  5
65D
  8
TEXT
 10
-8.90567776518269
 20
-18.251557852537132
 30
0.0
 70
0
  0
VERTEX
  5
65E
  8
TEXT
 10
-8.802964523546619
 20
-19.52151724095955
 30
0.0
 70
0
  0
VERTEX
  5
65F
  8
TEXT
 10
-7.474204396298156
 20
-18.8997950652356
 30
0.0
 70
0
  0
VERTEX
  5
660
  8
TEXT
 10
-7.218282831330587
 20
-19.01568816220134
 30
0.0
 70
0
  0
VERTEX
  5
661
  8
TEXT
 10
-8.459559754364673
 20
-20.97842095139257
 30
0.0
 70
0
  0
VERTEX
  5
662
  8
TEXT
 10
-8.735167593560517
 20
-20.853613000814082
 30
0.0
 70
0
  0
VERTEX
  5
663
  8
TEXT
 10
-7.806703838545679
 20
-19.379586777182116
 30
0.0
 70
0
  0
VERTEX
  5
664
  8
TEXT
 10
-9.051199356644718
 20
-19.964908815653626
 30
0.0
 70
0
  0
VERTEX
  5
665
  8
TEXT
 10
-9.073697955762745
 20
-19.95472041152477
 30
0.0
 70
0
  0
VERTEX
  5
666
  8
TEXT
 10
-9.168186877815504
 20
-18.718986800722885
 30
0.0
 70
0
  0
VERTEX
  5
667
  8
TEXT
 10
-10.121643764208994
 20
-20.22575259637333
 30
0.0
 70
0
  0
SEQEND
  5
65A
  8
TEXT
  0
POLYLINE
  5
668
  8
TEXT
 66
1
 10
0.0
 20
0.0
 30
0.0
 70
1
  0
VERTEX
  5
66A
  8
TEXT
 10
-7.338758156058148
 20
-21.415288317154314
 30
0.0
 70
0
  0
VERTEX
  5
66B
  8
TEXT
 10
-7.376856821943368
 20
-21.4014634927512
 30
0.0
 70
0
  0
VERTEX
  5
66C
  8
TEXT
 10
-7.413051138554947
 20
-21.386023613748346
 30
0.0
 70
0
  0
VERTEX
  5
66D
  8
TEXT
 10
-7.447341105892888
 20
-21.368968680145745
 30
0.0
 70
0
  0
VERTEX
  5
66E
  8
TEXT
 10
-7.47972672395719
 20
-21.3502986919434
 30
0.0
 70
0
  0
VERTEX
  5
66F
  8
TEXT
 10
-7.510207992747851
 20
-21.330013649141314
 30
0.0
 70
0
  0
VERTEX
  5
670
  8
TEXT
 10
-7.538784912264873
 20
-21.30811355173948
 30
0.0
 70
0
  0
VERTEX
  5
671
  8
TEXT
 10
-7.565457482508255
 20
-21.284598399737902
 30
0.0
 70
0
  0
VERTEX
  5
672
  8
TEXT
 10
-7.590225703477998
 20
-21.25946819313658
 30
0.0
 70
0
  0
VERTEX
  5
673
  8
TEXT
 10
-7.613089575174102
 20
-21.232722931935513
 30
0.0
 70
0
  0
VERTEX
  5
674
  8
TEXT
 10
-7.633874334654086
 20
-21.20462175190672
 30
0.0
 70
0
  0
VERTEX
  5
675
  8
TEXT
 10
-7.652405218975475
 20
-21.175423788822226
 30
0.0
 70
0
  0
VERTEX
  5
676
  8
TEXT
 10
-7.668682228138266
 20
-21.145129042682022
 30
0.0
 70
0
  0
VERTEX
  5
677
  8
TEXT
 10
-7.6827053621424595
 20
-21.113737513486114
 30
0.0
 70
0
  0
VERTEX
  5
678
  8
TEXT
 10
-7.694474620988057
 20
-21.081249201234503
 30
0.0
 70
0
  0
VERTEX
  5
679
  8
TEXT
 10
-7.703990004675057
 20
-21.047664105927183
 30
0.0
 70
0
  0
VERTEX
  5
67A
  8
TEXT
 10
-7.711251513203459
 20
-21.012982227564162
 30
0.0
 70
0
  0
VERTEX
  5
67B
  8
TEXT
 10
-7.716259146573265
 20
-20.977203566145434
 30
0.0
 70
0
  0
VERTEX
  5
67C
  8
TEXT
 10
-7.719012904784473
 20
-20.940328121671
 30
0.0
 70
0
  0
VERTEX
  5
67D
  8
TEXT
 10
-7.71946659812614
 20
-20.906397727647477
 30
0.0
 70
0
  0
VERTEX
  5
67E
  8
TEXT
 10
-7.717899401013703
 20
-20.871969450381023
 30
0.0
 70
0
  0
VERTEX
  5
67F
  8
TEXT
 10
-7.71431131344716
 20
-20.837043289871634
 30
0.0
 70
0
  0
VERTEX
  5
680
  8
TEXT
 10
-7.708702335426514
 20
-20.801619246119316
 30
0.0
 70
0
  0
VERTEX
  5
681
  8
TEXT
 10
-7.701072466951762
 20
-20.76569731912407
 30
0.0
 70
0
  0
VERTEX
  5
682
  8
TEXT
 10
-7.691421708022905
 20
-20.729277508885886
 30
0.0
 70
0
  0
VERTEX
  5
683
  8
TEXT
 10
-7.679750058639945
 20
-20.692359815404775
 30
0.0
 70
0
  0
VERTEX
  5
684
  8
TEXT
 10
-7.666057518802879
 20
-20.654944238680727
 30
0.0
 70
0
  0
VERTEX
  5
685
  8
TEXT
 10
-7.650344088511709
 20
-20.617030778713755
 30
0.0
 70
0
  0
VERTEX
  5
686
  8
TEXT
 10
-7.632609767766434
 20
-20.578619435503846
 30
0.0
 70
0
  0
VERTEX
  5
687
  8
TEXT
 10
-7.181564048356706
 20
-19.674593685824462
 30
0.0
 70
0
  0
VERTEX
  5
688
  8
TEXT
 10
-6.906255622676328
 20
-19.76636563040229
 30
0.0
 70
0
  0
VERTEX
  5
689
  8
TEXT
 10
-7.364135344256181
 20
-20.681130334955544
 30
0.0
 70
0
  0
VERTEX
  5
68A
  8
TEXT
 10
-7.3803797521332015
 20
-20.718201483434544
 30
0.0
 70
0
  0
VERTEX
  5
68B
  8
TEXT
 10
-7.393315671427276
 20
-20.75456757210327
 30
0.0
 70
0
  0
VERTEX
  5
68C
  8
TEXT
 10
-7.402943102138404
 20
-20.790228600961722
 30
0.0
 70
0
  0
VERTEX
  5
68D
  8
TEXT
 10
-7.409262044266586
 20
-20.825184570009906
 30
0.0
 70
0
  0
VERTEX
  5
68E
  8
TEXT
 10
-7.412272497811822
 20
-20.859435479247814
 30
0.0
 70
0
  0
VERTEX
  5
68F
  8
TEXT
 10
-7.411974462774112
 20
-20.89298132867545
 30
0.0
 70
0
  0
VERTEX
  5
690
  8
TEXT
 10
-7.407464391744486
 20
-20.931778479539645
 30
0.0
 70
0
  0
VERTEX
  5
691
  8
TEXT
 10
-7.398619649045646
 20
-20.96850596527823
 30
0.0
 70
0
  0
VERTEX
  5
692
  8
TEXT
 10
-7.385440234677592
 20
-21.003163785891196
 30
0.0
 70
0
  0
VERTEX
  5
693
  8
TEXT
 10
-7.367926148640325
 20
-21.03575194137855
 30
0.0
 70
0
  0
VERTEX
  5
694
  8
TEXT
 10
-7.346077390933844
 20
-21.066270431740293
 30
0.0
 70
0
  0
VERTEX
  5
695
  8
TEXT
 10
-7.3246402390486285
 20
-21.089823206357377
 30
0.0
 70
0
  0
VERTEX
  5
696
  8
TEXT
 10
-7.300355605961465
 20
-21.11134210054373
 30
0.0
 70
0
  0
VERTEX
  5
697
  8
TEXT
 10
-7.2732234916723515
 20
-21.130827114299354
 30
0.0
 70
0
  0
VERTEX
  5
698
  8
TEXT
 10
-7.243243896181288
 20
-21.14827824762425
 30
0.0
 70
0
  0
VERTEX
  5
699
  8
TEXT
 10
-7.210416819488275
 20
-21.163695500518422
 30
0.0
 70
0
  0
VERTEX
  5
69A
  8
TEXT
 10
-7.1747422615933125
 20
-21.177078872981863
 30
0.0
 70
0
  0
VERTEX
  5
69B
  8
TEXT
 10
-7.136762594551715
 20
-21.188157173514064
 30
0.0
 70
0
  0
VERTEX
  5
69C
  8
TEXT
 10
-7.098972732444898
 20
-21.196008345759356
 30
0.0
 70
0
  0
VERTEX
  5
69D
  8
TEXT
 10
-7.061372675272865
 20
-21.20063238971774
 30
0.0
 70
0
  0
VERTEX
  5
69E
  8
TEXT
 10
-7.023962423035612
 20
-21.202029305389214
 30
0.0
 70
0
  0
VERTEX
  5
69F
  8
TEXT
 10
-6.986741975733141
 20
-21.200199092773776
 30
0.0
 70
0
  0
VERTEX
  5
6A0
  8
TEXT
 10
-6.949711333365452
 20
-21.19514175187143
 30
0.0
 70
0
  0
VERTEX
  5
6A1
  8
TEXT
 10
-6.913195921792703
 20
-21.18701999232854
 30
0.0
 70
0
  0
VERTEX
  5
6A2
  8
TEXT
 10
-6.87752116687505
 20
-21.175996523791476
 30
0.0
 70
0
  0
VERTEX
  5
6A3
  8
TEXT
 10
-6.842687068612497
 20
-21.162071346260237
 30
0.0
 70
0
  0
VERTEX
  5
6A4
  8
TEXT
 10
-6.80869362700504
 20
-21.145244459734823
 30
0.0
 70
0
  0
VERTEX
  5
6A5
  8
TEXT
 10
-6.775540842052681
 20
-21.125515864215235
 30
0.0
 70
0
  0
VERTEX
  5
6A6
  8
TEXT
 10
-6.74322871375542
 20
-21.102885559701473
 30
0.0
 70
0
  0
VERTEX
  5
6A7
  8
TEXT
 10
-6.716610139112677
 20
-21.081208514978016
 30
0.0
 70
0
  0
VERTEX
  5
6A8
  8
TEXT
 10
-6.6914260722753856
 20
-21.057459367683386
 30
0.0
 70
0
  0
VERTEX
  5
6A9
  8
TEXT
 10
-6.667676513243544
 20
-21.031638117817582
 30
0.0
 70
0
  0
VERTEX
  5
6AA
  8
TEXT
 10
-6.645361462017152
 20
-21.003744765380606
 30
0.0
 70
0
  0
VERTEX
  5
6AB
  8
TEXT
 10
-6.624480918596211
 20
-20.97377931037246
 30
0.0
 70
0
  0
VERTEX
  5
6AC
  8
TEXT
 10
-6.6050348829807195
 20
-20.941741752793142
 30
0.0
 70
0
  0
VERTEX
  5
6AD
  8
TEXT
 10
-6.587023355170679
 20
-20.90763209264265
 30
0.0
 70
0
  0
VERTEX
  5
6AE
  8
TEXT
 10
-6.14476423249656
 20
-20.02020292391544
 30
0.0
 70
0
  0
VERTEX
  5
6AF
  8
TEXT
 10
-5.872384619855335
 20
-20.110998571210526
 30
0.0
 70
0
  0
VERTEX
  5
6B0
  8
TEXT
 10
-6.618269833190219
 20
-21.616406503108255
 30
0.0
 70
0
  0
VERTEX
  5
6B1
  8
TEXT
 10
-6.884791819753137
 20
-21.52756345037865
 30
0.0
 70
0
  0
VERTEX
  5
6B2
  8
TEXT
 10
-6.800830883909855
 20
-21.353787420213113
 30
0.0
 70
0
  0
VERTEX
  5
6B3
  8
TEXT
 10
-6.832261632715752
 20
-21.373773657399862
 30
0.0
 70
0
  0
VERTEX
  5
6B4
  8
TEXT
 10
-6.864722873759501
 20
-21.391427677016715
 30
0.0
 70
0
  0
VERTEX
  5
6B5
  8
TEXT
 10
-6.898214607041103
 20
-21.406749479063677
 30
0.0
 70
0
  0
VERTEX
  5
6B6
  8
TEXT
 10
-6.932736832560559
 20
-21.41973906354074
 30
0.0
 70
0
  0
VERTEX
  5
6B7
  8
TEXT
 10
-6.968289550317868
 20
-21.43039643044791
 30
0.0
 70
0
  0
VERTEX
  5
6B8
  8
TEXT
 10
-7.00487276031303
 20
-21.438721579785184
 30
0.0
 70
0
  0
VERTEX
  5
6B9
  8
TEXT
 10
-7.041392676699858
 20
-21.444988720694575
 30
0.0
 70
0
  0
VERTEX
  5
6BA
  8
TEXT
 10
-7.078057208316232
 20
-21.449038152414648
 30
0.0
 70
0
  0
VERTEX
  5
6BB
  8
TEXT
 10
-7.114866355162153
 20
-21.450869874945404
 30
0.0
 70
0
  0
VERTEX
  5
6BC
  8
TEXT
 10
-7.1518201172376195
 20
-21.450483888286847
 30
0.0
 70
0
  0
VERTEX
  5
6BD
  8
TEXT
 10
-7.188918494542633
 20
-21.447880192438973
 30
0.0
 70
0
  0
VERTEX
  5
6BE
  8
TEXT
 10
-7.226161487077192
 20
-21.44305878740178
 30
0.0
 70
0
  0
VERTEX
  5
6BF
  8
TEXT
 10
-7.263549094841298
 20
-21.436019673175274
 30
0.0
 70
0
  0
VERTEX
  5
6C0
  8
TEXT
 10
-7.301081317834949
 20
-21.426762849759452
 30
0.0
 70
0
  0
SEQEND
  5
669
  8
TEXT
  0
POLYLINE
  5
6C1
  8
TEXT
 66
1
 10
0.0
 20
0.0
 30
0.0
 70
1
  0
VERTEX
  5
6C3
  8
TEXT
 10
-5.480292790769659
 20
-21.963740826591923
 30
0.0
 70
0
  0
VERTEX
  5
6C4
  8
TEXT
 10
-5.519402216968441
 20
-21.95317366928234
 30
0.0
 70
0
  0
VERTEX
  5
6C5
  8
TEXT
 10
-5.557299685590115
 20
-21.941067169885994
 30
0.0
 70
0
  0
VERTEX
  5
6C6
  8
TEXT
 10
-5.593985196634682
 20
-21.92742132840289
 30
0.0
 70
0
  0
VERTEX
  5
6C7
  8
TEXT
 10
-5.62945875010214
 20
-21.912236144833027
 30
0.0
 70
0
  0
VERTEX
  5
6C8
  8
TEXT
 10
-5.663720345992491
 20
-21.8955116191764
 30
0.0
 70
0
  0
VERTEX
  5
6C9
  8
TEXT
 10
-5.6967699843057344
 20
-21.877247751433018
 30
0.0
 70
0
  0
VERTEX
  5
6CA
  8
TEXT
 10
-5.72860766504187
 20
-21.857444541602874
 30
0.0
 70
0
  0
VERTEX
  5
6CB
  8
TEXT
 10
-5.759233388200897
 20
-21.836101989685968
 30
0.0
 70
0
  0
VERTEX
  5
6CC
  8
TEXT
 10
-5.788422782374308
 20
-21.813418289035845
 30
0.0
 70
0
  0
VERTEX
  5
6CD
  8
TEXT
 10
-5.815951476153596
 20
-21.789591633006044
 30
0.0
 70
0
  0
VERTEX
  5
6CE
  8
TEXT
 10
-5.841819469538758
 20
-21.764622021596566
 30
0.0
 70
0
  0
VERTEX
  5
6CF
  8
TEXT
 10
-5.866026762529796
 20
-21.738509454807406
 30
0.0
 70
0
  0
VERTEX
  5
6D0
  8
TEXT
 10
-5.888573355126711
 20
-21.71125393263857
 30
0.0
 70
0
  0
VERTEX
  5
6D1
  8
TEXT
 10
-5.9094592473295
 20
-21.682855455090056
 30
0.0
 70
0
  0
VERTEX
  5
6D2
  8
TEXT
 10
-5.9286844391381655
 20
-21.65331402216186
 30
0.0
 70
0
  0
VERTEX
  5
6D3
  8
TEXT
 10
-5.946248930552707
 20
-21.622629633853993
 30
0.0
 70
0
  0
VERTEX
  5
6D4
  8
TEXT
 10
-5.962002701718105
 20
-21.591075299808075
 30
0.0
 70
0
  0
VERTEX
  5
6D5
  8
TEXT
 10
-5.9757957327793445
 20
-21.558924029665747
 30
0.0
 70
0
  0
VERTEX
  5
6D6
  8
TEXT
 10
-5.9876280237364226
 20
-21.526175823427007
 30
0.0
 70
0
  0
VERTEX
  5
6D7
  8
TEXT
 10
-5.997499574589341
 20
-21.49283068109185
 30
0.0
 70
0
  0
VERTEX
  5
6D8
  8
TEXT
 10
-6.0054103853381005
 20
-21.458888602660284
 30
0.0
 70
0
  0
VERTEX
  5
6D9
  8
TEXT
 10
-6.0113604559826985
 20
-21.4243495881323
 30
0.0
 70
0
  0
VERTEX
  5
6DA
  8
TEXT
 10
-6.015349786523137
 20
-21.389213637507908
 30
0.0
 70
0
  0
VERTEX
  5
6DB
  8
TEXT
 10
-6.017378376959416
 20
-21.353480750787103
 30
0.0
 70
0
  0
VERTEX
  5
6DC
  8
TEXT
 10
-5.763656998976231
 20
-21.31749802534486
 30
0.0
 70
0
  0
VERTEX
  5
6DD
  8
TEXT
 10
-5.757928191693173
 20
-21.35565289082571
 30
0.0
 70
0
  0
VERTEX
  5
6DE
  8
TEXT
 10
-5.749782065726285
 20
-21.392367029980576
 30
0.0
 70
0
  0
VERTEX
  5
6DF
  8
TEXT
 10
-5.7392186210755645
 20
-21.427640442809462
 30
0.0
 70
0
  0
VERTEX
  5
6E0
  8
TEXT
 10
-5.726237857741014
 20
-21.461473129312363
 30
0.0
 70
0
  0
VERTEX
  5
6E1
  8
TEXT
 10
-5.710839775722631
 20
-21.493865089489283
 30
0.0
 70
0
  0
VERTEX
  5
6E2
  8
TEXT
 10
-5.693024375020418
 20
-21.524816323340218
 30
0.0
 70
0
  0
VERTEX
  5
6E3
  8
TEXT
 10
-5.672791655634374
 20
-21.554326830865172
 30
0.0
 70
0
  0
VERTEX
  5
6E4
  8
TEXT
 10
-5.650141617564498
 20
-21.582396612064144
 30
0.0
 70
0
  0
VERTEX
  5
6E5
  8
TEXT
 10
-5.625397252888223
 20
-21.608623038675717
 30
0.0
 70
0
  0
VERTEX
  5
6E6
  8
TEXT
 10
-5.59888155368298
 20
-21.632603482438476
 30
0.0
 70
0
  0
VERTEX
  5
6E7
  8
TEXT
 10
-5.570594519948769
 20
-21.65433794335242
 30
0.0
 70
0
  0
VERTEX
  5
6E8
  8
TEXT
 10
-5.540536151685591
 20
-21.67382642141755
 30
0.0
 70
0
  0
VERTEX
  5
6E9
  8
TEXT
 10
-5.508706448893443
 20
-21.69106891663387
 30
0.0
 70
0
  0
VERTEX
  5
6EA
  8
TEXT
 10
-5.475105411572329
 20
-21.706065429001374
 30
0.0
 70
0
  0
VERTEX
  5
6EB
  8
TEXT
 10
-5.439733039722247
 20
-21.718815958520064
 30
0.0
 70
0
  0
VERTEX
  5
6EC
  8
TEXT
 10
-5.402589333343197
 20
-21.72932050518994
 30
0.0
 70
0
  0
VERTEX
  5
6ED
  8
TEXT
 10
-5.362662697664764
 20
-21.737636981871688
 30
0.0
 70
0
  0
VERTEX
  5
6EE
  8
TEXT
 10
-5.324240493568485
 20
-21.74251608964654
 30
0.0
 70
0
  0
VERTEX
  5
6EF
  8
TEXT
 10
-5.287322721054359
 20
-21.7439578285145
 30
0.0
 70
0
  0
VERTEX
  5
6F0
  8
TEXT
 10
-5.251909380122386
 20
-21.741962198475562
 30
0.0
 70
0
  0
VERTEX
  5
6F1
  8
TEXT
 10
-5.218000470772566
 20
-21.73652919952973
 30
0.0
 70
0
  0
VERTEX
  5
6F2
  8
TEXT
 10
-5.185595993004898
 20
-21.727658831677005
 30
0.0
 70
0
  0
VERTEX
  5
6F3
  8
TEXT
 10
-5.154695946819383
 20
-21.71535109491738
 30
0.0
 70
0
  0
VERTEX
  5
6F4
  8
TEXT
 10
-5.121730489018867
 20
-21.697415673225304
 30
0.0
 70
0
  0
VERTEX
  5
6F5
  8
TEXT
 10
-5.093179053204339
 20
-21.676337724312905
 30
0.0
 70
0
  0
VERTEX
  5
6F6
  8
TEXT
 10
-5.069041639375801
 20
-21.652117248180176
 30
0.0
 70
0
  0
VERTEX
  5
6F7
  8
TEXT
 10
-5.049318247533251
 20
-21.624754244827127
 30
0.0
 70
0
  0
VERTEX
  5
6F8
  8
TEXT
 10
-5.0340088776766905
 20
-21.594248714253748
 30
0.0
 70
0
  0
VERTEX
  5
6F9
  8
TEXT
 10
-5.023113529806119
 20
-21.560600656460046
 30
0.0
 70
0
  0
VERTEX
  5
6FA
  8
TEXT
 10
-5.017521517384327
 20
-21.522928225980237
 30
0.0
 70
0
  0
VERTEX
  5
6FB
  8
TEXT
 10
-5.019785877957045
 20
-21.487093702723747
 30
0.0
 70
0
  0
VERTEX
  5
6FC
  8
TEXT
 10
-5.0299066115242725
 20
-21.453097086690573
 30
0.0
 70
0
  0
VERTEX
  5
6FD
  8
TEXT
 10
-5.047883718086011
 20
-21.420938377880713
 30
0.0
 70
0
  0
VERTEX
  5
6FE
  8
TEXT
 10
-5.067488361912195
 20
-21.396323697079143
 30
0.0
 70
0
  0
VERTEX
  5
6FF
  8
TEXT
 10
-5.091253824496362
 20
-21.372463262991545
 30
0.0
 70
0
  0
VERTEX
  5
700
  8
TEXT
 10
-5.119180105838508
 20
-21.34935707561792
 30
0.0
 70
0
  0
VERTEX
  5
701
  8
TEXT
 10
-5.151267205938635
 20
-21.32700513495827
 30
0.0
 70
0
  0
VERTEX
  5
702
  8
TEXT
 10
-5.187515124796742
 20
-21.305407441012594
 30
0.0
 70
0
  0
VERTEX
  5
703
  8
TEXT
 10
-5.40785647759497
 20
-21.180300333390075
 30
0.0
 70
0
  0
VERTEX
  5
704
  8
TEXT
 10
-5.4447623536907805
 20
-21.158417845189756
 30
0.0
 70
0
  0
VERTEX
  5
705
  8
TEXT
 10
-5.47913817434062
 20
-21.13562848675755
 30
0.0
 70
0
  0
VERTEX
  5
706
  8
TEXT
 10
-5.51098393954449
 20
-21.111932258093468
 30
0.0
 70
0
  0
VERTEX
  5
707
  8
TEXT
 10
-5.540299649302388
 20
-21.0873291591975
 30
0.0
 70
0
  0
VERTEX
  5
708
  8
TEXT
 10
-5.567085303614316
 20
-21.061819190069652
 30
0.0
 70
0
  0
VERTEX
  5
709
  8
TEXT
 10
-5.591340902480274
 20
-21.035402350709923
 30
0.0
 70
0
  0
VERTEX
  5
70A
  8
TEXT
 10
-5.613066445900261
 20
-21.008078641118313
 30
0.0
 70
0
  0
VERTEX
  5
70B
  8
TEXT
 10
-5.632261933874277
 20
-20.97984806129482
 30
0.0
 70
0
  0
VERTEX
  5
70C
  8
TEXT
 10
-5.648927366402323
 20
-20.950710611239447
 30
0.0
 70
0
  0
VERTEX
  5
70D
  8
TEXT
 10
-5.6645865220521845
 20
-20.91713634723361
 30
0.0
 70
0
  0
VERTEX
  5
70E
  8
TEXT
 10
-5.676913078190383
 20
-20.882993046851535
 30
0.0
 70
0
  0
VERTEX
  5
70F
  8
TEXT
 10
-5.685907034816919
 20
-20.84828071009324
 30
0.0
 70
0
  0
VERTEX
  5
710
  8
TEXT
 10
-5.691568391931792
 20
-20.81299933695871
 30
0.0
 70
0
  0
VERTEX
  5
711
  8
TEXT
 10
-5.693897149535003
 20
-20.777148927447953
 30
0.0
 70
0
  0
VERTEX
  5
712
  8
TEXT
 10
-5.69289330762655
 20
-20.74072948156097
 30
0.0
 70
0
  0
VERTEX
  5
713
  8
TEXT
 10
-5.688556866206435
 20
-20.703740999297757
 30
0.0
 70
0
  0
VERTEX
  5
714
  8
TEXT
 10
-5.680887825274657
 20
-20.666183480658315
 30
0.0
 70
0
  0
VERTEX
  5
715
  8
TEXT
 10
-5.670922199412131
 20
-20.631148835119717
 30
0.0
 70
0
  0
VERTEX
  5
716
  8
TEXT
 10
-5.658679282926864
 20
-20.597607562207518
 30
0.0
 70
0
  0
VERTEX
  5
717
  8
TEXT
 10
-5.644159075818856
 20
-20.565559661921725
 30
0.0
 70
0
  0
VERTEX
  5
718
  8
TEXT
 10
-5.627361578088108
 20
-20.535005134262327
 30
0.0
 70
0
  0
VERTEX
  5
719
  8
TEXT
 10
-5.608286789734618
 20
-20.505943979229333
 30
0.0
 70
0
  0
VERTEX
  5
71A
  8
TEXT
 10
-5.5869347107583875
 20
-20.47837619682274
 30
0.0
 70
0
  0
VERTEX
  5
71B
  8
TEXT
 10
-5.563305341159415
 20
-20.452301787042547
 30
0.0
 70
0
  0
VERTEX
  5
71C
  8
TEXT
 10
-5.537398680937703
 20
-20.427720749888756
 30
0.0
 70
0
  0
VERTEX
  5
71D
  8
TEXT
 10
-5.509649905420862
 20
-20.40483625843048
 30
0.0
 70
0
  0
VERTEX
  5
71E
  8
TEXT
 10
-5.480494189936506
 20
-20.383851485736827
 30
0.0
 70
0
  0
VERTEX
  5
71F
  8
TEXT
 10
-5.449931534484635
 20
-20.3647664318078
 30
0.0
 70
0
  0
VERTEX
  5
720
  8
TEXT
 10
-5.417961939065248
 20
-20.347581096643403
 30
0.0
 70
0
  0
VERTEX
  5
721
  8
TEXT
 10
-5.384585403678345
 20
-20.332295480243634
 30
0.0
 70
0
  0
VERTEX
  5
722
  8
TEXT
 10
-5.349801928323927
 20
-20.318909582608487
 30
0.0
 70
0
  0
VERTEX
  5
723
  8
TEXT
 10
-5.3136115130019945
 20
-20.30742340373797
 30
0.0
 70
0
  0
VERTEX
  5
724
  8
TEXT
 10
-5.276014157712546
 20
-20.29783694363208
 30
0.0
 70
0
  0
VERTEX
  5
725
  8
TEXT
 10
-5.241806611895676
 20
-20.291093112498448
 30
0.0
 70
0
  0
VERTEX
  5
726
  8
TEXT
 10
-5.20727433048632
 20
-20.286215575939472
 30
0.0
 70
0
  0
VERTEX
  5
727
  8
TEXT
 10
-5.17241731348448
 20
-20.28320433395515
 30
0.0
 70
0
  0
VERTEX
  5
728
  8
TEXT
 10
-5.137235560890155
 20
-20.282059386545484
 30
0.0
 70
0
  0
VERTEX
  5
729
  8
TEXT
 10
-5.101729072703345
 20
-20.28278073371047
 30
0.0
 70
0
  0
VERTEX
  5
72A
  8
TEXT
 10
-5.065897848924051
 20
-20.285368375450112
 30
0.0
 70
0
  0
VERTEX
  5
72B
  8
TEXT
 10
-5.0297418895522705
 20
-20.289822311764407
 30
0.0
 70
0
  0
VERTEX
  5
72C
  8
TEXT
 10
-4.9932611945880065
 20
-20.29614254265336
 30
0.0
 70
0
  0
VERTEX
  5
72D
  8
TEXT
 10
-4.956455764031257
 20
-20.304329068116964
 30
0.0
 70
0
  0
VERTEX
  5
72E
  8
TEXT
 10
-4.916997390427419
 20
-20.31504862237941
 30
0.0
 70
0
  0
VERTEX
  5
72F
  8
TEXT
 10
-4.879006794290102
 20
-20.3273770385216
 30
0.0
 70
0
  0
VERTEX
  5
730
  8
TEXT
 10
-4.842483975619304
 20
-20.34131431654354
 30
0.0
 70
0
  0
VERTEX
  5
731
  8
TEXT
 10
-4.807428934415029
 20
-20.356860456445222
 30
0.0
 70
0
  0
VERTEX
  5
732
  8
TEXT
 10
-4.773841670677274
 20
-20.37401545822665
 30
0.0
 70
0
  0
VERTEX
  5
733
  8
TEXT
 10
-4.741722184406039
 20
-20.39277932188783
 30
0.0
 70
0
  0
VERTEX
  5
734
  8
TEXT
 10
-4.711070475601325
 20
-20.41315204742875
 30
0.0
 70
0
  0
VERTEX
  5
735
  8
TEXT
 10
-4.681886544263131
 20
-20.435133634849414
 30
0.0
 70
0
  0
VERTEX
  5
736
  8
TEXT
 10
-4.654170390391458
 20
-20.45872408414983
 30
0.0
 70
0
  0
VERTEX
  5
737
  8
TEXT
 10
-4.627922013986307
 20
-20.483923395329985
 30
0.0
 70
0
  0
VERTEX
  5
738
  8
TEXT
 10
-4.603141415047675
 20
-20.51073156838989
 30
0.0
 70
0
  0
VERTEX
  5
739
  8
TEXT
 10
-4.580160858811169
 20
-20.53876442350158
 30
0.0
 70
0
  0
VERTEX
  5
73A
  8
TEXT
 10
-4.559312610512393
 20
-20.56763778083709
 30
0.0
 70
0
  0
VERTEX
  5
73B
  8
TEXT
 10
-4.540596670151346
 20
-20.59735164039642
 30
0.0
 70
0
  0
VERTEX
  5
73C
  8
TEXT
 10
-4.524013037728028
 20
-20.62790600217957
 30
0.0
 70
0
  0
VERTEX
  5
73D
  8
TEXT
 10
-4.50956171324244
 20
-20.659300866186545
 30
0.0
 70
0
  0
VERTEX
  5
73E
  8
TEXT
 10
-4.497242696694582
 20
-20.69153623241734
 30
0.0
 70
0
  0
VERTEX
  5
73F
  8
TEXT
 10
-4.487055988084453
 20
-20.72461210087196
 30
0.0
 70
0
  0
VERTEX
  5
740
  8
TEXT
 10
-4.479001587412054
 20
-20.7585284715504
 30
0.0
 70
0
  0
VERTEX
  5
741
  8
TEXT
 10
-4.473079494677385
 20
-20.79328534445266
 30
0.0
 70
0
  0
VERTEX
  5
742
  8
TEXT
 10
-4.469289709880445
 20
-20.82888271957874
 30
0.0
 70
0
  0
VERTEX
  5
743
  8
TEXT
 10
-4.467632233021234
 20
-20.865320596928644
 30
0.0
 70
0
  0
VERTEX
  5
744
  8
TEXT
 10
-4.72510034732398
 20
-20.9003790312137
 30
0.0
 70
0
  0
VERTEX
  5
745
  8
TEXT
 10
-4.729291042453425
 20
-20.861795981256773
 30
0.0
 70
0
  0
VERTEX
  5
746
  8
TEXT
 10
-4.736375503876451
 20
-20.82507859416202
 30
0.0
 70
0
  0
VERTEX
  5
747
  8
TEXT
 10
-4.7463537315930555
 20
-20.790226869929437
 30
0.0
 70
0
  0
VERTEX
  5
748
  8
TEXT
 10
-4.75922572560324
 20
-20.757240808559022
 30
0.0
 70
0
  0
VERTEX
  5
749
  8
TEXT
 10
-4.774991485907005
 20
-20.72612041005078
 30
0.0
 70
0
  0
VERTEX
  5
74A
  8
TEXT
 10
-4.79365101250435
 20
-20.696865674404705
 30
0.0
 70
0
  0
VERTEX
  5
74B
  8
TEXT
 10
-4.815204305395274
 20
-20.669476601620804
 30
0.0
 70
0
  0
VERTEX
  5
74C
  8
TEXT
 10
-4.839283730348179
 20
-20.64423856597286
 30
0.0
 70
0
  0
VERTEX
  5
74D
  8
TEXT
 10
-4.865521653131466
 20
-20.62143694173467
 30
0.0
 70
0
  0
VERTEX
  5
74E
  8
TEXT
 10
-4.893918073745132
 20
-20.601071728906234
 30
0.0
 70
0
  0
VERTEX
  5
74F
  8
TEXT
 10
-4.92447299218918
 20
-20.58314292748755
 30
0.0
 70
0
  0
VERTEX
  5
750
  8
TEXT
 10
-4.95718640846361
 20
-20.567650537478617
 30
0.0
 70
0
  0
VERTEX
  5
751
  8
TEXT
 10
-4.99205832256842
 20
-20.554594558879437
 30
0.0
 70
0
  0
VERTEX
  5
752
  8
TEXT
 10
-5.0290887345036115
 20
-20.54397499169001
 30
0.0
 70
0
  0
VERTEX
  5
753
  8
TEXT
 10
-5.066526820853269
 20
-20.536158856731
 30
0.0
 70
0
  0
VERTEX
  5
754
  8
TEXT
 10
-5.102621758201483
 20
-20.53151317482307
 30
0.0
 70
0
  0
VERTEX
  5
755
  8
TEXT
 10
-5.1373735465482495
 20
-20.530037945966217
 30
0.0
 70
0
  0
VERTEX
  5
756
  8
TEXT
 10
-5.17078218589357
 20
-20.53173317016045
 30
0.0
 70
0
  0
VERTEX
  5
757
  8
TEXT
 10
-5.202847676237445
 20
-20.53659884740576
 30
0.0
 70
0
  0
VERTEX
  5
758
  8
TEXT
 10
-5.233570017579874
 20
-20.544634977702152
 30
0.0
 70
0
  0
VERTEX
  5
759
  8
TEXT
 10
-5.262949209920856
 20
-20.555841561049625
 30
0.0
 70
0
  0
VERTEX
  5
75A
  8
TEXT
 10
-5.294353900602994
 20
-20.572373373695928
 30
0.0
 70
0
  0
VERTEX
  5
75B
  8
TEXT
 10
-5.321583531022136
 20
-20.592121255264477
 30
0.0
 70
0
  0
VERTEX
  5
75C
  8
TEXT
 10
-5.344638101178282
 20
-20.61508520575527
 30
0.0
 70
0
  0
VERTEX
  5
75D
  8
TEXT
 10
-5.363517611071432
 20
-20.641265225168308
 30
0.0
 70
0
  0
VERTEX
  5
75E
  8
TEXT
 10
-5.378222060701587
 20
-20.67066131350359
 30
0.0
 70
0
  0
VERTEX
  5
75F
  8
TEXT
 10
-5.388751450068745
 20
-20.703273470761115
 30
0.0
 70
0
  0
VERTEX
  5
760
  8
TEXT
 10
-5.394706582483028
 20
-20.74080663792121
 30
0.0
 70
0
  0
VERTEX
  5
761
  8
TEXT
 10
-5.393531581887784
 20
-20.776223371218563
 30
0.0
 70
0
  0
VERTEX
  5
762
  8
TEXT
 10
-5.385226448283011
 20
-20.80952367065317
 30
0.0
 70
0
  0
VERTEX
  5
763
  8
TEXT
 10
-5.369791181668711
 20
-20.840707536225036
 30
0.0
 70
0
  0
VERTEX
  5
764
  8
TEXT
 10
-5.352525294452984
 20
-20.864490879561554
 30
0.0
 70
0
  0
VERTEX
  5
765
  8
TEXT
 10
-5.331128165796307
 20
-20.887639871746323
 30
0.0
 70
0
  0
VERTEX
  5
766
  8
TEXT
 10
-5.305599795698679
 20
-20.910154512779346
 30
0.0
 70
0
  0
VERTEX
  5
767
  8
TEXT
 10
-5.275940184160101
 20
-20.932034802660624
 30
0.0
 70
0
  0
VERTEX
  5
768
  8
TEXT
 10
-5.242149331180571
 20
-20.953280741390152
 30
0.0
 70
0
  0
VERTEX
  5
769
  8
TEXT
 10
-5.005097822992199
 20
-21.09443437198873
 30
0.0
 70
0
  0
VERTEX
  5
76A
  8
TEXT
 10
-4.9690011387818505
 20
-21.11695144593031
 30
0.0
 70
0
  0
VERTEX
  5
76B
  8
TEXT
 10
-4.93530992480491
 20
-21.14030798230015
 30
0.0
 70
0
  0
VERTEX
  5
76C
  8
TEXT
 10
-4.904024181061381
 20
-21.164503981098253
 30
0.0
 70
0
  0
VERTEX
  5
76D
  8
TEXT
 10
-4.875143907551262
 20
-21.189539442324612
 30
0.0
 70
0
  0
VERTEX
  5
76E
  8
TEXT
 10
-4.848669104274553
 20
-21.215414365979235
 30
0.0
 70
0
  0
VERTEX
  5
76F
  8
TEXT
 10
-4.824599771231253
 20
-21.242128752062115
 30
0.0
 70
0
  0
VERTEX
  5
770
  8
TEXT
 10
-4.802935908421364
 20
-21.269682600573258
 30
0.0
 70
0
  0
VERTEX
  5
771
  8
TEXT
 10
-4.783677515844884
 20
-21.29807591151266
 30
0.0
 70
0
  0
VERTEX
  5
772
  8
TEXT
 10
-4.766824593501815
 20
-21.327308684880325
 30
0.0
 70
0
  0
VERTEX
  5
773
  8
TEXT
 10
-4.750904883864351
 20
-21.360959646659154
 30
0.0
 70
0
  0
VERTEX
  5
774
  8
TEXT
 10
-4.738358676211278
 20
-21.395194396686612
 30
0.0
 70
0
  0
VERTEX
  5
775
  8
TEXT
 10
-4.729185970542595
 20
-21.430012934962697
 30
0.0
 70
0
  0
VERTEX
  5
776
  8
TEXT
 10
-4.7233867668583045
 20
-21.465415261487408
 30
0.0
 70
0
  0
VERTEX
  5
777
  8
TEXT
 10
-4.720961065158404
 20
-21.50140137626075
 30
0.0
 70
0
  0
VERTEX
  5
778
  8
TEXT
 10
-4.721908865442895
 20
-21.537971279282715
 30
0.0
 70
0
  0
VERTEX
  5
779
  8
TEXT
 10
-4.726230167711778
 20
-21.575124970553308
 30
0.0
 70
0
  0
VERTEX
  5
77A
  8
TEXT
 10
-4.733924971965051
 20
-21.612862450072527
 30
0.0
 70
0
  0
VERTEX
  5
77B
  8
TEXT
 10
-4.743817175743288
 20
-21.647523943639868
 30
0.0
 70
0
  0
VERTEX
  5
77C
  8
TEXT
 10
-4.75602468420713
 20
-21.68069510790221
 30
0.0
 70
0
  0
VERTEX
  5
77D
  8
TEXT
 10
-4.770547497356574
 20
-21.71237594285955
 30
0.0
 70
0
  0
VERTEX
  5
77E
  8
TEXT
 10
-4.787385615191622
 20
-21.74256644851189
 30
0.0
 70
0
  0
VERTEX
  5
77F
  8
TEXT
 10
-4.806539037712271
 20
-21.771266624859226
 30
0.0
 70
0
  0
VERTEX
  5
780
  8
TEXT
 10
-4.8280077649185245
 20
-21.798476471901566
 30
0.0
 70
0
  0
VERTEX
  5
781
  8
TEXT
 10
-4.851791796810382
 20
-21.824195989638902
 30
0.0
 70
0
  0
VERTEX
  5
782
  8
TEXT
 10
-4.87789113338784
 20
-21.84842517807124
 30
0.0
 70
0
  0
VERTEX
  5
783
  8
TEXT
 10
-4.905911579251786
 20
-21.870950754694928
 30
0.0
 70
0
  0
VERTEX
  5
784
  8
TEXT
 10
-4.935458939003098
 20
-21.891559437006325
 30
0.0
 70
0
  0
VERTEX
  5
785
  8
TEXT
 10
-4.966533212641778
 20
-21.910251225005435
 30
0.0
 70
0
  0
VERTEX
  5
786
  8
TEXT
 10
-4.999134400167827
 20
-21.927026118692254
 30
0.0
 70
0
  0
VERTEX
  5
787
  8
TEXT
 10
-5.033262501581243
 20
-21.941884118066785
 30
0.0
 70
0
  0
VERTEX
  5
788
  8
TEXT
 10
-5.068917516882027
 20
-21.954825223129024
 30
0.0
 70
0
  0
VERTEX
  5
789
  8
TEXT
 10
-5.106099446070179
 20
-21.965849433878972
 30
0.0
 70
0
  0
VERTEX
  5
78A
  8
TEXT
 10
-5.144808289145699
 20
-21.97495675031663
 30
0.0
 70
0
  0
VERTEX
  5
78B
  8
TEXT
 10
-5.180138063254995
 20
-21.981256894888137
 30
0.0
 70
0
  0
VERTEX
  5
78C
  8
TEXT
 10
-5.215954407770966
 20
-21.985670449879972
 30
0.0
 70
0
  0
VERTEX
  5
78D
  8
TEXT
 10
-5.2522573226936125
 20
-21.98819741529213
 30
0.0
 70
0
  0
VERTEX
  5
78E
  8
TEXT
 10
-5.289046808022933
 20
-21.988837791124617
 30
0.0
 70
0
  0
VERTEX
  5
78F
  8
TEXT
 10
-5.326322863758929
 20
-21.987591577377426
 30
0.0
 70
0
  0
VERTEX
  5
790
  8
TEXT
 10
-5.364085489901599
 20
-21.984458774050562
 30
0.0
 70
0
  0
VERTEX
  5
791
  8
TEXT
 10
-5.402334686450944
 20
-21.979439381144022
 30
0.0
 70
0
  0
VERTEX
  5
792
  8
TEXT
 10
-5.441070453406964
 20
-21.97253339865781
 30
0.0
 70
0
  0
SEQEND
  5
6C2
  8
TEXT
  0
POLYLINE
  5
793
  8
TEXT
 66
1
 10
0.0
 20
0.0
 30
0.0
 70
1
  0
VERTEX
  5
795
  8
TEXT
 10
-3.7852730683855396
 20
-22.318985155776346
 30
0.0
 70
0
  0
VERTEX
  5
796
  8
TEXT
 10
-3.3689288467799394
 20
-20.690889802776272
 30
0.0
 70
0
  0
VERTEX
  5
797
  8
TEXT
 10
-3.089695896038201
 20
-20.72180932023404
 30
0.0
 70
0
  0
VERTEX
  5
798
  8
TEXT
 10
-3.1393977113286473
 20
-20.918203453652648
 30
0.0
 70
0
  0
VERTEX
  5
799
  8
TEXT
 10
-3.11477663976551
 20
-20.893355034713483
 30
0.0
 70
0
  0
VERTEX
  5
79A
  8
TEXT
 10
-3.089208655069507
 20
-20.870259611520794
 30
0.0
 70
0
  0
VERTEX
  5
79B
  8
TEXT
 10
-3.0626937572406376
 20
-20.84891718407458
 30
0.0
 70
0
  0
VERTEX
  5
79C
  8
TEXT
 10
-3.0352319462789024
 20
-20.829327752374837
 30
0.0
 70
0
  0
VERTEX
  5
79D
  8
TEXT
 10
-3.006823222184301
 20
-20.81149131642157
 30
0.0
 70
0
  0
VERTEX
  5
79E
  8
TEXT
 10
-2.9774675849568344
 20
-20.795407876214774
 30
0.0
 70
0
  0
VERTEX
  5
79F
  8
TEXT
 10
-2.9471650345965013
 20
-20.78107743175445
 30
0.0
 70
0
  0
VERTEX
  5
7A0
  8
TEXT
 10
-2.9149290756748885
 20
-20.767697495351424
 30
0.0
 70
0
  0
VERTEX
  5
7A1
  8
TEXT
 10
-2.882153591029896
 20
-20.75637135134939
 30
0.0
 70
0
  0
VERTEX
  5
7A2
  8
TEXT
 10
-2.848838580661524
 20
-20.74709899974835
 30
0.0
 70
0
  0
VERTEX
  5
7A3
  8
TEXT
 10
-2.8149840445697727
 20
-20.7398804405483
 30
0.0
 70
0
  0
VERTEX
  5
7A4
  8
TEXT
 10
-2.780589982754641
 20
-20.73471567374925
 30
0.0
 70
0
  0
VERTEX
  5
7A5
  8
TEXT
 10
-2.745656395216131
 20
-20.73160469935119
 30
0.0
 70
0
  0
VERTEX
  5
7A6
  8
TEXT
 10
-2.7101832819542406
 20
-20.73054751735413
 30
0.0
 70
0
  0
VERTEX
  5
7A7
  8
TEXT
 10
-2.6741706429689707
 20
-20.731544127758056
 30
0.0
 70
0
  0
VERTEX
  5
7A8
  8
TEXT
 10
-2.6376184782603214
 20
-20.73459453056298
 30
0.0
 70
0
  0
VERTEX
  5
7A9
  8
TEXT
 10
-2.5990130056531724
 20
-20.73995646290448
 30
0.0
 70
0
  0
VERTEX
  5
7AA
  8
TEXT
 10
-2.561750033315117
 20
-20.747344022050758
 30
0.0
 70
0
  0
VERTEX
  5
7AB
  8
TEXT
 10
-2.5258295612461548
 20
-20.756757208001808
 30
0.0
 70
0
  0
VERTEX
  5
7AC
  8
TEXT
 10
-2.4912515894462848
 20
-20.768196020757628
 30
0.0
 70
0
  0
VERTEX
  5
7AD
  8
TEXT
 10
-2.4580161179155087
 20
-20.78166046031823
 30
0.0
 70
0
  0
VERTEX
  5
7AE
  8
TEXT
 10
-2.426123146653825
 20
-20.7971505266836
 30
0.0
 70
0
  0
VERTEX
  5
7AF
  8
TEXT
 10
-2.3955726756612346
 20
-20.81466621985374
 30
0.0
 70
0
  0
VERTEX
  5
7B0
  8
TEXT
 10
-2.366364704937737
 20
-20.83420753982866
 30
0.0
 70
0
  0
VERTEX
  5
7B1
  8
TEXT
 10
-2.3384992344833324
 20
-20.855774486608354
 30
0.0
 70
0
  0
VERTEX
  5
7B2
  8
TEXT
 10
-2.311976264298021
 20
-20.87936706019282
 30
0.0
 70
0
  0
VERTEX
  5
7B3
  8
TEXT
 10
-2.28742665924797
 20
-20.90496928642281
 30
0.0
 70
0
  0
VERTEX
  5
7B4
  8
TEXT
 10
-2.2650335206271204
 20
-20.931727309996973
 30
0.0
 70
0
  0
VERTEX
  5
7B5
  8
TEXT
 10
-2.2447968484354712
 20
-20.95964113091531
 30
0.0
 70
0
  0
VERTEX
  5
7B6
  8
TEXT
 10
-2.226716642673023
 20
-20.98871074917782
 30
0.0
 70
0
  0
VERTEX
  5
7B7
  8
TEXT
 10
-2.2107929033397755
 20
-21.018936164784503
 30
0.0
 70
0
  0
VERTEX
  5
7B8
  8
TEXT
 10
-2.197025630435729
 20
-21.05031737773536
 30
0.0
 70
0
  0
VERTEX
  5
7B9
  8
TEXT
 10
-2.1854148239608833
 20
-21.08285438803039
 30
0.0
 70
0
  0
VERTEX
  5
7BA
  8
TEXT
 10
-2.1614112489339252
 20
-21.054548201549213
 30
0.0
 70
0
  0
VERTEX
  5
7BB
  8
TEXT
 10
-2.1362563311885108
 20
-21.028116694449132
 30
0.0
 70
0
  0
VERTEX
  5
7BC
  8
TEXT
 10
-2.10995007072464
 20
-21.00355986673015
 30
0.0
 70
0
  0
VERTEX
  5
7BD
  8
TEXT
 10
-2.0824924675423135
 20
-20.980877718392268
 30
0.0
 70
0
  0
VERTEX
  5
7BE
  8
TEXT
 10
-2.0538835216415303
 20
-20.960070249435482
 30
0.0
 70
0
  0
VERTEX
  5
7BF
  8
TEXT
 10
-2.024123233022291
 20
-20.9411374598598
 30
0.0
 70
0
  0
VERTEX
  5
7C0
  8
TEXT
 10
-1.9932116016845958
 20
-20.924079349665213
 30
0.0
 70
0
  0
VERTEX
  5
7C1
  8
TEXT
 10
-1.961148627628444
 20
-20.908895918851726
 30
0.0
 70
0
  0
VERTEX
  5
7C2
  8
TEXT
 10
-1.9251145679487265
 20
-20.89400078388192
 30
0.0
 70
0
  0
VERTEX
  5
7C3
  8
TEXT
 10
-1.8888683750609776
 20
-20.881117053537597
 30
0.0
 70
0
  0
VERTEX
  5
7C4
  8
TEXT
 10
-1.8524100489651976
 20
-20.870244727818754
 30
0.0
 70
0
  0
VERTEX
  5
7C5
  8
TEXT
 10
-1.8157395896613853
 20
-20.861383806725392
 30
0.0
 70
0
  0
VERTEX
  5
7C6
  8
TEXT
 10
-1.7788569971495418
 20
-20.854534290257515
 30
0.0
 70
0
  0
VERTEX
  5
7C7
  8
TEXT
 10
-1.7417622714296666
 20
-20.849696178415115
 30
0.0
 70
0
  0
VERTEX
  5
7C8
  8
TEXT
 10
-1.70445541250176
 20
-20.846869471198197
 30
0.0
 70
0
  0
VERTEX
  5
7C9
  8
TEXT
 10
-1.6669364203658215
 20
-20.846054168606763
 30
0.0
 70
0
  0
VERTEX
  5
7CA
  8
TEXT
 10
-1.6292052950218516
 20
-20.847250270640806
 30
0.0
 70
0
  0
VERTEX
  5
7CB
  8
TEXT
 10
-1.5912620364698506
 20
-20.850457777300335
 30
0.0
 70
0
  0
VERTEX
  5
7CC
  8
TEXT
 10
-1.5530759441854203
 20
-20.855721502957618
 30
0.0
 70
0
  0
VERTEX
  5
7CD
  8
TEXT
 10
-1.5162528477583996
 20
-20.8629050486958
 30
0.0
 70
0
  0
VERTEX
  5
7CE
  8
TEXT
 10
-1.4807927471887896
 20
-20.872008414514884
 30
0.0
 70
0
  0
VERTEX
  5
7CF
  8
TEXT
 10
-1.4466956424765904
 20
-20.88303160041487
 30
0.0
 70
0
  0
VERTEX
  5
7D0
  8
TEXT
 10
-1.4139615336218012
 20
-20.895974606395757
 30
0.0
 70
0
  0
VERTEX
  5
7D1
  8
TEXT
 10
-1.3825904206244222
 20
-20.910837432457544
 30
0.0
 70
0
  0
VERTEX
  5
7D2
  8
TEXT
 10
-1.3525823034844535
 20
-20.927620078600235
 30
0.0
 70
0
  0
VERTEX
  5
7D3
  8
TEXT
 10
-1.3239371822018957
 20
-20.946322544823822
 30
0.0
 70
0
  0
VERTEX
  5
7D4
  8
TEXT
 10
-1.2966550567767476
 20
-20.966944831128313
 30
0.0
 70
0
  0
VERTEX
  5
7D5
  8
TEXT
 10
-1.2678237164608352
 20
-20.992122817445235
 30
0.0
 70
0
  0
VERTEX
  5
7D6
  8
TEXT
 10
-1.2411811073800942
 20
-21.019096834619877
 30
0.0
 70
0
  0
VERTEX
  5
7D7
  8
TEXT
 10
-1.2167272295345246
 20
-21.047866882652247
 30
0.0
 70
0
  0
VERTEX
  5
7D8
  8
TEXT
 10
-1.194462082924126
 20
-21.078432961542337
 30
0.0
 70
0
  0
VERTEX
  5
7D9
  8
TEXT
 10
-1.1743856675488988
 20
-21.110795071290156
 30
0.0
 70
0
  0
VERTEX
  5
7DA
  8
TEXT
 10
-1.1564979834088434
 20
-21.144953211895693
 30
0.0
 70
0
  0
VERTEX
  5
7DB
  8
TEXT
 10
-1.1407990305039588
 20
-21.18090738335896
 30
0.0
 70
0
  0
VERTEX
  5
7DC
  8
TEXT
 10
-1.127288808834245
 20
-21.218657585679946
 30
0.0
 70
0
  0
VERTEX
  5
7DD
  8
TEXT
 10
-1.1174666394391148
 20
-21.253413974056684
 30
0.0
 70
0
  0
VERTEX
  5
7DE
  8
TEXT
 10
-1.1100727642352826
 20
-21.2889751965205
 30
0.0
 70
0
  0
VERTEX
  5
7DF
  8
TEXT
 10
-1.1051071832227493
 20
-21.325341253071393
 30
0.0
 70
0
  0
VERTEX
  5
7E0
  8
TEXT
 10
-1.102569896401515
 20
-21.362512143709363
 30
0.0
 70
0
  0
VERTEX
  5
7E1
  8
TEXT
 10
-1.1024609037715796
 20
-21.40048786843441
 30
0.0
 70
0
  0
VERTEX
  5
7E2
  8
TEXT
 10
-1.1047802053329434
 20
-21.439268427246535
 30
0.0
 70
0
  0
VERTEX
  5
7E3
  8
TEXT
 10
-1.1095278010856053
 20
-21.478853820145737
 30
0.0
 70
0
  0
VERTEX
  5
7E4
  8
TEXT
 10
-1.1167036910295658
 20
-21.519244047132013
 30
0.0
 70
0
  0
VERTEX
  5
7E5
  8
TEXT
 10
-1.126307875164826
 20
-21.56043910820537
 30
0.0
 70
0
  0
VERTEX
  5
7E6
  8
TEXT
 10
-1.385710788385105
 20
-22.584689140962887
 30
0.0
 70
0
  0
VERTEX
  5
7E7
  8
TEXT
 10
-1.6741492210194284
 20
-22.552750298753764
 30
0.0
 70
0
  0
VERTEX
  5
7E8
  8
TEXT
 10
-1.424620819815841
 20
-21.561574149768152
 30
0.0
 70
0
  0
VERTEX
  5
7E9
  8
TEXT
 10
-1.4154404095735078
 20
-21.521132660412242
 30
0.0
 70
0
  0
VERTEX
  5
7EA
  8
TEXT
 10
-1.4094603357711901
 20
-21.482321261030705
 30
0.0
 70
0
  0
VERTEX
  5
7EB
  8
TEXT
 10
-1.4066805984088875
 20
-21.44513995162354
 30
0.0
 70
0
  0
VERTEX
  5
7EC
  8
TEXT
 10
-1.4071011974866001
 20
-21.40958873219074
 30
0.0
 70
0
  0
VERTEX
  5
7ED
  8
TEXT
 10
-1.4107221330043278
 20
-21.375667602732314
 30
0.0
 70
0
  0
VERTEX
  5
7EE
  8
TEXT
 10
-1.4175434049620703
 20
-21.34337656324826
 30
0.0
 70
0
  0
VERTEX
  5
7EF
  8
TEXT
 10
-1.4294214329936528
 20
-21.307024303756492
 30
0.0
 70
0
  0
VERTEX
  5
7F0
  8
TEXT
 10
-1.444844060661802
 20
-21.27350991207369
 30
0.0
 70
0
  0
VERTEX
  5
7F1
  8
TEXT
 10
-1.463811287966517
 20
-21.242833388199845
 30
0.0
 70
0
  0
VERTEX
  5
7F2
  8
TEXT
 10
-1.4863231149077976
 20
-21.214994732134958
 30
0.0
 70
0
  0
VERTEX
  5
7F3
  8
TEXT
 10
-1.512379541485644
 20
-21.18999394387903
 30
0.0
 70
0
  0
VERTEX
  5
7F4
  8
TEXT
 10
-1.5367060903357708
 20
-21.171640252443446
 30
0.0
 70
0
  0
VERTEX
  5
7F5
  8
TEXT
 10
-1.5633045262259362
 20
-21.15588226872244
 30
0.0
 70
0
  0
VERTEX
  5
7F6
  8
TEXT
 10
-1.5921748491561405
 20
-21.142719992716003
 30
0.0
 70
0
  0
VERTEX
  5
7F7
  8
TEXT
 10
-1.623317059126383
 20
-21.132153424424146
 30
0.0
 70
0
  0
VERTEX
  5
7F8
  8
TEXT
 10
-1.6567311561366647
 20
-21.124182563846862
 30
0.0
 70
0
  0
VERTEX
  5
7F9
  8
TEXT
 10
-1.6924171401869845
 20
-21.118807410984157
 30
0.0
 70
0
  0
VERTEX
  5
7FA
  8
TEXT
 10
-1.7281115396798503
 20
-21.116235459956066
 30
0.0
 70
0
  0
VERTEX
  5
7FB
  8
TEXT
 10
-1.7635965456605667
 20
-21.116447688271226
 30
0.0
 70
0
  0
VERTEX
  5
7FC
  8
TEXT
 10
-1.798872158129134
 20
-21.119444095929634
 30
0.0
 70
0
  0
VERTEX
  5
7FD
  8
TEXT
 10
-1.8339383770855515
 20
-21.12522468293129
 30
0.0
 70
0
  0
VERTEX
  5
7FE
  8
TEXT
 10
-1.8687952025298196
 20
-21.133789449276193
 30
0.0
 70
0
  0
VERTEX
  5
7FF
  8
TEXT
 10
-1.9034426344619382
 20
-21.145138394964345
 30
0.0
 70
0
  0
VERTEX
  5
800
  8
TEXT
 10
-1.937222526921749
 20
-21.159171834549912
 30
0.0
 70
0
  0
VERTEX
  5
801
  8
TEXT
 10
-1.9694767339490933
 20
-21.175790082587064
 30
0.0
 70
0
  0
VERTEX
  5
802
  8
TEXT
 10
-2.000205255543972
 20
-21.194993139075795
 30
0.0
 70
0
  0
VERTEX
  5
803
  8
TEXT
 10
-2.029408091706384
 20
-21.21678100401611
 30
0.0
 70
0
  0
VERTEX
  5
804
  8
TEXT
 10
-2.0570852424363304
 20
-21.241153677408004
 30
0.0
 70
0
  0
VERTEX
  5
805
  8
TEXT
 10
-2.0832367077338105
 20
-21.268111159251482
 30
0.0
 70
0
  0
VERTEX
  5
806
  8
TEXT
 10
-2.104110948365908
 20
-21.293184295041172
 30
0.0
 70
0
  0
VERTEX
  5
807
  8
TEXT
 10
-2.1232103172657766
 20
-21.319975326291505
 30
0.0
 70
0
  0
VERTEX
  5
808
  8
TEXT
 10
-2.1405348144334173
 20
-21.34848425300248
 30
0.0
 70
0
  0
VERTEX
  5
809
  8
TEXT
 10
-2.1560844398688284
 20
-21.37871107517409
 30
0.0
 70
0
  0
VERTEX
  5
80A
  8
TEXT
 10
-2.1698591935720115
 20
-21.41065579280634
 30
0.0
 70
0
  0
VERTEX
  5
80B
  8
TEXT
 10
-2.181859075542966
 20
-21.44431840589923
 30
0.0
 70
0
  0
VERTEX
  5
80C
  8
TEXT
 10
-2.1920840857816914
 20
-21.47969891445276
 30
0.0
 70
0
  0
VERTEX
  5
80D
  8
TEXT
 10
-2.4412727120681605
 20
-22.467806569474178
 30
0.0
 70
0
  0
VERTEX
  5
80E
  8
TEXT
 10
-2.729711144702484
 20
-22.435867727265055
 30
0.0
 70
0
  0
VERTEX
  5
80F
  8
TEXT
 10
-2.4771142495347016
 20
-21.445031353196562
 30
0.0
 70
0
  0
VERTEX
  5
810
  8
TEXT
 10
-2.468871434670317
 20
-21.40448604372709
 30
0.0
 70
0
  0
VERTEX
  5
811
  8
TEXT
 10
-2.4636584843590477
 20
-21.36558970061627
 30
0.0
 70
0
  0
VERTEX
  5
812
  8
TEXT
 10
-2.461475398600894
 20
-21.32834232386411
 30
0.0
 70
0
  0
VERTEX
  5
813
  8
TEXT
 10
-2.462322177395856
 20
-21.292743913470602
 30
0.0
 70
0
  0
VERTEX
  5
814
  8
TEXT
 10
-2.466198820743933
 20
-21.25879446943575
 30
0.0
 70
0
  0
VERTEX
  5
815
  8
TEXT
 10
-2.4731053286451257
 20
-21.22649399175955
 30
0.0
 70
0
  0
VERTEX
  5
816
  8
TEXT
 10
-2.4849833566767088
 20
-21.190141732267783
 30
0.0
 70
0
  0
VERTEX
  5
817
  8
TEXT
 10
-2.500405984344858
 20
-21.15662734058498
 30
0.0
 70
0
  0
VERTEX
  5
818
  8
TEXT
 10
-2.5193732116495724
 20
-21.125950816711136
 30
0.0
 70
0
  0
VERTEX
  5
819
  8
TEXT
 10
-2.541885038590853
 20
-21.09811216064625
 30
0.0
 70
0
  0
VERTEX
  5
81A
  8
TEXT
 10
-2.5679414651686994
 20
-21.073111372390322
 30
0.0
 70
0
  0
VERTEX
  5
81B
  8
TEXT
 10
-2.5922680140188263
 20
-21.054757680954737
 30
0.0
 70
0
  0
VERTEX
  5
81C
  8
TEXT
 10
-2.618866449908992
 20
-21.03899969723373
 30
0.0
 70
0
  0
VERTEX
  5
81D
  8
TEXT
 10
-2.6477367728391963
 20
-21.025837421227294
 30
0.0
 70
0
  0
VERTEX
  5
81E
  8
TEXT
 10
-2.678878982809439
 20
-21.015270852935437
 30
0.0
 70
0
  0
VERTEX
  5
81F
  8
TEXT
 10
-2.7122930798197205
 20
-21.007299992358156
 30
0.0
 70
0
  0
VERTEX
  5
820
  8
TEXT
 10
-2.74797906387004
 20
-21.001924839495448
 30
0.0
 70
0
  0
VERTEX
  5
821
  8
TEXT
 10
-2.7846252160290677
 20
-20.99937692226897
 30
0.0
 70
0
  0
VERTEX
  5
822
  8
TEXT
 10
-2.820919817365473
 20
-20.99988776860037
 30
0.0
 70
0
  0
VERTEX
  5
823
  8
TEXT
 10
-2.856862867879255
 20
-21.003457378489657
 30
0.0
 70
0
  0
VERTEX
  5
824
  8
TEXT
 10
-2.892454367570415
 20
-21.010085751936828
 30
0.0
 70
0
  0
VERTEX
  5
825
  8
TEXT
 10
-2.927694316438952
 20
-21.019772888941876
 30
0.0
 70
0
  0
VERTEX
  5
826
  8
TEXT
 10
-2.962582714484866
 20
-21.03251878950481
 30
0.0
 70
0
  0
VERTEX
  5
827
  8
TEXT
 10
-2.996494595527582
 20
-21.04813381314027
 30
0.0
 70
0
  0
VERTEX
  5
828
  8
TEXT
 10
-3.028804993386524
 20
-21.06642831936291
 30
0.0
 70
0
  0
VERTEX
  5
829
  8
TEXT
 10
-3.059513908061693
 20
-21.087402308172717
 30
0.0
 70
0
  0
VERTEX
  5
82A
  8
TEXT
 10
-3.0886213395530877
 20
-21.1110557795697
 30
0.0
 70
0
  0
VERTEX
  5
82B
  8
TEXT
 10
-3.1161272878607083
 20
-21.137388733553856
 30
0.0
 70
0
  0
VERTEX
  5
82C
  8
TEXT
 10
-3.1420317529845554
 20
-21.166401170125187
 30
0.0
 70
0
  0
VERTEX
  5
82D
  8
TEXT
 10
-3.162755727920249
 20
-21.19326586903818
 30
0.0
 70
0
  0
VERTEX
  5
82E
  8
TEXT
 10
-3.1818926981011146
 20
-21.221827660865863
 30
0.0
 70
0
  0
VERTEX
  5
82F
  8
TEXT
 10
-3.199442663527151
 20
-21.25208654560824
 30
0.0
 70
0
  0
VERTEX
  5
830
  8
TEXT
 10
-3.2154056241983584
 20
-21.284042523265313
 30
0.0
 70
0
  0
VERTEX
  5
831
  8
TEXT
 10
-3.2297815801147367
 20
-21.317695593837076
 30
0.0
 70
0
  0
VERTEX
  5
832
  8
TEXT
 10
-3.2425705312762867
 20
-21.353045757323535
 30
0.0
 70
0
  0
VERTEX
  5
833
  8
TEXT
 10
-3.2537724776830075
 20
-21.390093013724687
 30
0.0
 70
0
  0
VERTEX
  5
834
  8
TEXT
 10
-3.496834635751216
 20
-22.35092399798547
 30
0.0
 70
0
  0
SEQEND
  5
794
  8
TEXT
  0
POLYLINE
  5
835
  8
TEXT
 66
1
 10
0.0
 20
0.0
 30
0.0
 70
1
  0
VERTEX
  5
837
  8
TEXT
 10
-0.2546017256236314
 20
-22.63641144133198
 30
0.0
 70
0
  0
VERTEX
  5
838
  8
TEXT
 10
-0.29511387796936633
 20
-22.635228384137072
 30
0.0
 70
0
  0
VERTEX
  5
839
  8
TEXT
 10
-0.33432404972840407
 20
-22.63191464769178
 30
0.0
 70
0
  0
VERTEX
  5
83A
  8
TEXT
 10
-0.37223224090074486
 20
-22.626470231996098
 30
0.0
 70
0
  0
VERTEX
  5
83B
  8
TEXT
 10
-0.4088384514863889
 20
-22.618895137050032
 30
0.0
 70
0
  0
VERTEX
  5
83C
  8
TEXT
 10
-0.444142681485336
 20
-22.609189362853577
 30
0.0
 70
0
  0
VERTEX
  5
83D
  8
TEXT
 10
-0.478144930897586
 20
-22.597352909406734
 30
0.0
 70
0
  0
VERTEX
  5
83E
  8
TEXT
 10
-0.5108451997231391
 20
-22.583385776709505
 30
0.0
 70
0
  0
VERTEX
  5
83F
  8
TEXT
 10
-0.5422434879619954
 20
-22.567287964761885
 30
0.0
 70
0
  0
VERTEX
  5
840
  8
TEXT
 10
-0.5723397956141549
 20
-22.54905947356388
 30
0.0
 70
0
  0
VERTEX
  5
841
  8
TEXT
 10
-0.6008869265321122
 20
-22.528891581705672
 30
0.0
 70
0
  0
VERTEX
  5
842
  8
TEXT
 10
-0.6276376845683623
 20
-22.506975567777445
 30
0.0
 70
0
  0
VERTEX
  5
843
  8
TEXT
 10
-0.6525920697229055
 20
-22.483311431779196
 30
0.0
 70
0
  0
VERTEX
  5
844
  8
TEXT
 10
-0.6757500819957417
 20
-22.457899173710928
 30
0.0
 70
0
  0
VERTEX
  5
845
  8
TEXT
 10
-0.6971117213868706
 20
-22.43073879357264
 30
0.0
 70
0
  0
VERTEX
  5
846
  8
TEXT
 10
-0.7166769878962925
 20
-22.40183029136433
 30
0.0
 70
0
  0
VERTEX
  5
847
  8
TEXT
 10
-0.7344458815240072
 20
-22.371173667086005
 30
0.0
 70
0
  0
VERTEX
  5
848
  8
TEXT
 10
-0.7504184022700151
 20
-22.338768920737657
 30
0.0
 70
0
  0
VERTEX
  5
849
  8
TEXT
 10
-0.7645945501343157
 20
-22.30461605231929
 30
0.0
 70
0
  0
VERTEX
  5
84A
  8
TEXT
 10
-0.7756632640543165
 20
-22.272538629598674
 30
0.0
 70
0
  0
VERTEX
  5
84B
  8
TEXT
 10
-0.7849690752521145
 20
-22.23935483445291
 30
0.0
 70
0
  0
VERTEX
  5
84C
  8
TEXT
 10
-0.7925119837277094
 20
-22.205064666881995
 30
0.0
 70
0
  0
VERTEX
  5
84D
  8
TEXT
 10
-0.7982919894811011
 20
-22.16966812688593
 30
0.0
 70
0
  0
VERTEX
  5
84E
  8
TEXT
 10
-0.80230909251229
 20
-22.133165214464718
 30
0.0
 70
0
  0
VERTEX
  5
84F
  8
TEXT
 10
-0.8045632928212757
 20
-22.095555929618353
 30
0.0
 70
0
  0
VERTEX
  5
850
  8
TEXT
 10
-0.8050545904080584
 20
-22.056840272346836
 30
0.0
 70
0
  0
VERTEX
  5
851
  8
TEXT
 10
-0.8037829852726383
 20
-22.017018242650174
 30
0.0
 70
0
  0
VERTEX
  5
852
  8
TEXT
 10
-0.8007484774150149
 20
-21.976089840528356
 30
0.0
 70
0
  0
VERTEX
  5
853
  8
TEXT
 10
-0.7959510668351886
 20
-21.934055065981394
 30
0.0
 70
0
  0
VERTEX
  5
854
  8
TEXT
 10
-0.6510776877863574
 20
-20.934196825467176
 30
0.0
 70
0
  0
VERTEX
  5
855
  8
TEXT
 10
-0.3608775321808206
 20
-20.935026734333643
 30
0.0
 70
0
  0
VERTEX
  5
856
  8
TEXT
 10
-0.5088734621984965
 20
-21.947225088821856
 30
0.0
 70
0
  0
VERTEX
  5
857
  8
TEXT
 10
-0.5126762588469237
 20
-21.987520120457006
 30
0.0
 70
0
  0
VERTEX
  5
858
  8
TEXT
 10
-0.5135584279930112
 20
-22.026108359476712
 30
0.0
 70
0
  0
VERTEX
  5
859
  8
TEXT
 10
-0.511519969636759
 20
-22.06298980588098
 30
0.0
 70
0
  0
VERTEX
  5
85A
  8
TEXT
 10
-0.5065608837781671
 20
-22.09816445966981
 30
0.0
 70
0
  0
VERTEX
  5
85B
  8
TEXT
 10
-0.49868117041723553
 20
-22.131632320843195
 30
0.0
 70
0
  0
VERTEX
  5
85C
  8
TEXT
 10
-0.48788082955396417
 20
-22.163393389401143
 30
0.0
 70
0
  0
VERTEX
  5
85D
  8
TEXT
 10
-0.47143442446421985
 20
-22.198820432962457
 30
0.0
 70
0
  0
VERTEX
  5
85E
  8
TEXT
 10
-0.451520780269646
 20
-22.230923150245864
 30
0.0
 70
0
  0
VERTEX
  5
85F
  8
TEXT
 10
-0.42813989697024246
 20
-22.25970154125136
 30
0.0
 70
0
  0
VERTEX
  5
860
  8
TEXT
 10
-0.4012917745660093
 20
-22.285155605978947
 30
0.0
 70
0
  0
VERTEX
  5
861
  8
TEXT
 10
-0.37097641305694645
 20
-22.307285344428625
 30
0.0
 70
0
  0
VERTEX
  5
862
  8
TEXT
 10
-0.34323580373161244
 20
-22.32292961709858
 30
0.0
 70
0
  0
VERTEX
  5
863
  8
TEXT
 10
-0.31342894419140666
 20
-22.335749809590588
 30
0.0
 70
0
  0
VERTEX
  5
864
  8
TEXT
 10
-0.28155583443632914
 20
-22.345745921904644
 30
0.0
 70
0
  0
VERTEX
  5
865
  8
TEXT
 10
-0.24761647446637963
 20
-22.35291795404075
 30
0.0
 70
0
  0
VERTEX
  5
866
  8
TEXT
 10
-0.2116108642815583
 20
-22.357265905998904
 30
0.0
 70
0
  0
VERTEX
  5
867
  8
TEXT
 10
-0.17353900388186527
 20
-22.358789777779105
 30
0.0
 70
0
  0
VERTEX
  5
868
  8
TEXT
 10
-0.1340009438525167
 20
-22.357402096119632
 30
0.0
 70
0
  0
VERTEX
  5
869
  8
TEXT
 10
-0.09565489191068302
 20
-22.353009501880276
 30
0.0
 70
0
  0
VERTEX
  5
86A
  8
TEXT
 10
-0.058500848056364844
 20
-22.345611995061038
 30
0.0
 70
0
  0
VERTEX
  5
86B
  8
TEXT
 10
-0.02253881228956152
 20
-22.335209575661917
 30
0.0
 70
0
  0
VERTEX
  5
86C
  8
TEXT
 10
0.012231215389726616
 20
-22.32180224368291
 30
0.0
 70
0
  0
VERTEX
  5
86D
  8
TEXT
 10
0.04580923498149958
 20
-22.30538999912402
 30
0.0
 70
0
  0
VERTEX
  5
86E
  8
TEXT
 10
0.07793724110945267
 20
-22.286229375891935
 30
0.0
 70
0
  0
VERTEX
  5
86F
  8
TEXT
 10
0.10835722839728039
 20
-22.264576907893332
 30
0.0
 70
0
  0
VERTEX
  5
870
  8
TEXT
 10
0.1370691968449831
 20
-22.240432595128212
 30
0.0
 70
0
  0
VERTEX
  5
871
  8
TEXT
 10
0.16407314645256088
 20
-22.213796437596578
 30
0.0
 70
0
  0
VERTEX
  5
872
  8
TEXT
 10
0.18936907722001367
 20
-22.184668435298427
 30
0.0
 70
0
  0
VERTEX
  5
873
  8
TEXT
 10
0.21295698914734135
 20
-22.15304858823376
 30
0.0
 70
0
  0
VERTEX
  5
874
  8
TEXT
 10
0.23143727649327966
 20
-22.124118988105764
 30
0.0
 70
0
  0
VERTEX
  5
875
  8
TEXT
 10
0.2479057342329256
 20
-22.09367150677537
 30
0.0
 70
0
  0
VERTEX
  5
876
  8
TEXT
 10
0.26236236236627913
 20
-22.061706144242574
 30
0.0
 70
0
  0
VERTEX
  5
877
  8
TEXT
 10
0.2748071608933411
 20
-22.028222900507377
 30
0.0
 70
0
  0
VERTEX
  5
878
  8
TEXT
 10
0.28524012981411045
 20
-21.99322177556978
 30
0.0
 70
0
  0
VERTEX
  5
879
  8
TEXT
 10
0.29366126912858764
 20
-21.95670276942978
 30
0.0
 70
0
  0
VERTEX
  5
87A
  8
TEXT
 10
0.30007057883677274
 20
-21.918665882087378
 30
0.0
 70
0
  0
VERTEX
  5
87B
  8
TEXT
 10
0.4418037492813023
 20
-20.93732222694302
 30
0.0
 70
0
  0
VERTEX
  5
87C
  8
TEXT
 10
0.7289166691889079
 20
-20.93814330699176
 30
0.0
 70
0
  0
VERTEX
  5
87D
  8
TEXT
 10
0.4926152590884698
 20
-22.60150118684707
 30
0.0
 70
0
  0
VERTEX
  5
87E
  8
TEXT
 10
0.21167681057672671
 20
-22.60069776443379
 30
0.0
 70
0
  0
VERTEX
  5
87F
  8
TEXT
 10
0.23692208285933603
 20
-22.409359781703877
 30
0.0
 70
0
  0
VERTEX
  5
880
  8
TEXT
 10
0.2133421413924576
 20
-22.438192540985693
 30
0.0
 70
0
  0
VERTEX
  5
881
  8
TEXT
 10
0.188052464370896
 20
-22.46513375133114
 30
0.0
 70
0
  0
VERTEX
  5
882
  8
TEXT
 10
0.16105305179465063
 20
-22.49018341274023
 30
0.0
 70
0
  0
VERTEX
  5
883
  8
TEXT
 10
0.13234390366372223
 20
-22.513341525212955
 30
0.0
 70
0
  0
VERTEX
  5
884
  8
TEXT
 10
0.10192501997811036
 20
-22.534608088749316
 30
0.0
 70
0
  0
VERTEX
  5
885
  8
TEXT
 10
0.06979640073781525
 20
-22.553983103349314
 30
0.0
 70
0
  0
VERTEX
  5
886
  8
TEXT
 10
0.037082654806155704
 20
-22.571384027899402
 30
0.0
 70
0
  0
VERTEX
  5
887
  8
TEXT
 10
0.0035362862918157517
 20
-22.586724397367046
 30
0.0
 70
0
  0
VERTEX
  5
888
  8
TEXT
 10
-0.030842704805205172
 20
-22.600004211752236
 30
0.0
 70
0
  0
VERTEX
  5
889
  8
TEXT
 10
-0.06605431848490742
 20
-22.61122347105498
 30
0.0
 70
0
  0
VERTEX
  5
88A
  8
TEXT
 10
-0.10209855474729032
 20
-22.620382175275278
 30
0.0
 70
0
  0
VERTEX
  5
88B
  8
TEXT
 10
-0.1389754135923542
 20
-22.627480324413124
 30
0.0
 70
0
  0
VERTEX
  5
88C
  8
TEXT
 10
-0.17668489502009907
 20
-22.632517918468526
 30
0.0
 70
0
  0
VERTEX
  5
88D
  8
TEXT
 10
-0.21522699903052472
 20
-22.635494957441477
 30
0.0
 70
0
  0
SEQEND
  5
836
  8
TEXT
  0
POLYLINE
  5
88E
  8
TEXT
 66
1
 10
0.0
 20
0.0
 30
0.0
 70
1
  0
VERTEX
  5
890
  8
TEXT
 10
1.6821135417394428
 20
-22.57454349932595
 30
0.0
 70
0
  0
VERTEX
  5
891
  8
TEXT
 10
1.6416629378213623
 20
-22.576770756353337
 30
0.0
 70
0
  0
VERTEX
  5
892
  8
TEXT
 10
1.6018805698057883
 20
-22.577156308733564
 30
0.0
 70
0
  0
VERTEX
  5
893
  8
TEXT
 10
1.5627664376927206
 20
-22.575700156466624
 30
0.0
 70
0
  0
VERTEX
  5
894
  8
TEXT
 10
1.5243205414821595
 20
-22.57240229955252
 30
0.0
 70
0
  0
VERTEX
  5
895
  8
TEXT
 10
1.4865428811741048
 20
-22.56726273799126
 30
0.0
 70
0
  0
VERTEX
  5
896
  8
TEXT
 10
1.4494334567685565
 20
-22.560281471782833
 30
0.0
 70
0
  0
VERTEX
  5
897
  8
TEXT
 10
1.4129922682655147
 20
-22.551458500927243
 30
0.0
 70
0
  0
VERTEX
  5
898
  8
TEXT
 10
1.3772193156649797
 20
-22.54079382542449
 30
0.0
 70
0
  0
VERTEX
  5
899
  8
TEXT
 10
1.3423897956469808
 20
-22.5284053007863
 30
0.0
 70
0
  0
VERTEX
  5
89A
  8
TEXT
 10
1.3087789048915481
 20
-22.514410782524404
 30
0.0
 70
0
  0
VERTEX
  5
89B
  8
TEXT
 10
1.2763866433986821
 20
-22.498810270638796
 30
0.0
 70
0
  0
VERTEX
  5
89C
  8
TEXT
 10
1.2452130111683821
 20
-22.481603765129474
 30
0.0
 70
0
  0
VERTEX
  5
89D
  8
TEXT
 10
1.2152580082006486
 20
-22.462791265996447
 30
0.0
 70
0
  0
VERTEX
  5
89E
  8
TEXT
 10
1.1865216344954814
 20
-22.442372773239708
 30
0.0
 70
0
  0
VERTEX
  5
89F
  8
TEXT
 10
1.1590038900528805
 20
-22.42034828685926
 30
0.0
 70
0
  0
VERTEX
  5
8A0
  8
TEXT
 10
1.1327047748728458
 20
-22.3967178068551
 30
0.0
 70
0
  0
VERTEX
  5
8A1
  8
TEXT
 10
1.1078523392827306
 20
-22.371693543664104
 30
0.0
 70
0
  0
VERTEX
  5
8A2
  8
TEXT
 10
1.084674633609888
 20
-22.345487707723148
 30
0.0
 70
0
  0
VERTEX
  5
8A3
  8
TEXT
 10
1.0631716578543178
 20
-22.318100299032228
 30
0.0
 70
0
  0
VERTEX
  5
8A4
  8
TEXT
 10
1.0433434120160205
 20
-22.289531317591344
 30
0.0
 70
0
  0
VERTEX
  5
8A5
  8
TEXT
 10
1.0251898960949952
 20
-22.2597807634005
 30
0.0
 70
0
  0
VERTEX
  5
8A6
  8
TEXT
 10
1.0087111100912427
 20
-22.228848636459688
 30
0.0
 70
0
  0
VERTEX
  5
8A7
  8
TEXT
 10
0.9939070540047629
 20
-22.19673493676892
 30
0.0
 70
0
  0
VERTEX
  5
8A8
  8
TEXT
 10
0.9807777278355554
 20
-22.163439664328184
 30
0.0
 70
0
  0
VERTEX
  5
8A9
  8
TEXT
 10
1.2104254405947004
 20
-22.049724132405622
 30
0.0
 70
0
  0
VERTEX
  5
8AA
  8
TEXT
 10
1.2278277647158338
 20
-22.084159174266077
 30
0.0
 70
0
  0
VERTEX
  5
8AB
  8
TEXT
 10
1.2470738311414333
 20
-22.116468248986543
 30
0.0
 70
0
  0
VERTEX
  5
8AC
  8
TEXT
 10
1.2681636398714997
 20
-22.146651356567027
 30
0.0
 70
0
  0
VERTEX
  5
8AD
  8
TEXT
 10
1.2910971909060325
 20
-22.174708497007522
 30
0.0
 70
0
  0
VERTEX
  5
8AE
  8
TEXT
 10
1.3158744842450318
 20
-22.200639670308032
 30
0.0
 70
0
  0
VERTEX
  5
8AF
  8
TEXT
 10
1.3424955198884978
 20
-22.224444876468556
 30
0.0
 70
0
  0
VERTEX
  5
8B0
  8
TEXT
 10
1.3709602978364301
 20
-22.246124115489096
 30
0.0
 70
0
  0
VERTEX
  5
8B1
  8
TEXT
 10
1.4012688180888293
 20
-22.26567738736965
 30
0.0
 70
0
  0
VERTEX
  5
8B2
  8
TEXT
 10
1.4329881409680172
 20
-22.282823628710847
 30
0.0
 70
0
  0
VERTEX
  5
8B3
  8
TEXT
 10
1.4656853267963164
 20
-22.297281776113312
 30
0.0
 70
0
  0
VERTEX
  5
8B4
  8
TEXT
 10
1.4993603755737268
 20
-22.309051829577047
 30
0.0
 70
0
  0
VERTEX
  5
8B5
  8
TEXT
 10
1.5340132873002486
 20
-22.318133789102056
 30
0.0
 70
0
  0
VERTEX
  5
8B6
  8
TEXT
 10
1.5696440619758816
 20
-22.324527654688332
 30
0.0
 70
0
  0
VERTEX
  5
8B7
  8
TEXT
 10
1.6062526996006259
 20
-22.32823342633588
 30
0.0
 70
0
  0
VERTEX
  5
8B8
  8
TEXT
 10
1.6438392001744815
 20
-22.329251104044697
 30
0.0
 70
0
  0
VERTEX
  5
8B9
  8
TEXT
 10
1.6824035636974481
 20
-22.327580687814784
 30
0.0
 70
0
  0
VERTEX
  5
8BA
  8
TEXT
 10
1.7229245384772847
 20
-22.32296001428291
 30
0.0
 70
0
  0
VERTEX
  5
8BB
  8
TEXT
 10
1.7609392455103412
 20
-22.315546950848294
 30
0.0
 70
0
  0
VERTEX
  5
8BC
  8
TEXT
 10
1.7964476847966184
 20
-22.305341497510938
 30
0.0
 70
0
  0
VERTEX
  5
8BD
  8
TEXT
 10
1.829449856336116
 20
-22.292343654270844
 30
0.0
 70
0
  0
VERTEX
  5
8BE
  8
TEXT
 10
1.8599457601288338
 20
-22.27655342112801
 30
0.0
 70
0
  0
VERTEX
  5
8BF
  8
TEXT
 10
1.8879353961747722
 20
-22.25797079808244
 30
0.0
 70
0
  0
VERTEX
  5
8C0
  8
TEXT
 10
1.9134187644739313
 20
-22.236595785134124
 30
0.0
 70
0
  0
VERTEX
  5
8C1
  8
TEXT
 10
1.939099010767063
 20
-22.209229278057148
 30
0.0
 70
0
  0
VERTEX
  5
8C2
  8
TEXT
 10
1.9596025359863303
 20
-22.1802625752588
 30
0.0
 70
0
  0
VERTEX
  5
8C3
  8
TEXT
 10
1.9749293401317327
 20
-22.149695676739086
 30
0.0
 70
0
  0
VERTEX
  5
8C4
  8
TEXT
 10
1.9850794232032707
 20
-22.117528582498
 30
0.0
 70
0
  0
VERTEX
  5
8C5
  8
TEXT
 10
1.9900527852009442
 20
-22.08376129253555
 30
0.0
 70
0
  0
VERTEX
  5
8C6
  8
TEXT
 10
1.9898494261247532
 20
-22.04839380685173
 30
0.0
 70
0
  0
VERTEX
  5
8C7
  8
TEXT
 10
1.983348393425311
 20
-22.010867560103325
 30
0.0
 70
0
  0
VERTEX
  5
8C8
  8
TEXT
 10
1.96996331916
 20
-21.977549694434355
 30
0.0
 70
0
  0
VERTEX
  5
8C9
  8
TEXT
 10
1.9496942033288192
 20
-21.948440209844826
 30
0.0
 70
0
  0
VERTEX
  5
8CA
  8
TEXT
 10
1.9225410459317693
 20
-21.923539106334733
 30
0.0
 70
0
  0
VERTEX
  5
8CB
  8
TEXT
 10
1.896207621836834
 20
-21.906311937503173
 30
0.0
 70
0
  0
VERTEX
  5
8CC
  8
TEXT
 10
1.866159634640002
 20
-21.891105491761085
 30
0.0
 70
0
  0
VERTEX
  5
8CD
  8
TEXT
 10
1.832397084341274
 20
-21.877919769108473
 30
0.0
 70
0
  0
VERTEX
  5
8CE
  8
TEXT
 10
1.7949199709406498
 20
-21.866754769545334
 30
0.0
 70
0
  0
VERTEX
  5
8CF
  8
TEXT
 10
1.7537282944381294
 20
-21.85761049307167
 30
0.0
 70
0
  0
VERTEX
  5
8D0
  8
TEXT
 10
1.5052725615523612
 20
-21.80789280077989
 30
0.0
 70
0
  0
VERTEX
  5
8D1
  8
TEXT
 10
1.4633668121946335
 20
-21.798684372520743
 30
0.0
 70
0
  0
VERTEX
  5
8D2
  8
TEXT
 10
1.4235792330163939
 20
-21.78782157148985
 30
0.0
 70
0
  0
VERTEX
  5
8D3
  8
TEXT
 10
1.3859098240176424
 20
-21.775304397687215
 30
0.0
 70
0
  0
VERTEX
  5
8D4
  8
TEXT
 10
1.350358585198379
 20
-21.761132851112837
 30
0.0
 70
0
  0
VERTEX
  5
8D5
  8
TEXT
 10
1.3169255165586036
 20
-21.745306931766716
 30
0.0
 70
0
  0
VERTEX
  5
8D6
  8
TEXT
 10
1.2856106180983162
 20
-21.727826639648853
 30
0.0
 70
0
  0
VERTEX
  5
8D7
  8
TEXT
 10
1.2564138898175172
 20
-21.708691974759248
 30
0.0
 70
0
  0
VERTEX
  5
8D8
  8
TEXT
 10
1.229335331716206
 20
-21.687902937097896
 30
0.0
 70
0
  0
VERTEX
  5
8D9
  8
TEXT
 10
1.2043749437943827
 20
-21.6654595266648
 30
0.0
 70
0
  0
VERTEX
  5
8DA
  8
TEXT
 10
1.1789790626119954
 20
-21.638487511942675
 30
0.0
 70
0
  0
VERTEX
  5
8DB
  8
TEXT
 10
1.1565693504370107
 20
-21.609930310618967
 30
0.0
 70
0
  0
VERTEX
  5
8DC
  8
TEXT
 10
1.1371458072694287
 20
-21.579787922693676
 30
0.0
 70
0
  0
VERTEX
  5
8DD
  8
TEXT
 10
1.1207084331092496
 20
-21.548060348166807
 30
0.0
 70
0
  0
VERTEX
  5
8DE
  8
TEXT
 10
1.1072572279564734
 20
-21.514747587038354
 30
0.0
 70
0
  0
VERTEX
  5
8DF
  8
TEXT
 10
1.0967921918110997
 20
-21.47984963930832
 30
0.0
 70
0
  0
VERTEX
  5
8E0
  8
TEXT
 10
1.089313324673129
 20
-21.443366504976705
 30
0.0
 70
0
  0
VERTEX
  5
8E1
  8
TEXT
 10
1.084820626542561
 20
-21.405298184043506
 30
0.0
 70
0
  0
VERTEX
  5
8E2
  8
TEXT
 10
1.0832996963548207
 20
-21.368905508156576
 30
0.0
 70
0
  0
VERTEX
  5
8E3
  8
TEXT
 10
1.0844094424523076
 20
-21.333216932166007
 30
0.0
 70
0
  0
VERTEX
  5
8E4
  8
TEXT
 10
1.0881498648350216
 20
-21.29823245607179
 30
0.0
 70
0
  0
VERTEX
  5
8E5
  8
TEXT
 10
1.094520963502963
 20
-21.263952079873935
 30
0.0
 70
0
  0
VERTEX
  5
8E6
  8
TEXT
 10
1.1035227384561315
 20
-21.230375803572436
 30
0.0
 70
0
  0
VERTEX
  5
8E7
  8
TEXT
 10
1.1151551896945273
 20
-21.197503627167293
 30
0.0
 70
0
  0
VERTEX
  5
8E8
  8
TEXT
 10
1.1294183172181502
 20
-21.165335550658508
 30
0.0
 70
0
  0
VERTEX
  5
8E9
  8
TEXT
 10
1.1463121210270004
 20
-21.13387157404608
 30
0.0
 70
0
  0
VERTEX
  5
8EA
  8
TEXT
 10
1.1654870658486205
 20
-21.103441063319575
 30
0.0
 70
0
  0
VERTEX
  5
8EB
  8
TEXT
 10
1.1865936164105535
 20
-21.074373384468565
 30
0.0
 70
0
  0
VERTEX
  5
8EC
  8
TEXT
 10
1.209631772712799
 20
-21.046668537493044
 30
0.0
 70
0
  0
VERTEX
  5
8ED
  8
TEXT
 10
1.234601534755357
 20
-21.02032652239302
 30
0.0
 70
0
  0
VERTEX
  5
8EE
  8
TEXT
 10
1.2615029025382278
 20
-20.995347339168486
 30
0.0
 70
0
  0
VERTEX
  5
8EF
  8
TEXT
 10
1.2903358760614112
 20
-20.971730987819445
 30
0.0
 70
0
  0
VERTEX
  5
8F0
  8
TEXT
 10
1.3211004553249075
 20
-20.949477468345897
 30
0.0
 70
0
  0
VERTEX
  5
8F1
  8
TEXT
 10
1.3537966403287163
 20
-20.92858678074784
 30
0.0
 70
0
  0
VERTEX
  5
8F2
  8
TEXT
 10
1.3841651501243746
 20
-20.91145817712807
 30
0.0
 70
0
  0
VERTEX
  5
8F3
  8
TEXT
 10
1.4154271455131902
 20
-20.895999960331533
 30
0.0
 70
0
  0
VERTEX
  5
8F4
  8
TEXT
 10
1.4475826264951628
 20
-20.88221213035823
 30
0.0
 70
0
  0
VERTEX
  5
8F5
  8
TEXT
 10
1.4806315930702922
 20
-20.870094687208162
 30
0.0
 70
0
  0
VERTEX
  5
8F6
  8
TEXT
 10
1.514574045238579
 20
-20.859647630881327
 30
0.0
 70
0
  0
VERTEX
  5
8F7
  8
TEXT
 10
1.5494099830000225
 20
-20.850870961377723
 30
0.0
 70
0
  0
VERTEX
  5
8F8
  8
TEXT
 10
1.5851394063546231
 20
-20.843764678697354
 30
0.0
 70
0
  0
VERTEX
  5
8F9
  8
TEXT
 10
1.6217623153023808
 20
-20.838328782840218
 30
0.0
 70
0
  0
VERTEX
  5
8FA
  8
TEXT
 10
1.6592787098432953
 20
-20.834563273806317
 30
0.0
 70
0
  0
VERTEX
  5
8FB
  8
TEXT
 10
1.7001084473300054
 20
-20.832371327681994
 30
0.0
 70
0
  0
VERTEX
  5
8FC
  8
TEXT
 10
1.7400488230734734
 20
-20.83216730583414
 30
0.0
 70
0
  0
VERTEX
  5
8FD
  8
TEXT
 10
1.7790998370736995
 20
-20.83395120826276
 30
0.0
 70
0
  0
VERTEX
  5
8FE
  8
TEXT
 10
1.8172614893306833
 20
-20.837723034967848
 30
0.0
 70
0
  0
VERTEX
  5
8FF
  8
TEXT
 10
1.8545337798444257
 20
-20.84348278594941
 30
0.0
 70
0
  0
VERTEX
  5
900
  8
TEXT
 10
1.8909167086149257
 20
-20.851230461207443
 30
0.0
 70
0
  0
VERTEX
  5
901
  8
TEXT
 10
1.926410275642184
 20
-20.860966060741944
 30
0.0
 70
0
  0
VERTEX
  5
902
  8
TEXT
 10
1.9610144809262002
 20
-20.872689584552916
 30
0.0
 70
0
  0
VERTEX
  5
903
  8
TEXT
 10
1.9947293244669746
 20
-20.88640103264036
 30
0.0
 70
0
  0
VERTEX
  5
904
  8
TEXT
 10
2.0275548062645066
 20
-20.902100405004276
 30
0.0
 70
0
  0
VERTEX
  5
905
  8
TEXT
 10
2.059490926318797
 20
-20.919787701644662
 30
0.0
 70
0
  0
VERTEX
  5
906
  8
TEXT
 10
2.090101723308833
 20
-20.939202284779174
 30
0.0
 70
0
  0
VERTEX
  5
907
  8
TEXT
 10
2.1189512359136025
 20
-20.96008351662547
 30
0.0
 70
0
  0
VERTEX
  5
908
  8
TEXT
 10
2.1460394641331058
 20
-20.982431397183547
 30
0.0
 70
0
  0
VERTEX
  5
909
  8
TEXT
 10
2.171366407967343
 20
-21.006245926453403
 30
0.0
 70
0
  0
VERTEX
  5
90A
  8
TEXT
 10
2.1949320674163135
 20
-21.031527104435042
 30
0.0
 70
0
  0
VERTEX
  5
90B
  8
TEXT
 10
2.216736442480018
 20
-21.058274931128462
 30
0.0
 70
0
  0
VERTEX
  5
90C
  8
TEXT
 10
2.236779533158456
 20
-21.086489406533666
 30
0.0
 70
0
  0
VERTEX
  5
90D
  8
TEXT
 10
2.2550613394516272
 20
-21.11617053065065
 30
0.0
 70
0
  0
VERTEX
  5
90E
  8
TEXT
 10
2.271581861359532
 20
-21.147318303479413
 30
0.0
 70
0
  0
VERTEX
  5
90F
  8
TEXT
 10
2.2863410988821706
 20
-21.17993272501996
 30
0.0
 70
0
  0
VERTEX
  5
910
  8
TEXT
 10
2.299339052019543
 20
-21.214013795272287
 30
0.0
 70
0
  0
VERTEX
  5
911
  8
TEXT
 10
2.0658437239897065
 20
-21.328026318643055
 30
0.0
 70
0
  0
VERTEX
  5
912
  8
TEXT
 10
2.0497677174158118
 20
-21.29270245019292
 30
0.0
 70
0
  0
VERTEX
  5
913
  8
TEXT
 10
2.0315287694119606
 20
-21.2600574370296
 30
0.0
 70
0
  0
VERTEX
  5
914
  8
TEXT
 10
2.0111268799781534
 20
-21.230091279153104
 30
0.0
 70
0
  0
VERTEX
  5
915
  8
TEXT
 10
1.9885620491143907
 20
-21.202803976563423
 30
0.0
 70
0
  0
VERTEX
  5
916
  8
TEXT
 10
1.9638342768206718
 20
-21.178195529260563
 30
0.0
 70
0
  0
VERTEX
  5
917
  8
TEXT
 10
1.9369435630969964
 20
-21.156265937244523
 30
0.0
 70
0
  0
VERTEX
  5
918
  8
TEXT
 10
1.9078899079433653
 20
-21.1370152005153
 30
0.0
 70
0
  0
VERTEX
  5
919
  8
TEXT
 10
1.8771118807870724
 20
-21.1205990440286
 30
0.0
 70
0
  0
VERTEX
  5
91A
  8
TEXT
 10
1.8450480510554117
 20
-21.10717319274012
 30
0.0
 70
0
  0
VERTEX
  5
91B
  8
TEXT
 10
1.8116984187483842
 20
-21.096737646649864
 30
0.0
 70
0
  0
VERTEX
  5
91C
  8
TEXT
 10
1.7770629838659895
 20
-21.089292405757828
 30
0.0
 70
0
  0
VERTEX
  5
91D
  8
TEXT
 10
1.7411417464082275
 20
-21.08483747006401
 30
0.0
 70
0
  0
VERTEX
  5
91E
  8
TEXT
 10
1.7039347063750983
 20
-21.083372839568415
 30
0.0
 70
0
  0
VERTEX
  5
91F
  8
TEXT
 10
1.6654418637666015
 20
-21.084898514271046
 30
0.0
 70
0
  0
VERTEX
  5
920
  8
TEXT
 10
1.6274408364089856
 20
-21.089214090129225
 30
0.0
 70
0
  0
VERTEX
  5
921
  8
TEXT
 10
1.591709242128498
 20
-21.096119163100287
 30
0.0
 70
0
  0
VERTEX
  5
922
  8
TEXT
 10
1.5582470809251385
 20
-21.10561373318423
 30
0.0
 70
0
  0
VERTEX
  5
923
  8
TEXT
 10
1.5270543527989076
 20
-21.11769780038106
 30
0.0
 70
0
  0
VERTEX
  5
924
  8
TEXT
 10
1.498131057749805
 20
-21.13237136469077
 30
0.0
 70
0
  0
VERTEX
  5
925
  8
TEXT
 10
1.4714771957778305
 20
-21.149634426113362
 30
0.0
 70
0
  0
VERTEX
  5
926
  8
TEXT
 10
1.4470927668829845
 20
-21.16948698464884
 30
0.0
 70
0
  0
VERTEX
  5
927
  8
TEXT
 10
1.422454534659761
 20
-21.195031317467055
 30
0.0
 70
0
  0
VERTEX
  5
928
  8
TEXT
 10
1.402789166821415
 20
-21.222320599373898
 30
0.0
 70
0
  0
VERTEX
  5
929
  8
TEXT
 10
1.3880966633679463
 20
-21.251354830369362
 30
0.0
 70
0
  0
VERTEX
  5
92A
  8
TEXT
 10
1.378377024299355
 20
-21.282134010453454
 30
0.0
 70
0
  0
VERTEX
  5
92B
  8
TEXT
 10
1.373630249615641
 20
-21.314658139626168
 30
0.0
 70
0
  0
VERTEX
  5
92C
  8
TEXT
 10
1.3738563393168044
 20
-21.348927217887507
 30
0.0
 70
0
  0
VERTEX
  5
92D
  8
TEXT
 10
1.3799688980960747
 20
-21.386435068589854
 30
0.0
 70
0
  0
VERTEX
  5
92E
  8
TEXT
 10
1.3921885506008707
 20
-21.419697746120633
 30
0.0
 70
0
  0
VERTEX
  5
92F
  8
TEXT
 10
1.4105152968311927
 20
-21.448715250479847
 30
0.0
 70
0
  0
VERTEX
  5
930
  8
TEXT
 10
1.43494913678704
 20
-21.473487581667495
 30
0.0
 70
0
  0
VERTEX
  5
931
  8
TEXT
 10
1.458801079656048
 20
-21.49065857764858
 30
0.0
 70
0
  0
VERTEX
  5
932
  8
TEXT
 10
1.4863770893532944
 20
-21.505931974228858
 30
0.0
 70
0
  0
VERTEX
  5
933
  8
TEXT
 10
1.5176771658787795
 20
-21.51930777140832
 30
0.0
 70
0
  0
VERTEX
  5
934
  8
TEXT
 10
1.5527013092325035
 20
-21.530785969186972
 30
0.0
 70
0
  0
VERTEX
  5
935
  8
TEXT
 10
1.5914495194144662
 20
-21.54036656756481
 30
0.0
 70
0
  0
VERTEX
  5
936
  8
TEXT
 10
1.860803826052446
 20
-21.600082750138007
 30
0.0
 70
0
  0
VERTEX
  5
937
  8
TEXT
 10
1.9021401380215228
 20
-21.61014746785225
 30
0.0
 70
0
  0
VERTEX
  5
938
  8
TEXT
 10
1.9414554498197427
 20
-21.621763489057653
 30
0.0
 70
0
  0
VERTEX
  5
939
  8
TEXT
 10
1.9787497614471055
 20
-21.634930813754213
 30
0.0
 70
0
  0
VERTEX
  5
93A
  8
TEXT
 10
2.0140230729036106
 20
-21.649649441941932
 30
0.0
 70
0
  0
VERTEX
  5
93B
  8
TEXT
 10
2.0472753841892595
 20
-21.665919373620806
 30
0.0
 70
0
  0
VERTEX
  5
93C
  8
TEXT
 10
2.0785066953040507
 20
-21.683740608790842
 30
0.0
 70
0
  0
VERTEX
  5
93D
  8
TEXT
 10
2.1077170062479853
 20
-21.703113147452033
 30
0.0
 70
0
  0
VERTEX
  5
93E
  8
TEXT
 10
2.1349063170210627
 20
-21.72403698960438
 30
0.0
 70
0
  0
VERTEX
  5
93F
  8
TEXT
 10
2.160074627623283
 20
-21.746512135247887
 30
0.0
 70
0
  0
VERTEX
  5
940
  8
TEXT
 10
2.1857419723526665
 20
-21.773475291556533
 30
0.0
 70
0
  0
VERTEX
  5
941
  8
TEXT
 10
2.208388932878036
 20
-21.802050466357027
 30
0.0
 70
0
  0
VERTEX
  5
942
  8
TEXT
 10
2.228015509199391
 20
-21.832237659649376
 30
0.0
 70
0
  0
VERTEX
  5
943
  8
TEXT
 10
2.244621701316732
 20
-21.864036871433573
 30
0.0
 70
0
  0
VERTEX
  5
944
  8
TEXT
 10
2.2582075092300586
 20
-21.897448101709617
 30
0.0
 70
0
  0
VERTEX
  5
945
  8
TEXT
 10
2.2687729329393713
 20
-21.932471350477513
 30
0.0
 70
0
  0
VERTEX
  5
946
  8
TEXT
 10
2.2763179724446694
 20
-21.96910661773726
 30
0.0
 70
0
  0
VERTEX
  5
947
  8
TEXT
 10
2.2808426277459533
 20
-22.00735390348886
 30
0.0
 70
0
  0
VERTEX
  5
948
  8
TEXT
 10
2.2823162871414295
 20
-22.04336922189499
 30
0.0
 70
0
  0
VERTEX
  5
949
  8
TEXT
 10
2.281124126956792
 20
-22.07869524849732
 30
0.0
 70
0
  0
VERTEX
  5
94A
  8
TEXT
 10
2.2772661471920395
 20
-22.113331983295833
 30
0.0
 70
0
  0
VERTEX
  5
94B
  8
TEXT
 10
2.2707423478471727
 20
-22.147279426290538
 30
0.0
 70
0
  0
VERTEX
  5
94C
  8
TEXT
 10
2.261552728922192
 20
-22.180537577481434
 30
0.0
 70
0
  0
VERTEX
  5
94D
  8
TEXT
 10
2.2496972904170964
 20
-22.213106436868518
 30
0.0
 70
0
  0
VERTEX
  5
94E
  8
TEXT
 10
2.235176032331887
 20
-22.244986004451796
 30
0.0
 70
0
  0
VERTEX
  5
94F
  8
TEXT
 10
2.217988954666563
 20
-22.276176280231265
 30
0.0
 70
0
  0
VERTEX
  5
950
  8
TEXT
 10
2.198443509401559
 20
-22.30635114656132
 30
0.0
 70
0
  0
VERTEX
  5
951
  8
TEXT
 10
2.1768471485173086
 20
-22.33518448579636
 30
0.0
 70
0
  0
VERTEX
  5
952
  8
TEXT
 10
2.153199872013812
 20
-22.362676297936385
 30
0.0
 70
0
  0
VERTEX
  5
953
  8
TEXT
 10
2.1275016798910698
 20
-22.388826582981395
 30
0.0
 70
0
  0
VERTEX
  5
954
  8
TEXT
 10
2.099752572149081
 20
-22.41363534093139
 30
0.0
 70
0
  0
VERTEX
  5
955
  8
TEXT
 10
2.069952548787846
 20
-22.43710257178637
 30
0.0
 70
0
  0
VERTEX
  5
956
  8
TEXT
 10
2.038101609807365
 20
-22.459228275546334
 30
0.0
 70
0
  0
VERTEX
  5
957
  8
TEXT
 10
2.004199755207638
 20
-22.480012452211284
 30
0.0
 70
0
  0
VERTEX
  5
958
  8
TEXT
 10
1.9726264933845936
 20
-22.497071581675865
 30
0.0
 70
0
  0
VERTEX
  5
959
  8
TEXT
 10
1.939999707754305
 20
-22.51249179119415
 30
0.0
 70
0
  0
VERTEX
  5
95A
  8
TEXT
 10
1.9063193983167719
 20
-22.526273080766146
 30
0.0
 70
0
  0
VERTEX
  5
95B
  8
TEXT
 10
1.8715855650719944
 20
-22.538415450391845
 30
0.0
 70
0
  0
VERTEX
  5
95C
  8
TEXT
 10
1.8357982080199726
 20
-22.54891890007125
 30
0.0
 70
0
  0
VERTEX
  5
95D
  8
TEXT
 10
1.7989573271607069
 20
-22.557783429804367
 30
0.0
 70
0
  0
VERTEX
  5
95E
  8
TEXT
 10
1.7610629224941965
 20
-22.565009039591185
 30
0.0
 70
0
  0
VERTEX
  5
95F
  8
TEXT
 10
1.7221149940204419
 20
-22.570595729431716
 30
0.0
 70
0
  0
SEQEND
  5
88F
  8
TEXT
  0
POLYLINE
  5
960
  8
TEXT
 66
1
 10
0.0
 20
0.0
 30
0.0
 70
1
  0
VERTEX
  5
962
  8
TEXT
 10
3.576091624104185
 20
-22.352799772500124
 30
0.0
 70
0
  0
VERTEX
  5
963
  8
TEXT
 10
3.5354953547592345
 20
-22.358435013425318
 30
0.0
 70
0
  0
VERTEX
  5
964
  8
TEXT
 10
3.4954532492717245
 20
-22.362211108950277
 30
0.0
 70
0
  0
VERTEX
  5
965
  8
TEXT
 10
3.4559653076416548
 20
-22.364128059075004
 30
0.0
 70
0
  0
VERTEX
  5
966
  8
TEXT
 10
3.417031529869026
 20
-22.36418586379949
 30
0.0
 70
0
  0
VERTEX
  5
967
  8
TEXT
 10
3.3786519159538377
 20
-22.362384523123744
 30
0.0
 70
0
  0
VERTEX
  5
968
  8
TEXT
 10
3.34082646589609
 20
-22.35872403704776
 30
0.0
 70
0
  0
VERTEX
  5
969
  8
TEXT
 10
3.3035551796957825
 20
-22.353204405571546
 30
0.0
 70
0
  0
VERTEX
  5
96A
  8
TEXT
 10
3.2668380573529157
 20
-22.345825628695092
 30
0.0
 70
0
  0
VERTEX
  5
96B
  8
TEXT
 10
3.2306750988674895
 20
-22.336587706418406
 30
0.0
 70
0
  0
VERTEX
  5
96C
  8
TEXT
 10
3.1950663042395036
 20
-22.32549063874148
 30
0.0
 70
0
  0
VERTEX
  5
96D
  8
TEXT
 10
3.1600116734689583
 20
-22.312534425664325
 30
0.0
 70
0
  0
VERTEX
  5
96E
  8
TEXT
 10
3.1257648989918247
 20
-22.29791089377796
 30
0.0
 70
0
  0
VERTEX
  5
96F
  8
TEXT
 10
3.092579673244074
 20
-22.28181186967342
 30
0.0
 70
0
  0
VERTEX
  5
970
  8
TEXT
 10
3.060455996225706
 20
-22.2642373533507
 30
0.0
 70
0
  0
VERTEX
  5
971
  8
TEXT
 10
3.029393867936721
 20
-22.245187344809803
 30
0.0
 70
0
  0
VERTEX
  5
972
  8
TEXT
 10
2.999393288377119
 20
-22.224661844050733
 30
0.0
 70
0
  0
VERTEX
  5
973
  8
TEXT
 10
2.9704542575468995
 20
-22.20266085107348
 30
0.0
 70
0
  0
VERTEX
  5
974
  8
TEXT
 10
2.942576775446063
 20
-22.179184365878054
 30
0.0
 70
0
  0
VERTEX
  5
975
  8
TEXT
 10
2.9157608420746097
 20
-22.15423238846445
 30
0.0
 70
0
  0
VERTEX
  5
976
  8
TEXT
 10
2.890006457432539
 20
-22.12780491883267
 30
0.0
 70
0
  0
VERTEX
  5
977
  8
TEXT
 10
2.865313621519851
 20
-22.099901956982713
 30
0.0
 70
0
  0
VERTEX
  5
978
  8
TEXT
 10
2.841682334336546
 20
-22.070523502914575
 30
0.0
 70
0
  0
VERTEX
  5
979
  8
TEXT
 10
2.82113248634831
 20
-22.04246907879548
 30
0.0
 70
0
  0
VERTEX
  5
97A
  8
TEXT
 10
2.801833882551061
 20
-22.01351884009644
 30
0.0
 70
0
  0
VERTEX
  5
97B
  8
TEXT
 10
2.7837865229447987
 20
-21.98367278681746
 30
0.0
 70
0
  0
VERTEX
  5
97C
  8
TEXT
 10
2.766990407529523
 20
-21.952930918958533
 30
0.0
 70
0
  0
VERTEX
  5
97D
  8
TEXT
 10
2.751445536305234
 20
-21.92129323651966
 30
0.0
 70
0
  0
VERTEX
  5
97E
  8
TEXT
 10
2.7371519092719314
 20
-21.888759739500845
 30
0.0
 70
0
  0
VERTEX
  5
97F
  8
TEXT
 10
2.724109526429616
 20
-21.855330427902082
 30
0.0
 70
0
  0
VERTEX
  5
980
  8
TEXT
 10
2.7123183877782866
 20
-21.82100530172338
 30
0.0
 70
0
  0
VERTEX
  5
981
  8
TEXT
 10
2.701778493317944
 20
-21.785784360964726
 30
0.0
 70
0
  0
VERTEX
  5
982
  8
TEXT
 10
2.6924898430485884
 20
-21.749667605626133
 30
0.0
 70
0
  0
VERTEX
  5
983
  8
TEXT
 10
2.6844524369702194
 20
-21.71265503570759
 30
0.0
 70
0
  0
VERTEX
  5
984
  8
TEXT
 10
2.677666275082837
 20
-21.67474665120911
 30
0.0
 70
0
  0
VERTEX
  5
985
  8
TEXT
 10
2.672212988199761
 20
-21.636486522213648
 30
0.0
 70
0
  0
VERTEX
  5
986
  8
TEXT
 10
2.668190526445019
 20
-21.59852032487514
 30
0.0
 70
0
  0
VERTEX
  5
987
  8
TEXT
 10
2.665598889818611
 20
-21.560848059193585
 30
0.0
 70
0
  0
VERTEX
  5
988
  8
TEXT
 10
2.664438078320537
 20
-21.523469725168983
 30
0.0
 70
0
  0
VERTEX
  5
989
  8
TEXT
 10
2.6647080919507964
 20
-21.486385322801333
 30
0.0
 70
0
  0
VERTEX
  5
98A
  8
TEXT
 10
2.6664089307093892
 20
-21.449594852090634
 30
0.0
 70
0
  0
VERTEX
  5
98B
  8
TEXT
 10
2.669540594596316
 20
-21.41309831303689
 30
0.0
 70
0
  0
VERTEX
  5
98C
  8
TEXT
 10
2.674103083611577
 20
-21.3768957056401
 30
0.0
 70
0
  0
VERTEX
  5
98D
  8
TEXT
 10
2.6800963977551713
 20
-21.34098702990026
 30
0.0
 70
0
  0
VERTEX
  5
98E
  8
TEXT
 10
2.6875205370270994
 20
-21.305372285817374
 30
0.0
 70
0
  0
VERTEX
  5
98F
  8
TEXT
 10
2.697295985486646
 20
-21.266372115389203
 30
0.0
 70
0
  0
VERTEX
  5
990
  8
TEXT
 10
2.708534437896186
 20
-21.228188889114495
 30
0.0
 70
0
  0
VERTEX
  5
991
  8
TEXT
 10
2.7212358942557198
 20
-21.190822606993247
 30
0.0
 70
0
  0
VERTEX
  5
992
  8
TEXT
 10
2.7354003545652463
 20
-21.154273269025463
 30
0.0
 70
0
  0
VERTEX
  5
993
  8
TEXT
 10
2.7510278188247668
 20
-21.11854087521114
 30
0.0
 70
0
  0
VERTEX
  5
994
  8
TEXT
 10
2.76811828703428
 20
-21.083625425550274
 30
0.0
 70
0
  0
VERTEX
  5
995
  8
TEXT
 10
2.7866717591937866
 20
-21.049526920042872
 30
0.0
 70
0
  0
VERTEX
  5
996
  8
TEXT
 10
2.806688235303287
 20
-21.01624535868893
 30
0.0
 70
0
  0
VERTEX
  5
997
  8
TEXT
 10
2.82816771536278
 20
-20.98378074148845
 30
0.0
 70
0
  0
VERTEX
  5
998
  8
TEXT
 10
2.8509836777734288
 20
-20.952336752142816
 30
0.0
 70
0
  0
VERTEX
  5
999
  8
TEXT
 10
2.8750096009363943
 20
-20.922117074353412
 30
0.0
 70
0
  0
VERTEX
  5
99A
  8
TEXT
 10
2.900245484851676
 20
-20.89312170812024
 30
0.0
 70
0
  0
VERTEX
  5
99B
  8
TEXT
 10
2.9266913295192754
 20
-20.8653506534433
 30
0.0
 70
0
  0
VERTEX
  5
99C
  8
TEXT
 10
2.9543471349391908
 20
-20.838803910322593
 30
0.0
 70
0
  0
VERTEX
  5
99D
  8
TEXT
 10
2.9832129011114237
 20
-20.813481478758113
 30
0.0
 70
0
  0
VERTEX
  5
99E
  8
TEXT
 10
3.0132886280359727
 20
-20.789383358749866
 30
0.0
 70
0
  0
VERTEX
  5
99F
  8
TEXT
 10
3.044574315712839
 20
-20.76650955029785
 30
0.0
 70
0
  0
VERTEX
  5
9A0
  8
TEXT
 10
3.0770699641420216
 20
-20.744860053402068
 30
0.0
 70
0
  0
VERTEX
  5
9A1
  8
TEXT
 10
3.107207531503241
 20
-20.72657815520543
 30
0.0
 70
0
  0
VERTEX
  5
9A2
  8
TEXT
 10
3.138039101737285
 20
-20.709599674627327
 30
0.0
 70
0
  0
VERTEX
  5
9A3
  8
TEXT
 10
3.169564674844153
 20
-20.693924611667757
 30
0.0
 70
0
  0
VERTEX
  5
9A4
  8
TEXT
 10
3.201784250823845
 20
-20.679552966326717
 30
0.0
 70
0
  0
VERTEX
  5
9A5
  8
TEXT
 10
3.2346978296763624
 20
-20.666484738604215
 30
0.0
 70
0
  0
VERTEX
  5
9A6
  8
TEXT
 10
3.2683054114017036
 20
-20.65471992850024
 30
0.0
 70
0
  0
VERTEX
  5
9A7
  8
TEXT
 10
3.3026069959998696
 20
-20.6442585360148
 30
0.0
 70
0
  0
VERTEX
  5
9A8
  8
TEXT
 10
3.33760258347086
 20
-20.63510056114789
 30
0.0
 70
0
  0
VERTEX
  5
9A9
  8
TEXT
 10
3.3732921738146744
 20
-20.627246003899515
 30
0.0
 70
0
  0
VERTEX
  5
9AA
  8
TEXT
 10
3.409675767031313
 20
-20.620694864269673
 30
0.0
 70
0
  0
VERTEX
  5
9AB
  8
TEXT
 10
3.4509141634672993
 20
-20.614975264466477
 30
0.0
 70
0
  0
VERTEX
  5
9AC
  8
TEXT
 10
3.49156638976317
 20
-20.611157501559855
 30
0.0
 70
0
  0
VERTEX
  5
9AD
  8
TEXT
 10
3.5316324459189254
 20
-20.60924157554981
 30
0.0
 70
0
  0
VERTEX
  5
9AE
  8
TEXT
 10
3.5711123319345655
 20
-20.60922748643634
 30
0.0
 70
0
  0
VERTEX
  5
9AF
  8
TEXT
 10
3.610006047810091
 20
-20.611115234219444
 30
0.0
 70
0
  0
VERTEX
  5
9B0
  8
TEXT
 10
3.6483135935455007
 20
-20.61490481889912
 30
0.0
 70
0
  0
VERTEX
  5
9B1
  8
TEXT
 10
3.6860349691407954
 20
-20.620596240475376
 30
0.0
 70
0
  0
VERTEX
  5
9B2
  8
TEXT
 10
3.7231701745959747
 20
-20.628189498948203
 30
0.0
 70
0
  0
VERTEX
  5
9B3
  8
TEXT
 10
3.759520001324067
 20
-20.637508949842235
 30
0.0
 70
0
  0
VERTEX
  5
9B4
  8
TEXT
 10
3.7948852407380986
 20
-20.64837894868211
 30
0.0
 70
0
  0
VERTEX
  5
9B5
  8
TEXT
 10
3.8292658928380705
 20
-20.660799495467828
 30
0.0
 70
0
  0
VERTEX
  5
9B6
  8
TEXT
 10
3.8626619576239825
 20
-20.67477059019938
 30
0.0
 70
0
  0
VERTEX
  5
9B7
  8
TEXT
 10
3.8950734350958345
 20
-20.690292232876775
 30
0.0
 70
0
  0
VERTEX
  5
9B8
  8
TEXT
 10
3.926500325253626
 20
-20.707364423500007
 30
0.0
 70
0
  0
VERTEX
  5
9B9
  8
TEXT
 10
3.956942628097358
 20
-20.72598716206908
 30
0.0
 70
0
  0
VERTEX
  5
9BA
  8
TEXT
 10
3.9864003436270297
 20
-20.746160448583993
 30
0.0
 70
0
  0
VERTEX
  5
9BB
  8
TEXT
 10
4.0145787913410915
 20
-20.7677606150171
 30
0.0
 70
0
  0
VERTEX
  5
9BC
  8
TEXT
 10
4.041183290737993
 20
-20.790663993340758
 30
0.0
 70
0
  0
VERTEX
  5
9BD
  8
TEXT
 10
4.066213841817734
 20
-20.814870583554963
 30
0.0
 70
0
  0
VERTEX
  5
9BE
  8
TEXT
 10
4.089670444580315
 20
-20.840380385659717
 30
0.0
 70
0
  0
VERTEX
  5
9BF
  8
TEXT
 10
4.111553099025736
 20
-20.867193399655022
 30
0.0
 70
0
  0
VERTEX
  5
9C0
  8
TEXT
 10
4.131861805153997
 20
-20.895309625540875
 30
0.0
 70
0
  0
VERTEX
  5
9C1
  8
TEXT
 10
4.150596562965097
 20
-20.92472906331728
 30
0.0
 70
0
  0
VERTEX
  5
9C2
  8
TEXT
 10
4.167757372459037
 20
-20.95545171298423
 30
0.0
 70
0
  0
VERTEX
  5
9C3
  8
TEXT
 10
3.9271435108795707
 20
-21.112134830652426
 30
0.0
 70
0
  0
VERTEX
  5
9C4
  8
TEXT
 10
3.9065306642915467
 20
-21.078553899526867
 30
0.0
 70
0
  0
VERTEX
  5
9C5
  8
TEXT
 10
3.8835800926126818
 20
-21.04750211243522
 30
0.0
 70
0
  0
VERTEX
  5
9C6
  8
TEXT
 10
3.8582917958429768
 20
-21.01897946937749
 30
0.0
 70
0
  0
VERTEX
  5
9C7
  8
TEXT
 10
3.8306657739824312
 20
-20.992985970353676
 30
0.0
 70
0
  0
VERTEX
  5
9C8
  8
TEXT
 10
3.800702027031045
 20
-20.969521615363774
 30
0.0
 70
0
  0
VERTEX
  5
9C9
  8
TEXT
 10
3.768400554988819
 20
-20.94858640440779
 30
0.0
 70
0
  0
VERTEX
  5
9CA
  8
TEXT
 10
3.733761357855752
 20
-20.93018033748572
 30
0.0
 70
0
  0
VERTEX
  5
9CB
  8
TEXT
 10
3.701982352689671
 20
-20.916505263629514
 30
0.0
 70
0
  0
VERTEX
  5
9CC
  8
TEXT
 10
3.669309441628779
 20
-20.905477658144836
 30
0.0
 70
0
  0
VERTEX
  5
9CD
  8
TEXT
 10
3.6357426246730773
 20
-20.89709752103169
 30
0.0
 70
0
  0
VERTEX
  5
9CE
  8
TEXT
 10
3.6012819018225644
 20
-20.891364852290074
 30
0.0
 70
0
  0
VERTEX
  5
9CF
  8
TEXT
 10
3.5659272730772416
 20
-20.88827965191999
 30
0.0
 70
0
  0
VERTEX
  5
9D0
  8
TEXT
 10
3.529678738437108
 20
-20.88784191992144
 30
0.0
 70
0
  0
VERTEX
  5
9D1
  8
TEXT
 10
3.492536297902164
 20
-20.890051656294414
 30
0.0
 70
0
  0
VERTEX
  5
9D2
  8
TEXT
 10
3.45449995147241
 20
-20.89490886103892
 30
0.0
 70
0
  0
VERTEX
  5
9D3
  8
TEXT
 10
3.417558355733924
 20
-20.901976134532678
 30
0.0
 70
0
  0
VERTEX
  5
9D4
  8
TEXT
 10
3.381922061030937
 20
-20.911101665090772
 30
0.0
 70
0
  0
VERTEX
  5
9D5
  8
TEXT
 10
3.3475910673634486
 20
-20.922285452713204
 30
0.0
 70
0
  0
VERTEX
  5
9D6
  8
TEXT
 10
3.314565374731459
 20
-20.935527497399974
 30
0.0
 70
0
  0
VERTEX
  5
9D7
  8
TEXT
 10
3.282844983134968
 20
-20.95082779915108
 30
0.0
 70
0
  0
VERTEX
  5
9D8
  8
TEXT
 10
3.2524298925739754
 20
-20.968186357966527
 30
0.0
 70
0
  0
VERTEX
  5
9D9
  8
TEXT
 10
3.2233201030484815
 20
-20.98760317384631
 30
0.0
 70
0
  0
VERTEX
  5
9DA
  8
TEXT
 10
3.1955156145584867
 20
-21.009078246790434
 30
0.0
 70
0
  0
VERTEX
  5
9DB
  8
TEXT
 10
3.16901642710399
 20
-21.032611576798892
 30
0.0
 70
0
  0
VERTEX
  5
9DC
  8
TEXT
 10
3.1439865498579067
 20
-21.057752192553664
 30
0.0
 70
0
  0
VERTEX
  5
9DD
  8
TEXT
 10
3.1205899919931523
 20
-21.084049122736722
 30
0.0
 70
0
  0
VERTEX
  5
9DE
  8
TEXT
 10
3.0988267535097265
 20
-21.111502367348066
 30
0.0
 70
0
  0
VERTEX
  5
9DF
  8
TEXT
 10
3.078696834407629
 20
-21.140111926387693
 30
0.0
 70
0
  0
VERTEX
  5
9E0
  8
TEXT
 10
3.0602002346868598
 20
-21.16987779985561
 30
0.0
 70
0
  0
VERTEX
  5
9E1
  8
TEXT
 10
3.043336954347419
 20
-21.200799987751807
 30
0.0
 70
0
  0
VERTEX
  5
9E2
  8
TEXT
 10
3.028106993389307
 20
-21.232878490076292
 30
0.0
 70
0
  0
VERTEX
  5
9E3
  8
TEXT
 10
3.0145103518125227
 20
-21.266113306829062
 30
0.0
 70
0
  0
VERTEX
  5
9E4
  8
TEXT
 10
3.0025470296170678
 20
-21.30050443801012
 30
0.0
 70
0
  0
VERTEX
  5
9E5
  8
TEXT
 10
2.9923535675908983
 20
-21.335610149428064
 30
0.0
 70
0
  0
VERTEX
  5
9E6
  8
TEXT
 10
2.984066506521974
 20
-21.3709887068915
 30
0.0
 70
0
  0
VERTEX
  5
9E7
  8
TEXT
 10
2.977685846410294
 20
-21.406640110400428
 30
0.0
 70
0
  0
VERTEX
  5
9E8
  8
TEXT
 10
2.973211587255858
 20
-21.44256435995485
 30
0.0
 70
0
  0
VERTEX
  5
9E9
  8
TEXT
 10
2.9706437290586667
 20
-21.478761455554764
 30
0.0
 70
0
  0
VERTEX
  5
9EA
  8
TEXT
 10
2.9699822718187194
 20
-21.51523139720017
 30
0.0
 70
0
  0
VERTEX
  5
9EB
  8
TEXT
 10
2.9712272155360173
 20
-21.55197418489107
 30
0.0
 70
0
  0
VERTEX
  5
9EC
  8
TEXT
 10
2.9743785602105586
 20
-21.58898981862746
 30
0.0
 70
0
  0
VERTEX
  5
9ED
  8
TEXT
 10
2.979436305842345
 20
-21.626278298409346
 30
0.0
 70
0
  0
VERTEX
  5
9EE
  8
TEXT
 10
2.986493737365055
 20
-21.66405897160312
 30
0.0
 70
0
  0
VERTEX
  5
9EF
  8
TEXT
 10
2.99530415407264
 20
-21.700434392430125
 30
0.0
 70
0
  0
VERTEX
  5
9F0
  8
TEXT
 10
3.005867555965099
 20
-21.735404560890355
 30
0.0
 70
0
  0
VERTEX
  5
9F1
  8
TEXT
 10
3.018183943042433
 20
-21.76896947698382
 30
0.0
 70
0
  0
VERTEX
  5
9F2
  8
TEXT
 10
3.032253315304642
 20
-21.80112914071051
 30
0.0
 70
0
  0
VERTEX
  5
9F3
  8
TEXT
 10
3.048075672751725
 20
-21.83188355207043
 30
0.0
 70
0
  0
VERTEX
  5
9F4
  8
TEXT
 10
3.0656510153836827
 20
-21.86123271106358
 30
0.0
 70
0
  0
VERTEX
  5
9F5
  8
TEXT
 10
3.084979343200515
 20
-21.88917661768996
 30
0.0
 70
0
  0
VERTEX
  5
9F6
  8
TEXT
 10
3.1088907591308184
 20
-21.91910891529046
 30
0.0
 70
0
  0
VERTEX
  5
9F7
  8
TEXT
 10
3.1344425602719697
 20
-21.946640024222273
 30
0.0
 70
0
  0
VERTEX
  5
9F8
  8
TEXT
 10
3.1616347466239687
 20
-21.971769944485388
 30
0.0
 70
0
  0
VERTEX
  5
9F9
  8
TEXT
 10
3.1904673181868155
 20
-21.994498676079807
 30
0.0
 70
0
  0
VERTEX
  5
9FA
  8
TEXT
 10
3.22094027496051
 20
-22.01482621900553
 30
0.0
 70
0
  0
VERTEX
  5
9FB
  8
TEXT
 10
3.253053616945052
 20
-22.032752573262563
 30
0.0
 70
0
  0
VERTEX
  5
9FC
  8
TEXT
 10
3.286807344140442
 20
-22.048277738850903
 30
0.0
 70
0
  0
VERTEX
  5
9FD
  8
TEXT
 10
3.3217577050247984
 20
-22.06112201922052
 30
0.0
 70
0
  0
VERTEX
  5
9FE
  8
TEXT
 10
3.35746094807624
 20
-22.071005717821386
 30
0.0
 70
0
  0
VERTEX
  5
9FF
  8
TEXT
 10
3.3939170732947668
 20
-22.07792883465351
 30
0.0
 70
0
  0
VERTEX
  5
A00
  8
TEXT
 10
3.4311260806803796
 20
-22.081891369716885
 30
0.0
 70
0
  0
VERTEX
  5
A01
  8
TEXT
 10
3.4690879702330775
 20
-22.08289332301151
 30
0.0
 70
0
  0
VERTEX
  5
A02
  8
TEXT
 10
3.5078027419528603
 20
-22.08093469453739
 30
0.0
 70
0
  0
VERTEX
  5
A03
  8
TEXT
 10
3.547270395839729
 20
-22.076015484294523
 30
0.0
 70
0
  0
VERTEX
  5
A04
  8
TEXT
 10
3.586345876566909
 20
-22.068426414921376
 30
0.0
 70
0
  0
VERTEX
  5
A05
  8
TEXT
 10
3.6239385606313554
 20
-22.058449466568533
 30
0.0
 70
0
  0
VERTEX
  5
A06
  8
TEXT
 10
3.6600484480330695
 20
-22.046084639236003
 30
0.0
 70
0
  0
VERTEX
  5
A07
  8
TEXT
 10
3.69467553877205
 20
-22.031331932923777
 30
0.0
 70
0
  0
VERTEX
  5
A08
  8
TEXT
 10
3.727819832848298
 20
-22.01419134763186
 30
0.0
 70
0
  0
VERTEX
  5
A09
  8
TEXT
 10
3.7594813302618126
 20
-21.994662883360252
 30
0.0
 70
0
  0
VERTEX
  5
A0A
  8
TEXT
 10
3.7896600310125947
 20
-21.972746540108954
 30
0.0
 70
0
  0
VERTEX
  5
A0B
  8
TEXT
 10
3.818355935100643
 20
-21.94844231787796
 30
0.0
 70
0
  0
VERTEX
  5
A0C
  8
TEXT
 10
3.845286418032446
 20
-21.922271960740176
 30
0.0
 70
0
  0
VERTEX
  5
A0D
  8
TEXT
 10
3.87016885531449
 20
-21.894757212768504
 30
0.0
 70
0
  0
VERTEX
  5
A0E
  8
TEXT
 10
3.8930032469467744
 20
-21.865898073962942
 30
0.0
 70
0
  0
VERTEX
  5
A0F
  8
TEXT
 10
3.9137895929293
 20
-21.83569454432349
 30
0.0
 70
0
  0
VERTEX
  5
A10
  8
TEXT
 10
3.9325278932620664
 20
-21.80414662385015
 30
0.0
 70
0
  0
VERTEX
  5
A11
  8
TEXT
 10
3.949218147945074
 20
-21.771254312542922
 30
0.0
 70
0
  0
VERTEX
  5
A12
  8
TEXT
 10
3.9638603569783224
 20
-21.737017610401804
 30
0.0
 70
0
  0
VERTEX
  5
A13
  8
TEXT
 10
3.976454520361812
 20
-21.701436517426796
 30
0.0
 70
0
  0
VERTEX
  5
A14
  8
TEXT
 10
4.245905598127463
 20
-21.79730230231384
 30
0.0
 70
0
  0
VERTEX
  5
A15
  8
TEXT
 10
4.2345995246691395
 20
-21.831473419603203
 30
0.0
 70
0
  0
VERTEX
  5
A16
  8
TEXT
 10
4.221644005369825
 20
-21.86495675872233
 30
0.0
 70
0
  0
VERTEX
  5
A17
  8
TEXT
 10
4.207039040229519
 20
-21.89775231967122
 30
0.0
 70
0
  0
VERTEX
  5
A18
  8
TEXT
 10
4.190784629248222
 20
-21.929860102449872
 30
0.0
 70
0
  0
VERTEX
  5
A19
  8
TEXT
 10
4.172880772425934
 20
-21.96128010705829
 30
0.0
 70
0
  0
VERTEX
  5
A1A
  8
TEXT
 10
4.1533274697626545
 20
-21.992012333496472
 30
0.0
 70
0
  0
VERTEX
  5
A1B
  8
TEXT
 10
4.132124721258385
 20
-22.022056781764416
 30
0.0
 70
0
  0
VERTEX
  5
A1C
  8
TEXT
 10
4.109272526913123
 20
-22.051413451862125
 30
0.0
 70
0
  0
VERTEX
  5
A1D
  8
TEXT
 10
4.084941750154179
 20
-22.07985336779902
 30
0.0
 70
0
  0
VERTEX
  5
A1E
  8
TEXT
 10
4.059303254408862
 20
-22.107147553584532
 30
0.0
 70
0
  0
VERTEX
  5
A1F
  8
TEXT
 10
4.032357039677171
 20
-22.133296009218657
 30
0.0
 70
0
  0
VERTEX
  5
A20
  8
TEXT
 10
4.004103105959107
 20
-22.158298734701397
 30
0.0
 70
0
  0
VERTEX
  5
A21
  8
TEXT
 10
3.9745414532546697
 20
-22.182155730032747
 30
0.0
 70
0
  0
VERTEX
  5
A22
  8
TEXT
 10
3.9436720815638586
 20
-22.204866995212715
 30
0.0
 70
0
  0
VERTEX
  5
A23
  8
TEXT
 10
3.9114949908866743
 20
-22.226432530241294
 30
0.0
 70
0
  0
VERTEX
  5
A24
  8
TEXT
 10
3.8780101812231162
 20
-22.24685233511849
 30
0.0
 70
0
  0
VERTEX
  5
A25
  8
TEXT
 10
3.847309028344714
 20
-22.26384186085525
 30
0.0
 70
0
  0
VERTEX
  5
A26
  8
TEXT
 10
3.8158965370992752
 20
-22.279526989529536
 30
0.0
 70
0
  0
VERTEX
  5
A27
  8
TEXT
 10
3.7837727074868
 20
-22.29390772114134
 30
0.0
 70
0
  0
VERTEX
  5
A28
  8
TEXT
 10
3.7509375395072886
 20
-22.306984055690666
 30
0.0
 70
0
  0
VERTEX
  5
A29
  8
TEXT
 10
3.717391033160741
 20
-22.318755993177515
 30
0.0
 70
0
  0
VERTEX
  5
A2A
  8
TEXT
 10
3.6831331884471563
 20
-22.329223533601887
 30
0.0
 70
0
  0
VERTEX
  5
A2B
  8
TEXT
 10
3.6481640053665356
 20
-22.338386676963776
 30
0.0
 70
0
  0
VERTEX
  5
A2C
  8
TEXT
 10
3.6124834839188784
 20
-22.34624542326319
 30
0.0
 70
0
  0
SEQEND
  5
961
  8
TEXT
  0
POLYLINE
  5
A2D
  8
TEXT
 66
1
 10
0.0
 20
0.0
 30
0.0
 70
1
  0
VERTEX
  5
A2F
  8
TEXT
 10
5.334118399849916
 20
-22.000434674713553
 30
0.0
 70
0
  0
VERTEX
  5
A30
  8
TEXT
 10
5.294565113019883
 20
-22.009276145911922
 30
0.0
 70
0
  0
VERTEX
  5
A31
  8
TEXT
 10
5.255748311665267
 20
-22.015731713369426
 30
0.0
 70
0
  0
VERTEX
  5
A32
  8
TEXT
 10
5.217667995786067
 20
-22.01980137708607
 30
0.0
 70
0
  0
VERTEX
  5
A33
  8
TEXT
 10
5.180324165382286
 20
-22.021485137061845
 30
0.0
 70
0
  0
VERTEX
  5
A34
  8
TEXT
 10
5.143716820453921
 20
-22.02078299329676
 30
0.0
 70
0
  0
VERTEX
  5
A35
  8
TEXT
 10
5.107845961000973
 20
-22.017694945790808
 30
0.0
 70
0
  0
VERTEX
  5
A36
  8
TEXT
 10
5.072711587023442
 20
-22.012220994543995
 30
0.0
 70
0
  0
VERTEX
  5
A37
  8
TEXT
 10
5.038313698521328
 20
-22.00436113955632
 30
0.0
 70
0
  0
VERTEX
  5
A38
  8
TEXT
 10
5.0046522954946315
 20
-21.99411538082778
 30
0.0
 70
0
  0
VERTEX
  5
A39
  8
TEXT
 10
4.972014102070698
 20
-21.981608147893457
 30
0.0
 70
0
  0
VERTEX
  5
A3A
  8
TEXT
 10
4.940685842376876
 20
-21.966963870288446
 30
0.0
 70
0
  0
VERTEX
  5
A3B
  8
TEXT
 10
4.910667516413163
 20
-21.950182548012737
 30
0.0
 70
0
  0
VERTEX
  5
A3C
  8
TEXT
 10
4.881959124179561
 20
-21.931264181066336
 30
0.0
 70
0
  0
VERTEX
  5
A3D
  8
TEXT
 10
4.854560665676069
 20
-21.910208769449238
 30
0.0
 70
0
  0
VERTEX
  5
A3E
  8
TEXT
 10
4.8284721409026865
 20
-21.887016313161446
 30
0.0
 70
0
  0
VERTEX
  5
A3F
  8
TEXT
 10
4.803693549859415
 20
-21.86168681220296
 30
0.0
 70
0
  0
VERTEX
  5
A40
  8
TEXT
 10
4.780224892546253
 20
-21.834220266573784
 30
0.0
 70
0
  0
VERTEX
  5
A41
  8
TEXT
 10
4.758066168963202
 20
-21.80461667627391
 30
0.0
 70
0
  0
VERTEX
  5
A42
  8
TEXT
 10
4.739430645900088
 20
-21.77625834845995
 30
0.0
 70
0
  0
VERTEX
  5
A43
  8
TEXT
 10
4.722230838803136
 20
-21.74639316776147
 30
0.0
 70
0
  0
VERTEX
  5
A44
  8
TEXT
 10
4.706466747672348
 20
-21.715021134178475
 30
0.0
 70
0
  0
VERTEX
  5
A45
  8
TEXT
 10
4.692138372507723
 20
-21.682142247710956
 30
0.0
 70
0
  0
VERTEX
  5
A46
  8
TEXT
 10
4.679245713309261
 20
-21.647756508358917
 30
0.0
 70
0
  0
VERTEX
  5
A47
  8
TEXT
 10
4.667788770076964
 20
-21.611863916122356
 30
0.0
 70
0
  0
VERTEX
  5
A48
  8
TEXT
 10
4.657767542810829
 20
-21.574464471001278
 30
0.0
 70
0
  0
VERTEX
  5
A49
  8
TEXT
 10
4.649182031510857
 20
-21.535558172995678
 30
0.0
 70
0
  0
VERTEX
  5
A4A
  8
TEXT
 10
4.642032236177049
 20
-21.495145022105557
 30
0.0
 70
0
  0
VERTEX
  5
A4B
  8
TEXT
 10
4.636318156809404
 20
-21.453225018330915
 30
0.0
 70
0
  0
VERTEX
  5
A4C
  8
TEXT
 10
4.530210953246268
 20
-20.448513090247438
 30
0.0
 70
0
  0
VERTEX
  5
A4D
  8
TEXT
 10
4.811657736698845
 20
-20.377770407612395
 30
0.0
 70
0
  0
VERTEX
  5
A4E
  8
TEXT
 10
4.917781152465041
 20
-21.39521137629636
 30
0.0
 70
0
  0
VERTEX
  5
A4F
  8
TEXT
 10
4.924030221362798
 20
-21.43520012439802
 30
0.0
 70
0
  0
VERTEX
  5
A50
  8
TEXT
 10
4.932688964310403
 20
-21.472814703800317
 30
0.0
 70
0
  0
VERTEX
  5
A51
  8
TEXT
 10
4.943757381307856
 20
-21.50805511450325
 30
0.0
 70
0
  0
VERTEX
  5
A52
  8
TEXT
 10
4.957235472355158
 20
-21.540921356506825
 30
0.0
 70
0
  0
VERTEX
  5
A53
  8
TEXT
 10
4.973123237452309
 20
-21.571413429811034
 30
0.0
 70
0
  0
VERTEX
  5
A54
  8
TEXT
 10
4.991420676599307
 20
-21.599531334415882
 30
0.0
 70
0
  0
VERTEX
  5
A55
  8
TEXT
 10
5.016093718113172
 20
-21.6298100510057
 30
0.0
 70
0
  0
VERTEX
  5
A56
  8
TEXT
 10
5.043307379842156
 20
-21.656012232162748
 30
0.0
 70
0
  0
VERTEX
  5
A57
  8
TEXT
 10
5.073061661786257
 20
-21.678137877887032
 30
0.0
 70
0
  0
VERTEX
  5
A58
  8
TEXT
 10
5.105356563945475
 20
-21.696186988178546
 30
0.0
 70
0
  0
VERTEX
  5
A59
  8
TEXT
 10
5.140192086319811
 20
-21.710159563037298
 30
0.0
 70
0
  0
VERTEX
  5
A5A
  8
TEXT
 10
5.170933385000926
 20
-21.71848165583366
 30
0.0
 70
0
  0
VERTEX
  5
A5B
  8
TEXT
 10
5.202980893574449
 20
-21.7235574223188
 30
0.0
 70
0
  0
VERTEX
  5
A5C
  8
TEXT
 10
5.236334612040379
 20
-21.72538686249272
 30
0.0
 70
0
  0
VERTEX
  5
A5D
  8
TEXT
 10
5.270994540398716
 20
-21.723969976355413
 30
0.0
 70
0
  0
VERTEX
  5
A5E
  8
TEXT
 10
5.306960678649459
 20
-21.719306763906886
 30
0.0
 70
0
  0
VERTEX
  5
A5F
  8
TEXT
 10
5.34423302679261
 20
-21.711397225147138
 30
0.0
 70
0
  0
VERTEX
  5
A60
  8
TEXT
 10
5.382208490807245
 20
-21.70030452555932
 30
0.0
 70
0
  0
VERTEX
  5
A61
  8
TEXT
 10
5.418287900194055
 20
-21.686593551780028
 30
0.0
 70
0
  0
VERTEX
  5
A62
  8
TEXT
 10
5.452471254953038
 20
-21.67026430380926
 30
0.0
 70
0
  0
VERTEX
  5
A63
  8
TEXT
 10
5.484758555084196
 20
-21.651316781647022
 30
0.0
 70
0
  0
VERTEX
  5
A64
  8
TEXT
 10
5.515149800587528
 20
-21.629750985293306
 30
0.0
 70
0
  0
VERTEX
  5
A65
  8
TEXT
 10
5.543644991463034
 20
-21.605566914748117
 30
0.0
 70
0
  0
VERTEX
  5
A66
  8
TEXT
 10
5.570057333295096
 20
-21.57907679471543
 30
0.0
 70
0
  0
VERTEX
  5
A67
  8
TEXT
 10
5.594200031668095
 20
-21.550592849899225
 30
0.0
 70
0
  0
VERTEX
  5
A68
  8
TEXT
 10
5.616073086582031
 20
-21.520115080299504
 30
0.0
 70
0
  0
VERTEX
  5
A69
  8
TEXT
 10
5.635676498036906
 20
-21.487643485916266
 30
0.0
 70
0
  0
VERTEX
  5
A6A
  8
TEXT
 10
5.653010266032718
 20
-21.45317806674951
 30
0.0
 70
0
  0
VERTEX
  5
A6B
  8
TEXT
 10
5.668074390569466
 20
-21.416718822799236
 30
0.0
 70
0
  0
VERTEX
  5
A6C
  8
TEXT
 10
5.678851817133955
 20
-21.384126034323852
 30
0.0
 70
0
  0
VERTEX
  5
A6D
  8
TEXT
 10
5.687305292015047
 20
-21.3505582226269
 30
0.0
 70
0
  0
VERTEX
  5
A6E
  8
TEXT
 10
5.6934348152127425
 20
-21.31601538770838
 30
0.0
 70
0
  0
VERTEX
  5
A6F
  8
TEXT
 10
5.697240386727042
 20
-21.280497529568294
 30
0.0
 70
0
  0
VERTEX
  5
A70
  8
TEXT
 10
5.698722006557945
 20
-21.24400464820664
 30
0.0
 70
0
  0
VERTEX
  5
A71
  8
TEXT
 10
5.697879674705452
 20
-21.206536743623417
 30
0.0
 70
0
  0
VERTEX
  5
A72
  8
TEXT
 10
5.694713391169563
 20
-21.16809381581863
 30
0.0
 70
0
  0
VERTEX
  5
A73
  8
TEXT
 10
5.590127563269805
 20
-20.182099157770793
 30
0.0
 70
0
  0
VERTEX
  5
A74
  8
TEXT
 10
5.868580232004803
 20
-20.11210905686591
 30
0.0
 70
0
  0
VERTEX
  5
A75
  8
TEXT
 10
6.049663180742504
 20
-21.782380519403862
 30
0.0
 70
0
  0
VERTEX
  5
A76
  8
TEXT
 10
5.777198741442668
 20
-21.850865456848425
 30
0.0
 70
0
  0
VERTEX
  5
A77
  8
TEXT
 10
5.754491591913393
 20
-21.659209690517145
 30
0.0
 70
0
  0
VERTEX
  5
A78
  8
TEXT
 10
5.738748053314693
 20
-21.69296591423627
 30
0.0
 70
0
  0
VERTEX
  5
A79
  8
TEXT
 10
5.720881206593352
 20
-21.72531050214474
 30
0.0
 70
0
  0
VERTEX
  5
A7A
  8
TEXT
 10
5.700891051749368
 20
-21.756243454242558
 30
0.0
 70
0
  0
VERTEX
  5
A7B
  8
TEXT
 10
5.678777588782741
 20
-21.785764770529717
 30
0.0
 70
0
  0
VERTEX
  5
A7C
  8
TEXT
 10
5.654540817693472
 20
-21.813874451006225
 30
0.0
 70
0
  0
VERTEX
  5
A7D
  8
TEXT
 10
5.62818073848156
 20
-21.840572495672074
 30
0.0
 70
0
  0
VERTEX
  5
A7E
  8
TEXT
 10
5.600766895286212
 20
-21.865501646266107
 30
0.0
 70
0
  0
VERTEX
  5
A7F
  8
TEXT
 10
5.5720381145943785
 20
-21.88863912529612
 30
0.0
 70
0
  0
VERTEX
  5
A80
  8
TEXT
 10
5.541994396406058
 20
-21.909984932762104
 30
0.0
 70
0
  0
VERTEX
  5
A81
  8
TEXT
 10
5.51063574072125
 20
-21.92953906866407
 30
0.0
 70
0
  0
VERTEX
  5
A82
  8
TEXT
 10
5.477962147539957
 20
-21.947301533002012
 30
0.0
 70
0
  0
VERTEX
  5
A83
  8
TEXT
 10
5.443973616862176
 20
-21.963272325775932
 30
0.0
 70
0
  0
VERTEX
  5
A84
  8
TEXT
 10
5.408670148687909
 20
-21.977451446985828
 30
0.0
 70
0
  0
VERTEX
  5
A85
  8
TEXT
 10
5.372051743017156
 20
-21.989838896631703
 30
0.0
 70
0
  0
SEQEND
  5
A2E
  8
TEXT
  0
POLYLINE
  5
A86
  8
TEXT
 66
1
 10
0.0
 20
0.0
 30
0.0
 70
1
  0
VERTEX
  5
A88
  8
TEXT
 10
6.591159755338398
 20
-21.619109162048257
 30
0.0
 70
0
  0
VERTEX
  5
A89
  8
TEXT
 10
6.195525886002391
 20
-19.292662538572362
 30
0.0
 70
0
  0
VERTEX
  5
A8A
  8
TEXT
 10
6.474315483779332
 20
-19.204105066334655
 30
0.0
 70
0
  0
VERTEX
  5
A8B
  8
TEXT
 10
6.86994935311534
 20
-21.53055168981055
 30
0.0
 70
0
  0
SEQEND
  5
A87
  8
TEXT
  0
POLYLINE
  5
A8C
  8
TEXT
 66
1
 10
0.0
 20
0.0
 30
0.0
 70
1
  0
VERTEX
  5
A8E
  8
TEXT
 10
7.98531655281949
 20
-21.182697291214428
 30
0.0
 70
0
  0
VERTEX
  5
A8F
  8
TEXT
 10
7.947141874770667
 20
-21.196310816396362
 30
0.0
 70
0
  0
VERTEX
  5
A90
  8
TEXT
 10
7.909406289358217
 20
-21.207466264042328
 30
0.0
 70
0
  0
VERTEX
  5
A91
  8
TEXT
 10
7.872109796582141
 20
-21.216163634152316
 30
0.0
 70
0
  0
VERTEX
  5
A92
  8
TEXT
 10
7.835252396442437
 20
-21.222402926726335
 30
0.0
 70
0
  0
VERTEX
  5
A93
  8
TEXT
 10
7.798834088939106
 20
-21.226184141764385
 30
0.0
 70
0
  0
VERTEX
  5
A94
  8
TEXT
 10
7.762854874072148
 20
-21.227507279266458
 30
0.0
 70
0
  0
VERTEX
  5
A95
  8
TEXT
 10
7.727314751841562
 20
-21.22637233923256
 30
0.0
 70
0
  0
VERTEX
  5
A96
  8
TEXT
 10
7.69221372224735
 20
-21.222779321662692
 30
0.0
 70
0
  0
VERTEX
  5
A97
  8
TEXT
 10
7.6575517852895105
 20
-21.216728226556853
 30
0.0
 70
0
  0
VERTEX
  5
A98
  8
TEXT
 10
7.623628732892243
 20
-21.20830747470778
 30
0.0
 70
0
  0
VERTEX
  5
A99
  8
TEXT
 10
7.590744356979747
 20
-21.19760548690822
 30
0.0
 70
0
  0
VERTEX
  5
A9A
  8
TEXT
 10
7.558898657552022
 20
-21.184622263158168
 30
0.0
 70
0
  0
VERTEX
  5
A9B
  8
TEXT
 10
7.528091634609069
 20
-21.169357803457626
 30
0.0
 70
0
  0
VERTEX
  5
A9C
  8
TEXT
 10
7.498323288150886
 20
-21.151812107806595
 30
0.0
 70
0
  0
VERTEX
  5
A9D
  8
TEXT
 10
7.469593618177476
 20
-21.131985176205077
 30
0.0
 70
0
  0
VERTEX
  5
A9E
  8
TEXT
 10
7.4419026246888365
 20
-21.10987700865307
 30
0.0
 70
0
  0
VERTEX
  5
A9F
  8
TEXT
 10
7.4152503076849685
 20
-21.08548760515057
 30
0.0
 70
0
  0
VERTEX
  5
AA0
  8
TEXT
 10
7.389636667165872
 20
-21.05881696569758
 30
0.0
 70
0
  0
VERTEX
  5
AA1
  8
TEXT
 10
7.367672097049352
 20
-21.032951252178787
 30
0.0
 70
0
  0
VERTEX
  5
AA2
  8
TEXT
 10
7.346948130797875
 20
-21.005414374993222
 30
0.0
 70
0
  0
VERTEX
  5
AA3
  8
TEXT
 10
7.327464768411439
 20
-20.976206334140894
 30
0.0
 70
0
  0
VERTEX
  5
AA4
  8
TEXT
 10
7.309222009890046
 20
-20.945327129621795
 30
0.0
 70
0
  0
VERTEX
  5
AA5
  8
TEXT
 10
7.292219855233694
 20
-20.912776761435925
 30
0.0
 70
0
  0
VERTEX
  5
AA6
  8
TEXT
 10
7.276458304442383
 20
-20.87855522958329
 30
0.0
 70
0
  0
VERTEX
  5
AA7
  8
TEXT
 10
7.261937357516115
 20
-20.842662534063887
 30
0.0
 70
0
  0
VERTEX
  5
AA8
  8
TEXT
 10
7.248657014454888
 20
-20.805098674877712
 30
0.0
 70
0
  0
VERTEX
  5
AA9
  8
TEXT
 10
7.236617275258703
 20
-20.765863652024773
 30
0.0
 70
0
  0
VERTEX
  5
AAA
  8
TEXT
 10
7.22581813992756
 20
-20.724957465505064
 30
0.0
 70
0
  0
VERTEX
  5
AAB
  8
TEXT
 10
6.997603910010651
 20
-19.740770967759516
 30
0.0
 70
0
  0
VERTEX
  5
AAC
  8
TEXT
 10
7.268283191798064
 20
-19.636130891912572
 30
0.0
 70
0
  0
VERTEX
  5
AAD
  8
TEXT
 10
7.498070624072423
 20
-20.632948849264462
 30
0.0
 70
0
  0
VERTEX
  5
AAE
  8
TEXT
 10
7.50916448534051
 20
-20.671872840311007
 30
0.0
 70
0
  0
VERTEX
  5
AAF
  8
TEXT
 10
7.52235949733668
 20
-20.70814572372914
 30
0.0
 70
0
  0
VERTEX
  5
AB0
  8
TEXT
 10
7.537655660060933
 20
-20.741767499518858
 30
0.0
 70
0
  0
VERTEX
  5
AB1
  8
TEXT
 10
7.555052973513269
 20
-20.772738167680167
 30
0.0
 70
0
  0
VERTEX
  5
AB2
  8
TEXT
 10
7.574551437693688
 20
-20.801057728213067
 30
0.0
 70
0
  0
VERTEX
  5
AB3
  8
TEXT
 10
7.59615105260219
 20
-20.82672618111755
 30
0.0
 70
0
  0
VERTEX
  5
AB4
  8
TEXT
 10
7.624342714512686
 20
-20.853759306253128
 30
0.0
 70
0
  0
VERTEX
  5
AB5
  8
TEXT
 10
7.654557243590066
 20
-20.876435723843183
 30
0.0
 70
0
  0
VERTEX
  5
AB6
  8
TEXT
 10
7.686794639834331
 20
-20.894755433887717
 30
0.0
 70
0
  0
VERTEX
  5
AB7
  8
TEXT
 10
7.721054903245482
 20
-20.908718436386728
 30
0.0
 70
0
  0
VERTEX
  5
AB8
  8
TEXT
 10
7.757338033823517
 20
-20.91832473134022
 30
0.0
 70
0
  0
VERTEX
  5
AB9
  8
TEXT
 10
7.788866479764812
 20
-20.922823816762797
 30
0.0
 70
0
  0
VERTEX
  5
ABA
  8
TEXT
 10
7.8212942106529
 20
-20.923941171062648
 30
0.0
 70
0
  0
VERTEX
  5
ABB
  8
TEXT
 10
7.854621226487782
 20
-20.921676794239772
 30
0.0
 70
0
  0
VERTEX
  5
ABC
  8
TEXT
 10
7.888847527269458
 20
-20.916030686294164
 30
0.0
 70
0
  0
VERTEX
  5
ABD
  8
TEXT
 10
7.923973112997926
 20
-20.907002847225833
 30
0.0
 70
0
  0
VERTEX
  5
ABE
  8
TEXT
 10
7.959997983673188
 20
-20.89459327703477
 30
0.0
 70
0
  0
VERTEX
  5
ABF
  8
TEXT
 10
7.996331301514995
 20
-20.878938441811155
 30
0.0
 70
0
  0
VERTEX
  5
AC0
  8
TEXT
 10
8.03046251752475
 20
-20.860916935842646
 30
0.0
 70
0
  0
VERTEX
  5
AC1
  8
TEXT
 10
8.06239163170245
 20
-20.840528759129253
 30
0.0
 70
0
  0
VERTEX
  5
AC2
  8
TEXT
 10
8.0921186440481
 20
-20.81777391167097
 30
0.0
 70
0
  0
VERTEX
  5
AC3
  8
TEXT
 10
8.119643554561696
 20
-20.792652393467797
 30
0.0
 70
0
  0
VERTEX
  5
AC4
  8
TEXT
 10
8.144966363243238
 20
-20.76516420451974
 30
0.0
 70
0
  0
VERTEX
  5
AC5
  8
TEXT
 10
8.167939872215122
 20
-20.735642074753773
 30
0.0
 70
0
  0
VERTEX
  5
AC6
  8
TEXT
 10
8.18841688359974
 20
-20.70441873409688
 30
0.0
 70
0
  0
VERTEX
  5
AC7
  8
TEXT
 10
8.206397397397089
 20
-20.671494182549058
 30
0.0
 70
0
  0
VERTEX
  5
AC8
  8
TEXT
 10
8.221881413607173
 20
-20.63686842011031
 30
0.0
 70
0
  0
VERTEX
  5
AC9
  8
TEXT
 10
8.23486893222999
 20
-20.60054144678064
 30
0.0
 70
0
  0
VERTEX
  5
ACA
  8
TEXT
 10
8.245359953265542
 20
-20.56251326256004
 30
0.0
 70
0
  0
VERTEX
  5
ACB
  8
TEXT
 10
8.252069444232179
 20
-20.528846877026055
 30
0.0
 70
0
  0
VERTEX
  5
ACC
  8
TEXT
 10
8.256353164717373
 20
-20.494497074137364
 30
0.0
 70
0
  0
VERTEX
  5
ACD
  8
TEXT
 10
8.258211114721124
 20
-20.45946385389396
 30
0.0
 70
0
  0
VERTEX
  5
ACE
  8
TEXT
 10
8.257643294243435
 20
-20.42374721629585
 30
0.0
 70
0
  0
VERTEX
  5
ACF
  8
TEXT
 10
8.2546497032843
 20
-20.387347161343026
 30
0.0
 70
0
  0
VERTEX
  5
AD0
  8
TEXT
 10
8.249230341843726
 20
-20.350263689035494
 30
0.0
 70
0
  0
VERTEX
  5
AD1
  8
TEXT
 10
8.241385209921708
 20
-20.31249679937325
 30
0.0
 70
0
  0
VERTEX
  5
AD2
  8
TEXT
 10
8.016970566954738
 20
-19.346700894889103
 30
0.0
 70
0
  0
VERTEX
  5
AD3
  8
TEXT
 10
8.284770281914627
 20
-19.2431740113384
 30
0.0
 70
0
  0
VERTEX
  5
AD4
  8
TEXT
 10
8.668813417525772
 20
-20.878749953593047
 30
0.0
 70
0
  0
VERTEX
  5
AD5
  8
TEXT
 10
8.406772836220936
 20
-20.98005045255126
 30
0.0
 70
0
  0
VERTEX
  5
AD6
  8
TEXT
 10
8.360791448474007
 20
-20.792611770874714
 30
0.0
 70
0
  0
VERTEX
  5
AD7
  8
TEXT
 10
8.349295462171014
 20
-20.8280403461538
 30
0.0
 70
0
  0
VERTEX
  5
AD8
  8
TEXT
 10
8.335519432338357
 20
-20.862327626313977
 30
0.0
 70
0
  0
VERTEX
  5
AD9
  8
TEXT
 10
8.319463358976037
 20
-20.895473611355246
 30
0.0
 70
0
  0
VERTEX
  5
ADA
  8
TEXT
 10
8.301127242084053
 20
-20.927478301277606
 30
0.0
 70
0
  0
VERTEX
  5
ADB
  8
TEXT
 10
8.280511081662405
 20
-20.958341696081057
 30
0.0
 70
0
  0
VERTEX
  5
ADC
  8
TEXT
 10
8.257614877711095
 20
-20.988063795765605
 30
0.0
 70
0
  0
VERTEX
  5
ADD
  8
TEXT
 10
8.233456439350434
 20
-21.01615919047814
 30
0.0
 70
0
  0
VERTEX
  5
ADE
  8
TEXT
 10
8.20777376822184
 20
-21.042637222497234
 30
0.0
 70
0
  0
VERTEX
  5
ADF
  8
TEXT
 10
8.180566864325309
 20
-21.067497891822878
 30
0.0
 70
0
  0
VERTEX
  5
AE0
  8
TEXT
 10
8.151835727660844
 20
-21.09074119845508
 30
0.0
 70
0
  0
VERTEX
  5
AE1
  8
TEXT
 10
8.121580358228442
 20
-21.11236714239384
 30
0.0
 70
0
  0
VERTEX
  5
AE2
  8
TEXT
 10
8.089800756028108
 20
-21.132375723639154
 30
0.0
 70
0
  0
VERTEX
  5
AE3
  8
TEXT
 10
8.056496921059837
 20
-21.150766942191023
 30
0.0
 70
0
  0
VERTEX
  5
AE4
  8
TEXT
 10
8.02166885332363
 20
-21.167540798049448
 30
0.0
 70
0
  0
SEQEND
  5
A8D
  8
TEXT
  0
POLYLINE
  5
AE5
  8
TEXT
 66
1
 10
0.0
 20
0.0
 30
0.0
 70
1
  0
VERTEX
  5
AE7
  8
TEXT
 10
9.767269951975551
 20
-20.421556205526993
 30
0.0
 70
0
  0
VERTEX
  5
AE8
  8
TEXT
 10
9.730391392447725
 20
-20.43832474387582
 30
0.0
 70
0
  0
VERTEX
  5
AE9
  8
TEXT
 10
9.693466437387139
 20
-20.45313464425827
 30
0.0
 70
0
  0
VERTEX
  5
AEA
  8
TEXT
 10
9.656495086793793
 20
-20.46598590667435
 30
0.0
 70
0
  0
VERTEX
  5
AEB
  8
TEXT
 10
9.619477340667688
 20
-20.476878531124054
 30
0.0
 70
0
  0
VERTEX
  5
AEC
  8
TEXT
 10
9.582413199008823
 20
-20.485812517607386
 30
0.0
 70
0
  0
VERTEX
  5
AED
  8
TEXT
 10
9.545302661817198
 20
-20.492787866124345
 30
0.0
 70
0
  0
VERTEX
  5
AEE
  8
TEXT
 10
9.508145729092812
 20
-20.49780457667493
 30
0.0
 70
0
  0
VERTEX
  5
AEF
  8
TEXT
 10
9.470942400835668
 20
-20.50086264925914
 30
0.0
 70
0
  0
VERTEX
  5
AF0
  8
TEXT
 10
9.433991886455573
 20
-20.501971925798838
 30
0.0
 70
0
  0
VERTEX
  5
AF1
  8
TEXT
 10
9.397593395362334
 20
-20.501142248215885
 30
0.0
 70
0
  0
VERTEX
  5
AF2
  8
TEXT
 10
9.361746927555952
 20
-20.498373616510282
 30
0.0
 70
0
  0
VERTEX
  5
AF3
  8
TEXT
 10
9.326452483036427
 20
-20.493666030682025
 30
0.0
 70
0
  0
VERTEX
  5
AF4
  8
TEXT
 10
9.291710061803759
 20
-20.487019490731118
 30
0.0
 70
0
  0
VERTEX
  5
AF5
  8
TEXT
 10
9.257519663857948
 20
-20.478433996657557
 30
0.0
 70
0
  0
VERTEX
  5
AF6
  8
TEXT
 10
9.223881289198994
 20
-20.467909548461346
 30
0.0
 70
0
  0
VERTEX
  5
AF7
  8
TEXT
 10
9.190794937826897
 20
-20.455446146142485
 30
0.0
 70
0
  0
VERTEX
  5
AF8
  8
TEXT
 10
9.158550166970471
 20
-20.441158667168587
 30
0.0
 70
0
  0
VERTEX
  5
AF9
  8
TEXT
 10
9.127436533858528
 20
-20.42516198900727
 30
0.0
 70
0
  0
VERTEX
  5
AFA
  8
TEXT
 10
9.097454038491067
 20
-20.40745611165854
 30
0.0
 70
0
  0
VERTEX
  5
AFB
  8
TEXT
 10
9.06860268086809
 20
-20.38804103512239
 30
0.0
 70
0
  0
VERTEX
  5
AFC
  8
TEXT
 10
9.040882460989595
 20
-20.366916759398826
 30
0.0
 70
0
  0
VERTEX
  5
AFD
  8
TEXT
 10
9.014293378855584
 20
-20.34408328448784
 30
0.0
 70
0
  0
VERTEX
  5
AFE
  8
TEXT
 10
8.988835434466054
 20
-20.31954061038944
 30
0.0
 70
0
  0
VERTEX
  5
AFF
  8
TEXT
 10
8.964508627821008
 20
-20.29328873710362
 30
0.0
 70
0
  0
VERTEX
  5
B00
  8
TEXT
 10
9.137163667695651
 20
-20.10392260660024
 30
0.0
 70
0
  0
VERTEX
  5
B01
  8
TEXT
 10
9.165885615801574
 20
-20.129684258134034
 30
0.0
 70
0
  0
VERTEX
  5
B02
  8
TEXT
 10
9.19555312447647
 20
-20.152795430998612
 30
0.0
 70
0
  0
VERTEX
  5
B03
  8
TEXT
 10
9.226166193720337
 20
-20.17325612519397
 30
0.0
 70
0
  0
VERTEX
  5
B04
  8
TEXT
 10
9.257724823533175
 20
-20.19106634072011
 30
0.0
 70
0
  0
VERTEX
  5
B05
  8
TEXT
 10
9.290229013914985
 20
-20.20622607757703
 30
0.0
 70
0
  0
VERTEX
  5
B06
  8
TEXT
 10
9.323678764865765
 20
-20.21873533576473
 30
0.0
 70
0
  0
VERTEX
  5
B07
  8
TEXT
 10
9.358074076385517
 20
-20.22859411528321
 30
0.0
 70
0
  0
VERTEX
  5
B08
  8
TEXT
 10
9.39341494847424
 20
-20.235802416132472
 30
0.0
 70
0
  0
VERTEX
  5
B09
  8
TEXT
 10
9.429195919283313
 20
-20.240255635642555
 30
0.0
 70
0
  0
VERTEX
  5
B0A
  8
TEXT
 10
9.464911526964114
 20
-20.241849171143492
 30
0.0
 70
0
  0
VERTEX
  5
B0B
  8
TEXT
 10
9.500561771516647
 20
-20.240583022635292
 30
0.0
 70
0
  0
VERTEX
  5
B0C
  8
TEXT
 10
9.536146652940909
 20
-20.236457190117946
 30
0.0
 70
0
  0
VERTEX
  5
B0D
  8
TEXT
 10
9.5716661712369
 20
-20.229471673591462
 30
0.0
 70
0
  0
VERTEX
  5
B0E
  8
TEXT
 10
9.607120326404623
 20
-20.219626473055833
 30
0.0
 70
0
  0
VERTEX
  5
B0F
  8
TEXT
 10
9.642509118444073
 20
-20.20692158851106
 30
0.0
 70
0
  0
VERTEX
  5
B10
  8
TEXT
 10
9.677832547355255
 20
-20.19135701995715
 30
0.0
 70
0
  0
VERTEX
  5
B11
  8
TEXT
 10
9.713907278213886
 20
-20.172332987406882
 30
0.0
 70
0
  0
VERTEX
  5
B12
  8
TEXT
 10
9.746632616507576
 20
-20.151617686447004
 30
0.0
 70
0
  0
VERTEX
  5
B13
  8
TEXT
 10
9.776008562236319
 20
-20.129211117077507
 30
0.0
 70
0
  0
VERTEX
  5
B14
  8
TEXT
 10
9.802035115400118
 20
-20.105113279298394
 30
0.0
 70
0
  0
VERTEX
  5
B15
  8
TEXT
 10
9.824712275998975
 20
-20.07932417310967
 30
0.0
 70
0
  0
VERTEX
  5
B16
  8
TEXT
 10
9.844040044032885
 20
-20.051843798511324
 30
0.0
 70
0
  0
VERTEX
  5
B17
  8
TEXT
 10
9.860018419501852
 20
-20.022672155503365
 30
0.0
 70
0
  0
VERTEX
  5
B18
  8
TEXT
 10
9.874003854248304
 20
-19.987846757096126
 30
0.0
 70
0
  0
VERTEX
  5
B19
  8
TEXT
 10
9.882584907052504
 20
-19.95341087537086
 30
0.0
 70
0
  0
VERTEX
  5
B1A
  8
TEXT
 10
9.885761577914451
 20
-19.919364510327572
 30
0.0
 70
0
  0
VERTEX
  5
B1B
  8
TEXT
 10
9.883533866834146
 20
-19.885707661966254
 30
0.0
 70
0
  0
VERTEX
  5
B1C
  8
TEXT
 10
9.875901773811588
 20
-19.852440330286917
 30
0.0
 70
0
  0
VERTEX
  5
B1D
  8
TEXT
 10
9.862865298846778
 20
-19.81956251528955
 30
0.0
 70
0
  0
VERTEX
  5
B1E
  8
TEXT
 10
9.843177161683819
 20
-19.78696098348146
 30
0.0
 70
0
  0
VERTEX
  5
B1F
  8
TEXT
 10
9.818603869160928
 20
-19.760780959027542
 30
0.0
 70
0
  0
VERTEX
  5
B20
  8
TEXT
 10
9.789145421278103
 20
-19.741022441927797
 30
0.0
 70
0
  0
VERTEX
  5
B21
  8
TEXT
 10
9.754801818035347
 20
-19.727685432182227
 30
0.0
 70
0
  0
VERTEX
  5
B22
  8
TEXT
 10
9.724009461897325
 20
-19.72120042069542
 30
0.0
 70
0
  0
VERTEX
  5
B23
  8
TEXT
 10
9.690490282959612
 20
-19.71794739594457
 30
0.0
 70
0
  0
VERTEX
  5
B24
  8
TEXT
 10
9.654244281222212
 20
-19.717926357929677
 30
0.0
 70
0
  0
VERTEX
  5
B25
  8
TEXT
 10
9.615271456685122
 20
-19.72113730665074
 30
0.0
 70
0
  0
VERTEX
  5
B26
  8
TEXT
 10
9.573571809348342
 20
-19.727580242107756
 30
0.0
 70
0
  0
VERTEX
  5
B27
  8
TEXT
 10
9.324027401439546
 20
-19.771508463242608
 30
0.0
 70
0
  0
VERTEX
  5
B28
  8
TEXT
 10
9.281639153799434
 20
-19.778151011115014
 30
0.0
 70
0
  0
VERTEX
  5
B29
  8
TEXT
 10
9.240623453159124
 20
-19.782482777969992
 30
0.0
 70
0
  0
VERTEX
  5
B2A
  8
TEXT
 10
9.200980299518616
 20
-19.784503763807546
 30
0.0
 70
0
  0
VERTEX
  5
B2B
  8
TEXT
 10
9.162709692877907
 20
-19.784213968627675
 30
0.0
 70
0
  0
VERTEX
  5
B2C
  8
TEXT
 10
9.125811633237001
 20
-19.78161339243038
 30
0.0
 70
0
  0
VERTEX
  5
B2D
  8
TEXT
 10
9.090286120595895
 20
-19.776702035215656
 30
0.0
 70
0
  0
VERTEX
  5
B2E
  8
TEXT
 10
9.05613315495459
 20
-19.769479896983505
 30
0.0
 70
0
  0
VERTEX
  5
B2F
  8
TEXT
 10
9.023352736313088
 20
-19.759946977733932
 30
0.0
 70
0
  0
VERTEX
  5
B30
  8
TEXT
 10
8.991944864671385
 20
-19.74810327746693
 30
0.0
 70
0
  0
VERTEX
  5
B31
  8
TEXT
 10
8.95848626074056
 20
-19.73219849258311
 30
0.0
 70
0
  0
VERTEX
  5
B32
  8
TEXT
 10
8.927234044767136
 20
-19.713732092176993
 30
0.0
 70
0
  0
VERTEX
  5
B33
  8
TEXT
 10
8.898188216751112
 20
-19.692704076248592
 30
0.0
 70
0
  0
VERTEX
  5
B34
  8
TEXT
 10
8.871348776692491
 20
-19.6691144447979
 30
0.0
 70
0
  0
VERTEX
  5
B35
  8
TEXT
 10
8.846715724591272
 20
-19.642963197824912
 30
0.0
 70
0
  0
VERTEX
  5
B36
  8
TEXT
 10
8.824289060447454
 20
-19.614250335329636
 30
0.0
 70
0
  0
VERTEX
  5
B37
  8
TEXT
 10
8.804068784261037
 20
-19.58297585731207
 30
0.0
 70
0
  0
VERTEX
  5
B38
  8
TEXT
 10
8.786054896032024
 20
-19.549139763772217
 30
0.0
 70
0
  0
VERTEX
  5
B39
  8
TEXT
 10
8.771418454012835
 20
-19.515785383971867
 30
0.0
 70
0
  0
VERTEX
  5
B3A
  8
TEXT
 10
8.759488757676163
 20
-19.48213143415984
 30
0.0
 70
0
  0
VERTEX
  5
B3B
  8
TEXT
 10
8.750265807022004
 20
-19.448177914336135
 30
0.0
 70
0
  0
VERTEX
  5
B3C
  8
TEXT
 10
8.74374960205036
 20
-19.413924824500754
 30
0.0
 70
0
  0
VERTEX
  5
B3D
  8
TEXT
 10
8.73994014276123
 20
-19.37937216465369
 30
0.0
 70
0
  0
VERTEX
  5
B3E
  8
TEXT
 10
8.738837429154614
 20
-19.344519934794956
 30
0.0
 70
0
  0
VERTEX
  5
B3F
  8
TEXT
 10
8.740441461230512
 20
-19.30936813492454
 30
0.0
 70
0
  0
VERTEX
  5
B40
  8
TEXT
 10
8.744752238988927
 20
-19.273916765042447
 30
0.0
 70
0
  0
VERTEX
  5
B41
  8
TEXT
 10
8.751563742447157
 20
-19.2385996599427
 30
0.0
 70
0
  0
VERTEX
  5
B42
  8
TEXT
 10
8.760669951622512
 20
-19.203850654419327
 30
0.0
 70
0
  0
VERTEX
  5
B43
  8
TEXT
 10
8.772070866514989
 20
-19.16966974847232
 30
0.0
 70
0
  0
VERTEX
  5
B44
  8
TEXT
 10
8.78576648712459
 20
-19.136056942101682
 30
0.0
 70
0
  0
VERTEX
  5
B45
  8
TEXT
 10
8.801756813451313
 20
-19.103012235307418
 30
0.0
 70
0
  0
VERTEX
  5
B46
  8
TEXT
 10
8.820041845495156
 20
-19.07053562808952
 30
0.0
 70
0
  0
VERTEX
  5
B47
  8
TEXT
 10
8.840621583256125
 20
-19.038627120447995
 30
0.0
 70
0
  0
VERTEX
  5
B48
  8
TEXT
 10
8.863496026734214
 20
-19.00728671238284
 30
0.0
 70
0
  0
VERTEX
  5
B49
  8
TEXT
 10
8.885568340805571
 20
-18.980296929117543
 30
0.0
 70
0
  0
VERTEX
  5
B4A
  8
TEXT
 10
8.909079867310039
 20
-18.954538882925164
 30
0.0
 70
0
  0
VERTEX
  5
B4B
  8
TEXT
 10
8.934030606247616
 20
-18.930012573805698
 30
0.0
 70
0
  0
VERTEX
  5
B4C
  8
TEXT
 10
8.960420557618303
 20
-18.906718001759145
 30
0.0
 70
0
  0
VERTEX
  5
B4D
  8
TEXT
 10
8.9882497214221
 20
-18.88465516678551
 30
0.0
 70
0
  0
VERTEX
  5
B4E
  8
TEXT
 10
9.017518097659007
 20
-18.86382406888479
 30
0.0
 70
0
  0
VERTEX
  5
B4F
  8
TEXT
 10
9.048225686329026
 20
-18.84422470805698
 30
0.0
 70
0
  0
VERTEX
  5
B50
  8
TEXT
 10
9.080372487432154
 20
-18.825857084302086
 30
0.0
 70
0
  0
VERTEX
  5
B51
  8
TEXT
 10
9.113958500968392
 20
-18.80872119762011
 30
0.0
 70
0
  0
VERTEX
  5
B52
  8
TEXT
 10
9.151203123523832
 20
-18.791847840463088
 30
0.0
 70
0
  0
VERTEX
  5
B53
  8
TEXT
 10
9.188341233251029
 20
-18.777149675770364
 30
0.0
 70
0
  0
VERTEX
  5
B54
  8
TEXT
 10
9.225372830149986
 20
-18.76462670354194
 30
0.0
 70
0
  0
VERTEX
  5
B55
  8
TEXT
 10
9.262297914220701
 20
-18.754278923777818
 30
0.0
 70
0
  0
VERTEX
  5
B56
  8
TEXT
 10
9.299116485463175
 20
-18.746106336477993
 30
0.0
 70
0
  0
VERTEX
  5
B57
  8
TEXT
 10
9.335828543877408
 20
-18.740108941642465
 30
0.0
 70
0
  0
VERTEX
  5
B58
  8
TEXT
 10
9.372434089463399
 20
-18.73628673927124
 30
0.0
 70
0
  0
VERTEX
  5
B59
  8
TEXT
 10
9.408933122221148
 20
-18.734639729364314
 30
0.0
 70
0
  0
VERTEX
  5
B5A
  8
TEXT
 10
9.445325642150657
 20
-18.735167911921685
 30
0.0
 70
0
  0
VERTEX
  5
B5B
  8
TEXT
 10
9.481611649251922
 20
-18.73787128694336
 30
0.0
 70
0
  0
VERTEX
  5
B5C
  8
TEXT
 10
9.51779114352495
 20
-18.74274985442933
 30
0.0
 70
0
  0
VERTEX
  5
B5D
  8
TEXT
 10
9.55336326734432
 20
-18.749719139732097
 30
0.0
 70
0
  0
VERTEX
  5
B5E
  8
TEXT
 10
9.587827163084627
 20
-18.758694668204154
 30
0.0
 70
0
  0
VERTEX
  5
B5F
  8
TEXT
 10
9.62118283074587
 20
-18.7696764398455
 30
0.0
 70
0
  0
VERTEX
  5
B60
  8
TEXT
 10
9.653430270328045
 20
-18.78266445465614
 30
0.0
 70
0
  0
VERTEX
  5
B61
  8
TEXT
 10
9.684569481831156
 20
-18.79765871263607
 30
0.0
 70
0
  0
VERTEX
  5
B62
  8
TEXT
 10
9.714600465255202
 20
-18.81465921378529
 30
0.0
 70
0
  0
VERTEX
  5
B63
  8
TEXT
 10
9.743523220600183
 20
-18.8336659581038
 30
0.0
 70
0
  0
VERTEX
  5
B64
  8
TEXT
 10
9.771337747866099
 20
-18.8546789455916
 30
0.0
 70
0
  0
VERTEX
  5
B65
  8
TEXT
 10
9.798044047052949
 20
-18.877698176248693
 30
0.0
 70
0
  0
VERTEX
  5
B66
  8
TEXT
 10
9.823642118160734
 20
-18.902723650075075
 30
0.0
 70
0
  0
VERTEX
  5
B67
  8
TEXT
 10
9.848131961189454
 20
-18.929755367070747
 30
0.0
 70
0
  0
VERTEX
  5
B68
  8
TEXT
 10
9.67200000039392
 20
-19.120795823737524
 30
0.0
 70
0
  0
VERTEX
  5
B69
  8
TEXT
 10
9.644190914339486
 20
-19.09372428143821
 30
0.0
 70
0
  0
VERTEX
  5
B6A
  8
TEXT
 10
9.615339704700752
 20
-19.069934287510044
 30
0.0
 70
0
  0
VERTEX
  5
B6B
  8
TEXT
 10
9.585446371477719
 20
-19.049425841953028
 30
0.0
 70
0
  0
VERTEX
  5
B6C
  8
TEXT
 10
9.554510914670384
 20
-19.03219894476716
 30
0.0
 70
0
  0
VERTEX
  5
B6D
  8
TEXT
 10
9.522533334278751
 20
-19.018253595952437
 30
0.0
 70
0
  0
VERTEX
  5
B6E
  8
TEXT
 10
9.489513630302817
 20
-19.007589795508864
 30
0.0
 70
0
  0
VERTEX
  5
B6F
  8
TEXT
 10
9.455451802742584
 20
-19.00020754343644
 30
0.0
 70
0
  0
VERTEX
  5
B70
  8
TEXT
 10
9.42081303028713
 20
-18.996092620325527
 30
0.0
 70
0
  0
VERTEX
  5
B71
  8
TEXT
 10
9.38606249162554
 20
-18.995230806766486
 30
0.0
 70
0
  0
VERTEX
  5
B72
  8
TEXT
 10
9.35120018675781
 20
-18.997622102759323
 30
0.0
 70
0
  0
VERTEX
  5
B73
  8
TEXT
 10
9.316226115683943
 20
-19.003266508304034
 30
0.0
 70
0
  0
VERTEX
  5
B74
  8
TEXT
 10
9.281140278403937
 20
-19.01216402340062
 30
0.0
 70
0
  0
VERTEX
  5
B75
  8
TEXT
 10
9.245942674917794
 20
-19.024314648049078
 30
0.0
 70
0
  0
VERTEX
  5
B76
  8
TEXT
 10
9.210633305225512
 20
-19.03971838224941
 30
0.0
 70
0
  0
VERTEX
  5
B77
  8
TEXT
 10
9.176795570224511
 20
-19.05754280272313
 30
0.0
 70
0
  0
VERTEX
  5
B78
  8
TEXT
 10
9.14601287081221
 20
-19.076955486191753
 30
0.0
 70
0
  0
VERTEX
  5
B79
  8
TEXT
 10
9.118285206988608
 20
-19.09795643265528
 30
0.0
 70
0
  0
VERTEX
  5
B7A
  8
TEXT
 10
9.093612578753703
 20
-19.120545642113704
 30
0.0
 70
0
  0
VERTEX
  5
B7B
  8
TEXT
 10
9.0719949861075
 20
-19.144723114567032
 30
0.0
 70
0
  0
VERTEX
  5
B7C
  8
TEXT
 10
9.053432429049995
 20
-19.170488850015264
 30
0.0
 70
0
  0
VERTEX
  5
B7D
  8
TEXT
 10
9.03792490758119
 20
-19.197842848458393
 30
0.0
 70
0
  0
VERTEX
  5
B7E
  8
TEXT
 10
9.024248418564813
 20
-19.230592032790195
 30
0.0
 70
0
  0
VERTEX
  5
B7F
  8
TEXT
 10
9.015838960089422
 20
-19.26316061592424
 30
0.0
 70
0
  0
VERTEX
  5
B80
  8
TEXT
 10
9.012696532155012
 20
-19.295548597860527
 30
0.0
 70
0
  0
VERTEX
  5
B81
  8
TEXT
 10
9.014821134761585
 20
-19.327755978599058
 30
0.0
 70
0
  0
VERTEX
  5
B82
  8
TEXT
 10
9.02221276790914
 20
-19.359782758139833
 30
0.0
 70
0
  0
VERTEX
  5
B83
  8
TEXT
 10
9.03487143159768
 20
-19.39162893648285
 30
0.0
 70
0
  0
VERTEX
  5
B84
  8
TEXT
 10
9.054190947591508
 20
-19.42435443939577
 30
0.0
 70
0
  0
VERTEX
  5
B85
  8
TEXT
 10
9.077658376607005
 20
-19.450906377164177
 30
0.0
 70
0
  0
VERTEX
  5
B86
  8
TEXT
 10
9.10527371864417
 20
-19.47128474978806
 30
0.0
 70
0
  0
VERTEX
  5
B87
  8
TEXT
 10
9.137036973703005
 20
-19.48548955726743
 30
0.0
 70
0
  0
VERTEX
  5
B88
  8
TEXT
 10
9.1654969435772
 20
-19.492823614559875
 30
0.0
 70
0
  0
VERTEX
  5
B89
  8
TEXT
 10
9.196737314688313
 20
-19.497036946585833
 30
0.0
 70
0
  0
VERTEX
  5
B8A
  8
TEXT
 10
9.230758087036342
 20
-19.4981295533453
 30
0.0
 70
0
  0
VERTEX
  5
B8B
  8
TEXT
 10
9.267559260621292
 20
-19.49610143483828
 30
0.0
 70
0
  0
VERTEX
  5
B8C
  8
TEXT
 10
9.307140835443159
 20
-19.490952591064776
 30
0.0
 70
0
  0
VERTEX
  5
B8D
  8
TEXT
 10
9.579788210630781
 20
-19.44874863664293
 30
0.0
 70
0
  0
VERTEX
  5
B8E
  8
TEXT
 10
9.621956958228052
 20
-19.443110733136308
 30
0.0
 70
0
  0
VERTEX
  5
B8F
  8
TEXT
 10
9.66280625232798
 20
-19.4396522852224
 30
0.0
 70
0
  0
VERTEX
  5
B90
  8
TEXT
 10
9.702336092930565
 20
-19.438373292901215
 30
0.0
 70
0
  0
VERTEX
  5
B91
  8
TEXT
 10
9.740546480035809
 20
-19.43927375617275
 30
0.0
 70
0
  0
VERTEX
  5
B92
  8
TEXT
 10
9.77743741364371
 20
-19.442353675037
 30
0.0
 70
0
  0
VERTEX
  5
B93
  8
TEXT
 10
9.813008893754269
 20
-19.447613049493974
 30
0.0
 70
0
  0
VERTEX
  5
B94
  8
TEXT
 10
9.847260920367486
 20
-19.45505187954366
 30
0.0
 70
0
  0
VERTEX
  5
B95
  8
TEXT
 10
9.880193493483361
 20
-19.46467016518607
 30
0.0
 70
0
  0
VERTEX
  5
B96
  8
TEXT
 10
9.911806613101893
 20
-19.4764679064212
 30
0.0
 70
0
  0
VERTEX
  5
B97
  8
TEXT
 10
9.94551492030423
 20
-19.492265830624536
 30
0.0
 70
0
  0
VERTEX
  5
B98
  8
TEXT
 10
9.976994707954052
 20
-19.5106627979137
 30
0.0
 70
0
  0
VERTEX
  5
B99
  8
TEXT
 10
10.006245976051362
 20
-19.531658808288693
 30
0.0
 70
0
  0
VERTEX
  5
B9A
  8
TEXT
 10
10.033268724596157
 20
-19.555253861749513
 30
0.0
 70
0
  0
VERTEX
  5
B9B
  8
TEXT
 10
10.05806295358844
 20
-19.58144795829616
 30
0.0
 70
0
  0
VERTEX
  5
B9C
  8
TEXT
 10
10.080628663028207
 20
-19.610241097928636
 30
0.0
 70
0
  0
VERTEX
  5
B9D
  8
TEXT
 10
10.100965852915461
 20
-19.64163328064694
 30
0.0
 70
0
  0
VERTEX
  5
B9E
  8
TEXT
 10
10.119074523250202
 20
-19.675624506451072
 30
0.0
 70
0
  0
VERTEX
  5
B9F
  8
TEXT
 10
10.133529850720864
 20
-19.70864447525216
 30
0.0
 70
0
  0
VERTEX
  5
BA0
  8
TEXT
 10
10.145251068644638
 20
-19.74199057625059
 30
0.0
 70
0
  0
VERTEX
  5
BA1
  8
TEXT
 10
10.154238177021526
 20
-19.775662809446356
 30
0.0
 70
0
  0
VERTEX
  5
BA2
  8
TEXT
 10
10.160491175851526
 20
-19.809661174839455
 30
0.0
 70
0
  0
VERTEX
  5
BA3
  8
TEXT
 10
10.164010065134638
 20
-19.843985672429895
 30
0.0
 70
0
  0
VERTEX
  5
BA4
  8
TEXT
 10
10.164794844870865
 20
-19.87863630221767
 30
0.0
 70
0
  0
VERTEX
  5
BA5
  8
TEXT
 10
10.162845515060203
 20
-19.913613064202785
 30
0.0
 70
0
  0
VERTEX
  5
BA6
  8
TEXT
 10
10.158162075702654
 20
-19.948915958385236
 30
0.0
 70
0
  0
VERTEX
  5
BA7
  8
TEXT
 10
10.150912517958343
 20
-19.984129462913412
 30
0.0
 70
0
  0
VERTEX
  5
BA8
  8
TEXT
 10
10.14126483298739
 20
-20.018838055935703
 30
0.0
 70
0
  0
VERTEX
  5
BA9
  8
TEXT
 10
10.129219020789797
 20
-20.053041737452105
 30
0.0
 70
0
  0
VERTEX
  5
BAA
  8
TEXT
 10
10.114775081365567
 20
-20.086740507462622
 30
0.0
 70
0
  0
VERTEX
  5
BAB
  8
TEXT
 10
10.097933014714695
 20
-20.119934365967254
 30
0.0
 70
0
  0
VERTEX
  5
BAC
  8
TEXT
 10
10.078692820837183
 20
-20.152623312966
 30
0.0
 70
0
  0
VERTEX
  5
BAD
  8
TEXT
 10
10.057054499733031
 20
-20.18480734845886
 30
0.0
 70
0
  0
VERTEX
  5
BAE
  8
TEXT
 10
10.033018051402241
 20
-20.216486472445833
 30
0.0
 70
0
  0
VERTEX
  5
BAF
  8
TEXT
 10
10.009798040737428
 20
-20.24384914528607
 30
0.0
 70
0
  0
VERTEX
  5
BB0
  8
TEXT
 10
9.985001141088077
 20
-20.270067531390726
 30
0.0
 70
0
  0
VERTEX
  5
BB1
  8
TEXT
 10
9.958627352454188
 20
-20.295141630759797
 30
0.0
 70
0
  0
VERTEX
  5
BB2
  8
TEXT
 10
9.93067667483576
 20
-20.319071443393284
 30
0.0
 70
0
  0
VERTEX
  5
BB3
  8
TEXT
 10
9.901149108232795
 20
-20.341856969291193
 30
0.0
 70
0
  0
VERTEX
  5
BB4
  8
TEXT
 10
9.870044652645293
 20
-20.363498208453517
 30
0.0
 70
0
  0
VERTEX
  5
BB5
  8
TEXT
 10
9.83736330807325
 20
-20.383995160880257
 30
0.0
 70
0
  0
VERTEX
  5
BB6
  8
TEXT
 10
9.80310507451667
 20
-20.403347826571416
 30
0.0
 70
0
  0
SEQEND
  5
AE6
  8
TEXT
  0
POLYLINE
  5
BB7
  8
LOGO
 66
1
 10
0.0
 20
0.0
 30
0.0
 70
1
  0
VERTEX
  5
BB9
  8
LOGO
 10
-19.844357596482656
 20
2.3558133854421106
 30
0.0
 70
0
  0
VERTEX
  5
BBA
  8
LOGO
 10
-19.93580850024426
 20
2.3456521739130434
 30
0.0
 70
0
  0
VERTEX
  5
BBB
  8
LOGO
 10
-20.02725940400586
 20
2.3304103566194434
 30
0.0
 70
0
  0
VERTEX
  5
BBC
  8
LOGO
 10
-20.1180752320469
 20
2.310723009281876
 30
0.0
 70
0
  0
VERTEX
  5
BBD
  8
LOGO
 10
-20.208891060087932
 20
2.286590131900342
 30
0.0
 70
0
  0
VERTEX
  5
BBE
  8
LOGO
 10
-20.2990718124084
 20
2.2573766487542746
 30
0.0
 70
0
  0
VERTEX
  5
BBF
  8
LOGO
 10
-20.389887640449437
 20
2.223717635564241
 30
0.0
 70
0
  0
VERTEX
  5
BC0
  8
LOGO
 10
-20.481338544211038
 20
2.184342940889106
 30
0.0
 70
0
  0
VERTEX
  5
BC1
  8
LOGO
 10
-20.574059599413776
 20
2.140522716170005
 30
0.0
 70
0
  0
VERTEX
  5
BC2
  8
LOGO
 10
-20.64201270151441
 20
2.104958475818271
 30
0.0
 70
0
  0
VERTEX
  5
BC3
  8
LOGO
 10
-20.708060576453345
 20
2.0674890083048365
 30
0.0
 70
0
  0
VERTEX
  5
BC4
  8
LOGO
 10
-20.771568148510013
 20
2.028114313629702
 30
0.0
 70
0
  0
VERTEX
  5
BC5
  8
LOGO
 10
-20.83380556912555
 20
1.9868343917928677
 30
0.0
 70
0
  0
VERTEX
  5
BC6
  8
LOGO
 10
-20.894137762579383
 20
1.9430141670737666
 30
0.0
 70
0
  0
VERTEX
  5
BC7
  8
LOGO
 10
-20.953199804592085
 20
1.8966536394723992
 30
0.0
 70
0
  0
VERTEX
  5
BC8
  8
LOGO
 10
-21.01162677088422
 20
1.847752808988764
 30
0.0
 70
0
  0
VERTEX
  5
BC9
  8
LOGO
 10
-21.068783585735222
 20
1.7956765999022968
 30
0.0
 70
0
  0
VERTEX
  5
BCA
  8
LOGO
 10
-21.12085979482169
 20
1.7448705422569621
 30
0.0
 70
0
  0
VERTEX
  5
BCB
  8
LOGO
 10
-21.169760625305322
 20
1.6934294088910606
 30
0.0
 70
0
  0
VERTEX
  5
BCC
  8
LOGO
 10
-21.215486077186124
 20
1.6407181240840254
 30
0.0
 70
0
  0
VERTEX
  5
BCD
  8
LOGO
 10
-21.25867122618466
 20
1.586101612115291
 30
0.0
 70
0
  0
VERTEX
  5
BCE
  8
LOGO
 10
-21.29868099658036
 20
1.5302149487054229
 30
0.0
 70
0
  0
VERTEX
  5
BCF
  8
LOGO
 10
-21.336150464093794
 20
1.4717879824132885
 30
0.0
 70
0
  0
VERTEX
  5
BD0
  8
LOGO
 10
-21.37171470444553
 20
1.4108207132388866
 30
0.0
 70
0
  0
VERTEX
  5
BD1
  8
LOGO
 10
-21.405373717635563
 20
1.3466780654616515
 30
0.0
 70
0
  0
VERTEX
  5
BD2
  8
LOGO
 10
-21.418710307767462
 20
1.3187347337567177
 30
0.0
 70
0
  0
VERTEX
  5
BD3
  8
LOGO
 10
-21.43204689789936
 20
1.2869809477283836
 30
0.0
 70
0
  0
VERTEX
  5
BD4
  8
LOGO
 10
-21.444748412310698
 20
1.2526868588177829
 30
0.0
 70
0
  0
VERTEX
  5
BD5
  8
LOGO
 10
-21.456814851001464
 20
1.2171226184660484
 30
0.0
 70
0
  0
VERTEX
  5
BD6
  8
LOGO
 10
-21.467611138251097
 20
1.181558378114314
 30
0.0
 70
0
  0
VERTEX
  5
BD7
  8
LOGO
 10
-21.477772349780164
 20
1.1466292134831464
 30
0.0
 70
0
  0
VERTEX
  5
BD8
  8
LOGO
 10
-21.485393258426964
 20
1.1142403517342454
 30
0.0
 70
0
  0
VERTEX
  5
BD9
  8
LOGO
 10
-21.491108939912067
 20
1.0843917928676117
 30
0.0
 70
0
  0
VERTEX
  5
BDA
  8
LOGO
 10
-21.496824621397167
 20
1.0412066438690768
 30
0.0
 70
0
  0
VERTEX
  5
BDB
  8
LOGO
 10
-21.5
 20
0.9986565705911097
 30
0.0
 70
0
  0
VERTEX
  5
BDC
  8
LOGO
 10
-21.5
 20
0.9567415730337083
 30
0.0
 70
0
  0
VERTEX
  5
BDD
  8
LOGO
 10
-21.497459697117733
 20
0.9160967269174408
 30
0.0
 70
0
  0
VERTEX
  5
BDE
  8
LOGO
 10
-21.493014167073767
 20
0.8779921836834398
 30
0.0
 70
0
  0
VERTEX
  5
BDF
  8
LOGO
 10
-21.485393258426964
 20
0.8411577918905718
 30
0.0
 70
0
  0
VERTEX
  5
BE0
  8
LOGO
 10
-21.475232046897897
 20
0.807498778700538
 30
0.0
 70
0
  0
VERTEX
  5
BE1
  8
LOGO
 10
-21.462530532486564
 20
0.7763800683927705
 30
0.0
 70
0
  0
VERTEX
  5
BE2
  8
LOGO
 10
-21.453004396678065
 20
0.7573277967757701
 30
0.0
 70
0
  0
VERTEX
  5
BE3
  8
LOGO
 10
-21.441573033707865
 20
0.7376404494382027
 30
0.0
 70
0
  0
VERTEX
  5
BE4
  8
LOGO
 10
-21.429506595017095
 20
0.7173180263800686
 30
0.0
 70
0
  0
VERTEX
  5
BE5
  8
LOGO
 10
-21.416170004885196
 20
0.6982657547630682
 30
0.0
 70
0
  0
VERTEX
  5
BE6
  8
LOGO
 10
-21.403468490473863
 20
0.6798485588666344
 30
0.0
 70
0
  0
VERTEX
  5
BE7
  8
LOGO
 10
-21.390131900341963
 20
0.6633365901319006
 30
0.0
 70
0
  0
VERTEX
  5
BE8
  8
LOGO
 10
-21.378065461651197
 20
0.6500000000000001
 30
0.0
 70
0
  0
VERTEX
  5
BE9
  8
LOGO
 10
-21.36726917440156
 20
0.6392037127503669
 30
0.0
 70
0
  0
VERTEX
  5
BEA
  8
LOGO
 10
-21.353297508549094
 20
0.628407425500733
 30
0.0
 70
0
  0
VERTEX
  5
BEB
  8
LOGO
 10
-21.337420615534928
 20
0.6176111382510999
 30
0.0
 70
0
  0
VERTEX
  5
BEC
  8
LOGO
 10
-21.32027357107963
 20
0.6068148510014659
 30
0.0
 70
0
  0
VERTEX
  5
BED
  8
LOGO
 10
-21.301856375183192
 20
0.5966536394723989
 30
0.0
 70
0
  0
VERTEX
  5
BEE
  8
LOGO
 10
-21.284074255007326
 20
0.5877625793844654
 30
0.0
 70
0
  0
VERTEX
  5
BEF
  8
LOGO
 10
-21.265657059110893
 20
0.5795065950170989
 30
0.0
 70
0
  0
VERTEX
  5
BF0
  8
LOGO
 10
-21.248510014655594
 20
0.5731558378114321
 30
0.0
 70
0
  0
VERTEX
  5
BF1
  8
LOGO
 10
-21.231998045920857
 20
0.5680752320468981
 30
0.0
 70
0
  0
VERTEX
  5
BF2
  8
LOGO
 10
-21.21040547142159
 20
0.562994626282365
 30
0.0
 70
0
  0
VERTEX
  5
BF3
  8
LOGO
 10
-21.186907669760625
 20
0.5598192476795315
 30
0.0
 70
0
  0
VERTEX
  5
BF4
  8
LOGO
 10
-21.161504640937956
 20
0.5579140205178311
 30
0.0
 70
0
  0
VERTEX
  5
BF5
  8
LOGO
 10
-21.135466536394723
 20
0.5572789447972649
 30
0.0
 70
0
  0
VERTEX
  5
BF6
  8
LOGO
 10
-21.10879335613092
 20
0.5585490962383979
 30
0.0
 70
0
  0
VERTEX
  5
BF7
  8
LOGO
 10
-21.081485100146555
 20
0.5610893991206645
 30
0.0
 70
0
  0
VERTEX
  5
BF8
  8
LOGO
 10
-21.054811919882752
 20
0.5655349291646316
 30
0.0
 70
0
  0
VERTEX
  5
BF9
  8
LOGO
 10
-21.02877381533952
 20
0.5706155349291647
 30
0.0
 70
0
  0
VERTEX
  5
BFA
  8
LOGO
 10
-21.003370786516854
 20
0.5776013678553984
 30
0.0
 70
0
  0
VERTEX
  5
BFB
  8
LOGO
 10
-20.975427454811918
 20
0.5864924279433318
 30
0.0
 70
0
  0
VERTEX
  5
BFC
  8
LOGO
 10
-20.945578895945285
 20
0.5966536394723989
 30
0.0
 70
0
  0
VERTEX
  5
BFD
  8
LOGO
 10
-20.915095261358083
 20
0.6087200781631658
 30
0.0
 70
0
  0
VERTEX
  5
BFE
  8
LOGO
 10
-20.883976551050317
 20
0.6214215925744994
 30
0.0
 70
0
  0
VERTEX
  5
BFF
  8
LOGO
 10
-20.852857840742548
 20
0.6347581827063998
 30
0.0
 70
0
  0
VERTEX
  5
C00
  8
LOGO
 10
-20.823009281875915
 20
0.6487298485588672
 30
0.0
 70
0
  0
VERTEX
  5
C01
  8
LOGO
 10
-20.795701025891546
 20
0.6627015144113338
 30
0.0
 70
0
  0
VERTEX
  5
C02
  8
LOGO
 10
-20.70742550073278
 20
0.7128724963361023
 30
0.0
 70
0
  0
VERTEX
  5
C03
  8
LOGO
 10
-20.610258915486074
 20
0.7744748412310701
 30
0.0
 70
0
  0
VERTEX
  5
C04
  8
LOGO
 10
-20.506741573033707
 20
0.8443331704934052
 30
0.0
 70
0
  0
VERTEX
  5
C05
  8
LOGO
 10
-20.39877870053737
 20
0.9224474841231077
 30
0.0
 70
0
  0
VERTEX
  5
C06
  8
LOGO
 10
-20.2895456765999
 20
1.0050073277967764
 30
0.0
 70
0
  0
VERTEX
  5
C07
  8
LOGO
 10
-20.18221787982413
 20
1.0913776257938448
 30
0.0
 70
0
  0
VERTEX
  5
C08
  8
LOGO
 10
-20.078700537371763
 20
1.1790180752320474
 30
0.0
 70
0
  0
VERTEX
  5
C09
  8
LOGO
 10
-19.982169027845625
 20
1.2653883732291165
 30
0.0
 70
0
  0
VERTEX
  5
C0A
  8
LOGO
 10
-19.88373229115779
 20
1.360014655593552
 30
0.0
 70
0
  0
VERTEX
  5
C0B
  8
LOGO
 10
-19.792916463116754
 20
1.4546409379579879
 30
0.0
 70
0
  0
VERTEX
  5
C0C
  8
LOGO
 10
-19.708451392281386
 20
1.5492672203224234
 30
0.0
 70
0
  0
VERTEX
  5
C0D
  8
LOGO
 10
-19.632242305813385
 20
1.642623351245726
 30
0.0
 70
0
  0
VERTEX
  5
C0E
  8
LOGO
 10
-19.56428920371275
 20
1.734074255007328
 30
0.0
 70
0
  0
VERTEX
  5
C0F
  8
LOGO
 10
-19.50522716170005
 20
1.8229848558866637
 30
0.0
 70
0
  0
VERTEX
  5
C10
  8
LOGO
 10
-19.456326331216413
 20
1.908085002442599
 30
0.0
 70
0
  0
VERTEX
  5
C11
  8
LOGO
 10
-19.417586712261844
 20
1.988739618954568
 30
0.0
 70
0
  0
VERTEX
  5
C12
  8
LOGO
 10
-19.404250122129945
 20
2.0243038593063027
 30
0.0
 70
0
  0
VERTEX
  5
C13
  8
LOGO
 10
-19.39345383488031
 20
2.0585979482169035
 30
0.0
 70
0
  0
VERTEX
  5
C14
  8
LOGO
 10
-19.385832926233512
 20
2.0916218856863704
 30
0.0
 70
0
  0
VERTEX
  5
C15
  8
LOGO
 10
-19.382022471910112
 20
2.1233756717147045
 30
0.0
 70
0
  0
VERTEX
  5
C16
  8
LOGO
 10
-19.38075232046898
 20
2.1532242305813387
 30
0.0
 70
0
  0
VERTEX
  5
C17
  8
LOGO
 10
-19.383292623351245
 20
2.180532486565706
 30
0.0
 70
0
  0
VERTEX
  5
C18
  8
LOGO
 10
-19.38837322911578
 20
2.2053004396678073
 30
0.0
 70
0
  0
VERTEX
  5
C19
  8
LOGO
 10
-19.39726428920371
 20
2.226893014167074
 30
0.0
 70
0
  0
VERTEX
  5
C1A
  8
LOGO
 10
-19.413141182217878
 20
2.2516609672691748
 30
0.0
 70
0
  0
VERTEX
  5
C1B
  8
LOGO
 10
-19.43536883243771
 20
2.2738886174890087
 30
0.0
 70
0
  0
VERTEX
  5
C1C
  8
LOGO
 10
-19.46267708842208
 20
2.2942110405471428
 30
0.0
 70
0
  0
VERTEX
  5
C1D
  8
LOGO
 10
-19.495065950170982
 20
2.3119931607230098
 30
0.0
 70
0
  0
VERTEX
  5
C1E
  8
LOGO
 10
-19.532535417684414
 20
2.32723497801661
 30
0.0
 70
0
  0
VERTEX
  5
C1F
  8
LOGO
 10
-19.574450415241817
 20
2.3399364924279435
 30
0.0
 70
0
  0
VERTEX
  5
C20
  8
LOGO
 10
-19.620810942843185
 20
2.3494626282364437
 30
0.0
 70
0
  0
VERTEX
  5
C21
  8
LOGO
 10
-19.67098192476795
 20
2.3564484611626773
 30
0.0
 70
0
  0
VERTEX
  5
C22
  8
LOGO
 10
-19.695749877870053
 20
2.358353688324377
 30
0.0
 70
0
  0
VERTEX
  5
C23
  8
LOGO
 10
-19.716707376648753
 20
2.3602589154860776
 30
0.0
 70
0
  0
VERTEX
  5
C24
  8
LOGO
 10
-19.735759648265752
 20
2.3615290669272104
 30
0.0
 70
0
  0
VERTEX
  5
C25
  8
LOGO
 10
-19.75354176844162
 20
2.3615290669272104
 30
0.0
 70
0
  0
VERTEX
  5
C26
  8
LOGO
 10
-19.77259404005862
 20
2.3615290669272104
 30
0.0
 70
0
  0
VERTEX
  5
C27
  8
LOGO
 10
-19.792916463116754
 20
2.3602589154860776
 30
0.0
 70
0
  0
VERTEX
  5
C28
  8
LOGO
 10
-19.816414264777723
 20
2.358353688324377
 30
0.0
 70
0
  0
SEQEND
  5
BB8
  8
LOGO
  0
POLYLINE
  5
C29
  8
LOGO
 66
1
 10
0.0
 20
0.0
 30
0.0
 70
1
  0
VERTEX
  5
C2B
  8
LOGO
 10
-17.58221787982413
 20
2.224987787005374
 30
0.0
 70
0
  0
VERTEX
  5
C2C
  8
LOGO
 10
-17.609526135808498
 20
2.222447484123107
 30
0.0
 70
0
  0
VERTEX
  5
C2D
  8
LOGO
 10
-17.643185148998533
 20
2.218637029799707
 30
0.0
 70
0
  0
VERTEX
  5
C2E
  8
LOGO
 10
-17.681289692232536
 20
2.212921348314607
 30
0.0
 70
0
  0
VERTEX
  5
C2F
  8
LOGO
 10
-17.7219345383488
 20
2.20657059110894
 30
0.0
 70
0
  0
VERTEX
  5
C30
  8
LOGO
 10
-17.763214460185637
 20
2.2002198339032732
 30
0.0
 70
0
  0
VERTEX
  5
C31
  8
LOGO
 10
-17.803859306301902
 20
2.1932340009770397
 30
0.0
 70
0
  0
VERTEX
  5
C32
  8
LOGO
 10
-17.84069369809477
 20
2.18561309233024
 30
0.0
 70
0
  0
VERTEX
  5
C33
  8
LOGO
 10
-17.872447484123107
 20
2.179262335124573
 30
0.0
 70
0
  0
VERTEX
  5
C34
  8
LOGO
 10
-17.969614069369808
 20
2.1551294577430387
 30
0.0
 70
0
  0
VERTEX
  5
C35
  8
LOGO
 10
-18.06360527601368
 20
2.1290913531998052
 30
0.0
 70
0
  0
VERTEX
  5
C36
  8
LOGO
 10
-18.155691255495846
 20
2.0992427943331706
 30
0.0
 70
0
  0
VERTEX
  5
C37
  8
LOGO
 10
-18.248412310698583
 20
2.065583781143137
 30
0.0
 70
0
  0
VERTEX
  5
C38
  8
LOGO
 10
-18.34240351734245
 20
2.027479237909136
 30
0.0
 70
0
  0
VERTEX
  5
C39
  8
LOGO
 10
-18.438935026868588
 20
1.984929164631168
 30
0.0
 70
0
  0
VERTEX
  5
C3A
  8
LOGO
 10
-18.53991206643869
 20
1.936028334147533
 30
0.0
 70
0
  0
VERTEX
  5
C3B
  8
LOGO
 10
-18.645969711773326
 20
1.8820468978993652
 30
0.0
 70
0
  0
VERTEX
  5
C3C
  8
LOGO
 10
-18.68915486077186
 20
1.859184171958965
 30
0.0
 70
0
  0
VERTEX
  5
C3D
  8
LOGO
 10
-18.72916463116756
 20
1.836956521739131
 30
0.0
 70
0
  0
VERTEX
  5
C3E
  8
LOGO
 10
-18.767269174401562
 20
1.8159990229604301
 30
0.0
 70
0
  0
VERTEX
  5
C3F
  8
LOGO
 10
-18.805373717635565
 20
1.7937713727405962
 30
0.0
 70
0
  0
VERTEX
  5
C40
  8
LOGO
 10
-18.84411333659013
 20
1.7702735710796296
 30
0.0
 70
0
  0
VERTEX
  5
C41
  8
LOGO
 10
-18.8847581827064
 20
1.7455056179775281
 30
0.0
 70
0
  0
VERTEX
  5
C42
  8
LOGO
 10
-18.928578407425498
 20
1.718197361993161
 30
0.0
 70
0
  0
VERTEX
  5
C43
  8
LOGO
 10
-18.976209086468
 20
1.6870786516853937
 30
0.0
 70
0
  0
VERTEX
  5
C44
  8
LOGO
 10
-19.090522716170003
 20
1.6108695652173919
 30
0.0
 70
0
  0
VERTEX
  5
C45
  8
LOGO
 10
-19.211187103077673
 20
1.5257694186614565
 30
0.0
 70
0
  0
VERTEX
  5
C46
  8
LOGO
 10
-19.337567171470443
 20
1.431778212017587
 30
0.0
 70
0
  0
VERTEX
  5
C47
  8
LOGO
 10
-19.47029799706888
 20
1.3288959452857847
 30
0.0
 70
0
  0
VERTEX
  5
C48
  8
LOGO
 10
-19.61001465559355
 20
1.2164875427454815
 30
0.0
 70
0
  0
VERTEX
  5
C49
  8
LOGO
 10
-19.75608207132389
 20
1.095188080117245
 30
0.0
 70
0
  0
VERTEX
  5
C4A
  8
LOGO
 10
-19.909135319980457
 20
0.963727405959942
 30
0.0
 70
0
  0
VERTEX
  5
C4B
  8
LOGO
 10
-20.069174401563263
 20
0.8227405959941382
 30
0.0
 70
0
  0
VERTEX
  5
C4C
  8
LOGO
 10
-20.263507572056668
 20
0.6461895456766006
 30
0.0
 70
0
  0
VERTEX
  5
C4D
  8
LOGO
 10
-20.43751831949194
 20
0.47979970688812934
 30
0.0
 70
0
  0
VERTEX
  5
C4E
  8
LOGO
 10
-20.59374694675134
 20
0.32103077674645863
 30
0.0
 70
0
  0
VERTEX
  5
C4F
  8
LOGO
 10
-20.734098680996578
 20
0.16797752808988792
 30
0.0
 70
0
  0
VERTEX
  5
C50
  8
LOGO
 10
-20.859208597948214
 20
0.018734733756717435
 30
0.0
 70
0
  0
VERTEX
  5
C51
  8
LOGO
 10
-20.97288715192965
 20
-0.1292379091353194
 30
0.0
 70
0
  0
VERTEX
  5
C52
  8
LOGO
 10
-21.07513434294089
 20
-0.27784562774792304
 30
0.0
 70
0
  0
VERTEX
  5
C53
  8
LOGO
 10
-21.169760625305322
 20
-0.428993649242794
 30
0.0
 70
0
  0
VERTEX
  5
C54
  8
LOGO
 10
-21.190718124084025
 20
-0.4664631167562282
 30
0.0
 70
0
  0
VERTEX
  5
C55
  8
LOGO
 10
-21.212945774303858
 20
-0.5077430385930626
 30
0.0
 70
0
  0
VERTEX
  5
C56
  8
LOGO
 10
-21.234538348803124
 20
-0.5515632633121635
 30
0.0
 70
0
  0
VERTEX
  5
C57
  8
LOGO
 10
-21.256130923302393
 20
-0.5966536394723981
 30
0.0
 70
0
  0
VERTEX
  5
C58
  8
LOGO
 10
-21.277088422081093
 20
-0.641108939912066
 30
0.0
 70
0
  0
VERTEX
  5
C59
  8
LOGO
 10
-21.295505617977526
 20
-0.6849291646311669
 30
0.0
 70
0
  0
VERTEX
  5
C5A
  8
LOGO
 10
-21.312017586712262
 20
-0.7249389350268681
 30
0.0
 70
0
  0
VERTEX
  5
C5B
  8
LOGO
 10
-21.325989252564728
 20
-0.7617733268197358
 30
0.0
 70
0
  0
VERTEX
  5
C5C
  8
LOGO
 10
-21.34440644846116
 20
-0.8189301416707372
 30
0.0
 70
0
  0
VERTEX
  5
C5D
  8
LOGO
 10
-21.360283341475327
 20
-0.8760869565217387
 30
0.0
 70
0
  0
VERTEX
  5
C5E
  8
LOGO
 10
-21.37361993160723
 20
-0.9326086956521733
 30
0.0
 70
0
  0
VERTEX
  5
C5F
  8
LOGO
 10
-21.383781143136297
 20
-0.9891304347826082
 30
0.0
 70
0
  0
VERTEX
  5
C60
  8
LOGO
 10
-21.391402051783096
 20
-1.0456521739130429
 30
0.0
 70
0
  0
VERTEX
  5
C61
  8
LOGO
 10
-21.395847581827063
 20
-1.1015388373229111
 30
0.0
 70
0
  0
VERTEX
  5
C62
  8
LOGO
 10
-21.397752808988763
 20
-1.1574255007327794
 30
0.0
 70
0
  0
VERTEX
  5
C63
  8
LOGO
 10
-21.397117733268196
 20
-1.2126770884220806
 30
0.0
 70
0
  0
VERTEX
  5
C64
  8
LOGO
 10
-21.393942354665363
 20
-1.2666585246702486
 30
0.0
 70
0
  0
VERTEX
  5
C65
  8
LOGO
 10
-21.38886174890083
 20
-1.3180996580361501
 30
0.0
 70
0
  0
VERTEX
  5
C66
  8
LOGO
 10
-21.38124084025403
 20
-1.3682706399609181
 30
0.0
 70
0
  0
VERTEX
  5
C67
  8
LOGO
 10
-21.371079628724964
 20
-1.4165363947239862
 30
0.0
 70
0
  0
VERTEX
  5
C68
  8
LOGO
 10
-21.359013190034194
 20
-1.4635319980459203
 30
0.0
 70
0
  0
VERTEX
  5
C69
  8
LOGO
 10
-21.343771372740594
 20
-1.5092574499267215
 30
0.0
 70
0
  0
VERTEX
  5
C6A
  8
LOGO
 10
-21.326624328285295
 20
-1.5537127503663892
 30
0.0
 70
0
  0
VERTEX
  5
C6B
  8
LOGO
 10
-21.306936980947725
 20
-1.5981680508060572
 30
0.0
 70
0
  0
VERTEX
  5
C6C
  8
LOGO
 10
-21.299951148021492
 20
-1.6134098680996576
 30
0.0
 70
0
  0
VERTEX
  5
C6D
  8
LOGO
 10
-21.291695163654126
 20
-1.6292867611138246
 30
0.0
 70
0
  0
VERTEX
  5
C6E
  8
LOGO
 10
-21.282804103566193
 20
-1.6457987298485584
 30
0.0
 70
0
  0
VERTEX
  5
C6F
  8
LOGO
 10
-21.274548119198826
 20
-1.6616756228627254
 30
0.0
 70
0
  0
VERTEX
  5
C70
  8
LOGO
 10
-21.265657059110893
 20
-1.6775525158768925
 30
0.0
 70
0
  0
VERTEX
  5
C71
  8
LOGO
 10
-21.257401074743527
 20
-1.6921592574499262
 30
0.0
 70
0
  0
VERTEX
  5
C72
  8
LOGO
 10
-21.249780166096727
 20
-1.7048607718612598
 30
0.0
 70
0
  0
VERTEX
  5
C73
  8
LOGO
 10
-21.24342940889106
 20
-1.7156570591108935
 30
0.0
 70
0
  0
VERTEX
  5
C74
  8
LOGO
 10
-21.217391304347824
 20
-1.7537616023448943
 30
0.0
 70
0
  0
VERTEX
  5
C75
  8
LOGO
 10
-21.188812896922325
 20
-1.7918661455788956
 30
0.0
 70
0
  0
VERTEX
  5
C76
  8
LOGO
 10
-21.157694186614556
 20
-1.8299706888128964
 30
0.0
 70
0
  0
VERTEX
  5
C77
  8
LOGO
 10
-21.12467024914509
 20
-1.8680752320468974
 30
0.0
 70
0
  0
VERTEX
  5
C78
  8
LOGO
 10
-21.090376160234488
 20
-1.904274548119198
 30
0.0
 70
0
  0
VERTEX
  5
C79
  8
LOGO
 10
-21.05544699560332
 20
-1.9385686370297992
 30
0.0
 70
0
  0
VERTEX
  5
C7A
  8
LOGO
 10
-21.020517830972153
 20
-1.9709574987787
 30
0.0
 70
0
  0
VERTEX
  5
C7B
  8
LOGO
 10
-20.98622374206155
 20
-2.0001709819247675
 30
0.0
 70
0
  0
VERTEX
  5
C7C
  8
LOGO
 10
-20.962725940400585
 20
-2.017318026380068
 30
0.0
 70
0
  0
VERTEX
  5
C7D
  8
LOGO
 10
-20.936052760136786
 20
-2.0370053737176352
 30
0.0
 70
0
  0
VERTEX
  5
C7E
  8
LOGO
 10
-20.906839276990716
 20
-2.0566927210552017
 30
0.0
 70
0
  0
VERTEX
  5
C7F
  8
LOGO
 10
-20.87572056668295
 20
-2.077015144113336
 30
0.0
 70
0
  0
VERTEX
  5
C80
  8
LOGO
 10
-20.845236932095748
 20
-2.096702491450903
 30
0.0
 70
0
  0
VERTEX
  5
C81
  8
LOGO
 10
-20.81475329750855
 20
-2.11448461162677
 30
0.0
 70
0
  0
VERTEX
  5
C82
  8
LOGO
 10
-20.786809965803613
 20
-2.1309965803615043
 30
0.0
 70
0
  0
VERTEX
  5
C83
  8
LOGO
 10
-20.76267708842208
 20
-2.143698094772838
 30
0.0
 70
0
  0
VERTEX
  5
C84
  8
LOGO
 10
-20.68456277479238
 20
-2.1798974108451388
 30
0.0
 70
0
  0
VERTEX
  5
C85
  8
LOGO
 10
-20.60136785539814
 20
-2.212921348314606
 30
0.0
 70
0
  0
VERTEX
  5
C86
  8
LOGO
 10
-20.51372740595994
 20
-2.2427699071812404
 30
0.0
 70
0
  0
VERTEX
  5
C87
  8
LOGO
 10
-20.42164142647777
 20
-2.268808011724474
 30
0.0
 70
0
  0
VERTEX
  5
C88
  8
LOGO
 10
-20.32447484123107
 20
-2.291670737664875
 30
0.0
 70
0
  0
VERTEX
  5
C89
  8
LOGO
 10
-20.2228627259404
 20
-2.310723009281875
 30
0.0
 70
0
  0
VERTEX
  5
C8A
  8
LOGO
 10
-20.116170004885195
 20
-2.3272349780166093
 30
0.0
 70
0
  0
VERTEX
  5
C8B
  8
LOGO
 10
-20.005031753786028
 20
-2.339301416707376
 30
0.0
 70
0
  0
VERTEX
  5
C8C
  8
LOGO
 10
-19.932633121641427
 20
-2.345652173913043
 30
0.0
 70
0
  0
VERTEX
  5
C8D
  8
LOGO
 10
-19.85705911089399
 20
-2.350732779677576
 30
0.0
 70
0
  0
VERTEX
  5
C8E
  8
LOGO
 10
-19.773864191499754
 20
-2.3545432340009764
 30
0.0
 70
0
  0
VERTEX
  5
C8F
  8
LOGO
 10
-19.679872984855884
 20
-2.3577186126038097
 30
0.0
 70
0
  0
VERTEX
  5
C90
  8
LOGO
 10
-19.571275036638983
 20
-2.35962383976551
 30
0.0
 70
0
  0
VERTEX
  5
C91
  8
LOGO
 10
-19.444894968246214
 20
-2.3608939912066433
 30
0.0
 70
0
  0
VERTEX
  5
C92
  8
LOGO
 10
-19.296287249633608
 20
-2.3615290669272095
 30
0.0
 70
0
  0
VERTEX
  5
C93
  8
LOGO
 10
-19.12227650219834
 20
-2.3615290669272095
 30
0.0
 70
0
  0
VERTEX
  5
C94
  8
LOGO
 10
-18.80156326331216
 20
-2.3602589154860762
 30
0.0
 70
0
  0
VERTEX
  5
C95
  8
LOGO
 10
-18.53610161211529
 20
-2.357083536883243
 30
0.0
 70
0
  0
VERTEX
  5
C96
  8
LOGO
 10
-18.317000488519785
 20
-2.3526380068392765
 30
0.0
 70
0
  0
VERTEX
  5
C97
  8
LOGO
 10
-18.134733756717146
 20
-2.345652173913043
 30
0.0
 70
0
  0
VERTEX
  5
C98
  8
LOGO
 10
-17.981680508060574
 20
-2.335490962383976
 30
0.0
 70
0
  0
VERTEX
  5
C99
  8
LOGO
 10
-17.847679531021004
 20
-2.3227894479726423
 30
0.0
 70
0
  0
VERTEX
  5
C9A
  8
LOGO
 10
-17.7238397655105
 20
-2.3062774792379086
 30
0.0
 70
0
  0
VERTEX
  5
C9B
  8
LOGO
 10
-17.601905227161698
 20
-2.285319980459208
 30
0.0
 70
0
  0
VERTEX
  5
C9C
  8
LOGO
 10
-17.539032730825596
 20
-2.272618466047874
 30
0.0
 70
0
  0
VERTEX
  5
C9D
  8
LOGO
 10
-17.479335613092328
 20
-2.259281875915974
 30
0.0
 70
0
  0
VERTEX
  5
C9E
  8
LOGO
 10
-17.42344894968246
 20
-2.2446751343429403
 30
0.0
 70
0
  0
VERTEX
  5
C9F
  8
LOGO
 10
-17.37200781631656
 20
-2.22943331704934
 30
0.0
 70
0
  0
VERTEX
  5
CA0
  8
LOGO
 10
-17.325012212994626
 20
-2.213556424035173
 30
0.0
 70
0
  0
VERTEX
  5
CA1
  8
LOGO
 10
-17.28373229115779
 20
-2.197044455300439
 30
0.0
 70
0
  0
VERTEX
  5
CA2
  8
LOGO
 10
-17.248168050806058
 20
-2.181167562286272
 30
0.0
 70
0
  0
VERTEX
  5
CA3
  8
LOGO
 10
-17.21895456765999
 20
-2.1646555935515384
 30
0.0
 70
0
  0
VERTEX
  5
CA4
  8
LOGO
 10
-17.197361993160722
 20
-2.149413776257938
 30
0.0
 70
0
  0
VERTEX
  5
CA5
  8
LOGO
 10
-17.178944797264286
 20
-2.133536883243771
 30
0.0
 70
0
  0
VERTEX
  5
CA6
  8
LOGO
 10
-17.162432828529553
 20
-2.1163898387884705
 30
0.0
 70
0
  0
VERTEX
  5
CA7
  8
LOGO
 10
-17.149096238397654
 20
-2.098607718612603
 30
0.0
 70
0
  0
VERTEX
  5
CA8
  8
LOGO
 10
-17.138935026868587
 20
-2.0801905227161694
 30
0.0
 70
0
  0
VERTEX
  5
CA9
  8
LOGO
 10
-17.131314118221788
 20
-2.061138251099169
 30
0.0
 70
0
  0
VERTEX
  5
CAA
  8
LOGO
 10
-17.12686858817782
 20
-2.042085979482169
 30
0.0
 70
0
  0
VERTEX
  5
CAB
  8
LOGO
 10
-17.12496336101612
 20
-2.021763556424035
 30
0.0
 70
0
  0
VERTEX
  5
CAC
  8
LOGO
 10
-17.126233512457254
 20
-2.0096971177332676
 30
0.0
 70
0
  0
VERTEX
  5
CAD
  8
LOGO
 10
-17.130043966780654
 20
-1.9957254518808007
 30
0.0
 70
0
  0
VERTEX
  5
CAE
  8
LOGO
 10
-17.13639472398632
 20
-1.9804836345872
 30
0.0
 70
0
  0
VERTEX
  5
CAF
  8
LOGO
 10
-17.144650708353687
 20
-1.964606741573033
 30
0.0
 70
0
  0
VERTEX
  5
CB0
  8
LOGO
 10
-17.154811919882754
 20
-1.948729848558866
 30
0.0
 70
0
  0
VERTEX
  5
CB1
  8
LOGO
 10
-17.16687835857352
 20
-1.932852955544699
 30
0.0
 70
0
  0
VERTEX
  5
CB2
  8
LOGO
 10
-17.180214948705423
 20
-1.9176111382510987
 30
0.0
 70
0
  0
VERTEX
  5
CB3
  8
LOGO
 10
-17.194821690278456
 20
-1.9030043966780648
 30
0.0
 70
0
  0
VERTEX
  5
CB4
  8
LOGO
 10
-17.21704934049829
 20
-1.8839521250610645
 30
0.0
 70
0
  0
VERTEX
  5
CB5
  8
LOGO
 10
-17.251978505129458
 20
-1.8553737176355636
 30
0.0
 70
0
  0
VERTEX
  5
CB6
  8
LOGO
 10
-17.29897410845139
 20
-1.8191744015632627
 30
0.0
 70
0
  0
VERTEX
  5
CB7
  8
LOGO
 10
-17.357401074743525
 20
-1.7747191011235948
 30
0.0
 70
0
  0
VERTEX
  5
CB8
  8
LOGO
 10
-17.42535417684416
 20
-1.7239130434782601
 30
0.0
 70
0
  0
VERTEX
  5
CB9
  8
LOGO
 10
-17.50219833903273
 20
-1.6667562286272588
 30
0.0
 70
0
  0
VERTEX
  5
CBA
  8
LOGO
 10
-17.587298485588665
 20
-1.6038837322911572
 30
0.0
 70
0
  0
VERTEX
  5
CBB
  8
LOGO
 10
-17.6800195407914
 20
-1.536565705911089
 30
0.0
 70
0
  0
VERTEX
  5
CBC
  8
LOGO
 10
-17.88133854421104
 20
-1.3904982901807519
 30
0.0
 70
0
  0
VERTEX
  5
CBD
  8
LOGO
 10
-18.040742550073276
 20
-1.2730092818759156
 30
0.0
 70
0
  0
VERTEX
  5
CBE
  8
LOGO
 10
-18.165852467024912
 20
-1.1802882266731796
 30
0.0
 70
0
  0
VERTEX
  5
CBF
  8
LOGO
 10
-18.26238397655105
 20
-1.1059843673668777
 30
0.0
 70
0
  0
VERTEX
  5
CC0
  8
LOGO
 10
-18.337957987298484
 20
-1.0456521739130429
 30
0.0
 70
0
  0
VERTEX
  5
CC1
  8
LOGO
 10
-18.39829018075232
 20
-0.9935759648265751
 30
0.0
 70
0
  0
VERTEX
  5
CC2
  8
LOGO
 10
-18.44973131411822
 20
-0.9446751343429405
 30
0.0
 70
0
  0
VERTEX
  5
CC3
  8
LOGO
 10
-18.49990229604299
 20
-0.8945041524181724
 30
0.0
 70
0
  0
VERTEX
  5
CC4
  8
LOGO
 10
-18.52657547630679
 20
-0.8665608207132385
 30
0.0
 70
0
  0
VERTEX
  5
CC5
  8
LOGO
 10
-18.550073277967755
 20
-0.839252564728871
 30
0.0
 70
0
  0
VERTEX
  5
CC6
  8
LOGO
 10
-18.571030776746458
 20
-0.8132144601856373
 30
0.0
 70
0
  0
VERTEX
  5
CC7
  8
LOGO
 10
-18.590083048363457
 20
-0.7878114313629699
 30
0.0
 70
0
  0
VERTEX
  5
CC8
  8
LOGO
 10
-18.60659501709819
 20
-0.7624084025403026
 30
0.0
 70
0
  0
VERTEX
  5
CC9
  8
LOGO
 10
-18.621201758671226
 20
-0.7376404494382017
 30
0.0
 70
0
  0
VERTEX
  5
CCA
  8
LOGO
 10
-18.63390327308256
 20
-0.7122374206155344
 30
0.0
 70
0
  0
VERTEX
  5
CCB
  8
LOGO
 10
-18.644699560332192
 20
-0.6861993160723007
 30
0.0
 70
0
  0
VERTEX
  5
CCC
  8
LOGO
 10
-18.650415241817292
 20
-0.6722276502198332
 30
0.0
 70
0
  0
VERTEX
  5
CCD
  8
LOGO
 10
-18.65486077186126
 20
-0.6588910600879332
 30
0.0
 70
0
  0
VERTEX
  5
CCE
  8
LOGO
 10
-18.65867122618466
 20
-0.6474596971177328
 30
0.0
 70
0
  0
VERTEX
  5
CCF
  8
LOGO
 10
-18.661211529066925
 20
-0.6360283341475325
 30
0.0
 70
0
  0
VERTEX
  5
CD0
  8
LOGO
 10
-18.66248168050806
 20
-0.6239618954567656
 30
0.0
 70
0
  0
VERTEX
  5
CD1
  8
LOGO
 10
-18.66375183194919
 20
-0.6106253053248651
 30
0.0
 70
0
  0
VERTEX
  5
CD2
  8
LOGO
 10
-18.66438690766976
 20
-0.5953834880312648
 30
0.0
 70
0
  0
VERTEX
  5
CD3
  8
LOGO
 10
-18.66438690766976
 20
-0.5776013678553976
 30
0.0
 70
0
  0
VERTEX
  5
CD4
  8
LOGO
 10
-18.66438690766976
 20
-0.5598192476795305
 30
0.0
 70
0
  0
VERTEX
  5
CD5
  8
LOGO
 10
-18.66438690766976
 20
-0.5445774303859302
 30
0.0
 70
0
  0
VERTEX
  5
CD6
  8
LOGO
 10
-18.663116756228625
 20
-0.5312408402540297
 30
0.0
 70
0
  0
VERTEX
  5
CD7
  8
LOGO
 10
-18.661846604787492
 20
-0.5191744015632629
 30
0.0
 70
0
  0
VERTEX
  5
CD8
  8
LOGO
 10
-18.659306301905225
 20
-0.5077430385930626
 30
0.0
 70
0
  0
VERTEX
  5
CD9
  8
LOGO
 10
-18.656130923302392
 20
-0.49567659990229573
 30
0.0
 70
0
  0
VERTEX
  5
CDA
  8
LOGO
 10
-18.651685393258425
 20
-0.4823400097703952
 30
0.0
 70
0
  0
VERTEX
  5
CDB
  8
LOGO
 10
-18.646604787493892
 20
-0.46773326819736183
 30
0.0
 70
0
  0
VERTEX
  5
CDC
  8
LOGO
 10
-18.642159257449926
 20
-0.4569369809477279
 30
0.0
 70
0
  0
VERTEX
  5
CDD
  8
LOGO
 10
-18.637078651685393
 20
-0.44423546653639423
 30
0.0
 70
0
  0
VERTEX
  5
CDE
  8
LOGO
 10
-18.631362970200293
 20
-0.43153395212506057
 30
0.0
 70
0
  0
VERTEX
  5
CDF
  8
LOGO
 10
-18.62437713727406
 20
-0.41819736199316015
 30
0.0
 70
0
  0
VERTEX
  5
CE0
  8
LOGO
 10
-18.617391304347823
 20
-0.4048607718612596
 30
0.0
 70
0
  0
VERTEX
  5
CE1
  8
LOGO
 10
-18.61040547142159
 20
-0.39215925744992597
 30
0.0
 70
0
  0
VERTEX
  5
CE2
  8
LOGO
 10
-18.603419638495357
 20
-0.3800928187591592
 30
0.0
 70
0
  0
VERTEX
  5
CE3
  8
LOGO
 10
-18.596433805569124
 20
-0.36929653150952596
 30
0.0
 70
0
  0
VERTEX
  5
CE4
  8
LOGO
 10
-18.567220322423058
 20
-0.3280166096726916
 30
0.0
 70
0
  0
VERTEX
  5
CE5
  8
LOGO
 10
-18.531021006350755
 20
-0.28610161211529034
 30
0.0
 70
0
  0
VERTEX
  5
CE6
  8
LOGO
 10
-18.48847093307279
 20
-0.24228138739618937
 30
0.0
 70
0
  0
VERTEX
  5
CE7
  8
LOGO
 10
-18.44020517830972
 20
-0.1984611626770877
 30
0.0
 70
0
  0
VERTEX
  5
CE8
  8
LOGO
 10
-18.385588666340986
 20
-0.1533707865168538
 30
0.0
 70
0
  0
VERTEX
  5
CE9
  8
LOGO
 10
-18.326526624328284
 20
-0.10828041035661916
 30
0.0
 70
0
  0
VERTEX
  5
CEA
  8
LOGO
 10
-18.261748900830483
 20
-0.0625549584758177
 30
0.0
 70
0
  0
VERTEX
  5
CEB
  8
LOGO
 10
-18.19189057156815
 20
-0.01746458231558306
 30
0.0
 70
0
  0
VERTEX
  5
CEC
  8
LOGO
 10
-18.137274059599413
 20
0.01555935515388402
 30
0.0
 70
0
  0
VERTEX
  5
CED
  8
LOGO
 10
-18.079482169027845
 20
0.049853444064484755
 30
0.0
 70
0
  0
VERTEX
  5
CEE
  8
LOGO
 10
-18.016609672691743
 20
0.08605276013678598
 30
0.0
 70
0
  0
VERTEX
  5
CEF
  8
LOGO
 10
-17.94675134342941
 20
0.12479237909135378
 30
0.0
 70
0
  0
VERTEX
  5
CF0
  8
LOGO
 10
-17.86800195407914
 20
0.16734245236932108
 30
0.0
 70
0
  0
VERTEX
  5
CF1
  8
LOGO
 10
-17.77972642892037
 20
0.21370297997068938
 30
0.0
 70
0
  0
VERTEX
  5
CF2
  8
LOGO
 10
-17.6800195407914
 20
0.2657791890571569
 30
0.0
 70
0
  0
VERTEX
  5
CF3
  8
LOGO
 10
-17.566340986809966
 20
0.32420615534929204
 30
0.0
 70
0
  0
VERTEX
  5
CF4
  8
LOGO
 10
-17.410747435271126
 20
0.40422569614069426
 30
0.0
 70
0
  0
VERTEX
  5
CF5
  8
LOGO
 10
-17.279286761113823
 20
0.4715437225207628
 30
0.0
 70
0
  0
VERTEX
  5
CF6
  8
LOGO
 10
-17.170053737176353
 20
0.5274303859306306
 30
0.0
 70
0
  0
VERTEX
  5
CF7
  8
LOGO
 10
-17.08114313629702
 20
0.5731558378114321
 30
0.0
 70
0
  0
VERTEX
  5
CF8
  8
LOGO
 10
-17.01001465559355
 20
0.6106253053248661
 30
0.0
 70
0
  0
VERTEX
  5
CF9
  8
LOGO
 10
-16.95476306790425
 20
0.6392037127503669
 30
0.0
 70
0
  0
VERTEX
  5
CFA
  8
LOGO
 10
-16.913483146067414
 20
0.6614313629702008
 30
0.0
 70
0
  0
VERTEX
  5
CFB
  8
LOGO
 10
-16.88363458720078
 20
0.6779433317049348
 30
0.0
 70
0
  0
VERTEX
  5
CFC
  8
LOGO
 10
-16.801709819247677
 20
0.7249389350268691
 30
0.0
 70
0
  0
VERTEX
  5
CFD
  8
LOGO
 10
-16.731216414264775
 20
0.7668539325842704
 30
0.0
 70
0
  0
VERTEX
  5
CFE
  8
LOGO
 10
-16.669614069369807
 20
0.8055935515388375
 30
0.0
 70
0
  0
VERTEX
  5
CFF
  8
LOGO
 10
-16.61626770884221
 20
0.8411577918905718
 30
0.0
 70
0
  0
VERTEX
  5
D00
  8
LOGO
 10
-16.569272105520273
 20
0.8754518808011725
 30
0.0
 70
0
  0
VERTEX
  5
D01
  8
LOGO
 10
-16.526722032242304
 20
0.909745969711774
 30
0.0
 70
0
  0
VERTEX
  5
D02
  8
LOGO
 10
-16.486712261846602
 20
0.9446751343429416
 30
0.0
 70
0
  0
VERTEX
  5
D03
  8
LOGO
 10
-16.447972642892037
 20
0.9815095261358089
 30
0.0
 70
0
  0
VERTEX
  5
D04
  8
LOGO
 10
-16.425109916951634
 20
1.0043722520762097
 30
0.0
 70
0
  0
VERTEX
  5
D05
  8
LOGO
 10
-16.4066927210552
 20
1.02342452369321
 30
0.0
 70
0
  0
VERTEX
  5
D06
  8
LOGO
 10
-16.3914509037616
 20
1.039936492427944
 30
0.0
 70
0
  0
VERTEX
  5
D07
  8
LOGO
 10
-16.379384465070835
 20
1.0545432340009775
 30
0.0
 70
0
  0
VERTEX
  5
D08
  8
LOGO
 10
-16.36922325354177
 20
1.0685148998534446
 30
0.0
 70
0
  0
VERTEX
  5
D09
  8
LOGO
 10
-16.359697117733266
 20
1.0824865657059113
 30
0.0
 70
0
  0
VERTEX
  5
D0A
  8
LOGO
 10
-16.3514411333659
 20
1.0983634587200783
 30
0.0
 70
0
  0
VERTEX
  5
D0B
  8
LOGO
 10
-16.3419149975574
 20
1.116145578895946
 30
0.0
 70
0
  0
VERTEX
  5
D0C
  8
LOGO
 10
-16.3361993160723
 20
1.1282120175867127
 30
0.0
 70
0
  0
VERTEX
  5
D0D
  8
LOGO
 10
-16.3304836345872
 20
1.1415486077186132
 30
0.0
 70
0
  0
VERTEX
  5
D0E
  8
LOGO
 10
-16.3247679531021
 20
1.154885197850513
 30
0.0
 70
0
  0
VERTEX
  5
D0F
  8
LOGO
 10
-16.319687347337567
 20
1.1682217879824135
 30
0.0
 70
0
  0
VERTEX
  5
D10
  8
LOGO
 10
-16.314606741573034
 20
1.180923302393747
 30
0.0
 70
0
  0
VERTEX
  5
D11
  8
LOGO
 10
-16.31079628724963
 20
1.1923546653639479
 30
0.0
 70
0
  0
VERTEX
  5
D12
  8
LOGO
 10
-16.307620908646797
 20
1.2025158768930142
 30
0.0
 70
0
  0
VERTEX
  5
D13
  8
LOGO
 10
-16.305715681485097
 20
1.2114069369809484
 30
0.0
 70
0
  0
VERTEX
  5
D14
  8
LOGO
 10
-16.30127015144113
 20
1.2406204201270152
 30
0.0
 70
0
  0
VERTEX
  5
D15
  8
LOGO
 10
-16.299999999999997
 20
1.2755495847581828
 30
0.0
 70
0
  0
VERTEX
  5
D16
  8
LOGO
 10
-16.30127015144113
 20
1.3136541279921838
 30
0.0
 70
0
  0
VERTEX
  5
D17
  8
LOGO
 10
-16.304445530043964
 20
1.3542989741084521
 30
0.0
 70
0
  0
VERTEX
  5
D18
  8
LOGO
 10
-16.310161211529067
 20
1.3955788959452864
 30
0.0
 70
0
  0
VERTEX
  5
D19
  8
LOGO
 10
-16.317782120175867
 20
1.4362237420615538
 30
0.0
 70
0
  0
VERTEX
  5
D1A
  8
LOGO
 10
-16.327308255984367
 20
1.474328285295555
 30
0.0
 70
0
  0
VERTEX
  5
D1B
  8
LOGO
 10
-16.338739618954566
 20
1.5086223742061557
 30
0.0
 70
0
  0
VERTEX
  5
D1C
  8
LOGO
 10
-16.346995603321933
 20
1.5283097215437231
 30
0.0
 70
0
  0
VERTEX
  5
D1D
  8
LOGO
 10
-16.357791890571566
 20
1.5524425989252566
 30
0.0
 70
0
  0
VERTEX
  5
D1E
  8
LOGO
 10
-16.37112848070347
 20
1.578480703468491
 30
0.0
 70
0
  0
VERTEX
  5
D1F
  8
LOGO
 10
-16.385100146555935
 20
1.6064240351734247
 30
0.0
 70
0
  0
VERTEX
  5
D20
  8
LOGO
 10
-16.400341963849534
 20
1.6343673668783587
 30
0.0
 70
0
  0
VERTEX
  5
D21
  8
LOGO
 10
-16.415583781143134
 20
1.6604054714215926
 30
0.0
 70
0
  0
VERTEX
  5
D22
  8
LOGO
 10
-16.4295554469956
 20
1.6845383488031271
 30
0.0
 70
0
  0
VERTEX
  5
D23
  8
LOGO
 10
-16.442256961406937
 20
1.7035906204201274
 30
0.0
 70
0
  0
VERTEX
  5
D24
  8
LOGO
 10
-16.476551050317536
 20
1.7512212994626288
 30
0.0
 70
0
  0
VERTEX
  5
D25
  8
LOGO
 10
-16.511480214948705
 20
1.7963116756228628
 30
0.0
 70
0
  0
VERTEX
  5
D26
  8
LOGO
 10
-16.547044455300437
 20
1.838226673180264
 30
0.0
 70
0
  0
VERTEX
  5
D27
  8
LOGO
 10
-16.583878847093306
 20
1.8788715192965315
 30
0.0
 70
0
  0
VERTEX
  5
D28
  8
LOGO
 10
-16.62198339032731
 20
1.9169760625305323
 30
0.0
 70
0
  0
VERTEX
  5
D29
  8
LOGO
 10
-16.661993160723007
 20
1.9531753786028339
 30
0.0
 70
0
  0
VERTEX
  5
D2A
  8
LOGO
 10
-16.703273082559843
 20
1.9881045432340012
 30
0.0
 70
0
  0
VERTEX
  5
D2B
  8
LOGO
 10
-16.747093307278945
 20
2.0217635564240353
 30
0.0
 70
0
  0
VERTEX
  5
D2C
  8
LOGO
 10
-16.760429897410845
 20
2.0312896922325354
 30
0.0
 70
0
  0
VERTEX
  5
D2D
  8
LOGO
 10
-16.775671714704444
 20
2.041450903761602
 30
0.0
 70
0
  0
VERTEX
  5
D2E
  8
LOGO
 10
-16.792818759159744
 20
2.0522471910112365
 30
0.0
 70
0
  0
VERTEX
  5
D2F
  8
LOGO
 10
-16.810600879335613
 20
2.0636785539814366
 30
0.0
 70
0
  0
VERTEX
  5
D30
  8
LOGO
 10
-16.829653150952613
 20
2.075109916951637
 30
0.0
 70
0
  0
VERTEX
  5
D31
  8
LOGO
 10
-16.848070346849045
 20
2.08590620420127
 30
0.0
 70
0
  0
VERTEX
  5
D32
  8
LOGO
 10
-16.866487542745478
 20
2.0954323400097707
 30
0.0
 70
0
  0
VERTEX
  5
D33
  8
LOGO
 10
-16.88363458720078
 20
2.104958475818271
 30
0.0
 70
0
  0
VERTEX
  5
D34
  8
LOGO
 10
-16.94904738641915
 20
2.1354421104054717
 30
0.0
 70
0
  0
VERTEX
  5
D35
  8
LOGO
 10
-17.01382510991695
 20
2.162115290669272
 30
0.0
 70
0
  0
VERTEX
  5
D36
  8
LOGO
 10
-17.079872984855886
 20
2.1837078651685395
 30
0.0
 70
0
  0
VERTEX
  5
D37
  8
LOGO
 10
-17.147191011235954
 20
2.20085490962384
 30
0.0
 70
0
  0
VERTEX
  5
D38
  8
LOGO
 10
-17.216414264777722
 20
2.2135564240351737
 30
0.0
 70
0
  0
VERTEX
  5
D39
  8
LOGO
 10
-17.288812896922323
 20
2.222447484123107
 30
0.0
 70
0
  0
VERTEX
  5
D3A
  8
LOGO
 10
-17.36438690766976
 20
2.2275280898876413
 30
0.0
 70
0
  0
VERTEX
  5
D3B
  8
LOGO
 10
-17.444406448461162
 20
2.2281631656082075
 30
0.0
 70
0
  0
VERTEX
  5
D3C
  8
LOGO
 10
-17.466634098680995
 20
2.2281631656082075
 30
0.0
 70
0
  0
VERTEX
  5
D3D
  8
LOGO
 10
-17.488861748900828
 20
2.2275280898876413
 30
0.0
 70
0
  0
VERTEX
  5
D3E
  8
LOGO
 10
-17.510454323400097
 20
2.2275280898876413
 30
0.0
 70
0
  0
VERTEX
  5
D3F
  8
LOGO
 10
-17.530141670737663
 20
2.226893014167074
 30
0.0
 70
0
  0
VERTEX
  5
D40
  8
LOGO
 10
-17.547288715192963
 20
2.2262579384465075
 30
0.0
 70
0
  0
VERTEX
  5
D41
  8
LOGO
 10
-17.562530532486566
 20
2.2262579384465075
 30
0.0
 70
0
  0
VERTEX
  5
D42
  8
LOGO
 10
-17.573961895456765
 20
2.225622862725941
 30
0.0
 70
0
  0
SEQEND
  5
C2A
  8
LOGO
  0
POLYLINE
  5
D43
  8
LOGO
 66
1
 10
0.0
 20
0.0
 30
0.0
 70
1
  0
VERTEX
  5
D45
  8
LOGO
 10
-17.396140693698094
 20
1.762652662432829
 30
0.0
 70
0
  0
VERTEX
  5
D46
  8
LOGO
 10
-17.38153395212506
 20
1.7582071323888617
 30
0.0
 70
0
  0
VERTEX
  5
D47
  8
LOGO
 10
-17.366927210552028
 20
1.7531265266243286
 30
0.0
 70
0
  0
VERTEX
  5
D48
  8
LOGO
 10
-17.353590620420125
 20
1.7467757694186619
 30
0.0
 70
0
  0
VERTEX
  5
D49
  8
LOGO
 10
-17.340254030288225
 20
1.739789936492428
 30
0.0
 70
0
  0
VERTEX
  5
D4A
  8
LOGO
 10
-17.32818759159746
 20
1.7321690278456283
 30
0.0
 70
0
  0
VERTEX
  5
D4B
  8
LOGO
 10
-17.316121152906693
 20
1.723913043478261
 30
0.0
 70
0
  0
VERTEX
  5
D4C
  8
LOGO
 10
-17.305324865657056
 20
1.7143869076697609
 30
0.0
 70
0
  0
VERTEX
  5
D4D
  8
LOGO
 10
-17.29516365412799
 20
1.7048607718612605
 30
0.0
 70
0
  0
VERTEX
  5
D4E
  8
LOGO
 10
-17.29135319980459
 20
1.7004152418172942
 30
0.0
 70
0
  0
VERTEX
  5
D4F
  8
LOGO
 10
-17.286907669760623
 20
1.6946995603321935
 30
0.0
 70
0
  0
VERTEX
  5
D50
  8
LOGO
 10
-17.282462139716657
 20
1.6877137274059604
 30
0.0
 70
0
  0
VERTEX
  5
D51
  8
LOGO
 10
-17.27801660967269
 20
1.6807278944797268
 30
0.0
 70
0
  0
VERTEX
  5
D52
  8
LOGO
 10
-17.273571079628724
 20
1.6724719101123595
 30
0.0
 70
0
  0
VERTEX
  5
D53
  8
LOGO
 10
-17.26849047386419
 20
1.6648510014655598
 30
0.0
 70
0
  0
VERTEX
  5
D54
  8
LOGO
 10
-17.26468001954079
 20
1.6565950170981925
 30
0.0
 70
0
  0
VERTEX
  5
D55
  8
LOGO
 10
-17.26086956521739
 20
1.648339032730826
 30
0.0
 70
0
  0
VERTEX
  5
D56
  8
LOGO
 10
-17.255788959452858
 20
1.6369076697606257
 30
0.0
 70
0
  0
VERTEX
  5
D57
  8
LOGO
 10
-17.251978505129458
 20
1.626746458231559
 30
0.0
 70
0
  0
VERTEX
  5
D58
  8
LOGO
 10
-17.248803126526624
 20
1.6172203224230586
 30
0.0
 70
0
  0
VERTEX
  5
D59
  8
LOGO
 10
-17.246262823644358
 20
1.6076941866145584
 30
0.0
 70
0
  0
VERTEX
  5
D5A
  8
LOGO
 10
-17.244992672203225
 20
1.5975329750854914
 30
0.0
 70
0
  0
VERTEX
  5
D5B
  8
LOGO
 10
-17.24372252076209
 20
1.586101612115291
 30
0.0
 70
0
  0
VERTEX
  5
D5C
  8
LOGO
 10
-17.24372252076209
 20
1.5734000977039577
 30
0.0
 70
0
  0
VERTEX
  5
D5D
  8
LOGO
 10
-17.24372252076209
 20
1.5581582804103566
 30
0.0
 70
0
  0
VERTEX
  5
D5E
  8
LOGO
 10
-17.24372252076209
 20
1.5422813873961896
 30
0.0
 70
0
  0
VERTEX
  5
D5F
  8
LOGO
 10
-17.244357596482654
 20
1.5289447972642898
 30
0.0
 70
0
  0
VERTEX
  5
D60
  8
LOGO
 10
-17.24562774792379
 20
1.518148510014656
 30
0.0
 70
0
  0
VERTEX
  5
D61
  8
LOGO
 10
-17.246897899364924
 20
1.507352222765022
 30
0.0
 70
0
  0
VERTEX
  5
D62
  8
LOGO
 10
-17.250073277967758
 20
1.4978260869565219
 30
0.0
 70
0
  0
VERTEX
  5
D63
  8
LOGO
 10
-17.25324865657059
 20
1.4876648754274555
 30
0.0
 70
0
  0
VERTEX
  5
D64
  8
LOGO
 10
-17.258329262335124
 20
1.4768685881778216
 30
0.0
 70
0
  0
VERTEX
  5
D65
  8
LOGO
 10
-17.264044943820224
 20
1.4648021494870547
 30
0.0
 70
0
  0
VERTEX
  5
D66
  8
LOGO
 10
-17.27230092818759
 20
1.4489252564728876
 30
0.0
 70
0
  0
VERTEX
  5
D67
  8
LOGO
 10
-17.28182706399609
 20
1.4343185148998536
 30
0.0
 70
0
  0
VERTEX
  5
D68
  8
LOGO
 10
-17.292623351245723
 20
1.420346849047387
 30
0.0
 70
0
  0
VERTEX
  5
D69
  8
LOGO
 10
-17.30468978993649
 20
1.4070102589154865
 30
0.0
 70
0
  0
VERTEX
  5
D6A
  8
LOGO
 10
-17.317391304347826
 20
1.3949438202247195
 30
0.0
 70
0
  0
VERTEX
  5
D6B
  8
LOGO
 10
-17.33199804592086
 20
1.383512457254519
 30
0.0
 70
0
  0
VERTEX
  5
D6C
  8
LOGO
 10
-17.34660478749389
 20
1.3733512457254526
 30
0.0
 70
0
  0
VERTEX
  5
D6D
  8
LOGO
 10
-17.363116756228624
 20
1.3638251099169525
 30
0.0
 70
0
  0
VERTEX
  5
D6E
  8
LOGO
 10
-17.370737664875428
 20
1.360014655593552
 30
0.0
 70
0
  0
VERTEX
  5
D6F
  8
LOGO
 10
-17.378358573522227
 20
1.3568392769907187
 30
0.0
 70
0
  0
VERTEX
  5
D70
  8
LOGO
 10
-17.386614557889594
 20
1.3542989741084521
 30
0.0
 70
0
  0
VERTEX
  5
D71
  8
LOGO
 10
-17.39487054225696
 20
1.3523937469467515
 30
0.0
 70
0
  0
VERTEX
  5
D72
  8
LOGO
 10
-17.405666829506593
 20
1.3511235955056187
 30
0.0
 70
0
  0
VERTEX
  5
D73
  8
LOGO
 10
-17.417098192476793
 20
1.350488519785052
 30
0.0
 70
0
  0
VERTEX
  5
D74
  8
LOGO
 10
-17.431704934049826
 20
1.349853444064485
 30
0.0
 70
0
  0
VERTEX
  5
D75
  8
LOGO
 10
-17.44885197850513
 20
1.349853444064485
 30
0.0
 70
0
  0
VERTEX
  5
D76
  8
LOGO
 10
-17.46599902296043
 20
1.349853444064485
 30
0.0
 70
0
  0
VERTEX
  5
D77
  8
LOGO
 10
-17.48060576453346
 20
1.350488519785052
 30
0.0
 70
0
  0
VERTEX
  5
D78
  8
LOGO
 10
-17.49267220322423
 20
1.3511235955056187
 30
0.0
 70
0
  0
VERTEX
  5
D79
  8
LOGO
 10
-17.503468490473864
 20
1.3523937469467515
 30
0.0
 70
0
  0
VERTEX
  5
D7A
  8
LOGO
 10
-17.512359550561797
 20
1.3542989741084521
 30
0.0
 70
0
  0
VERTEX
  5
D7B
  8
LOGO
 10
-17.520615534929163
 20
1.3568392769907187
 30
0.0
 70
0
  0
VERTEX
  5
D7C
  8
LOGO
 10
-17.528236443575963
 20
1.3606497313141188
 30
0.0
 70
0
  0
VERTEX
  5
D7D
  8
LOGO
 10
-17.53649242794333
 20
1.3644601856375185
 30
0.0
 70
0
  0
VERTEX
  5
D7E
  8
LOGO
 10
-17.552369320957496
 20
1.3739863214460188
 30
0.0
 70
0
  0
VERTEX
  5
D7F
  8
LOGO
 10
-17.5676111382511
 20
1.3841475329750856
 30
0.0
 70
0
  0
VERTEX
  5
D80
  8
LOGO
 10
-17.58221787982413
 20
1.3962139716658526
 30
0.0
 70
0
  0
VERTEX
  5
D81
  8
LOGO
 10
-17.59555446995603
 20
1.4089154860771864
 30
0.0
 70
0
  0
VERTEX
  5
D82
  8
LOGO
 10
-17.608255984367364
 20
1.4228871519296535
 30
0.0
 70
0
  0
VERTEX
  5
D83
  8
LOGO
 10
-17.619687347337567
 20
1.4368588177821209
 30
0.0
 70
0
  0
VERTEX
  5
D84
  8
LOGO
 10
-17.629213483146067
 20
1.4514655593551542
 30
0.0
 70
0
  0
VERTEX
  5
D85
  8
LOGO
 10
-17.637469467513434
 20
1.4667073766487544
 30
0.0
 70
0
  0
VERTEX
  5
D86
  8
LOGO
 10
-17.642550073277967
 20
1.4775036638983885
 30
0.0
 70
0
  0
VERTEX
  5
D87
  8
LOGO
 10
-17.646995603321933
 20
1.4870297997068884
 30
0.0
 70
0
  0
VERTEX
  5
D88
  8
LOGO
 10
-17.650170981924767
 20
1.4965559355153888
 30
0.0
 70
0
  0
VERTEX
  5
D89
  8
LOGO
 10
-17.652076209086466
 20
1.506717147044456
 30
0.0
 70
0
  0
VERTEX
  5
D8A
  8
LOGO
 10
-17.653981436248166
 20
1.5168783585735224
 30
0.0
 70
0
  0
VERTEX
  5
D8B
  8
LOGO
 10
-17.654616511968733
 20
1.529579872984856
 30
0.0
 70
0
  0
VERTEX
  5
D8C
  8
LOGO
 10
-17.6552515876893
 20
1.5448216902784568
 30
0.0
 70
0
  0
VERTEX
  5
D8D
  8
LOGO
 10
-17.6552515876893
 20
1.5626038104543238
 30
0.0
 70
0
  0
VERTEX
  5
D8E
  8
LOGO
 10
-17.6552515876893
 20
1.5797508549096244
 30
0.0
 70
0
  0
VERTEX
  5
D8F
  8
LOGO
 10
-17.654616511968733
 20
1.594357596482658
 30
0.0
 70
0
  0
VERTEX
  5
D90
  8
LOGO
 10
-17.653981436248166
 20
1.6064240351734247
 30
0.0
 70
0
  0
VERTEX
  5
D91
  8
LOGO
 10
-17.652711284807033
 20
1.6165852467024917
 30
0.0
 70
0
  0
VERTEX
  5
D92
  8
LOGO
 10
-17.650806057645333
 20
1.6254763067904254
 30
0.0
 70
0
  0
VERTEX
  5
D93
  8
LOGO
 10
-17.648265754763067
 20
1.6337322911577925
 30
0.0
 70
0
  0
VERTEX
  5
D94
  8
LOGO
 10
-17.645090376160233
 20
1.641988275525159
 30
0.0
 70
0
  0
VERTEX
  5
D95
  8
LOGO
 10
-17.640644846116267
 20
1.6502442598925258
 30
0.0
 70
0
  0
VERTEX
  5
D96
  8
LOGO
 10
-17.633023937469467
 20
1.6635808500244262
 30
0.0
 70
0
  0
VERTEX
  5
D97
  8
LOGO
 10
-17.624132877381534
 20
1.67628236443576
 30
0.0
 70
0
  0
VERTEX
  5
D98
  8
LOGO
 10
-17.613971665852464
 20
1.6896189545676603
 30
0.0
 70
0
  0
VERTEX
  5
D99
  8
LOGO
 10
-17.603810454323398
 20
1.7016853932584273
 30
0.0
 70
0
  0
VERTEX
  5
D9A
  8
LOGO
 10
-17.592379091353198
 20
1.7137518319491938
 30
0.0
 70
0
  0
VERTEX
  5
D9B
  8
LOGO
 10
-17.580947728383
 20
1.7245481191988281
 30
0.0
 70
0
  0
VERTEX
  5
D9C
  8
LOGO
 10
-17.570151441133365
 20
1.7334391792867614
 30
0.0
 70
0
  0
VERTEX
  5
D9D
  8
LOGO
 10
-17.558720078163162
 20
1.7410600879335616
 30
0.0
 70
0
  0
VERTEX
  5
D9E
  8
LOGO
 10
-17.548558866634096
 20
1.7467757694186619
 30
0.0
 70
0
  0
VERTEX
  5
D9F
  8
LOGO
 10
-17.535857352222763
 20
1.752491450903762
 30
0.0
 70
0
  0
VERTEX
  5
DA0
  8
LOGO
 10
-17.52315583781143
 20
1.7575720566682957
 30
0.0
 70
0
  0
VERTEX
  5
DA1
  8
LOGO
 10
-17.509184171958964
 20
1.7620175867122618
 30
0.0
 70
0
  0
VERTEX
  5
DA2
  8
LOGO
 10
-17.49457743038593
 20
1.7658280410356624
 30
0.0
 70
0
  0
VERTEX
  5
DA3
  8
LOGO
 10
-17.48060576453346
 20
1.7690034196384956
 30
0.0
 70
0
  0
VERTEX
  5
DA4
  8
LOGO
 10
-17.46726917440156
 20
1.7709086468001956
 30
0.0
 70
0
  0
VERTEX
  5
DA5
  8
LOGO
 10
-17.455202735710795
 20
1.7715437225207622
 30
0.0
 70
0
  0
VERTEX
  5
DA6
  8
LOGO
 10
-17.449487054225695
 20
1.7715437225207622
 30
0.0
 70
0
  0
VERTEX
  5
DA7
  8
LOGO
 10
-17.44313629702003
 20
1.7709086468001956
 30
0.0
 70
0
  0
VERTEX
  5
DA8
  8
LOGO
 10
-17.436150464093796
 20
1.7702735710796296
 30
0.0
 70
0
  0
VERTEX
  5
DA9
  8
LOGO
 10
-17.428529555446993
 20
1.7690034196384956
 30
0.0
 70
0
  0
VERTEX
  5
DAA
  8
LOGO
 10
-17.420273571079626
 20
1.767733268197362
 30
0.0
 70
0
  0
VERTEX
  5
DAB
  8
LOGO
 10
-17.41201758671226
 20
1.766463116756229
 30
0.0
 70
0
  0
VERTEX
  5
DAC
  8
LOGO
 10
-17.403761602344893
 20
1.7645578895945284
 30
0.0
 70
0
  0
SEQEND
  5
D44
  8
LOGO
  0
POLYLINE
  5
DAD
  8
LOGO
 66
1
 10
0.0
 20
0.0
 30
0.0
 70
1
  0
VERTEX
  5
DAF
  8
LOGO
 10
17.95564240351734
 20
2.3558133854421106
 30
0.0
 70
0
  0
VERTEX
  5
DB0
  8
LOGO
 10
17.864191499755737
 20
2.3456521739130434
 30
0.0
 70
0
  0
VERTEX
  5
DB1
  8
LOGO
 10
17.772740595994136
 20
2.3304103566194434
 30
0.0
 70
0
  0
VERTEX
  5
DB2
  8
LOGO
 10
17.6819247679531
 20
2.310723009281876
 30
0.0
 70
0
  0
VERTEX
  5
DB3
  8
LOGO
 10
17.591108939912065
 20
2.286590131900342
 30
0.0
 70
0
  0
VERTEX
  5
DB4
  8
LOGO
 10
17.500928187591597
 20
2.2573766487542746
 30
0.0
 70
0
  0
VERTEX
  5
DB5
  8
LOGO
 10
17.41011235955056
 20
2.223717635564241
 30
0.0
 70
0
  0
VERTEX
  5
DB6
  8
LOGO
 10
17.31866145578896
 20
2.184342940889106
 30
0.0
 70
0
  0
VERTEX
  5
DB7
  8
LOGO
 10
17.22594040058622
 20
2.140522716170005
 30
0.0
 70
0
  0
VERTEX
  5
DB8
  8
LOGO
 10
17.157987298485587
 20
2.104958475818271
 30
0.0
 70
0
  0
VERTEX
  5
DB9
  8
LOGO
 10
17.091939423546652
 20
2.0674890083048365
 30
0.0
 70
0
  0
VERTEX
  5
DBA
  8
LOGO
 10
17.028431851489984
 20
2.028114313629702
 30
0.0
 70
0
  0
VERTEX
  5
DBB
  8
LOGO
 10
16.96619443087445
 20
1.9868343917928677
 30
0.0
 70
0
  0
VERTEX
  5
DBC
  8
LOGO
 10
16.905862237420614
 20
1.9430141670737666
 30
0.0
 70
0
  0
VERTEX
  5
DBD
  8
LOGO
 10
16.846800195407912
 20
1.8966536394723992
 30
0.0
 70
0
  0
VERTEX
  5
DBE
  8
LOGO
 10
16.788373229115777
 20
1.847752808988764
 30
0.0
 70
0
  0
VERTEX
  5
DBF
  8
LOGO
 10
16.731216414264775
 20
1.7956765999022968
 30
0.0
 70
0
  0
VERTEX
  5
DC0
  8
LOGO
 10
16.679140205178307
 20
1.7448705422569621
 30
0.0
 70
0
  0
VERTEX
  5
DC1
  8
LOGO
 10
16.630239374694675
 20
1.6934294088910606
 30
0.0
 70
0
  0
VERTEX
  5
DC2
  8
LOGO
 10
16.584513922813873
 20
1.6407181240840254
 30
0.0
 70
0
  0
VERTEX
  5
DC3
  8
LOGO
 10
16.541328773815337
 20
1.586101612115291
 30
0.0
 70
0
  0
VERTEX
  5
DC4
  8
LOGO
 10
16.50131900341964
 20
1.5302149487054229
 30
0.0
 70
0
  0
VERTEX
  5
DC5
  8
LOGO
 10
16.463849535906203
 20
1.4717879824132885
 30
0.0
 70
0
  0
VERTEX
  5
DC6
  8
LOGO
 10
16.428285295554467
 20
1.4108207132388866
 30
0.0
 70
0
  0
VERTEX
  5
DC7
  8
LOGO
 10
16.394626282364435
 20
1.3466780654616515
 30
0.0
 70
0
  0
VERTEX
  5
DC8
  8
LOGO
 10
16.381289692232535
 20
1.3187347337567177
 30
0.0
 70
0
  0
VERTEX
  5
DC9
  8
LOGO
 10
16.367953102100635
 20
1.2869809477283836
 30
0.0
 70
0
  0
VERTEX
  5
DCA
  8
LOGO
 10
16.3552515876893
 20
1.2526868588177829
 30
0.0
 70
0
  0
VERTEX
  5
DCB
  8
LOGO
 10
16.343185148998533
 20
1.2171226184660484
 30
0.0
 70
0
  0
VERTEX
  5
DCC
  8
LOGO
 10
16.3323888617489
 20
1.181558378114314
 30
0.0
 70
0
  0
VERTEX
  5
DCD
  8
LOGO
 10
16.322227650219833
 20
1.1466292134831464
 30
0.0
 70
0
  0
VERTEX
  5
DCE
  8
LOGO
 10
16.314606741573034
 20
1.1142403517342454
 30
0.0
 70
0
  0
VERTEX
  5
DCF
  8
LOGO
 10
16.30889106008793
 20
1.0843917928676117
 30
0.0
 70
0
  0
VERTEX
  5
DD0
  8
LOGO
 10
16.30317537860283
 20
1.0412066438690768
 30
0.0
 70
0
  0
VERTEX
  5
DD1
  8
LOGO
 10
16.299999999999997
 20
0.9986565705911097
 30
0.0
 70
0
  0
VERTEX
  5
DD2
  8
LOGO
 10
16.299999999999997
 20
0.9567415730337083
 30
0.0
 70
0
  0
VERTEX
  5
DD3
  8
LOGO
 10
16.302540302882264
 20
0.9160967269174408
 30
0.0
 70
0
  0
VERTEX
  5
DD4
  8
LOGO
 10
16.30698583292623
 20
0.8779921836834398
 30
0.0
 70
0
  0
VERTEX
  5
DD5
  8
LOGO
 10
16.314606741573034
 20
0.8411577918905718
 30
0.0
 70
0
  0
VERTEX
  5
DD6
  8
LOGO
 10
16.3247679531021
 20
0.807498778700538
 30
0.0
 70
0
  0
VERTEX
  5
DD7
  8
LOGO
 10
16.337469467513433
 20
0.7763800683927705
 30
0.0
 70
0
  0
VERTEX
  5
DD8
  8
LOGO
 10
16.346995603321933
 20
0.7573277967757701
 30
0.0
 70
0
  0
VERTEX
  5
DD9
  8
LOGO
 10
16.358426966292132
 20
0.7376404494382027
 30
0.0
 70
0
  0
VERTEX
  5
DDA
  8
LOGO
 10
16.370493404982902
 20
0.7173180263800686
 30
0.0
 70
0
  0
VERTEX
  5
DDB
  8
LOGO
 10
16.3838299951148
 20
0.6982657547630682
 30
0.0
 70
0
  0
VERTEX
  5
DDC
  8
LOGO
 10
16.396531509526135
 20
0.6798485588666344
 30
0.0
 70
0
  0
VERTEX
  5
DDD
  8
LOGO
 10
16.409868099658034
 20
0.6633365901319006
 30
0.0
 70
0
  0
VERTEX
  5
DDE
  8
LOGO
 10
16.4219345383488
 20
0.6500000000000001
 30
0.0
 70
0
  0
VERTEX
  5
DDF
  8
LOGO
 10
16.432730825598437
 20
0.6392037127503669
 30
0.0
 70
0
  0
VERTEX
  5
DE0
  8
LOGO
 10
16.446702491450903
 20
0.628407425500733
 30
0.0
 70
0
  0
VERTEX
  5
DE1
  8
LOGO
 10
16.46257938446507
 20
0.6176111382510999
 30
0.0
 70
0
  0
VERTEX
  5
DE2
  8
LOGO
 10
16.47972642892037
 20
0.6068148510014659
 30
0.0
 70
0
  0
VERTEX
  5
DE3
  8
LOGO
 10
16.498143624816805
 20
0.5966536394723989
 30
0.0
 70
0
  0
VERTEX
  5
DE4
  8
LOGO
 10
16.51592574499267
 20
0.5877625793844654
 30
0.0
 70
0
  0
VERTEX
  5
DE5
  8
LOGO
 10
16.534342940889104
 20
0.5795065950170989
 30
0.0
 70
0
  0
VERTEX
  5
DE6
  8
LOGO
 10
16.551489985344404
 20
0.5731558378114321
 30
0.0
 70
0
  0
VERTEX
  5
DE7
  8
LOGO
 10
16.56800195407914
 20
0.5680752320468981
 30
0.0
 70
0
  0
VERTEX
  5
DE8
  8
LOGO
 10
16.589594528578406
 20
0.562994626282365
 30
0.0
 70
0
  0
VERTEX
  5
DE9
  8
LOGO
 10
16.613092330239372
 20
0.5598192476795315
 30
0.0
 70
0
  0
VERTEX
  5
DEA
  8
LOGO
 10
16.63849535906204
 20
0.5579140205178311
 30
0.0
 70
0
  0
VERTEX
  5
DEB
  8
LOGO
 10
16.664533463605274
 20
0.5572789447972649
 30
0.0
 70
0
  0
VERTEX
  5
DEC
  8
LOGO
 10
16.691206643869076
 20
0.5585490962383979
 30
0.0
 70
0
  0
VERTEX
  5
DED
  8
LOGO
 10
16.718514899853442
 20
0.5610893991206645
 30
0.0
 70
0
  0
VERTEX
  5
DEE
  8
LOGO
 10
16.745188080117245
 20
0.5655349291646316
 30
0.0
 70
0
  0
VERTEX
  5
DEF
  8
LOGO
 10
16.771226184660478
 20
0.5706155349291647
 30
0.0
 70
0
  0
VERTEX
  5
DF0
  8
LOGO
 10
16.796629213483143
 20
0.5776013678553984
 30
0.0
 70
0
  0
VERTEX
  5
DF1
  8
LOGO
 10
16.82457254518808
 20
0.5864924279433318
 30
0.0
 70
0
  0
VERTEX
  5
DF2
  8
LOGO
 10
16.854421104054712
 20
0.5966536394723989
 30
0.0
 70
0
  0
VERTEX
  5
DF3
  8
LOGO
 10
16.884904738641914
 20
0.6087200781631658
 30
0.0
 70
0
  0
VERTEX
  5
DF4
  8
LOGO
 10
16.91602344894968
 20
0.6214215925744994
 30
0.0
 70
0
  0
VERTEX
  5
DF5
  8
LOGO
 10
16.94714215925745
 20
0.6347581827063998
 30
0.0
 70
0
  0
VERTEX
  5
DF6
  8
LOGO
 10
16.976990718124082
 20
0.6487298485588672
 30
0.0
 70
0
  0
VERTEX
  5
DF7
  8
LOGO
 10
17.00429897410845
 20
0.6627015144113338
 30
0.0
 70
0
  0
VERTEX
  5
DF8
  8
LOGO
 10
17.09257449926722
 20
0.7128724963361023
 30
0.0
 70
0
  0
VERTEX
  5
DF9
  8
LOGO
 10
17.189741084513923
 20
0.7744748412310701
 30
0.0
 70
0
  0
VERTEX
  5
DFA
  8
LOGO
 10
17.29325842696629
 20
0.8443331704934052
 30
0.0
 70
0
  0
VERTEX
  5
DFB
  8
LOGO
 10
17.401221299462627
 20
0.9224474841231077
 30
0.0
 70
0
  0
VERTEX
  5
DFC
  8
LOGO
 10
17.510454323400097
 20
1.0050073277967764
 30
0.0
 70
0
  0
VERTEX
  5
DFD
  8
LOGO
 10
17.617782120175868
 20
1.0913776257938448
 30
0.0
 70
0
  0
VERTEX
  5
DFE
  8
LOGO
 10
17.721299462628235
 20
1.1790180752320474
 30
0.0
 70
0
  0
VERTEX
  5
DFF
  8
LOGO
 10
17.817830972154372
 20
1.2653883732291165
 30
0.0
 70
0
  0
VERTEX
  5
E00
  8
LOGO
 10
17.916267708842206
 20
1.360014655593552
 30
0.0
 70
0
  0
VERTEX
  5
E01
  8
LOGO
 10
18.007083536883243
 20
1.4546409379579879
 30
0.0
 70
0
  0
VERTEX
  5
E02
  8
LOGO
 10
18.09154860771861
 20
1.5492672203224234
 30
0.0
 70
0
  0
VERTEX
  5
E03
  8
LOGO
 10
18.167757694186612
 20
1.642623351245726
 30
0.0
 70
0
  0
VERTEX
  5
E04
  8
LOGO
 10
18.235710796287247
 20
1.734074255007328
 30
0.0
 70
0
  0
VERTEX
  5
E05
  8
LOGO
 10
18.29477283829995
 20
1.8229848558866637
 30
0.0
 70
0
  0
VERTEX
  5
E06
  8
LOGO
 10
18.343673668783584
 20
1.908085002442599
 30
0.0
 70
0
  0
VERTEX
  5
E07
  8
LOGO
 10
18.382413287738153
 20
1.988739618954568
 30
0.0
 70
0
  0
VERTEX
  5
E08
  8
LOGO
 10
18.395749877870053
 20
2.0243038593063027
 30
0.0
 70
0
  0
VERTEX
  5
E09
  8
LOGO
 10
18.406546165119686
 20
2.0585979482169035
 30
0.0
 70
0
  0
VERTEX
  5
E0A
  8
LOGO
 10
18.414167073766485
 20
2.0916218856863704
 30
0.0
 70
0
  0
VERTEX
  5
E0B
  8
LOGO
 10
18.417977528089885
 20
2.1233756717147045
 30
0.0
 70
0
  0
VERTEX
  5
E0C
  8
LOGO
 10
18.41924767953102
 20
2.1532242305813387
 30
0.0
 70
0
  0
VERTEX
  5
E0D
  8
LOGO
 10
18.416707376648752
 20
2.180532486565706
 30
0.0
 70
0
  0
VERTEX
  5
E0E
  8
LOGO
 10
18.41162677088422
 20
2.2053004396678073
 30
0.0
 70
0
  0
VERTEX
  5
E0F
  8
LOGO
 10
18.402735710796286
 20
2.226893014167074
 30
0.0
 70
0
  0
VERTEX
  5
E10
  8
LOGO
 10
18.38685881778212
 20
2.2516609672691748
 30
0.0
 70
0
  0
VERTEX
  5
E11
  8
LOGO
 10
18.364631167562287
 20
2.2738886174890087
 30
0.0
 70
0
  0
VERTEX
  5
E12
  8
LOGO
 10
18.337322911577917
 20
2.2942110405471428
 30
0.0
 70
0
  0
VERTEX
  5
E13
  8
LOGO
 10
18.304934049829015
 20
2.3119931607230098
 30
0.0
 70
0
  0
VERTEX
  5
E14
  8
LOGO
 10
18.267464582315583
 20
2.32723497801661
 30
0.0
 70
0
  0
VERTEX
  5
E15
  8
LOGO
 10
18.22554958475818
 20
2.3399364924279435
 30
0.0
 70
0
  0
VERTEX
  5
E16
  8
LOGO
 10
18.17918905715681
 20
2.3494626282364437
 30
0.0
 70
0
  0
VERTEX
  5
E17
  8
LOGO
 10
18.129018075232047
 20
2.3564484611626773
 30
0.0
 70
0
  0
VERTEX
  5
E18
  8
LOGO
 10
18.104250122129944
 20
2.358353688324377
 30
0.0
 70
0
  0
VERTEX
  5
E19
  8
LOGO
 10
18.083292623351245
 20
2.3602589154860776
 30
0.0
 70
0
  0
VERTEX
  5
E1A
  8
LOGO
 10
18.064240351734245
 20
2.3615290669272104
 30
0.0
 70
0
  0
VERTEX
  5
E1B
  8
LOGO
 10
18.046458231558375
 20
2.3615290669272104
 30
0.0
 70
0
  0
VERTEX
  5
E1C
  8
LOGO
 10
18.027405959941376
 20
2.3615290669272104
 30
0.0
 70
0
  0
VERTEX
  5
E1D
  8
LOGO
 10
18.007083536883243
 20
2.3602589154860776
 30
0.0
 70
0
  0
VERTEX
  5
E1E
  8
LOGO
 10
17.983585735222274
 20
2.358353688324377
 30
0.0
 70
0
  0
SEQEND
  5
DAE
  8
LOGO
  0
POLYLINE
  5
E1F
  8
LOGO
 66
1
 10
0.0
 20
0.0
 30
0.0
 70
1
  0
VERTEX
  5
E21
  8
LOGO
 10
20.217782120175865
 20
2.224987787005374
 30
0.0
 70
0
  0
VERTEX
  5
E22
  8
LOGO
 10
20.1904738641915
 20
2.222447484123107
 30
0.0
 70
0
  0
VERTEX
  5
E23
  8
LOGO
 10
20.156814851001464
 20
2.218637029799707
 30
0.0
 70
0
  0
VERTEX
  5
E24
  8
LOGO
 10
20.11871030776746
 20
2.212921348314607
 30
0.0
 70
0
  0
VERTEX
  5
E25
  8
LOGO
 10
20.078065461651196
 20
2.20657059110894
 30
0.0
 70
0
  0
VERTEX
  5
E26
  8
LOGO
 10
20.03678553981436
 20
2.2002198339032732
 30
0.0
 70
0
  0
VERTEX
  5
E27
  8
LOGO
 10
19.996140693698095
 20
2.1932340009770397
 30
0.0
 70
0
  0
VERTEX
  5
E28
  8
LOGO
 10
19.959306301905226
 20
2.18561309233024
 30
0.0
 70
0
  0
VERTEX
  5
E29
  8
LOGO
 10
19.92755251587689
 20
2.179262335124573
 30
0.0
 70
0
  0
VERTEX
  5
E2A
  8
LOGO
 10
19.83038593063019
 20
2.1551294577430387
 30
0.0
 70
0
  0
VERTEX
  5
E2B
  8
LOGO
 10
19.73639472398632
 20
2.1290913531998052
 30
0.0
 70
0
  0
VERTEX
  5
E2C
  8
LOGO
 10
19.64430874450415
 20
2.0992427943331706
 30
0.0
 70
0
  0
VERTEX
  5
E2D
  8
LOGO
 10
19.551587689301414
 20
2.065583781143137
 30
0.0
 70
0
  0
VERTEX
  5
E2E
  8
LOGO
 10
19.457596482657546
 20
2.027479237909136
 30
0.0
 70
0
  0
VERTEX
  5
E2F
  8
LOGO
 10
19.36106497313141
 20
1.984929164631168
 30
0.0
 70
0
  0
VERTEX
  5
E30
  8
LOGO
 10
19.26008793356131
 20
1.936028334147533
 30
0.0
 70
0
  0
VERTEX
  5
E31
  8
LOGO
 10
19.15403028822667
 20
1.8820468978993652
 30
0.0
 70
0
  0
VERTEX
  5
E32
  8
LOGO
 10
19.110845139228136
 20
1.859184171958965
 30
0.0
 70
0
  0
VERTEX
  5
E33
  8
LOGO
 10
19.070835368832437
 20
1.836956521739131
 30
0.0
 70
0
  0
VERTEX
  5
E34
  8
LOGO
 10
19.032730825598435
 20
1.8159990229604301
 30
0.0
 70
0
  0
VERTEX
  5
E35
  8
LOGO
 10
18.994626282364433
 20
1.7937713727405962
 30
0.0
 70
0
  0
VERTEX
  5
E36
  8
LOGO
 10
18.955886663409867
 20
1.7702735710796296
 30
0.0
 70
0
  0
VERTEX
  5
E37
  8
LOGO
 10
18.915241817293598
 20
1.7455056179775281
 30
0.0
 70
0
  0
VERTEX
  5
E38
  8
LOGO
 10
18.8714215925745
 20
1.718197361993161
 30
0.0
 70
0
  0
VERTEX
  5
E39
  8
LOGO
 10
18.823790913531997
 20
1.6870786516853937
 30
0.0
 70
0
  0
VERTEX
  5
E3A
  8
LOGO
 10
18.709477283829994
 20
1.6108695652173919
 30
0.0
 70
0
  0
VERTEX
  5
E3B
  8
LOGO
 10
18.588812896922324
 20
1.5257694186614565
 30
0.0
 70
0
  0
VERTEX
  5
E3C
  8
LOGO
 10
18.462432828529554
 20
1.431778212017587
 30
0.0
 70
0
  0
VERTEX
  5
E3D
  8
LOGO
 10
18.329702002931118
 20
1.3288959452857847
 30
0.0
 70
0
  0
VERTEX
  5
E3E
  8
LOGO
 10
18.18998534440645
 20
1.2164875427454815
 30
0.0
 70
0
  0
VERTEX
  5
E3F
  8
LOGO
 10
18.04391792867611
 20
1.095188080117245
 30
0.0
 70
0
  0
VERTEX
  5
E40
  8
LOGO
 10
17.89086468001954
 20
0.963727405959942
 30
0.0
 70
0
  0
VERTEX
  5
E41
  8
LOGO
 10
17.730825598436734
 20
0.8227405959941382
 30
0.0
 70
0
  0
VERTEX
  5
E42
  8
LOGO
 10
17.53649242794333
 20
0.6461895456766006
 30
0.0
 70
0
  0
VERTEX
  5
E43
  8
LOGO
 10
17.362481680508058
 20
0.47979970688812934
 30
0.0
 70
0
  0
VERTEX
  5
E44
  8
LOGO
 10
17.206253053248656
 20
0.32103077674645863
 30
0.0
 70
0
  0
VERTEX
  5
E45
  8
LOGO
 10
17.06590131900342
 20
0.16797752808988792
 30
0.0
 70
0
  0
VERTEX
  5
E46
  8
LOGO
 10
16.940791402051783
 20
0.018734733756717435
 30
0.0
 70
0
  0
VERTEX
  5
E47
  8
LOGO
 10
16.827112848070346
 20
-0.1292379091353194
 30
0.0
 70
0
  0
VERTEX
  5
E48
  8
LOGO
 10
16.72486565705911
 20
-0.27784562774792304
 30
0.0
 70
0
  0
VERTEX
  5
E49
  8
LOGO
 10
16.630239374694675
 20
-0.428993649242794
 30
0.0
 70
0
  0
VERTEX
  5
E4A
  8
LOGO
 10
16.609281875915972
 20
-0.4664631167562282
 30
0.0
 70
0
  0
VERTEX
  5
E4B
  8
LOGO
 10
16.58705422569614
 20
-0.5077430385930626
 30
0.0
 70
0
  0
VERTEX
  5
E4C
  8
LOGO
 10
16.565461651196873
 20
-0.5515632633121635
 30
0.0
 70
0
  0
VERTEX
  5
E4D
  8
LOGO
 10
16.543869076697604
 20
-0.5966536394723981
 30
0.0
 70
0
  0
VERTEX
  5
E4E
  8
LOGO
 10
16.522911577918904
 20
-0.641108939912066
 30
0.0
 70
0
  0
VERTEX
  5
E4F
  8
LOGO
 10
16.50449438202247
 20
-0.6849291646311669
 30
0.0
 70
0
  0
VERTEX
  5
E50
  8
LOGO
 10
16.487982413287735
 20
-0.7249389350268681
 30
0.0
 70
0
  0
VERTEX
  5
E51
  8
LOGO
 10
16.47401074743527
 20
-0.7617733268197358
 30
0.0
 70
0
  0
VERTEX
  5
E52
  8
LOGO
 10
16.455593551538836
 20
-0.8189301416707372
 30
0.0
 70
0
  0
VERTEX
  5
E53
  8
LOGO
 10
16.43971665852467
 20
-0.8760869565217387
 30
0.0
 70
0
  0
VERTEX
  5
E54
  8
LOGO
 10
16.426380068392767
 20
-0.9326086956521733
 30
0.0
 70
0
  0
VERTEX
  5
E55
  8
LOGO
 10
16.4162188568637
 20
-0.9891304347826082
 30
0.0
 70
0
  0
VERTEX
  5
E56
  8
LOGO
 10
16.4085979482169
 20
-1.0456521739130429
 30
0.0
 70
0
  0
VERTEX
  5
E57
  8
LOGO
 10
16.404152418172934
 20
-1.1015388373229111
 30
0.0
 70
0
  0
VERTEX
  5
E58
  8
LOGO
 10
16.402247191011234
 20
-1.1574255007327794
 30
0.0
 70
0
  0
VERTEX
  5
E59
  8
LOGO
 10
16.4028822667318
 20
-1.2126770884220806
 30
0.0
 70
0
  0
VERTEX
  5
E5A
  8
LOGO
 10
16.406057645334634
 20
-1.2666585246702486
 30
0.0
 70
0
  0
VERTEX
  5
E5B
  8
LOGO
 10
16.411138251099167
 20
-1.3180996580361501
 30
0.0
 70
0
  0
VERTEX
  5
E5C
  8
LOGO
 10
16.418759159745967
 20
-1.3682706399609181
 30
0.0
 70
0
  0
VERTEX
  5
E5D
  8
LOGO
 10
16.428920371275034
 20
-1.4165363947239862
 30
0.0
 70
0
  0
VERTEX
  5
E5E
  8
LOGO
 10
16.440986809965803
 20
-1.4635319980459203
 30
0.0
 70
0
  0
VERTEX
  5
E5F
  8
LOGO
 10
16.456228627259403
 20
-1.5092574499267215
 30
0.0
 70
0
  0
VERTEX
  5
E60
  8
LOGO
 10
16.473375671714702
 20
-1.5537127503663892
 30
0.0
 70
0
  0
VERTEX
  5
E61
  8
LOGO
 10
16.493063019052272
 20
-1.5981680508060572
 30
0.0
 70
0
  0
VERTEX
  5
E62
  8
LOGO
 10
16.500048851978505
 20
-1.6134098680996576
 30
0.0
 70
0
  0
VERTEX
  5
E63
  8
LOGO
 10
16.50830483634587
 20
-1.6292867611138246
 30
0.0
 70
0
  0
VERTEX
  5
E64
  8
LOGO
 10
16.517195896433805
 20
-1.6457987298485584
 30
0.0
 70
0
  0
VERTEX
  5
E65
  8
LOGO
 10
16.52545188080117
 20
-1.6616756228627254
 30
0.0
 70
0
  0
VERTEX
  5
E66
  8
LOGO
 10
16.534342940889104
 20
-1.6775525158768925
 30
0.0
 70
0
  0
VERTEX
  5
E67
  8
LOGO
 10
16.54259892525647
 20
-1.6921592574499262
 30
0.0
 70
0
  0
VERTEX
  5
E68
  8
LOGO
 10
16.55021983390327
 20
-1.7048607718612598
 30
0.0
 70
0
  0
VERTEX
  5
E69
  8
LOGO
 10
16.556570591108937
 20
-1.7156570591108935
 30
0.0
 70
0
  0
VERTEX
  5
E6A
  8
LOGO
 10
16.582608695652173
 20
-1.7537616023448943
 30
0.0
 70
0
  0
VERTEX
  5
E6B
  8
LOGO
 10
16.611187103077672
 20
-1.7918661455788956
 30
0.0
 70
0
  0
VERTEX
  5
E6C
  8
LOGO
 10
16.64230581338544
 20
-1.8299706888128964
 30
0.0
 70
0
  0
VERTEX
  5
E6D
  8
LOGO
 10
16.675329750854907
 20
-1.8680752320468974
 30
0.0
 70
0
  0
VERTEX
  5
E6E
  8
LOGO
 10
16.70962383976551
 20
-1.904274548119198
 30
0.0
 70
0
  0
VERTEX
  5
E6F
  8
LOGO
 10
16.74455300439668
 20
-1.9385686370297992
 30
0.0
 70
0
  0
VERTEX
  5
E70
  8
LOGO
 10
16.779482169027844
 20
-1.9709574987787
 30
0.0
 70
0
  0
VERTEX
  5
E71
  8
LOGO
 10
16.813776257938446
 20
-2.0001709819247675
 30
0.0
 70
0
  0
VERTEX
  5
E72
  8
LOGO
 10
16.837274059599412
 20
-2.017318026380068
 30
0.0
 70
0
  0
VERTEX
  5
E73
  8
LOGO
 10
16.86394723986321
 20
-2.0370053737176352
 30
0.0
 70
0
  0
VERTEX
  5
E74
  8
LOGO
 10
16.89316072300928
 20
-2.0566927210552017
 30
0.0
 70
0
  0
VERTEX
  5
E75
  8
LOGO
 10
16.924279433317047
 20
-2.077015144113336
 30
0.0
 70
0
  0
VERTEX
  5
E76
  8
LOGO
 10
16.95476306790425
 20
-2.096702491450903
 30
0.0
 70
0
  0
VERTEX
  5
E77
  8
LOGO
 10
16.985246702491448
 20
-2.11448461162677
 30
0.0
 70
0
  0
VERTEX
  5
E78
  8
LOGO
 10
17.013190034196384
 20
-2.1309965803615043
 30
0.0
 70
0
  0
VERTEX
  5
E79
  8
LOGO
 10
17.037322911577917
 20
-2.143698094772838
 30
0.0
 70
0
  0
VERTEX
  5
E7A
  8
LOGO
 10
17.115437225207618
 20
-2.1798974108451388
 30
0.0
 70
0
  0
VERTEX
  5
E7B
  8
LOGO
 10
17.198632144601856
 20
-2.212921348314606
 30
0.0
 70
0
  0
VERTEX
  5
E7C
  8
LOGO
 10
17.286272594040057
 20
-2.2427699071812404
 30
0.0
 70
0
  0
VERTEX
  5
E7D
  8
LOGO
 10
17.378358573522227
 20
-2.268808011724474
 30
0.0
 70
0
  0
VERTEX
  5
E7E
  8
LOGO
 10
17.475525158768928
 20
-2.291670737664875
 30
0.0
 70
0
  0
VERTEX
  5
E7F
  8
LOGO
 10
17.5771372740596
 20
-2.310723009281875
 30
0.0
 70
0
  0
VERTEX
  5
E80
  8
LOGO
 10
17.683829995114802
 20
-2.3272349780166093
 30
0.0
 70
0
  0
VERTEX
  5
E81
  8
LOGO
 10
17.79496824621397
 20
-2.339301416707376
 30
0.0
 70
0
  0
VERTEX
  5
E82
  8
LOGO
 10
17.86736687835857
 20
-2.345652173913043
 30
0.0
 70
0
  0
VERTEX
  5
E83
  8
LOGO
 10
17.94294088910601
 20
-2.350732779677576
 30
0.0
 70
0
  0
VERTEX
  5
E84
  8
LOGO
 10
18.026135808500243
 20
-2.3545432340009764
 30
0.0
 70
0
  0
VERTEX
  5
E85
  8
LOGO
 10
18.120127015144114
 20
-2.3577186126038097
 30
0.0
 70
0
  0
VERTEX
  5
E86
  8
LOGO
 10
18.228724963361014
 20
-2.35962383976551
 30
0.0
 70
0
  0
VERTEX
  5
E87
  8
LOGO
 10
18.355105031753784
 20
-2.3608939912066433
 30
0.0
 70
0
  0
VERTEX
  5
E88
  8
LOGO
 10
18.50371275036639
 20
-2.3615290669272095
 30
0.0
 70
0
  0
VERTEX
  5
E89
  8
LOGO
 10
18.677723497801658
 20
-2.3615290669272095
 30
0.0
 70
0
  0
VERTEX
  5
E8A
  8
LOGO
 10
18.998436736687836
 20
-2.3602589154860762
 30
0.0
 70
0
  0
VERTEX
  5
E8B
  8
LOGO
 10
19.26389838788471
 20
-2.357083536883243
 30
0.0
 70
0
  0
VERTEX
  5
E8C
  8
LOGO
 10
19.482999511480212
 20
-2.3526380068392765
 30
0.0
 70
0
  0
VERTEX
  5
E8D
  8
LOGO
 10
19.66526624328285
 20
-2.345652173913043
 30
0.0
 70
0
  0
VERTEX
  5
E8E
  8
LOGO
 10
19.818319491939423
 20
-2.335490962383976
 30
0.0
 70
0
  0
VERTEX
  5
E8F
  8
LOGO
 10
19.952320468978993
 20
-2.3227894479726423
 30
0.0
 70
0
  0
VERTEX
  5
E90
  8
LOGO
 10
20.076160234489496
 20
-2.3062774792379086
 30
0.0
 70
0
  0
VERTEX
  5
E91
  8
LOGO
 10
20.1980947728383
 20
-2.285319980459208
 30
0.0
 70
0
  0
VERTEX
  5
E92
  8
LOGO
 10
20.2609672691744
 20
-2.272618466047874
 30
0.0
 70
0
  0
VERTEX
  5
E93
  8
LOGO
 10
20.32066438690767
 20
-2.259281875915974
 30
0.0
 70
0
  0
VERTEX
  5
E94
  8
LOGO
 10
20.376551050317538
 20
-2.2446751343429403
 30
0.0
 70
0
  0
VERTEX
  5
E95
  8
LOGO
 10
20.427992183683436
 20
-2.22943331704934
 30
0.0
 70
0
  0
VERTEX
  5
E96
  8
LOGO
 10
20.47498778700537
 20
-2.213556424035173
 30
0.0
 70
0
  0
VERTEX
  5
E97
  8
LOGO
 10
20.516267708842207
 20
-2.197044455300439
 30
0.0
 70
0
  0
VERTEX
  5
E98
  8
LOGO
 10
20.55183194919394
 20
-2.181167562286272
 30
0.0
 70
0
  0
VERTEX
  5
E99
  8
LOGO
 10
20.58104543234001
 20
-2.1646555935515384
 30
0.0
 70
0
  0
VERTEX
  5
E9A
  8
LOGO
 10
20.602638006839275
 20
-2.149413776257938
 30
0.0
 70
0
  0
VERTEX
  5
E9B
  8
LOGO
 10
20.62105520273571
 20
-2.133536883243771
 30
0.0
 70
0
  0
VERTEX
  5
E9C
  8
LOGO
 10
20.637567171470444
 20
-2.1163898387884705
 30
0.0
 70
0
  0
VERTEX
  5
E9D
  8
LOGO
 10
20.650903761602343
 20
-2.098607718612603
 30
0.0
 70
0
  0
VERTEX
  5
E9E
  8
LOGO
 10
20.66106497313141
 20
-2.0801905227161694
 30
0.0
 70
0
  0
VERTEX
  5
E9F
  8
LOGO
 10
20.66868588177821
 20
-2.061138251099169
 30
0.0
 70
0
  0
VERTEX
  5
EA0
  8
LOGO
 10
20.673131411822176
 20
-2.042085979482169
 30
0.0
 70
0
  0
VERTEX
  5
EA1
  8
LOGO
 10
20.675036638983876
 20
-2.021763556424035
 30
0.0
 70
0
  0
VERTEX
  5
EA2
  8
LOGO
 10
20.673766487542743
 20
-2.0096971177332676
 30
0.0
 70
0
  0
VERTEX
  5
EA3
  8
LOGO
 10
20.669956033219343
 20
-1.9957254518808007
 30
0.0
 70
0
  0
VERTEX
  5
EA4
  8
LOGO
 10
20.663605276013676
 20
-1.9804836345872
 30
0.0
 70
0
  0
VERTEX
  5
EA5
  8
LOGO
 10
20.65534929164631
 20
-1.964606741573033
 30
0.0
 70
0
  0
VERTEX
  5
EA6
  8
LOGO
 10
20.645188080117244
 20
-1.948729848558866
 30
0.0
 70
0
  0
VERTEX
  5
EA7
  8
LOGO
 10
20.633121641426477
 20
-1.932852955544699
 30
0.0
 70
0
  0
VERTEX
  5
EA8
  8
LOGO
 10
20.619785051294574
 20
-1.9176111382510987
 30
0.0
 70
0
  0
VERTEX
  5
EA9
  8
LOGO
 10
20.60517830972154
 20
-1.9030043966780648
 30
0.0
 70
0
  0
VERTEX
  5
EAA
  8
LOGO
 10
20.58295065950171
 20
-1.8839521250610645
 30
0.0
 70
0
  0
VERTEX
  5
EAB
  8
LOGO
 10
20.54802149487054
 20
-1.8553737176355636
 30
0.0
 70
0
  0
VERTEX
  5
EAC
  8
LOGO
 10
20.501025891548608
 20
-1.8191744015632627
 30
0.0
 70
0
  0
VERTEX
  5
EAD
  8
LOGO
 10
20.442598925256473
 20
-1.7747191011235948
 30
0.0
 70
0
  0
VERTEX
  5
EAE
  8
LOGO
 10
20.374645823155838
 20
-1.7239130434782601
 30
0.0
 70
0
  0
VERTEX
  5
EAF
  8
LOGO
 10
20.297801660967266
 20
-1.6667562286272588
 30
0.0
 70
0
  0
VERTEX
  5
EB0
  8
LOGO
 10
20.212701514411332
 20
-1.6038837322911572
 30
0.0
 70
0
  0
VERTEX
  5
EB1
  8
LOGO
 10
20.1199804592086
 20
-1.536565705911089
 30
0.0
 70
0
  0
VERTEX
  5
EB2
  8
LOGO
 10
19.918661455788957
 20
-1.3904982901807519
 30
0.0
 70
0
  0
VERTEX
  5
EB3
  8
LOGO
 10
19.75925744992672
 20
-1.2730092818759156
 30
0.0
 70
0
  0
VERTEX
  5
EB4
  8
LOGO
 10
19.634147532975085
 20
-1.1802882266731796
 30
0.0
 70
0
  0
VERTEX
  5
EB5
  8
LOGO
 10
19.537616023448948
 20
-1.1059843673668777
 30
0.0
 70
0
  0
VERTEX
  5
EB6
  8
LOGO
 10
19.462042012701513
 20
-1.0456521739130429
 30
0.0
 70
0
  0
VERTEX
  5
EB7
  8
LOGO
 10
19.401709819247678
 20
-0.9935759648265751
 30
0.0
 70
0
  0
VERTEX
  5
EB8
  8
LOGO
 10
19.350268685881776
 20
-0.9446751343429405
 30
0.0
 70
0
  0
VERTEX
  5
EB9
  8
LOGO
 10
19.300097703957007
 20
-0.8945041524181724
 30
0.0
 70
0
  0
VERTEX
  5
EBA
  8
LOGO
 10
19.27342452369321
 20
-0.8665608207132385
 30
0.0
 70
0
  0
VERTEX
  5
EBB
  8
LOGO
 10
19.249926722032242
 20
-0.839252564728871
 30
0.0
 70
0
  0
VERTEX
  5
EBC
  8
LOGO
 10
19.22896922325354
 20
-0.8132144601856373
 30
0.0
 70
0
  0
VERTEX
  5
EBD
  8
LOGO
 10
19.20991695163654
 20
-0.7878114313629699
 30
0.0
 70
0
  0
VERTEX
  5
EBE
  8
LOGO
 10
19.193404982901807
 20
-0.7624084025403026
 30
0.0
 70
0
  0
VERTEX
  5
EBF
  8
LOGO
 10
19.17879824132877
 20
-0.7376404494382017
 30
0.0
 70
0
  0
VERTEX
  5
EC0
  8
LOGO
 10
19.166096726917438
 20
-0.7122374206155344
 30
0.0
 70
0
  0
VERTEX
  5
EC1
  8
LOGO
 10
19.155300439667805
 20
-0.6861993160723007
 30
0.0
 70
0
  0
VERTEX
  5
EC2
  8
LOGO
 10
19.149584758182705
 20
-0.6722276502198332
 30
0.0
 70
0
  0
VERTEX
  5
EC3
  8
LOGO
 10
19.14513922813874
 20
-0.6588910600879332
 30
0.0
 70
0
  0
VERTEX
  5
EC4
  8
LOGO
 10
19.14132877381534
 20
-0.6474596971177328
 30
0.0
 70
0
  0
VERTEX
  5
EC5
  8
LOGO
 10
19.138788470933072
 20
-0.6360283341475325
 30
0.0
 70
0
  0
VERTEX
  5
EC6
  8
LOGO
 10
19.13751831949194
 20
-0.6239618954567656
 30
0.0
 70
0
  0
VERTEX
  5
EC7
  8
LOGO
 10
19.136248168050805
 20
-0.6106253053248651
 30
0.0
 70
0
  0
VERTEX
  5
EC8
  8
LOGO
 10
19.13561309233024
 20
-0.5953834880312648
 30
0.0
 70
0
  0
VERTEX
  5
EC9
  8
LOGO
 10
19.13561309233024
 20
-0.5776013678553976
 30
0.0
 70
0
  0
VERTEX
  5
ECA
  8
LOGO
 10
19.13561309233024
 20
-0.5598192476795305
 30
0.0
 70
0
  0
VERTEX
  5
ECB
  8
LOGO
 10
19.13561309233024
 20
-0.5445774303859302
 30
0.0
 70
0
  0
VERTEX
  5
ECC
  8
LOGO
 10
19.136883243771372
 20
-0.5312408402540297
 30
0.0
 70
0
  0
VERTEX
  5
ECD
  8
LOGO
 10
19.138153395212505
 20
-0.5191744015632629
 30
0.0
 70
0
  0
VERTEX
  5
ECE
  8
LOGO
 10
19.140693698094772
 20
-0.5077430385930626
 30
0.0
 70
0
  0
VERTEX
  5
ECF
  8
LOGO
 10
19.143869076697605
 20
-0.49567659990229573
 30
0.0
 70
0
  0
VERTEX
  5
ED0
  8
LOGO
 10
19.14831460674157
 20
-0.4823400097703952
 30
0.0
 70
0
  0
VERTEX
  5
ED1
  8
LOGO
 10
19.153395212506105
 20
-0.46773326819736183
 30
0.0
 70
0
  0
VERTEX
  5
ED2
  8
LOGO
 10
19.15784074255007
 20
-0.4569369809477279
 30
0.0
 70
0
  0
VERTEX
  5
ED3
  8
LOGO
 10
19.162921348314605
 20
-0.44423546653639423
 30
0.0
 70
0
  0
VERTEX
  5
ED4
  8
LOGO
 10
19.168637029799704
 20
-0.43153395212506057
 30
0.0
 70
0
  0
VERTEX
  5
ED5
  8
LOGO
 10
19.175622862725938
 20
-0.41819736199316015
 30
0.0
 70
0
  0
VERTEX
  5
ED6
  8
LOGO
 10
19.182608695652174
 20
-0.4048607718612596
 30
0.0
 70
0
  0
VERTEX
  5
ED7
  8
LOGO
 10
19.189594528578407
 20
-0.39215925744992597
 30
0.0
 70
0
  0
VERTEX
  5
ED8
  8
LOGO
 10
19.19658036150464
 20
-0.3800928187591592
 30
0.0
 70
0
  0
VERTEX
  5
ED9
  8
LOGO
 10
19.203566194430874
 20
-0.36929653150952596
 30
0.0
 70
0
  0
VERTEX
  5
EDA
  8
LOGO
 10
19.23277967757694
 20
-0.3280166096726916
 30
0.0
 70
0
  0
VERTEX
  5
EDB
  8
LOGO
 10
19.26897899364924
 20
-0.28610161211529034
 30
0.0
 70
0
  0
VERTEX
  5
EDC
  8
LOGO
 10
19.311529066927207
 20
-0.24228138739618937
 30
0.0
 70
0
  0
VERTEX
  5
EDD
  8
LOGO
 10
19.359794821690276
 20
-0.1984611626770877
 30
0.0
 70
0
  0
VERTEX
  5
EDE
  8
LOGO
 10
19.41441133365901
 20
-0.1533707865168538
 30
0.0
 70
0
  0
VERTEX
  5
EDF
  8
LOGO
 10
19.473473375671713
 20
-0.10828041035661916
 30
0.0
 70
0
  0
VERTEX
  5
EE0
  8
LOGO
 10
19.538251099169514
 20
-0.0625549584758177
 30
0.0
 70
0
  0
VERTEX
  5
EE1
  8
LOGO
 10
19.60810942843185
 20
-0.01746458231558306
 30
0.0
 70
0
  0
VERTEX
  5
EE2
  8
LOGO
 10
19.662725940400584
 20
0.01555935515388402
 30
0.0
 70
0
  0
VERTEX
  5
EE3
  8
LOGO
 10
19.720517830972152
 20
0.049853444064484755
 30
0.0
 70
0
  0
VERTEX
  5
EE4
  8
LOGO
 10
19.783390327308254
 20
0.08605276013678598
 30
0.0
 70
0
  0
VERTEX
  5
EE5
  8
LOGO
 10
19.85324865657059
 20
0.12479237909135378
 30
0.0
 70
0
  0
VERTEX
  5
EE6
  8
LOGO
 10
19.931998045920857
 20
0.16734245236932108
 30
0.0
 70
0
  0
VERTEX
  5
EE7
  8
LOGO
 10
20.020273571079628
 20
0.21370297997068938
 30
0.0
 70
0
  0
VERTEX
  5
EE8
  8
LOGO
 10
20.1199804592086
 20
0.2657791890571569
 30
0.0
 70
0
  0
VERTEX
  5
EE9
  8
LOGO
 10
20.23365901319003
 20
0.32420615534929204
 30
0.0
 70
0
  0
VERTEX
  5
EEA
  8
LOGO
 10
20.38925256472887
 20
0.40422569614069426
 30
0.0
 70
0
  0
VERTEX
  5
EEB
  8
LOGO
 10
20.520713238886174
 20
0.4715437225207628
 30
0.0
 70
0
  0
VERTEX
  5
EEC
  8
LOGO
 10
20.629946262823644
 20
0.5274303859306306
 30
0.0
 70
0
  0
VERTEX
  5
EED
  8
LOGO
 10
20.718856863702978
 20
0.5731558378114321
 30
0.0
 70
0
  0
VERTEX
  5
EEE
  8
LOGO
 10
20.789985344406446
 20
0.6106253053248661
 30
0.0
 70
0
  0
VERTEX
  5
EEF
  8
LOGO
 10
20.845236932095748
 20
0.6392037127503669
 30
0.0
 70
0
  0
VERTEX
  5
EF0
  8
LOGO
 10
20.886516853932584
 20
0.6614313629702008
 30
0.0
 70
0
  0
VERTEX
  5
EF1
  8
LOGO
 10
20.916365412799216
 20
0.6779433317049348
 30
0.0
 70
0
  0
VERTEX
  5
EF2
  8
LOGO
 10
20.99829018075232
 20
0.7249389350268691
 30
0.0
 70
0
  0
VERTEX
  5
EF3
  8
LOGO
 10
21.068783585735222
 20
0.7668539325842704
 30
0.0
 70
0
  0
VERTEX
  5
EF4
  8
LOGO
 10
21.13038593063019
 20
0.8055935515388375
 30
0.0
 70
0
  0
VERTEX
  5
EF5
  8
LOGO
 10
21.18373229115779
 20
0.8411577918905718
 30
0.0
 70
0
  0
VERTEX
  5
EF6
  8
LOGO
 10
21.230727894479724
 20
0.8754518808011725
 30
0.0
 70
0
  0
VERTEX
  5
EF7
  8
LOGO
 10
21.273277967757693
 20
0.909745969711774
 30
0.0
 70
0
  0
VERTEX
  5
EF8
  8
LOGO
 10
21.313287738153395
 20
0.9446751343429416
 30
0.0
 70
0
  0
VERTEX
  5
EF9
  8
LOGO
 10
21.35202735710796
 20
0.9815095261358089
 30
0.0
 70
0
  0
VERTEX
  5
EFA
  8
LOGO
 10
21.374890083048363
 20
1.0043722520762097
 30
0.0
 70
0
  0
VERTEX
  5
EFB
  8
LOGO
 10
21.393307278944796
 20
1.02342452369321
 30
0.0
 70
0
  0
VERTEX
  5
EFC
  8
LOGO
 10
21.408549096238396
 20
1.039936492427944
 30
0.0
 70
0
  0
VERTEX
  5
EFD
  8
LOGO
 10
21.420615534929162
 20
1.0545432340009775
 30
0.0
 70
0
  0
VERTEX
  5
EFE
  8
LOGO
 10
21.43077674645823
 20
1.0685148998534446
 30
0.0
 70
0
  0
VERTEX
  5
EFF
  8
LOGO
 10
21.44030288226673
 20
1.0824865657059113
 30
0.0
 70
0
  0
VERTEX
  5
F00
  8
LOGO
 10
21.448558866634098
 20
1.0983634587200783
 30
0.0
 70
0
  0
VERTEX
  5
F01
  8
LOGO
 10
21.458085002442598
 20
1.116145578895946
 30
0.0
 70
0
  0
VERTEX
  5
F02
  8
LOGO
 10
21.463800683927698
 20
1.1282120175867127
 30
0.0
 70
0
  0
VERTEX
  5
F03
  8
LOGO
 10
21.469516365412797
 20
1.1415486077186132
 30
0.0
 70
0
  0
VERTEX
  5
F04
  8
LOGO
 10
21.475232046897897
 20
1.154885197850513
 30
0.0
 70
0
  0
VERTEX
  5
F05
  8
LOGO
 10
21.48031265266243
 20
1.1682217879824135
 30
0.0
 70
0
  0
VERTEX
  5
F06
  8
LOGO
 10
21.485393258426964
 20
1.180923302393747
 30
0.0
 70
0
  0
VERTEX
  5
F07
  8
LOGO
 10
21.489203712750367
 20
1.1923546653639479
 30
0.0
 70
0
  0
VERTEX
  5
F08
  8
LOGO
 10
21.4923790913532
 20
1.2025158768930142
 30
0.0
 70
0
  0
VERTEX
  5
F09
  8
LOGO
 10
21.4942843185149
 20
1.2114069369809484
 30
0.0
 70
0
  0
VERTEX
  5
F0A
  8
LOGO
 10
21.498729848558867
 20
1.2406204201270152
 30
0.0
 70
0
  0
VERTEX
  5
F0B
  8
LOGO
 10
21.5
 20
1.2755495847581828
 30
0.0
 70
0
  0
VERTEX
  5
F0C
  8
LOGO
 10
21.498729848558867
 20
1.3136541279921838
 30
0.0
 70
0
  0
VERTEX
  5
F0D
  8
LOGO
 10
21.495554469956033
 20
1.3542989741084521
 30
0.0
 70
0
  0
VERTEX
  5
F0E
  8
LOGO
 10
21.48983878847093
 20
1.3955788959452864
 30
0.0
 70
0
  0
VERTEX
  5
F0F
  8
LOGO
 10
21.48221787982413
 20
1.4362237420615538
 30
0.0
 70
0
  0
VERTEX
  5
F10
  8
LOGO
 10
21.47269174401563
 20
1.474328285295555
 30
0.0
 70
0
  0
VERTEX
  5
F11
  8
LOGO
 10
21.46126038104543
 20
1.5086223742061557
 30
0.0
 70
0
  0
VERTEX
  5
F12
  8
LOGO
 10
21.453004396678065
 20
1.5283097215437231
 30
0.0
 70
0
  0
VERTEX
  5
F13
  8
LOGO
 10
21.44220810942843
 20
1.5524425989252566
 30
0.0
 70
0
  0
VERTEX
  5
F14
  8
LOGO
 10
21.42887151929653
 20
1.578480703468491
 30
0.0
 70
0
  0
VERTEX
  5
F15
  8
LOGO
 10
21.414899853444062
 20
1.6064240351734247
 30
0.0
 70
0
  0
VERTEX
  5
F16
  8
LOGO
 10
21.399658036150463
 20
1.6343673668783587
 30
0.0
 70
0
  0
VERTEX
  5
F17
  8
LOGO
 10
21.384416218856863
 20
1.6604054714215926
 30
0.0
 70
0
  0
VERTEX
  5
F18
  8
LOGO
 10
21.370444553004397
 20
1.6845383488031271
 30
0.0
 70
0
  0
VERTEX
  5
F19
  8
LOGO
 10
21.35774303859306
 20
1.7035906204201274
 30
0.0
 70
0
  0
VERTEX
  5
F1A
  8
LOGO
 10
21.32344894968246
 20
1.7512212994626288
 30
0.0
 70
0
  0
VERTEX
  5
F1B
  8
LOGO
 10
21.288519785051292
 20
1.7963116756228628
 30
0.0
 70
0
  0
VERTEX
  5
F1C
  8
LOGO
 10
21.25295554469956
 20
1.838226673180264
 30
0.0
 70
0
  0
VERTEX
  5
F1D
  8
LOGO
 10
21.21612115290669
 20
1.8788715192965315
 30
0.0
 70
0
  0
VERTEX
  5
F1E
  8
LOGO
 10
21.17801660967269
 20
1.9169760625305323
 30
0.0
 70
0
  0
VERTEX
  5
F1F
  8
LOGO
 10
21.13800683927699
 20
1.9531753786028339
 30
0.0
 70
0
  0
VERTEX
  5
F20
  8
LOGO
 10
21.096726917440154
 20
1.9881045432340012
 30
0.0
 70
0
  0
VERTEX
  5
F21
  8
LOGO
 10
21.052906692721052
 20
2.0217635564240353
 30
0.0
 70
0
  0
VERTEX
  5
F22
  8
LOGO
 10
21.039570102589153
 20
2.0312896922325354
 30
0.0
 70
0
  0
VERTEX
  5
F23
  8
LOGO
 10
21.024328285295553
 20
2.041450903761602
 30
0.0
 70
0
  0
VERTEX
  5
F24
  8
LOGO
 10
21.007181240840254
 20
2.0522471910112365
 30
0.0
 70
0
  0
VERTEX
  5
F25
  8
LOGO
 10
20.989399120664384
 20
2.0636785539814366
 30
0.0
 70
0
  0
VERTEX
  5
F26
  8
LOGO
 10
20.970346849047385
 20
2.075109916951637
 30
0.0
 70
0
  0
VERTEX
  5
F27
  8
LOGO
 10
20.951929653150952
 20
2.08590620420127
 30
0.0
 70
0
  0
VERTEX
  5
F28
  8
LOGO
 10
20.93351245725452
 20
2.0954323400097707
 30
0.0
 70
0
  0
VERTEX
  5
F29
  8
LOGO
 10
20.916365412799216
 20
2.104958475818271
 30
0.0
 70
0
  0
VERTEX
  5
F2A
  8
LOGO
 10
20.850952613580848
 20
2.1354421104054717
 30
0.0
 70
0
  0
VERTEX
  5
F2B
  8
LOGO
 10
20.786174890083046
 20
2.162115290669272
 30
0.0
 70
0
  0
VERTEX
  5
F2C
  8
LOGO
 10
20.72012701514411
 20
2.1837078651685395
 30
0.0
 70
0
  0
VERTEX
  5
F2D
  8
LOGO
 10
20.652808988764043
 20
2.20085490962384
 30
0.0
 70
0
  0
VERTEX
  5
F2E
  8
LOGO
 10
20.583585735222275
 20
2.2135564240351737
 30
0.0
 70
0
  0
VERTEX
  5
F2F
  8
LOGO
 10
20.511187103077674
 20
2.222447484123107
 30
0.0
 70
0
  0
VERTEX
  5
F30
  8
LOGO
 10
20.435613092330236
 20
2.2275280898876413
 30
0.0
 70
0
  0
VERTEX
  5
F31
  8
LOGO
 10
20.355593551538835
 20
2.2281631656082075
 30
0.0
 70
0
  0
VERTEX
  5
F32
  8
LOGO
 10
20.333365901319002
 20
2.2281631656082075
 30
0.0
 70
0
  0
VERTEX
  5
F33
  8
LOGO
 10
20.31113825109917
 20
2.2275280898876413
 30
0.0
 70
0
  0
VERTEX
  5
F34
  8
LOGO
 10
20.2895456765999
 20
2.2275280898876413
 30
0.0
 70
0
  0
VERTEX
  5
F35
  8
LOGO
 10
20.269858329262334
 20
2.226893014167074
 30
0.0
 70
0
  0
VERTEX
  5
F36
  8
LOGO
 10
20.252711284807035
 20
2.2262579384465075
 30
0.0
 70
0
  0
VERTEX
  5
F37
  8
LOGO
 10
20.23746946751343
 20
2.2262579384465075
 30
0.0
 70
0
  0
VERTEX
  5
F38
  8
LOGO
 10
20.226038104543232
 20
2.225622862725941
 30
0.0
 70
0
  0
SEQEND
  5
E20
  8
LOGO
  0
POLYLINE
  5
F39
  8
LOGO
 66
1
 10
0.0
 20
0.0
 30
0.0
 70
1
  0
VERTEX
  5
F3B
  8
LOGO
 10
20.403859306301904
 20
1.762652662432829
 30
0.0
 70
0
  0
VERTEX
  5
F3C
  8
LOGO
 10
20.418466047874936
 20
1.7582071323888617
 30
0.0
 70
0
  0
VERTEX
  5
F3D
  8
LOGO
 10
20.43307278944797
 20
1.7531265266243286
 30
0.0
 70
0
  0
VERTEX
  5
F3E
  8
LOGO
 10
20.446409379579872
 20
1.7467757694186619
 30
0.0
 70
0
  0
VERTEX
  5
F3F
  8
LOGO
 10
20.459745969711772
 20
1.739789936492428
 30
0.0
 70
0
  0
VERTEX
  5
F40
  8
LOGO
 10
20.47181240840254
 20
1.7321690278456283
 30
0.0
 70
0
  0
VERTEX
  5
F41
  8
LOGO
 10
20.483878847093305
 20
1.723913043478261
 30
0.0
 70
0
  0
VERTEX
  5
F42
  8
LOGO
 10
20.49467513434294
 20
1.7143869076697609
 30
0.0
 70
0
  0
VERTEX
  5
F43
  8
LOGO
 10
20.504836345872008
 20
1.7048607718612605
 30
0.0
 70
0
  0
VERTEX
  5
F44
  8
LOGO
 10
20.508646800195407
 20
1.7004152418172942
 30
0.0
 70
0
  0
VERTEX
  5
F45
  8
LOGO
 10
20.513092330239374
 20
1.6946995603321935
 30
0.0
 70
0
  0
VERTEX
  5
F46
  8
LOGO
 10
20.51753786028334
 20
1.6877137274059604
 30
0.0
 70
0
  0
VERTEX
  5
F47
  8
LOGO
 10
20.521983390327307
 20
1.6807278944797268
 30
0.0
 70
0
  0
VERTEX
  5
F48
  8
LOGO
 10
20.526428920371274
 20
1.6724719101123595
 30
0.0
 70
0
  0
VERTEX
  5
F49
  8
LOGO
 10
20.531509526135807
 20
1.6648510014655598
 30
0.0
 70
0
  0
VERTEX
  5
F4A
  8
LOGO
 10
20.535319980459207
 20
1.6565950170981925
 30
0.0
 70
0
  0
VERTEX
  5
F4B
  8
LOGO
 10
20.539130434782606
 20
1.648339032730826
 30
0.0
 70
0
  0
VERTEX
  5
F4C
  8
LOGO
 10
20.54421104054714
 20
1.6369076697606257
 30
0.0
 70
0
  0
VERTEX
  5
F4D
  8
LOGO
 10
20.54802149487054
 20
1.626746458231559
 30
0.0
 70
0
  0
VERTEX
  5
F4E
  8
LOGO
 10
20.551196873473373
 20
1.6172203224230586
 30
0.0
 70
0
  0
VERTEX
  5
F4F
  8
LOGO
 10
20.55373717635564
 20
1.6076941866145584
 30
0.0
 70
0
  0
VERTEX
  5
F50
  8
LOGO
 10
20.555007327796773
 20
1.5975329750854914
 30
0.0
 70
0
  0
VERTEX
  5
F51
  8
LOGO
 10
20.556277479237906
 20
1.586101612115291
 30
0.0
 70
0
  0
VERTEX
  5
F52
  8
LOGO
 10
20.556277479237906
 20
1.5734000977039577
 30
0.0
 70
0
  0
VERTEX
  5
F53
  8
LOGO
 10
20.556277479237906
 20
1.5581582804103566
 30
0.0
 70
0
  0
VERTEX
  5
F54
  8
LOGO
 10
20.556277479237906
 20
1.5422813873961896
 30
0.0
 70
0
  0
VERTEX
  5
F55
  8
LOGO
 10
20.555642403517343
 20
1.5289447972642898
 30
0.0
 70
0
  0
VERTEX
  5
F56
  8
LOGO
 10
20.554372252076206
 20
1.518148510014656
 30
0.0
 70
0
  0
VERTEX
  5
F57
  8
LOGO
 10
20.553102100635073
 20
1.507352222765022
 30
0.0
 70
0
  0
VERTEX
  5
F58
  8
LOGO
 10
20.54992672203224
 20
1.4978260869565219
 30
0.0
 70
0
  0
VERTEX
  5
F59
  8
LOGO
 10
20.546751343429406
 20
1.4876648754274555
 30
0.0
 70
0
  0
VERTEX
  5
F5A
  8
LOGO
 10
20.541670737664873
 20
1.4768685881778216
 30
0.0
 70
0
  0
VERTEX
  5
F5B
  8
LOGO
 10
20.535955056179773
 20
1.4648021494870547
 30
0.0
 70
0
  0
VERTEX
  5
F5C
  8
LOGO
 10
20.527699071812407
 20
1.4489252564728876
 30
0.0
 70
0
  0
VERTEX
  5
F5D
  8
LOGO
 10
20.518172936003907
 20
1.4343185148998536
 30
0.0
 70
0
  0
VERTEX
  5
F5E
  8
LOGO
 10
20.507376648754274
 20
1.420346849047387
 30
0.0
 70
0
  0
VERTEX
  5
F5F
  8
LOGO
 10
20.495310210063508
 20
1.4070102589154865
 30
0.0
 70
0
  0
VERTEX
  5
F60
  8
LOGO
 10
20.48260869565217
 20
1.3949438202247195
 30
0.0
 70
0
  0
VERTEX
  5
F61
  8
LOGO
 10
20.46800195407914
 20
1.383512457254519
 30
0.0
 70
0
  0
VERTEX
  5
F62
  8
LOGO
 10
20.453395212506106
 20
1.3733512457254526
 30
0.0
 70
0
  0
VERTEX
  5
F63
  8
LOGO
 10
20.436883243771373
 20
1.3638251099169525
 30
0.0
 70
0
  0
VERTEX
  5
F64
  8
LOGO
 10
20.42926233512457
 20
1.360014655593552
 30
0.0
 70
0
  0
VERTEX
  5
F65
  8
LOGO
 10
20.42164142647777
 20
1.3568392769907187
 30
0.0
 70
0
  0
VERTEX
  5
F66
  8
LOGO
 10
20.413385442110403
 20
1.3542989741084521
 30
0.0
 70
0
  0
VERTEX
  5
F67
  8
LOGO
 10
20.405129457743037
 20
1.3523937469467515
 30
0.0
 70
0
  0
VERTEX
  5
F68
  8
LOGO
 10
20.394333170493404
 20
1.3511235955056187
 30
0.0
 70
0
  0
VERTEX
  5
F69
  8
LOGO
 10
20.382901807523204
 20
1.350488519785052
 30
0.0
 70
0
  0
VERTEX
  5
F6A
  8
LOGO
 10
20.36829506595017
 20
1.349853444064485
 30
0.0
 70
0
  0
VERTEX
  5
F6B
  8
LOGO
 10
20.35114802149487
 20
1.349853444064485
 30
0.0
 70
0
  0
VERTEX
  5
F6C
  8
LOGO
 10
20.33400097703957
 20
1.349853444064485
 30
0.0
 70
0
  0
VERTEX
  5
F6D
  8
LOGO
 10
20.319394235466536
 20
1.350488519785052
 30
0.0
 70
0
  0
VERTEX
  5
F6E
  8
LOGO
 10
20.307327796775766
 20
1.3511235955056187
 30
0.0
 70
0
  0
VERTEX
  5
F6F
  8
LOGO
 10
20.296531509526133
 20
1.3523937469467515
 30
0.0
 70
0
  0
VERTEX
  5
F70
  8
LOGO
 10
20.2876404494382
 20
1.3542989741084521
 30
0.0
 70
0
  0
VERTEX
  5
F71
  8
LOGO
 10
20.279384465070834
 20
1.3568392769907187
 30
0.0
 70
0
  0
VERTEX
  5
F72
  8
LOGO
 10
20.271763556424034
 20
1.3606497313141188
 30
0.0
 70
0
  0
VERTEX
  5
F73
  8
LOGO
 10
20.263507572056668
 20
1.3644601856375185
 30
0.0
 70
0
  0
VERTEX
  5
F74
  8
LOGO
 10
20.2476306790425
 20
1.3739863214460188
 30
0.0
 70
0
  0
VERTEX
  5
F75
  8
LOGO
 10
20.2323888617489
 20
1.3841475329750856
 30
0.0
 70
0
  0
VERTEX
  5
F76
  8
LOGO
 10
20.217782120175865
 20
1.3962139716658526
 30
0.0
 70
0
  0
VERTEX
  5
F77
  8
LOGO
 10
20.204445530043966
 20
1.4089154860771864
 30
0.0
 70
0
  0
VERTEX
  5
F78
  8
LOGO
 10
20.191744015632633
 20
1.4228871519296535
 30
0.0
 70
0
  0
VERTEX
  5
F79
  8
LOGO
 10
20.18031265266243
 20
1.4368588177821209
 30
0.0
 70
0
  0
VERTEX
  5
F7A
  8
LOGO
 10
20.17078651685393
 20
1.4514655593551542
 30
0.0
 70
0
  0
VERTEX
  5
F7B
  8
LOGO
 10
20.162530532486564
 20
1.4667073766487544
 30
0.0
 70
0
  0
VERTEX
  5
F7C
  8
LOGO
 10
20.15744992672203
 20
1.4775036638983885
 30
0.0
 70
0
  0
VERTEX
  5
F7D
  8
LOGO
 10
20.153004396678064
 20
1.4870297997068884
 30
0.0
 70
0
  0
VERTEX
  5
F7E
  8
LOGO
 10
20.14982901807523
 20
1.4965559355153888
 30
0.0
 70
0
  0
VERTEX
  5
F7F
  8
LOGO
 10
20.14792379091353
 20
1.506717147044456
 30
0.0
 70
0
  0
VERTEX
  5
F80
  8
LOGO
 10
20.14601856375183
 20
1.5168783585735224
 30
0.0
 70
0
  0
VERTEX
  5
F81
  8
LOGO
 10
20.145383488031264
 20
1.529579872984856
 30
0.0
 70
0
  0
VERTEX
  5
F82
  8
LOGO
 10
20.144748412310697
 20
1.5448216902784568
 30
0.0
 70
0
  0
VERTEX
  5
F83
  8
LOGO
 10
20.144748412310697
 20
1.5626038104543238
 30
0.0
 70
0
  0
VERTEX
  5
F84
  8
LOGO
 10
20.144748412310697
 20
1.5797508549096244
 30
0.0
 70
0
  0
VERTEX
  5
F85
  8
LOGO
 10
20.145383488031264
 20
1.594357596482658
 30
0.0
 70
0
  0
VERTEX
  5
F86
  8
LOGO
 10
20.14601856375183
 20
1.6064240351734247
 30
0.0
 70
0
  0
VERTEX
  5
F87
  8
LOGO
 10
20.147288715192964
 20
1.6165852467024917
 30
0.0
 70
0
  0
VERTEX
  5
F88
  8
LOGO
 10
20.149193942354664
 20
1.6254763067904254
 30
0.0
 70
0
  0
VERTEX
  5
F89
  8
LOGO
 10
20.15173424523693
 20
1.6337322911577925
 30
0.0
 70
0
  0
VERTEX
  5
F8A
  8
LOGO
 10
20.154909623839764
 20
1.641988275525159
 30
0.0
 70
0
  0
VERTEX
  5
F8B
  8
LOGO
 10
20.15935515388373
 20
1.6502442598925258
 30
0.0
 70
0
  0
VERTEX
  5
F8C
  8
LOGO
 10
20.16697606253053
 20
1.6635808500244262
 30
0.0
 70
0
  0
VERTEX
  5
F8D
  8
LOGO
 10
20.175867122618463
 20
1.67628236443576
 30
0.0
 70
0
  0
VERTEX
  5
F8E
  8
LOGO
 10
20.186028334147533
 20
1.6896189545676603
 30
0.0
 70
0
  0
VERTEX
  5
F8F
  8
LOGO
 10
20.1961895456766
 20
1.7016853932584273
 30
0.0
 70
0
  0
VERTEX
  5
F90
  8
LOGO
 10
20.2076209086468
 20
1.7137518319491938
 30
0.0
 70
0
  0
VERTEX
  5
F91
  8
LOGO
 10
20.219052271617
 20
1.7245481191988281
 30
0.0
 70
0
  0
VERTEX
  5
F92
  8
LOGO
 10
20.22984855886663
 20
1.7334391792867614
 30
0.0
 70
0
  0
VERTEX
  5
F93
  8
LOGO
 10
20.241279921836835
 20
1.7410600879335616
 30
0.0
 70
0
  0
VERTEX
  5
F94
  8
LOGO
 10
20.2514411333659
 20
1.7467757694186619
 30
0.0
 70
0
  0
VERTEX
  5
F95
  8
LOGO
 10
20.264142647777234
 20
1.752491450903762
 30
0.0
 70
0
  0
VERTEX
  5
F96
  8
LOGO
 10
20.276844162188567
 20
1.7575720566682957
 30
0.0
 70
0
  0
VERTEX
  5
F97
  8
LOGO
 10
20.290815828041033
 20
1.7620175867122618
 30
0.0
 70
0
  0
VERTEX
  5
F98
  8
LOGO
 10
20.305422569614066
 20
1.7658280410356624
 30
0.0
 70
0
  0
VERTEX
  5
F99
  8
LOGO
 10
20.319394235466536
 20
1.7690034196384956
 30
0.0
 70
0
  0
VERTEX
  5
F9A
  8
LOGO
 10
20.332730825598436
 20
1.7709086468001956
 30
0.0
 70
0
  0
VERTEX
  5
F9B
  8
LOGO
 10
20.344797264289202
 20
1.7715437225207622
 30
0.0
 70
0
  0
VERTEX
  5
F9C
  8
LOGO
 10
20.3505129457743
 20
1.7715437225207622
 30
0.0
 70
0
  0
VERTEX
  5
F9D
  8
LOGO
 10
20.356863702979968
 20
1.7709086468001956
 30
0.0
 70
0
  0
VERTEX
  5
F9E
  8
LOGO
 10
20.3638495359062
 20
1.7702735710796296
 30
0.0
 70
0
  0
VERTEX
  5
F9F
  8
LOGO
 10
20.371470444553005
 20
1.7690034196384956
 30
0.0
 70
0
  0
VERTEX
  5
FA0
  8
LOGO
 10
20.37972642892037
 20
1.767733268197362
 30
0.0
 70
0
  0
VERTEX
  5
FA1
  8
LOGO
 10
20.387982413287737
 20
1.766463116756229
 30
0.0
 70
0
  0
VERTEX
  5
FA2
  8
LOGO
 10
20.396238397655104
 20
1.7645578895945284
 30
0.0
 70
0
  0
SEQEND
  5
F3A
  8
LOGO
  0
ENDSEC
  0
EOF
