  0
SECTION
  2
HEADER
  9
$ACADVER
  1
AC1009
  9
$DWGCODEPAGE
  3
ANSI_1252
  9
$INSBASE
 10
0.0
 20
0.0
 30
0.0
  9
$EXTMIN
 10
1e+20
 20
1e+20
 30
1e+20
  9
$EXTMAX
 10
-1e+20
 20
-1e+20
 30
-1e+20
  9
$LIMMIN
 10
0.0
 20
0.0
  9
$LIMMAX
 10
420.0
 20
297.0
  9
$ORTHOMODE
 70
0
  9
$REGENMODE
 70
1
  9
$FILLMODE
 70
1
  9
$DRAGMODE
 70
2
  9
$QTEXTMODE
 70
0
  9
$MIRRTEXT
 70
1
  9
$OSMODE
 70
20583
  9
$LTSCALE
 40
1.0
  9
$ATTMODE
 70
1
  9
$TEXTSIZE
 40
2.5
  9
$TRACEWID
 40
1.0
  9
$TEXTSTYLE
  7
Standard
  9
$CLAYER
  8
0
  9
$CELTYPE
  6
ByLayer
  9
$CECOLOR
 62
256
  9
$DIMSCALE
 40
1.0
  9
$DIMASZ
 40
2.5
  9
$DIMEXO
 40
0.625
  9
$DIMDLI
 40
3.75
  9
$DIMRND
 40
0.0
  9
$DIMDLE
 40
0.0
  9
$DIMEXE
 40
1.25
  9
$DIMTP
 40
0.0
  9
$DIMTM
 40
0.0
  9
$DIMTXT
 40
2.5
  9
$DIMCEN
 40
2.5
  9
$DIMTSZ
 40
0.0
  9
$DIMTOL
 70
0
  9
$DIMLIM
 70
0
  9
$DIMTIH
 70
0
  9
$DIMTOH
 70
0
  9
$DIMSE1
 70
0
  9
$DIMSE2
 70
0
  9
$DIMTAD
 70
1
  9
$DIMZIN
 70
8
  9
$DIMBLK
  1

  9
$DIMASO
 70
1
  9
$DIMSHO
 70
1
  9
$DIMPOST
  1

  9
$DIMAPOST
  1

  9
$DIMALT
 70
0
  9
$DIMALTD
 70
3
  9
$DIMALTF
 40
0.03937007874
  9
$DIMLFAC
 40
1.0
  9
$DIMTOFL
 70
1
  9
$DIMTVP
 40
0.0
  9
$DIMTIX
 70
0
  9
$DIMSOXD
 70
0
  9
$DIMSAH
 70
0
  9
$DIMBLK1
  1

  9
$DIMBLK2
  1

  9
$DIMSTYLE
  2
ISO-25
  9
$DIMCLRD
 70
0
  9
$DIMCLRE
 70
0
  9
$DIMCLRT
 70
0
  9
$DIMTFAC
 40
1.0
  9
$DIMGAP
 40
0.625
  9
$COORDS
 70
1
  9
$ATTDIA
 70
0
  9
$ATTREQ
 70
1
  9
$HANDLING
 70
1
  9
$LUNITS
 70
2
  9
$LUPREC
 70
4
  9
$SKETCHINC
 40
1.0
  9
$FILLETRAD
 40
10.0
  9
$AUNITS
 70
0
  9
$AUPREC
 70
2
  9
$MENU
  1
.
  9
$ELEVATION
 40
0.0
  9
$PELEVATION
 40
0.0
  9
$THICKNESS
 40
0.0
  9
$LIMCHECK
 70
0
  9
$CHAMFERA
 40
0.0
  9
$CHAMFERB
 40
0.0
  9
$SKPOLY
 70
0
  9
$TDCREATE
 40
2461313.3854166665
  9
$TDUPDATE
 40
2461313.3854166665
  9
$TDINDWG
 40
0.0
  9
$TDUSRTIMER
 40
0.0
  9
$USRTIMER
 70
1
  9
$ANGBASE
 50
0.0
  9
$ANGDIR
 70
0
  9
$PDMODE
 70
0
  9
$PDSIZE
 40
0.0
  9
$PLINEWID
 40
0.0
  9
$SPLFRAME
 70
0
  9
$SPLINETYPE
 70
6
  9
$SPLINESEGS
 70
8
  9
$HANDSEED
  5
160D
  9
$SURFTAB1
 70
6
  9
$SURFTAB2
 70
6
  9
$SURFTYPE
 70
6
  9
$SURFU
 70
6
  9
$SURFV
 70
6
  9
$UCSNAME
  2

  9
$UCSORG
 10
0.0
 20
0.0
 30
0.0
  9
$UCSXDIR
 10
1.0
 20
0.0
 30
0.0
  9
$UCSYDIR
 10
0.0
 20
1.0
 30
0.0
  9
$PUCSNAME
  2

  9
$PUCSORG
 10
0.0
 20
0.0
 30
0.0
  9
$PUCSXDIR
 10
1.0
 20
0.0
 30
0.0
  9
$PUCSYDIR
 10
0.0
 20
1.0
 30
0.0
  9
$USERI1
 70
0
  9
$USERI2
 70
0
  9
$USERI3
 70
0
  9
$USERI4
 70
0
  9
$USERI5
 70
0
  9
$USERR1
 40
0.0
  9
$USERR2
 40
0.0
  9
$USERR3
 40
0.0
  9
$USERR4
 40
0.0
  9
$USERR5
 40
0.0
  9
$WORLDVIEW
 70
1
  9
$SHADEDGE
 70
3
  9
$SHADEDIF
 70
70
  9
$TILEMODE
 70
1
  9
$MAXACTVP
 70
64
  9
$PLIMCHECK
 70
0
  9
$PEXTMIN
 10
1e+20
 20
1e+20
 30
1e+20
  9
$PEXTMAX
 10
-1e+20
 20
-1e+20
 30
-1e+20
  9
$PLIMMIN
 10
0.0
 20
0.0
  9
$PLIMMAX
 10
420.0
 20
297.0
  9
$UNITMODE
 70
0
  9
$VISRETAIN
 70
1
  9
$PLINEGEN
 70
0
  9
$PSLTSCALE
 70
1
  0
ENDSEC
  0
SECTION
  2
TABLES
  0
TABLE
  2
VPORT
 70
1
  0
VPORT
  5
23
  2
*Active
 70
0
 10
0.0
 20
0.0
 11
1.0
 21
1.0
 12
0.0
 22
0.0
 13
0.0
 23
0.0
 14
0.5
 24
0.5
 15
0.5
 25
0.5
 16
0.0
 26
0.0
 36
1.0
 17
0.0
 27
0.0
 37
0.0
 40
1000.0
 41
1.34
 42
50.0
 43
0.0
 44
0.0
 50
0.0
 51
0.0
 71
0
 72
1000
 73
1
 74
3
 75
0
 76
0
 77
0
 78
0
  0
ENDTAB
  0
TABLE
  2
LTYPE
 70
3
  0
LTYPE
  5
24
  2
ByBlock
 70
0
  3

 72
65
 73
0
 40
0.0
  0
LTYPE
  5
25
  2
ByLayer
 70
0
  3

 72
65
 73
0
 40
0.0
  0
LTYPE
  5
26
  2
Continuous
 70
0
  3

 72
65
 73
0
 40
0.0
  0
ENDTAB
  0
TABLE
  2
LAYER
 70
5
  0
LAYER
  5
27
  2
0
 70
0
 62
7
  6
Continuous
  0
LAYER
  5
28
  2
Defpoints
 70
0
 62
7
  6
Continuous
  0
LAYER
  5
2D
  2
TAG
 70
0
 62
7
  6
Continuous
  0
LAYER
  5
2E
  2
TEXT
 70
0
 62
7
  6
Continuous
  0
LAYER
  5
2F
  2
LOGO
 70
0
 62
7
  6
Continuous
  0
ENDTAB
  0
TABLE
  2
STYLE
 70
1
  0
STYLE
  5
29
  2
Standard
 70
0
 40
0.0
 41
1.0
 50
0.0
 71
0
 42
2.5
  3
txt
  4

  0
ENDTAB
  0
TABLE
  2
VIEW
 70
0
  0
ENDTAB
  0
TABLE
  2
UCS
 70
0
  0
ENDTAB
  0
TABLE
  2
APPID
 70
3
  0
APPID
  5
2A
  2
ACAD
 70
0
  0
APPID
  5
160B
  2
HATCHBACKGROUNDCOLOR
 70
0
  0
APPID
  5
160C
  2
EZDXF
 70
0
  0
ENDTAB
  0
TABLE
  2
DIMSTYLE
 70
1
  0
DIMSTYLE
105
2B
  2
Standard
 70
0
  3

  4

  5

  6

  7

 40
1.0
 41
2.5
 42
0.625
 43
3.75
 44
1.25
 45
0.0
 46
0.0
 47
0.0
 48
0.0
140
2.5
141
2.5
142
0.0
143
0.03937007874
144
1.0
145
0.0
146
1.0
147
0.625
 71
0
 72
0
 73
0
 74
0
 75
0
 76
0
 77
1
 78
8
170
0
171
3
172
1
173
0
174
0
175
0
176
0
177
0
178
0
  0
ENDTAB
  0
ENDSEC
  0
SECTION
  2
BLOCKS
  0
BLOCK
  5
18
  8
0
  2
$Model_Space
 70
0
 10
0.0
 20
0.0
 30
0.0
  3
$Model_Space
  1

1001
EZDXF
1000
CREATED_BY_EZDXF
1000
1.4.2 @ 2026-09-29T14:15:00.601481+00:00
1000
WRITTEN_BY_EZDXF
1000
1.4.2 @ 2026-09-29T14:15:00.713928+00:00
  0
ENDBLK
  5
19
  8
0
  0
BLOCK
  5
1C
  8
0
  2
$Paper_Space
 70
0
 10
0.0
 20
0.0
 30
0.0
  3
$Paper_Space
  1

  0
ENDBLK
  5
1D
  8
0
  0
ENDSEC
  0
SECTION
  2
ENTITIES
  0
POLYLINE
  5
30
  8
TAG
 66
1
 10
0.0
 20
0.0
 30
0.0
 70
1
  0
VERTEX
  5
32
  8
TAG
 10
-10.4
 20
10.4
 30
0.0
 70
0
  0
VERTEX
  5
33
  8
TAG
 10
-10.4
 20
-10.400000000000002
 30
0.0
 70
0
  0
VERTEX
  5
34
  8
TAG
 10
10.400000000000002
 20
-10.400000000000002
 30
0.0
 70
0
  0
VERTEX
  5
35
  8
TAG
 10
10.400000000000002
 20
10.4
 30
0.0
 70
0
  0
SEQEND
  5
31
  8
TAG
  0
POLYLINE
  5
36
  8
TAG
 66
1
 10
0.0
 20
0.0
 30
0.0
 70
1
  0
VERTEX
  5
38
  8
TAG
 10
-7.8
 20
7.8
 30
0.0
 70
0
  0
VERTEX
  5
39
  8
TAG
 10
-2.5999999999999996
 20
7.8
 30
0.0
 70
0
  0
VERTEX
  5
3A
  8
TAG
 10
-2.5999999999999996
 20
2.5999999999999996
 30
0.0
 70
0
  0
VERTEX
  5
3B
  8
TAG
 10
-5.199999999999999
 20
2.5999999999999996
 30
0.0
 70
0
  0
VERTEX
  5
3C
  8
TAG
 10
-5.199999999999999
 20
0.0
 30
0.0
 70
0
  0
VERTEX
  5
3D
  8
TAG
 10
-7.8
 20
0.0
 30
0.0
 70
0
  0
VERTEX
  5
3E
  8
TAG
 10
-7.8
 20
2.5999999999999996
 30
0.0
 70
0
  0
VERTEX
  5
3F
  8
TAG
 10
-5.199999999999999
 20
2.5999999999999996
 30
0.0
 70
0
  0
VERTEX
  5
40
  8
TAG
 10
-5.199999999999999
 20
5.199999999999999
 30
0.0
 70
0
  0
VERTEX
  5
41
  8
TAG
 10
-7.8
 20
5.199999999999999
 30
0.0
 70
0
  0
SEQEND
  5
37
  8
TAG
  0
POLYLINE
  5
42
  8
TAG
 66
1
 10
0.0
 20
0.0
 30
0.0
 70
1
  0
VERTEX
  5
44
  8
TAG
 10
0.0
 20
7.8
 30
0.0
 70
0
  0
VERTEX
  5
45
  8
TAG
 10
7.800000000000001
 20
7.8
 30
0.0
 70
0
  0
VERTEX
  5
46
  8
TAG
 10
7.800000000000001
 20
5.199999999999999
 30
0.0
 70
0
  0
VERTEX
  5
47
  8
TAG
 10
5.199999999999999
 20
5.199999999999999
 30
0.0
 70
0
  0
VERTEX
  5
48
  8
TAG
 10
5.199999999999999
 20
2.5999999999999996
 30
0.0
 70
0
  0
VERTEX
  5
49
  8
TAG
 10
2.6000000000000014
 20
2.5999999999999996
 30
0.0
 70
0
  0
VERTEX
  5
4A
  8
TAG
 10
2.6000000000000014
 20
5.199999999999999
 30
0.0
 70
0
  0
VERTEX
  5
4B
  8
TAG
 10
0.0
 20
5.199999999999999
 30
0.0
 70
0
  0
SEQEND
  5
43
  8
TAG
  0
POLYLINE
  5
4C
  8
TAG
 66
1
 10
0.0
 20
0.0
 30
0.0
 70
1
  0
VERTEX
  5
4E
  8
TAG
 10
-2.5999999999999996
 20
0.0
 30
0.0
 70
0
  0
VERTEX
  5
4F
  8
TAG
 10
0.0
 20
0.0
 30
0.0
 70
0
  0
VERTEX
  5
50
  8
TAG
 10
0.0
 20
-2.6000000000000014
 30
0.0
 70
0
  0
VERTEX
  5
51
  8
TAG
 10
2.6000000000000014
 20
-2.6000000000000014
 30
0.0
 70
0
  0
VERTEX
  5
52
  8
TAG
 10
2.6000000000000014
 20
-5.199999999999999
 30
0.0
 70
0
  0
VERTEX
  5
53
  8
TAG
 10
5.199999999999999
 20
-5.199999999999999
 30
0.0
 70
0
  0
VERTEX
  5
54
  8
TAG
 10
5.199999999999999
 20
-7.800000000000001
 30
0.0
 70
0
  0
VERTEX
  5
55
  8
TAG
 10
-2.5999999999999996
 20
-7.800000000000001
 30
0.0
 70
0
  0
VERTEX
  5
56
  8
TAG
 10
-2.5999999999999996
 20
-5.199999999999999
 30
0.0
 70
0
  0
VERTEX
  5
57
  8
TAG
 10
0.0
 20
-5.199999999999999
 30
0.0
 70
0
  0
VERTEX
  5
58
  8
TAG
 10
0.0
 20
-2.6000000000000014
 30
0.0
 70
0
  0
VERTEX
  5
59
  8
TAG
 10
-2.5999999999999996
 20
-2.6000000000000014
 30
0.0
 70
0
  0
SEQEND
  5
4D
  8
TAG
  0
POLYLINE
  5
5A
  8
TAG
 66
1
 10
0.0
 20
0.0
 30
0.0
 70
1
  0
VERTEX
  5
5C
  8
TAG
 10
5.199999999999999
 20
0.0
 30
0.0
 70
0
  0
VERTEX
  5
5D
  8
TAG
 10
7.800000000000001
 20
0.0
 30
0.0
 70
0
  0
VERTEX
  5
5E
  8
TAG
 10
7.800000000000001
 20
-2.6000000000000014
 30
0.0
 70
0
  0
VERTEX
  5
5F
  8
TAG
 10
5.199999999999999
 20
-2.6000000000000014
 30
0.0
 70
0
  0
SEQEND
  5
5B
  8
TAG
  0
POLYLINE
  5
60
  8
TEXT
 66
1
 10
0.0
 20
0.0
 30
0.0
 70
1
  0
VERTEX
  5
62
  8
TEXT
 10
-17.567487368572024
 20
9.614183617159473
 30
0.0
 70
0
  0
VERTEX
  5
63
  8
TEXT
 10
-19.05085707365959
 20
11.423613263351562
 30
0.0
 70
0
  0
VERTEX
  5
64
  8
TEXT
 10
-18.776885474931923
 20
11.868557919685014
 30
0.0
 70
0
  0
VERTEX
  5
65
  8
TEXT
 10
-16.4933941690147
 20
11.358568917557664
 30
0.0
 70
0
  0
VERTEX
  5
66
  8
TEXT
 10
-16.72377937703569
 20
10.984410911095443
 30
0.0
 70
0
  0
VERTEX
  5
67
  8
TEXT
 10
-17.2107773301375
 20
11.09948698502018
 30
0.0
 70
0
  0
VERTEX
  5
68
  8
TEXT
 10
-17.659094491691864
 20
10.371395729201804
 30
0.0
 70
0
  0
VERTEX
  5
69
  8
TEXT
 10
-17.338658817361985
 20
9.985813528983435
 30
0.0
 70
0
  0
SEQEND
  5
61
  8
TEXT
  0
POLYLINE
  5
6A
  8
TEXT
 66
1
 10
0.0
 20
0.0
 30
0.0
 70
1
  0
VERTEX
  5
6C
  8
TEXT
 10
-17.9017562326557
 20
10.656790237408194
 30
0.0
 70
0
  0
VERTEX
  5
6D
  8
TEXT
 10
-17.574858302355644
 20
11.187690111442425
 30
0.0
 70
0
  0
VERTEX
  5
6E
  8
TEXT
 10
-18.53212898391876
 20
11.411030413064438
 30
0.0
 70
0
  0
SEQEND
  5
6B
  8
TEXT
  0
POLYLINE
  5
6F
  8
TEXT
 66
1
 10
0.0
 20
0.0
 30
0.0
 70
1
  0
VERTEX
  5
71
  8
TEXT
 10
-16.20425564387004
 20
11.775327038016353
 30
0.0
 70
0
  0
VERTEX
  5
72
  8
TEXT
 10
-17.91862208527527
 20
13.172890592987494
 30
0.0
 70
0
  0
VERTEX
  5
73
  8
TEXT
 10
-17.67475193474339
 20
13.472041784105185
 30
0.0
 70
0
  0
VERTEX
  5
74
  8
TEXT
 10
-16.438207877844025
 20
13.410118504315639
 30
0.0
 70
0
  0
VERTEX
  5
75
  8
TEXT
 10
-16.755549059661703
 20
14.599611658318018
 30
0.0
 70
0
  0
VERTEX
  5
76
  8
TEXT
 10
-16.511678909129827
 20
14.898762849435709
 30
0.0
 70
0
  0
VERTEX
  5
77
  8
TEXT
 10
-14.797312467724598
 20
13.501199294464568
 30
0.0
 70
0
  0
VERTEX
  5
78
  8
TEXT
 10
-15.054314087900499
 20
13.185939962286694
 30
0.0
 70
0
  0
VERTEX
  5
79
  8
TEXT
 10
-16.218702570250894
 20
14.135157625126155
 30
0.0
 70
0
  0
VERTEX
  5
7A
  8
TEXT
 10
-15.94600926363796
 20
13.03185731728136
 30
0.0
 70
0
  0
VERTEX
  5
7B
  8
TEXT
 10
-15.97602405139573
 20
12.995038709143799
 30
0.0
 70
0
  0
VERTEX
  5
7C
  8
TEXT
 10
-17.134228897356778
 20
13.054386188138833
 30
0.0
 70
0
  0
VERTEX
  5
7D
  8
TEXT
 10
-15.949129947929
 20
12.08828520718563
 30
0.0
 70
0
  0
SEQEND
  5
70
  8
TEXT
  0
POLYLINE
  5
7E
  8
TEXT
 66
1
 10
0.0
 20
0.0
 30
0.0
 70
1
  0
VERTEX
  5
80
  8
TEXT
 10
-14.313883862358631
 20
13.984381833382999
 30
0.0
 70
0
  0
VERTEX
  5
81
  8
TEXT
 10
-15.843278423460832
 20
15.582251809967767
 30
0.0
 70
0
  0
VERTEX
  5
82
  8
TEXT
 10
-14.779997831659626
 20
16.59996637864752
 30
0.0
 70
0
  0
VERTEX
  5
83
  8
TEXT
 10
-14.53365239899887
 20
16.342591348862054
 30
0.0
 70
0
  0
VERTEX
  5
84
  8
TEXT
 10
-15.304705092397827
 20
15.604581490182534
 30
0.0
 70
0
  0
VERTEX
  5
85
  8
TEXT
 10
-14.911578839443369
 20
15.193853838483228
 30
0.0
 70
0
  0
VERTEX
  5
86
  8
TEXT
 10
-14.183421984341988
 20
15.89080612505262
 30
0.0
 70
0
  0
VERTEX
  5
87
  8
TEXT
 10
-13.937076551681232
 20
15.633431095267156
 30
0.0
 70
0
  0
VERTEX
  5
88
  8
TEXT
 10
-14.665233406782612
 20
14.936478808697764
 30
0.0
 70
0
  0
VERTEX
  5
89
  8
TEXT
 10
-14.26800139661714
 20
14.521461573168699
 30
0.0
 70
0
  0
VERTEX
  5
8A
  8
TEXT
 10
-13.496948703218182
 20
15.259471431848217
 30
0.0
 70
0
  0
VERTEX
  5
8B
  8
TEXT
 10
-13.250603270557425
 20
15.002096402062753
 30
0.0
 70
0
  0
SEQEND
  5
7F
  8
TEXT
  0
POLYLINE
  5
8C
  8
TEXT
 66
1
 10
0.0
 20
0.0
 30
0.0
 70
1
  0
VERTEX
  5
8E
  8
TEXT
 10
-12.828407428249855
 20
15.36297379297731
 30
0.0
 70
0
  0
VERTEX
  5
8F
  8
TEXT
 10
-14.179939621967144
 20
17.113858402237938
 30
0.0
 70
0
  0
VERTEX
  5
90
  8
TEXT
 10
-13.528939572617892
 20
17.61637439909658
 30
0.0
 70
0
  0
VERTEX
  5
91
  8
TEXT
 10
-13.496391946888801
 20
17.640645969208627
 30
0.0
 70
0
  0
VERTEX
  5
92
  8
TEXT
 10
-13.463699517683862
 20
17.66332452495172
 30
0.0
 70
0
  0
VERTEX
  5
93
  8
TEXT
 10
-13.430862285003075
 20
17.68441006632586
 30
0.0
 70
0
  0
VERTEX
  5
94
  8
TEXT
 10
-13.39788024884644
 20
17.703902593331044
 30
0.0
 70
0
  0
VERTEX
  5
95
  8
TEXT
 10
-13.364753409213955
 20
17.72180210596727
 30
0.0
 70
0
  0
VERTEX
  5
96
  8
TEXT
 10
-13.331481766105624
 20
17.738108604234544
 30
0.0
 70
0
  0
VERTEX
  5
97
  8
TEXT
 10
-13.298065319521443
 20
17.752822088132863
 30
0.0
 70
0
  0
VERTEX
  5
98
  8
TEXT
 10
-13.264504069461415
 20
17.76594255766223
 30
0.0
 70
0
  0
VERTEX
  5
99
  8
TEXT
 10
-13.230798015925538
 20
17.777470012822636
 30
0.0
 70
0
  0
VERTEX
  5
9A
  8
TEXT
 10
-13.196947158913815
 20
17.78740445361409
 30
0.0
 70
0
  0
VERTEX
  5
9B
  8
TEXT
 10
-13.162951498426242
 20
17.79574588003659
 30
0.0
 70
0
  0
VERTEX
  5
9C
  8
TEXT
 10
-13.125622391759313
 20
17.802995141048463
 30
0.0
 70
0
  0
VERTEX
  5
9D
  8
TEXT
 10
-13.088584808654618
 20
17.808144101760437
 30
0.0
 70
0
  0
VERTEX
  5
9E
  8
TEXT
 10
-13.051838749112157
 20
17.811192762172507
 30
0.0
 70
0
  0
VERTEX
  5
9F
  8
TEXT
 10
-13.015384213131929
 20
17.81214112228468
 30
0.0
 70
0
  0
VERTEX
  5
A0
  8
TEXT
 10
-12.979221200713935
 20
17.81098918209695
 30
0.0
 70
0
  0
VERTEX
  5
A1
  8
TEXT
 10
-12.943349711858176
 20
17.807736941609317
 30
0.0
 70
0
  0
VERTEX
  5
A2
  8
TEXT
 10
-12.90776974656465
 20
17.802384400821786
 30
0.0
 70
0
  0
VERTEX
  5
A3
  8
TEXT
 10
-12.872481304833359
 20
17.794931559734355
 30
0.0
 70
0
  0
VERTEX
  5
A4
  8
TEXT
 10
-12.8374843866643
 20
17.785378418347022
 30
0.0
 70
0
  0
VERTEX
  5
A5
  8
TEXT
 10
-12.802778992057476
 20
17.773724976659786
 30
0.0
 70
0
  0
VERTEX
  5
A6
  8
TEXT
 10
-12.771664762845433
 20
17.761244475055058
 30
0.0
 70
0
  0
VERTEX
  5
A7
  8
TEXT
 10
-12.74115777125604
 20
17.746900409944843
 30
0.0
 70
0
  0
VERTEX
  5
A8
  8
TEXT
 10
-12.711258017289298
 20
17.73069278132914
 30
0.0
 70
0
  0
VERTEX
  5
A9
  8
TEXT
 10
-12.681965500945209
 20
17.712621589207952
 30
0.0
 70
0
  0
VERTEX
  5
AA
  8
TEXT
 10
-12.65328022222377
 20
17.692686833581277
 30
0.0
 70
0
  0
VERTEX
  5
AB
  8
TEXT
 10
-12.625202181124985
 20
17.670888514449118
 30
0.0
 70
0
  0
VERTEX
  5
AC
  8
TEXT
 10
-12.59773137764885
 20
17.64722663181147
 30
0.0
 70
0
  0
VERTEX
  5
AD
  8
TEXT
 10
-12.570867811795367
 20
17.621701185668336
 30
0.0
 70
0
  0
VERTEX
  5
AE
  8
TEXT
 10
-12.544611483564534
 20
17.594312176019717
 30
0.0
 70
0
  0
VERTEX
  5
AF
  8
TEXT
 10
-12.518962392956354
 20
17.56505960286561
 30
0.0
 70
0
  0
VERTEX
  5
B0
  8
TEXT
 10
-12.493920539970826
 20
17.53394346620602
 30
0.0
 70
0
  0
VERTEX
  5
B1
  8
TEXT
 10
-12.469576394344738
 20
17.500940425470034
 30
0.0
 70
0
  0
VERTEX
  5
B2
  8
TEXT
 10
-12.447339798304176
 20
17.467736362402082
 30
0.0
 70
0
  0
VERTEX
  5
B3
  8
TEXT
 10
-12.427210751849136
 20
17.43433127700216
 30
0.0
 70
0
  0
VERTEX
  5
B4
  8
TEXT
 10
-12.409189254979621
 20
17.40072516927027
 30
0.0
 70
0
  0
VERTEX
  5
B5
  8
TEXT
 10
-12.393275307695628
 20
17.36691803920641
 30
0.0
 70
0
  0
VERTEX
  5
B6
  8
TEXT
 10
-12.37946890999716
 20
17.33290988681058
 30
0.0
 70
0
  0
VERTEX
  5
B7
  8
TEXT
 10
-12.367770061884213
 20
17.29870071208278
 30
0.0
 70
0
  0
VERTEX
  5
B8
  8
TEXT
 10
-12.358178763356792
 20
17.264290515023013
 30
0.0
 70
0
  0
VERTEX
  5
B9
  8
TEXT
 10
-12.350695014414894
 20
17.229679295631275
 30
0.0
 70
0
  0
VERTEX
  5
BA
  8
TEXT
 10
-12.34531881505852
 20
17.19486705390757
 30
0.0
 70
0
  0
VERTEX
  5
BB
  8
TEXT
 10
-12.342050165287668
 20
17.15985378985189
 30
0.0
 70
0
  0
VERTEX
  5
BC
  8
TEXT
 10
-12.340721057294457
 20
17.12142408272041
 30
0.0
 70
0
  0
VERTEX
  5
BD
  8
TEXT
 10
-12.341606458266623
 20
17.083385266813607
 30
0.0
 70
0
  0
VERTEX
  5
BE
  8
TEXT
 10
-12.344706368204163
 20
17.045737342131492
 30
0.0
 70
0
  0
VERTEX
  5
BF
  8
TEXT
 10
-12.350020787107077
 20
17.008480308674063
 30
0.0
 70
0
  0
VERTEX
  5
C0
  8
TEXT
 10
-12.357549714975368
 20
16.971614166441316
 30
0.0
 70
0
  0
VERTEX
  5
C1
  8
TEXT
 10
-12.367293151809035
 20
16.935138915433257
 30
0.0
 70
0
  0
VERTEX
  5
C2
  8
TEXT
 10
-12.379251097608076
 20
16.89905455564988
 30
0.0
 70
0
  0
VERTEX
  5
C3
  8
TEXT
 10
-12.393423552372493
 20
16.86336108709119
 30
0.0
 70
0
  0
VERTEX
  5
C4
  8
TEXT
 10
-12.409810516102285
 20
16.828058509757184
 30
0.0
 70
0
  0
VERTEX
  5
C5
  8
TEXT
 10
-12.428411988797452
 20
16.79314682364786
 30
0.0
 70
0
  0
VERTEX
  5
C6
  8
TEXT
 10
-11.484104077247068
 20
16.400660255804546
 30
0.0
 70
0
  0
VERTEX
  5
C7
  8
TEXT
 10
-11.846031902517048
 20
16.121283131197213
 30
0.0
 70
0
  0
VERTEX
  5
C8
  8
TEXT
 10
-12.706847450300124
 20
16.48820569457199
 30
0.0
 70
0
  0
VERTEX
  5
C9
  8
TEXT
 10
-13.007670577797251
 20
16.255996136456805
 30
0.0
 70
0
  0
VERTEX
  5
CA
  8
TEXT
 10
-12.508782855284158
 20
15.609696448474695
 30
0.0
 70
0
  0
SEQEND
  5
8D
  8
TEXT
  0
POLYLINE
  5
CB
  8
TEXT
 66
1
 10
0.0
 20
0.0
 30
0.0
 70
1
  0
VERTEX
  5
CD
  8
TEXT
 10
-13.225367038530237
 20
16.53801781848536
 30
0.0
 70
0
  0
VERTEX
  5
CE
  8
TEXT
 10
-12.88929120077954
 20
16.79743943419217
 30
0.0
 70
0
  0
VERTEX
  5
CF
  8
TEXT
 10
-12.861689161122186
 20
16.820256466217064
 30
0.0
 70
0
  0
VERTEX
  5
D0
  8
TEXT
 10
-12.83685416567822
 20
16.84395884536329
 30
0.0
 70
0
  0
VERTEX
  5
D1
  8
TEXT
 10
-12.814786214447638
 20
16.86854657163085
 30
0.0
 70
0
  0
VERTEX
  5
D2
  8
TEXT
 10
-12.795485307430443
 20
16.894019645019746
 30
0.0
 70
0
  0
VERTEX
  5
D3
  8
TEXT
 10
-12.778951444626635
 20
16.92037806552998
 30
0.0
 70
0
  0
VERTEX
  5
D4
  8
TEXT
 10
-12.765184626036213
 20
16.94762183316155
 30
0.0
 70
0
  0
VERTEX
  5
D5
  8
TEXT
 10
-12.752287260083326
 20
16.98105585986374
 30
0.0
 70
0
  0
VERTEX
  5
D6
  8
TEXT
 10
-12.743315073785624
 20
17.014910481108956
 30
0.0
 70
0
  0
VERTEX
  5
D7
  8
TEXT
 10
-12.738268067143101
 20
17.049185696897194
 30
0.0
 70
0
  0
VERTEX
  5
D8
  8
TEXT
 10
-12.73714624015576
 20
17.08388150722845
 30
0.0
 70
0
  0
VERTEX
  5
D9
  8
TEXT
 10
-12.7399495928236
 20
17.11899791210273
 30
0.0
 70
0
  0
VERTEX
  5
DA
  8
TEXT
 10
-12.746706167624462
 20
17.1539881897636
 30
0.0
 70
0
  0
VERTEX
  5
DB
  8
TEXT
 10
-12.757444007036185
 20
17.188305618454624
 30
0.0
 70
0
  0
VERTEX
  5
DC
  8
TEXT
 10
-12.77216311105877
 20
17.221950198175804
 30
0.0
 70
0
  0
VERTEX
  5
DD
  8
TEXT
 10
-12.790863479692216
 20
17.25492192892714
 30
0.0
 70
0
  0
VERTEX
  5
DE
  8
TEXT
 10
-12.813545112936524
 20
17.287220810708632
 30
0.0
 70
0
  0
VERTEX
  5
DF
  8
TEXT
 10
-12.839663769639861
 20
17.31814178931521
 30
0.0
 70
0
  0
VERTEX
  5
E0
  8
TEXT
 10
-12.867223898912174
 20
17.34509966599494
 30
0.0
 70
0
  0
VERTEX
  5
E1
  8
TEXT
 10
-12.896225500753463
 20
17.36809444074783
 30
0.0
 70
0
  0
VERTEX
  5
E2
  8
TEXT
 10
-12.926668575163731
 20
17.387126113573874
 30
0.0
 70
0
  0
VERTEX
  5
E3
  8
TEXT
 10
-12.958553122142973
 20
17.402194684473073
 30
0.0
 70
0
  0
VERTEX
  5
E4
  8
TEXT
 10
-12.991488271778799
 20
17.413376839065148
 30
0.0
 70
0
  0
VERTEX
  5
E5
  8
TEXT
 10
-13.02508315415881
 20
17.420749262969817
 30
0.0
 70
0
  0
VERTEX
  5
E6
  8
TEXT
 10
-13.059337769283008
 20
17.424311956187076
 30
0.0
 70
0
  0
VERTEX
  5
E7
  8
TEXT
 10
-13.094252117151392
 20
17.424064918716933
 30
0.0
 70
0
  0
VERTEX
  5
E8
  8
TEXT
 10
-13.129826197763965
 20
17.42000815055938
 30
0.0
 70
0
  0
VERTEX
  5
E9
  8
TEXT
 10
-13.159668287413142
 20
17.413589595096123
 30
0.0
 70
0
  0
VERTEX
  5
EA
  8
TEXT
 10
-13.189354644719568
 20
17.404269984541784
 30
0.0
 70
0
  0
VERTEX
  5
EB
  8
TEXT
 10
-13.218885269683245
 20
17.39204931889636
 30
0.0
 70
0
  0
VERTEX
  5
EC
  8
TEXT
 10
-13.248260162304168
 20
17.37692759815985
 30
0.0
 70
0
  0
VERTEX
  5
ED
  8
TEXT
 10
-13.27747932258234
 20
17.358904822332253
 30
0.0
 70
0
  0
VERTEX
  5
EE
  8
TEXT
 10
-13.306542750517764
 20
17.337980991413573
 30
0.0
 70
0
  0
VERTEX
  5
EF
  8
TEXT
 10
-13.64261858826846
 20
17.078559375706764
 30
0.0
 70
0
  0
SEQEND
  5
CC
  8
TEXT
  0
POLYLINE
  5
F0
  8
TEXT
 66
1
 10
0.0
 20
0.0
 30
0.0
 70
1
  0
VERTEX
  5
F2
  8
TEXT
 10
-11.041235843578352
 20
16.67728602112992
 30
0.0
 70
0
  0
VERTEX
  5
F3
  8
TEXT
 10
-12.243568011549863
 20
18.533797142416546
 30
0.0
 70
0
  0
VERTEX
  5
F4
  8
TEXT
 10
-11.904038293059523
 20
18.753686750317375
 30
0.0
 70
0
  0
VERTEX
  5
F5
  8
TEXT
 10
-10.701706125088013
 20
16.897175629030748
 30
0.0
 70
0
  0
SEQEND
  5
F1
  8
TEXT
  0
POLYLINE
  5
F6
  8
TEXT
 66
1
 10
0.0
 20
0.0
 30
0.0
 70
1
  0
VERTEX
  5
F8
  8
TEXT
 10
-9.191680966956035
 20
17.722866299029057
 30
0.0
 70
0
  0
VERTEX
  5
F9
  8
TEXT
 10
-9.226676752435022
 20
17.705156983058448
 30
0.0
 70
0
  0
VERTEX
  5
FA
  8
TEXT
 10
-9.261792706095907
 20
17.688729461401806
 30
0.0
 70
0
  0
VERTEX
  5
FB
  8
TEXT
 10
-9.29702882793869
 20
17.67358373405914
 30
0.0
 70
0
  0
VERTEX
  5
FC
  8
TEXT
 10
-9.33238511796337
 20
17.65971980103044
 30
0.0
 70
0
  0
VERTEX
  5
FD
  8
TEXT
 10
-9.367861576169949
 20
17.647137662315714
 30
0.0
 70
0
  0
VERTEX
  5
FE
  8
TEXT
 10
-9.403458202558424
 20
17.635837317914955
 30
0.0
 70
0
  0
VERTEX
  5
FF
  8
TEXT
 10
-9.439174997128799
 20
17.62581876782817
 30
0.0
 70
0
  0
VERTEX
  5
100
  8
TEXT
 10
-9.475011959881071
 20
17.617082012055352
 30
0.0
 70
0
  0
VERTEX
  5
101
  8
TEXT
 10
-9.510969090815241
 20
17.609627050596508
 30
0.0
 70
0
  0
VERTEX
  5
102
  8
TEXT
 10
-9.54704638993131
 20
17.603453883451632
 30
0.0
 70
0
  0
VERTEX
  5
103
  8
TEXT
 10
-9.583243857229276
 20
17.598562510620727
 30
0.0
 70
0
  0
VERTEX
  5
104
  8
TEXT
 10
-9.61956149270914
 20
17.594952932103794
 30
0.0
 70
0
  0
VERTEX
  5
105
  8
TEXT
 10
-9.659128562808139
 20
17.592413652899022
 30
0.0
 70
0
  0
VERTEX
  5
106
  8
TEXT
 10
-9.698460203132452
 20
17.591272938251873
 30
0.0
 70
0
  0
VERTEX
  5
107
  8
TEXT
 10
-9.73755641368208
 20
17.591530788162345
 30
0.0
 70
0
  0
VERTEX
  5
108
  8
TEXT
 10
-9.776417194457022
 20
17.593187202630432
 30
0.0
 70
0
  0
VERTEX
  5
109
  8
TEXT
 10
-9.81504254545728
 20
17.59624218165614
 30
0.0
 70
0
  0
VERTEX
  5
10A
  8
TEXT
 10
-9.85343246668285
 20
17.600695725239472
 30
0.0
 70
0
  0
VERTEX
  5
10B
  8
TEXT
 10
-9.891586958133736
 20
17.60654783338042
 30
0.0
 70
0
  0
VERTEX
  5
10C
  8
TEXT
 10
-9.929506019809937
 20
17.61379850607899
 30
0.0
 70
0
  0
VERTEX
  5
10D
  8
TEXT
 10
-9.96718965171145
 20
17.62244774333518
 30
0.0
 70
0
  0
VERTEX
  5
10E
  8
TEXT
 10
-10.004637853838279
 20
17.632495545148988
 30
0.0
 70
0
  0
VERTEX
  5
10F
  8
TEXT
 10
-10.041850626190424
 20
17.643941911520418
 30
0.0
 70
0
  0
VERTEX
  5
110
  8
TEXT
 10
-10.078669165563287
 20
17.656735142851915
 30
0.0
 70
0
  0
VERTEX
  5
111
  8
TEXT
 10
-10.114934668752273
 20
17.670823539545932
 30
0.0
 70
0
  0
VERTEX
  5
112
  8
TEXT
 10
-10.150647135757385
 20
17.68620710160247
 30
0.0
 70
0
  0
VERTEX
  5
113
  8
TEXT
 10
-10.185806566578622
 20
17.702885829021525
 30
0.0
 70
0
  0
VERTEX
  5
114
  8
TEXT
 10
-10.220412961215981
 20
17.720859721803098
 30
0.0
 70
0
  0
VERTEX
  5
115
  8
TEXT
 10
-10.254466319669467
 20
17.74012877994719
 30
0.0
 70
0
  0
VERTEX
  5
116
  8
TEXT
 10
-10.287966641939075
 20
17.760693003453802
 30
0.0
 70
0
  0
VERTEX
  5
117
  8
TEXT
 10
-10.320913928024808
 20
17.782552392322934
 30
0.0
 70
0
  0
VERTEX
  5
118
  8
TEXT
 10
-10.353308177926666
 20
17.805706946554583
 30
0.0
 70
0
  0
VERTEX
  5
119
  8
TEXT
 10
-10.385149391644648
 20
17.83015666614875
 30
0.0
 70
0
  0
VERTEX
  5
11A
  8
TEXT
 10
-10.416437569178754
 20
17.855901551105436
 30
0.0
 70
0
  0
VERTEX
  5
11B
  8
TEXT
 10
-10.444478598548496
 20
17.880606139537193
 30
0.0
 70
0
  0
VERTEX
  5
11C
  8
TEXT
 10
-10.471746977680414
 20
17.906333714162894
 30
0.0
 70
0
  0
VERTEX
  5
11D
  8
TEXT
 10
-10.498242706574509
 20
17.93308427498254
 30
0.0
 70
0
  0
VERTEX
  5
11E
  8
TEXT
 10
-10.523965785230777
 20
17.960857821996132
 30
0.0
 70
0
  0
VERTEX
  5
11F
  8
TEXT
 10
-10.548916213649223
 20
17.989654355203665
 30
0.0
 70
0
  0
VERTEX
  5
120
  8
TEXT
 10
-10.573093991829843
 20
18.019473874605147
 30
0.0
 70
0
  0
VERTEX
  5
121
  8
TEXT
 10
-10.59649911977264
 20
18.05031638020057
 30
0.0
 70
0
  0
VERTEX
  5
122
  8
TEXT
 10
-10.61913159747761
 20
18.082181871989942
 30
0.0
 70
0
  0
VERTEX
  5
123
  8
TEXT
 10
-10.640991424944758
 20
18.115070349973255
 30
0.0
 70
0
  0
VERTEX
  5
124
  8
TEXT
 10
-10.66207860217408
 20
18.148981814150513
 30
0.0
 70
0
  0
VERTEX
  5
125
  8
TEXT
 10
-10.682393129165579
 20
18.183916264521716
 30
0.0
 70
0
  0
VERTEX
  5
126
  8
TEXT
 10
-10.701935005919253
 20
18.219873701086865
 30
0.0
 70
0
  0
VERTEX
  5
127
  8
TEXT
 10
-10.720460607341092
 20
18.256373676338807
 30
0.0
 70
0
  0
VERTEX
  5
128
  8
TEXT
 10
-10.737726308337082
 20
18.292935742770396
 30
0.0
 70
0
  0
VERTEX
  5
129
  8
TEXT
 10
-10.753732108907226
 20
18.32955990038163
 30
0.0
 70
0
  0
VERTEX
  5
12A
  8
TEXT
 10
-10.768478009051524
 20
18.366246149172504
 30
0.0
 70
0
  0
VERTEX
  5
12B
  8
TEXT
 10
-10.781964008769972
 20
18.402994489143026
 30
0.0
 70
0
  0
VERTEX
  5
12C
  8
TEXT
 10
-10.794190108062574
 20
18.43980492029319
 30
0.0
 70
0
  0
VERTEX
  5
12D
  8
TEXT
 10
-10.80515630692933
 20
18.476677442623
 30
0.0
 70
0
  0
VERTEX
  5
12E
  8
TEXT
 10
-10.814862605370237
 20
18.513612056132455
 30
0.0
 70
0
  0
VERTEX
  5
12F
  8
TEXT
 10
-10.823309003385297
 20
18.550608760821554
 30
0.0
 70
0
  0
VERTEX
  5
130
  8
TEXT
 10
-10.83049550097451
 20
18.587667556690295
 30
0.0
 70
0
  0
VERTEX
  5
131
  8
TEXT
 10
-10.836422098137875
 20
18.624788443738684
 30
0.0
 70
0
  0
VERTEX
  5
132
  8
TEXT
 10
-10.841088794875395
 20
18.661971421966715
 30
0.0
 70
0
  0
VERTEX
  5
133
  8
TEXT
 10
-10.844787119725689
 20
18.702419392510667
 30
0.0
 70
0
  0
VERTEX
  5
134
  8
TEXT
 10
-10.847074647313821
 20
18.7425690703581
 30
0.0
 70
0
  0
VERTEX
  5
135
  8
TEXT
 10
-10.847951377639788
 20
18.782420455509026
 30
0.0
 70
0
  0
VERTEX
  5
136
  8
TEXT
 10
-10.847417310703593
 20
18.82197354796344
 30
0.0
 70
0
  0
VERTEX
  5
137
  8
TEXT
 10
-10.845472446505234
 20
18.86122834772134
 30
0.0
 70
0
  0
VERTEX
  5
138
  8
TEXT
 10
-10.842116785044713
 20
18.90018485478273
 30
0.0
 70
0
  0
VERTEX
  5
139
  8
TEXT
 10
-10.837350326322026
 20
18.93884306914761
 30
0.0
 70
0
  0
VERTEX
  5
13A
  8
TEXT
 10
-10.831173070337176
 20
18.97720299081597
 30
0.0
 70
0
  0
VERTEX
  5
13B
  8
TEXT
 10
-10.823585017090164
 20
19.015264619787825
 30
0.0
 70
0
  0
VERTEX
  5
13C
  8
TEXT
 10
-10.814586166580987
 20
19.05302795606317
 30
0.0
 70
0
  0
VERTEX
  5
13D
  8
TEXT
 10
-10.80417651880965
 20
19.090492999641995
 30
0.0
 70
0
  0
VERTEX
  5
13E
  8
TEXT
 10
-10.792417482592239
 20
19.127506240721974
 30
0.0
 70
0
  0
VERTEX
  5
13F
  8
TEXT
 10
-10.779370466744849
 20
19.163914169500767
 30
0.0
 70
0
  0
VERTEX
  5
140
  8
TEXT
 10
-10.76503547126748
 20
19.19971678597837
 30
0.0
 70
0
  0
VERTEX
  5
141
  8
TEXT
 10
-10.74941249616013
 20
19.23491409015479
 30
0.0
 70
0
  0
VERTEX
  5
142
  8
TEXT
 10
-10.7325015414228
 20
19.269506082030016
 30
0.0
 70
0
  0
VERTEX
  5
143
  8
TEXT
 10
-10.714302607055492
 20
19.30349276160406
 30
0.0
 70
0
  0
VERTEX
  5
144
  8
TEXT
 10
-10.694815693058203
 20
19.33687412887691
 30
0.0
 70
0
  0
VERTEX
  5
145
  8
TEXT
 10
-10.674040799430935
 20
19.369650183848577
 30
0.0
 70
0
  0
VERTEX
  5
146
  8
TEXT
 10
-10.65197792617369
 20
19.401820926519058
 30
0.0
 70
0
  0
VERTEX
  5
147
  8
TEXT
 10
-10.628627073286461
 20
19.433386356888345
 30
0.0
 70
0
  0
VERTEX
  5
148
  8
TEXT
 10
-10.603988240769255
 20
19.46434647495645
 30
0.0
 70
0
  0
VERTEX
  5
149
  8
TEXT
 10
-10.580308639888377
 20
19.492049986390853
 30
0.0
 70
0
  0
VERTEX
  5
14A
  8
TEXT
 10
-10.555621678188107
 20
19.518955173845292
 30
0.0
 70
0
  0
VERTEX
  5
14B
  8
TEXT
 10
-10.529927355668441
 20
19.545062037319774
 30
0.0
 70
0
  0
VERTEX
  5
14C
  8
TEXT
 10
-10.50322567232938
 20
19.57037057681429
 30
0.0
 70
0
  0
VERTEX
  5
14D
  8
TEXT
 10
-10.475516628170926
 20
19.594880792328848
 30
0.0
 70
0
  0
VERTEX
  5
14E
  8
TEXT
 10
-10.446800223193076
 20
19.61859268386344
 30
0.0
 70
0
  0
VERTEX
  5
14F
  8
TEXT
 10
-10.417076457395833
 20
19.641506251418075
 30
0.0
 70
0
  0
VERTEX
  5
150
  8
TEXT
 10
-10.386345330779196
 20
19.663621494992746
 30
0.0
 70
0
  0
VERTEX
  5
151
  8
TEXT
 10
-10.354606843343163
 20
19.684938414587457
 30
0.0
 70
0
  0
VERTEX
  5
152
  8
TEXT
 10
-10.321860995087736
 20
19.705457010202206
 30
0.0
 70
0
  0
VERTEX
  5
153
  8
TEXT
 10
-10.288107786012915
 20
19.72517728183699
 30
0.0
 70
0
  0
VERTEX
  5
154
  8
TEXT
 10
-10.253347216118701
 20
19.74409922949182
 30
0.0
 70
0
  0
VERTEX
  5
155
  8
TEXT
 10
-10.218449262584953
 20
19.761800824593916
 30
0.0
 70
0
  0
VERTEX
  5
156
  8
TEXT
 10
-10.183626804759784
 20
19.77820518364502
 30
0.0
 70
0
  0
VERTEX
  5
157
  8
TEXT
 10
-10.148879842643195
 20
19.793312306645134
 30
0.0
 70
0
  0
VERTEX
  5
158
  8
TEXT
 10
-10.114208376235187
 20
19.807122193594253
 30
0.0
 70
0
  0
VERTEX
  5
159
  8
TEXT
 10
-10.079612405535755
 20
19.819634844492377
 30
0.0
 70
0
  0
VERTEX
  5
15A
  8
TEXT
 10
-10.045091930544906
 20
19.830850259339513
 30
0.0
 70
0
  0
VERTEX
  5
15B
  8
TEXT
 10
-10.010646951262634
 20
19.84076843813565
 30
0.0
 70
0
  0
VERTEX
  5
15C
  8
TEXT
 10
-9.976277467688943
 20
19.849389380880798
 30
0.0
 70
0
  0
VERTEX
  5
15D
  8
TEXT
 10
-9.941983479823831
 20
19.85671308757495
 30
0.0
 70
0
  0
VERTEX
  5
15E
  8
TEXT
 10
-9.9077649876673
 20
19.86273955821811
 30
0.0
 70
0
  0
VERTEX
  5
15F
  8
TEXT
 10
-9.873621991219345
 20
19.86746879281028
 30
0.0
 70
0
  0
VERTEX
  5
160
  8
TEXT
 10
-9.839554490479971
 20
19.870900791351453
 30
0.0
 70
0
  0
VERTEX
  5
161
  8
TEXT
 10
-9.7989881620107
 20
19.87351667754446
 30
0.0
 70
0
  0
VERTEX
  5
162
  8
TEXT
 10
-9.758960583527085
 20
19.87468422288586
 30
0.0
 70
0
  0
VERTEX
  5
163
  8
TEXT
 10
-9.719471755029126
 20
19.874403427375654
 30
0.0
 70
0
  0
VERTEX
  5
164
  8
TEXT
 10
-9.680521676516825
 20
19.87267429101384
 30
0.0
 70
0
  0
VERTEX
  5
165
  8
TEXT
 10
-9.642110347990181
 20
19.869496813800417
 30
0.0
 70
0
  0
VERTEX
  5
166
  8
TEXT
 10
-9.604237769449194
 20
19.864870995735387
 30
0.0
 70
0
  0
VERTEX
  5
167
  8
TEXT
 10
-9.566903940893864
 20
19.85879683681875
 30
0.0
 70
0
  0
VERTEX
  5
168
  8
TEXT
 10
-9.530108862324193
 20
19.851274337050505
 30
0.0
 70
0
  0
VERTEX
  5
169
  8
TEXT
 10
-9.493852533740176
 20
19.842303496430652
 30
0.0
 70
0
  0
VERTEX
  5
16A
  8
TEXT
 10
-9.458134955141817
 20
19.83188431495919
 30
0.0
 70
0
  0
VERTEX
  5
16B
  8
TEXT
 10
-9.419424456380765
 20
19.818790441243006
 30
0.0
 70
0
  0
VERTEX
  5
16C
  8
TEXT
 10
-9.38206674588767
 20
19.804271824310597
 30
0.0
 70
0
  0
VERTEX
  5
16D
  8
TEXT
 10
-9.346061823662536
 20
19.78832846416196
 30
0.0
 70
0
  0
VERTEX
  5
16E
  8
TEXT
 10
-9.31140968970536
 20
19.770960360797098
 30
0.0
 70
0
  0
VERTEX
  5
16F
  8
TEXT
 10
-9.278110344016145
 20
19.75216751421601
 30
0.0
 70
0
  0
VERTEX
  5
170
  8
TEXT
 10
-9.24616378659489
 20
19.731949924418696
 30
0.0
 70
0
  0
VERTEX
  5
171
  8
TEXT
 10
-9.215570017441593
 20
19.710307591405158
 30
0.0
 70
0
  0
VERTEX
  5
172
  8
TEXT
 10
-9.186329036556256
 20
19.68724051517539
 30
0.0
 70
0
  0
VERTEX
  5
173
  8
TEXT
 10
-9.158440843938878
 20
19.6627486957294
 30
0.0
 70
0
  0
VERTEX
  5
174
  8
TEXT
 10
-9.39806187795979
 20
19.343218590388062
 30
0.0
 70
0
  0
VERTEX
  5
175
  8
TEXT
 10
-9.425378222478017
 20
19.366254199603613
 30
0.0
 70
0
  0
VERTEX
  5
176
  8
TEXT
 10
-9.453646756988576
 20
19.387431476660378
 30
0.0
 70
0
  0
VERTEX
  5
177
  8
TEXT
 10
-9.482867481491471
 20
19.406750421558357
 30
0.0
 70
0
  0
VERTEX
  5
178
  8
TEXT
 10
-9.513040395986701
 20
19.424211034297553
 30
0.0
 70
0
  0
VERTEX
  5
179
  8
TEXT
 10
-9.544165500474264
 20
19.43981331487796
 30
0.0
 70
0
  0
VERTEX
  5
17A
  8
TEXT
 10
-9.576242794954162
 20
19.453557263299583
 30
0.0
 70
0
  0
VERTEX
  5
17B
  8
TEXT
 10
-9.609272279426396
 20
19.46544287956242
 30
0.0
 70
0
  0
VERTEX
  5
17C
  8
TEXT
 10
-9.643253953890962
 20
19.475470163666472
 30
0.0
 70
0
  0
VERTEX
  5
17D
  8
TEXT
 10
-9.678187818347864
 20
19.48363911561174
 30
0.0
 70
0
  0
VERTEX
  5
17E
  8
TEXT
 10
-9.7140738727971
 20
19.489949735398223
 30
0.0
 70
0
  0
VERTEX
  5
17F
  8
TEXT
 10
-9.750484072612402
 20
19.494081904408375
 30
0.0
 70
0
  0
VERTEX
  5
180
  8
TEXT
 10
-9.786990373167505
 20
19.495715504024663
 30
0.0
 70
0
  0
VERTEX
  5
181
  8
TEXT
 10
-9.823592774462405
 20
19.494850534247075
 30
0.0
 70
0
  0
VERTEX
  5
182
  8
TEXT
 10
-9.860291276497106
 20
19.49148699507562
 30
0.0
 70
0
  0
VERTEX
  5
183
  8
TEXT
 10
-9.897085879271605
 20
19.48562488651029
 30
0.0
 70
0
  0
VERTEX
  5
184
  8
TEXT
 10
-9.933976582785906
 20
19.477264208551095
 30
0.0
 70
0
  0
VERTEX
  5
185
  8
TEXT
 10
-9.970963387040003
 20
19.466404961198027
 30
0.0
 70
0
  0
VERTEX
  5
186
  8
TEXT
 10
-10.008046292033901
 20
19.45304714445109
 30
0.0
 70
0
  0
VERTEX
  5
187
  8
TEXT
 10
-10.045225297767598
 20
19.437190758310283
 30
0.0
 70
0
  0
VERTEX
  5
188
  8
TEXT
 10
-10.082500404241094
 20
19.418835802775607
 30
0.0
 70
0
  0
VERTEX
  5
189
  8
TEXT
 10
-10.118408606751794
 20
19.398868105214856
 30
0.0
 70
0
  0
VERTEX
  5
18A
  8
TEXT
 10
-10.152538257127905
 20
19.377621260876623
 30
0.0
 70
0
  0
VERTEX
  5
18B
  8
TEXT
 10
-10.184889355369423
 20
19.355095269760913
 30
0.0
 70
0
  0
VERTEX
  5
18C
  8
TEXT
 10
-10.215461901476353
 20
19.33129013186772
 30
0.0
 70
0
  0
VERTEX
  5
18D
  8
TEXT
 10
-10.244255895448692
 20
19.306205847197052
 30
0.0
 70
0
  0
VERTEX
  5
18E
  8
TEXT
 10
-10.27127133728644
 20
19.279842415748902
 30
0.0
 70
0
  0
VERTEX
  5
18F
  8
TEXT
 10
-10.296508226989596
 20
19.252199837523275
 30
0.0
 70
0
  0
VERTEX
  5
190
  8
TEXT
 10
-10.319966564558165
 20
19.223278112520166
 30
0.0
 70
0
  0
VERTEX
  5
191
  8
TEXT
 10
-10.341646349992141
 20
19.193077240739576
 30
0.0
 70
0
  0
VERTEX
  5
192
  8
TEXT
 10
-10.361547583291527
 20
19.16159722218151
 30
0.0
 70
0
  0
VERTEX
  5
193
  8
TEXT
 10
-10.379583415569051
 20
19.129143574970783
 30
0.0
 70
0
  0
VERTEX
  5
194
  8
TEXT
 10
-10.395666997937443
 20
19.096021817232216
 30
0.0
 70
0
  0
VERTEX
  5
195
  8
TEXT
 10
-10.409798330396702
 20
19.06223194896581
 30
0.0
 70
0
  0
VERTEX
  5
196
  8
TEXT
 10
-10.421977412946829
 20
19.027773970171566
 30
0.0
 70
0
  0
VERTEX
  5
197
  8
TEXT
 10
-10.432204245587823
 20
18.992647880849482
 30
0.0
 70
0
  0
VERTEX
  5
198
  8
TEXT
 10
-10.440478828319684
 20
18.956853680999558
 30
0.0
 70
0
  0
VERTEX
  5
199
  8
TEXT
 10
-10.44680116114241
 20
18.920391370621793
 30
0.0
 70
0
  0
VERTEX
  5
19A
  8
TEXT
 10
-10.451171244056006
 20
18.883260949716192
 30
0.0
 70
0
  0
VERTEX
  5
19B
  8
TEXT
 10
-10.453589077060467
 20
18.84546241828275
 30
0.0
 70
0
  0
VERTEX
  5
19C
  8
TEXT
 10
-10.454054660155798
 20
18.806995776321465
 30
0.0
 70
0
  0
VERTEX
  5
19D
  8
TEXT
 10
-10.45272166711064
 20
18.77163141489872
 30
0.0
 70
0
  0
VERTEX
  5
19E
  8
TEXT
 10
-10.449650945901057
 20
18.736085052858126
 30
0.0
 70
0
  0
VERTEX
  5
19F
  8
TEXT
 10
-10.444842496527045
 20
18.70035669019968
 30
0.0
 70
0
  0
VERTEX
  5
1A0
  8
TEXT
 10
-10.438296318988604
 20
18.664446326923382
 30
0.0
 70
0
  0
VERTEX
  5
1A1
  8
TEXT
 10
-10.430012413285736
 20
18.628353963029234
 30
0.0
 70
0
  0
VERTEX
  5
1A2
  8
TEXT
 10
-10.419990779418441
 20
18.592079598517238
 30
0.0
 70
0
  0
VERTEX
  5
1A3
  8
TEXT
 10
-10.408231417386718
 20
18.555623233387387
 30
0.0
 70
0
  0
VERTEX
  5
1A4
  8
TEXT
 10
-10.394734327190566
 20
18.518984867639688
 30
0.0
 70
0
  0
VERTEX
  5
1A5
  8
TEXT
 10
-10.379499508829987
 20
18.482164501274138
 30
0.0
 70
0
  0
VERTEX
  5
1A6
  8
TEXT
 10
-10.36252696230498
 20
18.445162134290737
 30
0.0
 70
0
  0
VERTEX
  5
1A7
  8
TEXT
 10
-10.343816687615545
 20
18.407977766689484
 30
0.0
 70
0
  0
VERTEX
  5
1A8
  8
TEXT
 10
-10.323873566399588
 20
18.371572607695338
 30
0.0
 70
0
  0
VERTEX
  5
1A9
  8
TEXT
 10
-10.303076972995196
 20
18.33666892186716
 30
0.0
 70
0
  0
VERTEX
  5
1AA
  8
TEXT
 10
-10.281426907402366
 20
18.30326670920496
 30
0.0
 70
0
  0
VERTEX
  5
1AB
  8
TEXT
 10
-10.258923369621103
 20
18.271365969708725
 30
0.0
 70
0
  0
VERTEX
  5
1AC
  8
TEXT
 10
-10.235566359651404
 20
18.240966703378465
 30
0.0
 70
0
  0
VERTEX
  5
1AD
  8
TEXT
 10
-10.211355877493268
 20
18.212068910214178
 30
0.0
 70
0
  0
VERTEX
  5
1AE
  8
TEXT
 10
-10.1862919231467
 20
18.184672590215857
 30
0.0
 70
0
  0
VERTEX
  5
1AF
  8
TEXT
 10
-10.160374496611693
 20
18.158777743383514
 30
0.0
 70
0
  0
VERTEX
  5
1B0
  8
TEXT
 10
-10.133603597888252
 20
18.134384369717136
 30
0.0
 70
0
  0
VERTEX
  5
1B1
  8
TEXT
 10
-10.105979226976373
 20
18.111492469216735
 30
0.0
 70
0
  0
VERTEX
  5
1B2
  8
TEXT
 10
-10.077501383876061
 20
18.0901020418823
 30
0.0
 70
0
  0
VERTEX
  5
1B3
  8
TEXT
 10
-10.045436043484864
 20
18.06840809185772
 30
0.0
 70
0
  0
VERTEX
  5
1B4
  8
TEXT
 10
-10.012830096539242
 20
18.048733561437153
 30
0.0
 70
0
  0
VERTEX
  5
1B5
  8
TEXT
 10
-9.97968354303919
 20
18.03107845062061
 30
0.0
 70
0
  0
VERTEX
  5
1B6
  8
TEXT
 10
-9.945996382984713
 20
18.015442759408078
 30
0.0
 70
0
  0
VERTEX
  5
1B7
  8
TEXT
 10
-9.91176861637581
 20
18.001826487799566
 30
0.0
 70
0
  0
VERTEX
  5
1B8
  8
TEXT
 10
-9.877000243212477
 20
17.990229635795075
 30
0.0
 70
0
  0
VERTEX
  5
1B9
  8
TEXT
 10
-9.841691263494718
 20
17.980652203394598
 30
0.0
 70
0
  0
VERTEX
  5
1BA
  8
TEXT
 10
-9.805841677222533
 20
17.97309419059814
 30
0.0
 70
0
  0
VERTEX
  5
1BB
  8
TEXT
 10
-9.769451484395923
 20
17.9675555974057
 30
0.0
 70
0
  0
VERTEX
  5
1BC
  8
TEXT
 10
-9.732520685014883
 20
17.964036423817276
 30
0.0
 70
0
  0
VERTEX
  5
1BD
  8
TEXT
 10
-9.695339763560643
 20
17.962618839428785
 30
0.0
 70
0
  0
VERTEX
  5
1BE
  8
TEXT
 10
-9.65819920451443
 20
17.963385013836135
 30
0.0
 70
0
  0
VERTEX
  5
1BF
  8
TEXT
 10
-9.621099007876241
 20
17.966334947039325
 30
0.0
 70
0
  0
VERTEX
  5
1C0
  8
TEXT
 10
-9.58403917364608
 20
17.971468639038363
 30
0.0
 70
0
  0
VERTEX
  5
1C1
  8
TEXT
 10
-9.547019701823942
 20
17.97878608983324
 30
0.0
 70
0
  0
VERTEX
  5
1C2
  8
TEXT
 10
-9.510040592409831
 20
17.98828729942396
 30
0.0
 70
0
  0
VERTEX
  5
1C3
  8
TEXT
 10
-9.473101845403745
 20
17.999972267810524
 30
0.0
 70
0
  0
VERTEX
  5
1C4
  8
TEXT
 10
-9.436203460805686
 20
18.01384099499293
 30
0.0
 70
0
  0
VERTEX
  5
1C5
  8
TEXT
 10
-9.39934543861565
 20
18.02989348097118
 30
0.0
 70
0
  0
VERTEX
  5
1C6
  8
TEXT
 10
-9.362527778833643
 20
18.04812972574527
 30
0.0
 70
0
  0
VERTEX
  5
1C7
  8
TEXT
 10
-9.326258770252315
 20
18.068400121459497
 30
0.0
 70
0
  0
VERTEX
  5
1C8
  8
TEXT
 10
-9.292098058195123
 20
18.090002828138957
 30
0.0
 70
0
  0
VERTEX
  5
1C9
  8
TEXT
 10
-9.260045642662066
 20
18.112937845783648
 30
0.0
 70
0
  0
VERTEX
  5
1CA
  8
TEXT
 10
-9.230101523653145
 20
18.13720517439357
 30
0.0
 70
0
  0
VERTEX
  5
1CB
  8
TEXT
 10
-9.202265701168358
 20
18.162804813968727
 30
0.0
 70
0
  0
VERTEX
  5
1CC
  8
TEXT
 10
-9.176538175207709
 20
18.189736764509117
 30
0.0
 70
0
  0
VERTEX
  5
1CD
  8
TEXT
 10
-9.152918945771193
 20
18.218001026014736
 30
0.0
 70
0
  0
VERTEX
  5
1CE
  8
TEXT
 10
-9.131408012858813
 20
18.247597598485587
 30
0.0
 70
0
  0
VERTEX
  5
1CF
  8
TEXT
 10
-9.11200537647057
 20
18.27852648192167
 30
0.0
 70
0
  0
VERTEX
  5
1D0
  8
TEXT
 10
-9.094711036606462
 20
18.310787676322985
 30
0.0
 70
0
  0
VERTEX
  5
1D1
  8
TEXT
 10
-9.07950780074665
 20
18.34385364410412
 30
0.0
 70
0
  0
VERTEX
  5
1D2
  8
TEXT
 10
-9.0663784763713
 20
18.377196847679652
 30
0.0
 70
0
  0
VERTEX
  5
1D3
  8
TEXT
 10
-9.05532306348041
 20
18.41081728704959
 30
0.0
 70
0
  0
VERTEX
  5
1D4
  8
TEXT
 10
-9.04634156207398
 20
18.444714962213926
 30
0.0
 70
0
  0
VERTEX
  5
1D5
  8
TEXT
 10
-9.039433972152011
 20
18.478889873172665
 30
0.0
 70
0
  0
VERTEX
  5
1D6
  8
TEXT
 10
-9.034600293714501
 20
18.51334201992581
 30
0.0
 70
0
  0
VERTEX
  5
1D7
  8
TEXT
 10
-9.031840526761451
 20
18.54807140247335
 30
0.0
 70
0
  0
VERTEX
  5
1D8
  8
TEXT
 10
-9.031154671292862
 20
18.583078020815297
 30
0.0
 70
0
  0
VERTEX
  5
1D9
  8
TEXT
 10
-9.032542727308734
 20
18.618361874951646
 30
0.0
 70
0
  0
VERTEX
  5
1DA
  8
TEXT
 10
-9.036004694809064
 20
18.653922964882394
 30
0.0
 70
0
  0
VERTEX
  5
1DB
  8
TEXT
 10
-8.636926636369052
 20
18.669873871955268
 30
0.0
 70
0
  0
VERTEX
  5
1DC
  8
TEXT
 10
-8.632660943403977
 20
18.633150132902678
 30
0.0
 70
0
  0
VERTEX
  5
1DD
  8
TEXT
 10
-8.630327541547999
 20
18.59610492600569
 30
0.0
 70
0
  0
VERTEX
  5
1DE
  8
TEXT
 10
-8.629926430801115
 20
18.558738251264305
 30
0.0
 70
0
  0
VERTEX
  5
1DF
  8
TEXT
 10
-8.631457611163327
 20
18.521050108678523
 30
0.0
 70
0
  0
VERTEX
  5
1E0
  8
TEXT
 10
-8.634921082634635
 20
18.48304049824834
 30
0.0
 70
0
  0
VERTEX
  5
1E1
  8
TEXT
 10
-8.64031684521504
 20
18.444709419973755
 30
0.0
 70
0
  0
VERTEX
  5
1E2
  8
TEXT
 10
-8.647644898904538
 20
18.406056873854777
 30
0.0
 70
0
  0
VERTEX
  5
1E3
  8
TEXT
 10
-8.656905243703132
 20
18.367082859891397
 30
0.0
 70
0
  0
VERTEX
  5
1E4
  8
TEXT
 10
-8.668097879610823
 20
18.327787378083617
 30
0.0
 70
0
  0
VERTEX
  5
1E5
  8
TEXT
 10
-8.679789909573222
 20
18.292465979486966
 30
0.0
 70
0
  0
VERTEX
  5
1E6
  8
TEXT
 10
-8.692980192828388
 20
18.25752297201097
 30
0.0
 70
0
  0
VERTEX
  5
1E7
  8
TEXT
 10
-8.707668729376323
 20
18.222958355655635
 30
0.0
 70
0
  0
VERTEX
  5
1E8
  8
TEXT
 10
-8.723855519217024
 20
18.188772130420954
 30
0.0
 70
0
  0
VERTEX
  5
1E9
  8
TEXT
 10
-8.741540562350492
 20
18.154964296306932
 30
0.0
 70
0
  0
VERTEX
  5
1EA
  8
TEXT
 10
-8.760723858776728
 20
18.121534853313566
 30
0.0
 70
0
  0
VERTEX
  5
1EB
  8
TEXT
 10
-8.781405408495734
 20
18.088483801440855
 30
0.0
 70
0
  0
VERTEX
  5
1EC
  8
TEXT
 10
-8.803585211507507
 20
18.055811140688803
 30
0.0
 70
0
  0
VERTEX
  5
1ED
  8
TEXT
 10
-8.827263267812047
 20
18.02351687105741
 30
0.0
 70
0
  0
VERTEX
  5
1EE
  8
TEXT
 10
-8.852439577409353
 20
17.991600992546672
 30
0.0
 70
0
  0
VERTEX
  5
1EF
  8
TEXT
 10
-8.87459957307847
 20
17.965499118810126
 30
0.0
 70
0
  0
VERTEX
  5
1F0
  8
TEXT
 10
-8.897870499679666
 20
17.940071302517836
 30
0.0
 70
0
  0
VERTEX
  5
1F1
  8
TEXT
 10
-8.922252357212942
 20
17.915317543669804
 30
0.0
 70
0
  0
VERTEX
  5
1F2
  8
TEXT
 10
-8.947745145678299
 20
17.891237842266026
 30
0.0
 70
0
  0
VERTEX
  5
1F3
  8
TEXT
 10
-8.974348865075736
 20
17.86783219830651
 30
0.0
 70
0
  0
VERTEX
  5
1F4
  8
TEXT
 10
-9.002063515405252
 20
17.845100611791246
 30
0.0
 70
0
  0
VERTEX
  5
1F5
  8
TEXT
 10
-9.030889096666849
 20
17.82304308272024
 30
0.0
 70
0
  0
VERTEX
  5
1F6
  8
TEXT
 10
-9.060825608860526
 20
17.801659611093488
 30
0.0
 70
0
  0
VERTEX
  5
1F7
  8
TEXT
 10
-9.091873051986283
 20
17.780950196910997
 30
0.0
 70
0
  0
VERTEX
  5
1F8
  8
TEXT
 10
-9.124031426044121
 20
17.76091484017276
 30
0.0
 70
0
  0
VERTEX
  5
1F9
  8
TEXT
 10
-9.157300731034038
 20
17.74155354087878
 30
0.0
 70
0
  0
SEQEND
  5
F7
  8
TEXT
  0
POLYLINE
  5
1FA
  8
TEXT
 66
1
 10
0.0
 20
0.0
 30
0.0
 70
1
  0
VERTEX
  5
1FC
  8
TEXT
 10
-8.01237392618261
 20
18.353501113859018
 30
0.0
 70
0
  0
VERTEX
  5
1FD
  8
TEXT
 10
-8.078503215172875
 20
20.692314540284485
 30
0.0
 70
0
  0
VERTEX
  5
1FE
  8
TEXT
 10
-7.5895533372625135
 20
20.876608330197573
 30
0.0
 70
0
  0
VERTEX
  5
1FF
  8
TEXT
 10
-6.095468154829488
 20
19.076016540222824
 30
0.0
 70
0
  0
VERTEX
  5
200
  8
TEXT
 10
-6.506630552163202
 20
18.921042216886818
 30
0.0
 70
0
  0
VERTEX
  5
201
  8
TEXT
 10
-6.821410949409469
 20
19.310044544161048
 30
0.0
 70
0
  0
VERTEX
  5
202
  8
TEXT
 10
-7.621510749626424
 20
19.008472887939632
 30
0.0
 70
0
  0
VERTEX
  5
203
  8
TEXT
 10
-7.603989653155206
 20
18.507428313388697
 30
0.0
 70
0
  0
SEQEND
  5
1FB
  8
TEXT
  0
POLYLINE
  5
204
  8
TEXT
 66
1
 10
0.0
 20
0.0
 30
0.0
 70
1
  0
VERTEX
  5
206
  8
TEXT
 10
-7.6388187584393
 20
19.382685633143346
 30
0.0
 70
0
  0
VERTEX
  5
207
  8
TEXT
 10
-7.055412654114437
 20
19.602581632471463
 30
0.0
 70
0
  0
VERTEX
  5
208
  8
TEXT
 10
-7.6759125814627165
 20
20.364964664988392
 30
0.0
 70
0
  0
SEQEND
  5
205
  8
TEXT
  0
POLYLINE
  5
209
  8
TEXT
 66
1
 10
0.0
 20
0.0
 30
0.0
 70
1
  0
VERTEX
  5
20B
  8
TEXT
 10
-5.609156865805112
 20
19.21777161775242
 30
0.0
 70
0
  0
VERTEX
  5
20C
  8
TEXT
 10
-6.13427805807909
 20
21.366372073636377
 30
0.0
 70
0
  0
VERTEX
  5
20D
  8
TEXT
 10
-5.828571147577479
 20
21.441087303678042
 30
0.0
 70
0
  0
VERTEX
  5
20E
  8
TEXT
 10
-4.467818004294571
 20
20.31274771353674
 30
0.0
 70
0
  0
VERTEX
  5
20F
  8
TEXT
 10
-4.8047414001428415
 20
21.691312838251548
 30
0.0
 70
0
  0
VERTEX
  5
210
  8
TEXT
 10
-4.412513665914361
 20
21.787173888116328
 30
0.0
 70
0
  0
VERTEX
  5
211
  8
TEXT
 10
-3.887392473640382
 20
19.63857343223237
 30
0.0
 70
0
  0
VERTEX
  5
212
  8
TEXT
 10
-4.195983411599555
 20
19.563153341529933
 30
0.0
 70
0
  0
VERTEX
  5
213
  8
TEXT
 10
-5.560196273371835
 20
20.718154039450067
 30
0.0
 70
0
  0
VERTEX
  5
214
  8
TEXT
 10
-5.216929131576631
 20
19.3136326676172
 30
0.0
 70
0
  0
SEQEND
  5
20A
  8
TEXT
  0
POLYLINE
  5
215
  8
TEXT
 66
1
 10
0.0
 20
0.0
 30
0.0
 70
1
  0
VERTEX
  5
217
  8
TEXT
 10
-2.431143127098758
 20
19.866518165104935
 30
0.0
 70
0
  0
VERTEX
  5
218
  8
TEXT
 10
-2.6154278414247156
 20
22.070667735725266
 30
0.0
 70
0
  0
VERTEX
  5
219
  8
TEXT
 10
-1.7958984037578267
 20
22.139187018769952
 30
0.0
 70
0
  0
VERTEX
  5
21A
  8
TEXT
 10
-1.7553877454380606
 20
22.14189692998699
 30
0.0
 70
0
  0
VERTEX
  5
21B
  8
TEXT
 10
-1.7156204403345996
 20
22.14319047655391
 30
0.0
 70
0
  0
VERTEX
  5
21C
  8
TEXT
 10
-1.676596488447443
 20
22.143067658470702
 30
0.0
 70
0
  0
VERTEX
  5
21D
  8
TEXT
 10
-1.6383158897765908
 20
22.141528475737367
 30
0.0
 70
0
  0
VERTEX
  5
21E
  8
TEXT
 10
-1.6007786443220433
 20
22.13857292835391
 30
0.0
 70
0
  0
VERTEX
  5
21F
  8
TEXT
 10
-1.5639847520838006
 20
22.134201016320326
 30
0.0
 70
0
  0
VERTEX
  5
220
  8
TEXT
 10
-1.5279342130618627
 20
22.12841273963662
 30
0.0
 70
0
  0
VERTEX
  5
221
  8
TEXT
 10
-1.4926270272562296
 20
22.121208098302784
 30
0.0
 70
0
  0
VERTEX
  5
222
  8
TEXT
 10
-1.4580631946669007
 20
22.112587092318826
 30
0.0
 70
0
  0
VERTEX
  5
223
  8
TEXT
 10
-1.4242427152938768
 20
22.102549721684742
 30
0.0
 70
0
  0
VERTEX
  5
224
  8
TEXT
 10
-1.3911655891371573
 20
22.091095986400532
 30
0.0
 70
0
  0
VERTEX
  5
225
  8
TEXT
 10
-1.3558821945826285
 20
22.07691515220509
 30
0.0
 70
0
  0
VERTEX
  5
226
  8
TEXT
 10
-1.321983999925889
 20
22.06112886835915
 30
0.0
 70
0
  0
VERTEX
  5
227
  8
TEXT
 10
-1.2894710051669405
 20
22.043737134862724
 30
0.0
 70
0
  0
VERTEX
  5
228
  8
TEXT
 10
-1.2583432103057808
 20
22.0247399517158
 30
0.0
 70
0
  0
VERTEX
  5
229
  8
TEXT
 10
-1.2286006153424114
 20
22.00413731891839
 30
0.0
 70
0
  0
VERTEX
  5
22A
  8
TEXT
 10
-1.2002432202768314
 20
21.981929236470485
 30
0.0
 70
0
  0
VERTEX
  5
22B
  8
TEXT
 10
-1.1732710251090412
 20
21.95811570437209
 30
0.0
 70
0
  0
VERTEX
  5
22C
  8
TEXT
 10
-1.147684029839041
 20
21.932696722623202
 30
0.0
 70
0
  0
VERTEX
  5
22D
  8
TEXT
 10
-1.1234822344668305
 20
21.905672291223823
 30
0.0
 70
0
  0
VERTEX
  5
22E
  8
TEXT
 10
-1.1006656389924094
 20
21.877042410173953
 30
0.0
 70
0
  0
VERTEX
  5
22F
  8
TEXT
 10
-1.0813138069045654
 20
21.849667882331282
 30
0.0
 70
0
  0
VERTEX
  5
230
  8
TEXT
 10
-1.0634837570510802
 20
21.82105812766712
 30
0.0
 70
0
  0
VERTEX
  5
231
  8
TEXT
 10
-1.0471754894319538
 20
21.791213146181462
 30
0.0
 70
0
  0
VERTEX
  5
232
  8
TEXT
 10
-1.032389004047186
 20
21.760132937874317
 30
0.0
 70
0
  0
VERTEX
  5
233
  8
TEXT
 10
-1.0191243008967772
 20
21.727817502745676
 30
0.0
 70
0
  0
VERTEX
  5
234
  8
TEXT
 10
-1.0073813799807274
 20
21.694266840795542
 30
0.0
 70
0
  0
VERTEX
  5
235
  8
TEXT
 10
-0.9971602412990357
 20
21.65948095202392
 30
0.0
 70
0
  0
VERTEX
  5
236
  8
TEXT
 10
-0.9884608848517031
 20
21.6234598364308
 30
0.0
 70
0
  0
VERTEX
  5
237
  8
TEXT
 10
-0.9812833106387296
 20
21.586203494016193
 30
0.0
 70
0
  0
VERTEX
  5
238
  8
TEXT
 10
-0.9756275186601143
 20
21.54771192478009
 30
0.0
 70
0
  0
VERTEX
  5
239
  8
TEXT
 10
-0.9714935089158585
 20
21.507985128722495
 30
0.0
 70
0
  0
VERTEX
  5
23A
  8
TEXT
 10
-0.9689699269278276
 20
21.46705262747917
 30
0.0
 70
0
  0
VERTEX
  5
23B
  8
TEXT
 10
-0.9683253178779997
 20
21.42709564452419
 30
0.0
 70
0
  0
VERTEX
  5
23C
  8
TEXT
 10
-0.9695596817663741
 20
21.388114179857553
 30
0.0
 70
0
  0
VERTEX
  5
23D
  8
TEXT
 10
-0.9726730185929513
 20
21.35010823347926
 30
0.0
 70
0
  0
VERTEX
  5
23E
  8
TEXT
 10
-0.9776653283577311
 20
21.31307780538931
 30
0.0
 70
0
  0
VERTEX
  5
23F
  8
TEXT
 10
-0.9845366110607138
 20
21.277022895587706
 30
0.0
 70
0
  0
VERTEX
  5
240
  8
TEXT
 10
-0.9932868667018986
 20
21.24194350407444
 30
0.0
 70
0
  0
VERTEX
  5
241
  8
TEXT
 10
-1.0039160952812867
 20
21.207839630849524
 30
0.0
 70
0
  0
VERTEX
  5
242
  8
TEXT
 10
-1.016424296798877
 20
21.174711275912948
 30
0.0
 70
0
  0
VERTEX
  5
243
  8
TEXT
 10
-1.0308114712546703
 20
21.142558439264718
 30
0.0
 70
0
  0
VERTEX
  5
244
  8
TEXT
 10
-1.047077618648666
 20
21.11138112090483
 30
0.0
 70
0
  0
VERTEX
  5
245
  8
TEXT
 10
-1.0668275177242734
 20
21.078387933656966
 30
0.0
 70
0
  0
VERTEX
  5
246
  8
TEXT
 10
-1.0882248204522822
 20
21.04692540218795
 30
0.0
 70
0
  0
VERTEX
  5
247
  8
TEXT
 10
-1.1112695268326922
 20
21.016993526497778
 30
0.0
 70
0
  0
VERTEX
  5
248
  8
TEXT
 10
-1.135961636865503
 20
20.988592306586458
 30
0.0
 70
0
  0
VERTEX
  5
249
  8
TEXT
 10
-1.1623011505507155
 20
20.96172174245398
 30
0.0
 70
0
  0
VERTEX
  5
24A
  8
TEXT
 10
-1.190288067888329
 20
20.936381834100356
 30
0.0
 70
0
  0
VERTEX
  5
24B
  8
TEXT
 10
-1.2199223888783437
 20
20.912572581525573
 30
0.0
 70
0
  0
VERTEX
  5
24C
  8
TEXT
 10
-1.2512041135207594
 20
20.89029398472964
 30
0.0
 70
0
  0
VERTEX
  5
24D
  8
TEXT
 10
-1.2841332418155766
 20
20.869546043712553
 30
0.0
 70
0
  0
VERTEX
  5
24E
  8
TEXT
 10
-1.3187097737627953
 20
20.850328758474316
 30
0.0
 70
0
  0
VERTEX
  5
24F
  8
TEXT
 10
-0.7388296312667706
 20
20.008009247782045
 30
0.0
 70
0
  0
VERTEX
  5
250
  8
TEXT
 10
-1.1944524955292288
 20
19.969915494753593
 30
0.0
 70
0
  0
VERTEX
  5
251
  8
TEXT
 10
-1.718099918771067
 20
20.745433999336672
 30
0.0
 70
0
  0
VERTEX
  5
252
  8
TEXT
 10
-2.0967994423138894
 20
20.713771659157178
 30
0.0
 70
0
  0
VERTEX
  5
253
  8
TEXT
 10
-2.028774883334509
 20
19.900159401545647
 30
0.0
 70
0
  0
SEQEND
  5
216
  8
TEXT
  0
POLYLINE
  5
254
  8
TEXT
 66
1
 10
0.0
 20
0.0
 30
0.0
 70
1
  0
VERTEX
  5
256
  8
TEXT
 10
-2.1264828862321643
 20
21.068802462478573
 30
0.0
 70
0
  0
VERTEX
  5
257
  8
TEXT
 10
-1.703404512274168
 20
21.104175233147853
 30
0.0
 70
0
  0
VERTEX
  5
258
  8
TEXT
 10
-1.6678366977591974
 20
21.108348974191532
 30
0.0
 70
0
  0
VERTEX
  5
259
  8
TEXT
 10
-1.634111808230352
 20
21.114768600517145
 30
0.0
 70
0
  0
VERTEX
  5
25A
  8
TEXT
 10
-1.602229843687631
 20
21.12343411212469
 30
0.0
 70
0
  0
VERTEX
  5
25B
  8
TEXT
 10
-1.5721908041310342
 20
21.13434550901417
 30
0.0
 70
0
  0
VERTEX
  5
25C
  8
TEXT
 10
-1.5439946895605623
 20
21.147502791185584
 30
0.0
 70
0
  0
VERTEX
  5
25D
  8
TEXT
 10
-1.517641499976215
 20
21.162905958638934
 30
0.0
 70
0
  0
VERTEX
  5
25E
  8
TEXT
 10
-1.4886573372149778
 20
21.18397950838917
 30
0.0
 70
0
  0
VERTEX
  5
25F
  8
TEXT
 10
-1.4627409939503528
 20
21.207537493413525
 30
0.0
 70
0
  0
VERTEX
  5
260
  8
TEXT
 10
-1.4398924701823386
 20
21.233579913712
 30
0.0
 70
0
  0
VERTEX
  5
261
  8
TEXT
 10
-1.4201117659109355
 20
21.262106769284593
 30
0.0
 70
0
  0
VERTEX
  5
262
  8
TEXT
 10
-1.4033988811361442
 20
21.293118060131302
 30
0.0
 70
0
  0
VERTEX
  5
263
  8
TEXT
 10
-1.3900742159767134
 20
21.326169900204334
 30
0.0
 70
0
  0
VERTEX
  5
264
  8
TEXT
 10
-1.380458170551395
 20
21.3608184034559
 30
0.0
 70
0
  0
VERTEX
  5
265
  8
TEXT
 10
-1.3745507448601877
 20
21.397063569885997
 30
0.0
 70
0
  0
VERTEX
  5
266
  8
TEXT
 10
-1.3723519389030918
 20
21.434905399494625
 30
0.0
 70
0
  0
VERTEX
  5
267
  8
TEXT
 10
-1.373861752680107
 20
21.474343892281784
 30
0.0
 70
0
  0
VERTEX
  5
268
  8
TEXT
 10
-1.379005977581438
 20
21.51449147123917
 30
0.0
 70
0
  0
VERTEX
  5
269
  8
TEXT
 10
-1.3875125153711678
 20
21.55209368733634
 30
0.0
 70
0
  0
VERTEX
  5
26A
  8
TEXT
 10
-1.3993813660492953
 20
21.58715054057329
 30
0.0
 70
0
  0
VERTEX
  5
26B
  8
TEXT
 10
-1.4146125296158212
 20
21.61966203095002
 30
0.0
 70
0
  0
VERTEX
  5
26C
  8
TEXT
 10
-1.4332060060707454
 20
21.649628158466538
 30
0.0
 70
0
  0
VERTEX
  5
26D
  8
TEXT
 10
-1.454791922888787
 20
21.67690109116509
 30
0.0
 70
0
  0
VERTEX
  5
26E
  8
TEXT
 10
-1.4790004075446659
 20
21.70133299708794
 30
0.0
 70
0
  0
VERTEX
  5
26F
  8
TEXT
 10
-1.5058314600383818
 20
21.722923876235086
 30
0.0
 70
0
  0
VERTEX
  5
270
  8
TEXT
 10
-1.5352850803699352
 20
21.741673728606532
 30
0.0
 70
0
  0
VERTEX
  5
271
  8
TEXT
 10
-1.5673612685393257
 20
21.757582554202273
 30
0.0
 70
0
  0
VERTEX
  5
272
  8
TEXT
 10
-1.5959063605796753
 20
21.768395781716407
 30
0.0
 70
0
  0
VERTEX
  5
273
  8
TEXT
 10
-1.6258958498868763
 20
21.776688277245658
 30
0.0
 70
0
  0
VERTEX
  5
274
  8
TEXT
 10
-1.6573297364609292
 20
21.78246004079003
 30
0.0
 70
0
  0
VERTEX
  5
275
  8
TEXT
 10
-1.690208020301833
 20
21.78571107234952
 30
0.0
 70
0
  0
VERTEX
  5
276
  8
TEXT
 10
-1.7245307014095883
 20
21.78644137192413
 30
0.0
 70
0
  0
VERTEX
  5
277
  8
TEXT
 10
-1.760297779784195
 20
21.78465093951386
 30
0.0
 70
0
  0
VERTEX
  5
278
  8
TEXT
 10
-2.183376153742192
 20
21.749278168844583
 30
0.0
 70
0
  0
SEQEND
  5
255
  8
TEXT
  0
POLYLINE
  5
279
  8
TEXT
 66
1
 10
0.0
 20
0.0
 30
0.0
 70
1
  0
VERTEX
  5
27B
  8
TEXT
 10
-0.2165966316177098
 20
20.010079769608996
 30
0.0
 70
0
  0
VERTEX
  5
27C
  8
TEXT
 10
-0.16636523661304936
 20
22.221349312780042
 30
0.0
 70
0
  0
VERTEX
  5
27D
  8
TEXT
 10
1.3050936573829852
 20
22.187923522077273
 30
0.0
 70
0
  0
VERTEX
  5
27E
  8
TEXT
 10
1.2970026944292146
 20
21.831745877539657
 30
0.0
 70
0
  0
VERTEX
  5
27F
  8
TEXT
 10
0.229953834335267
 20
21.855985054055328
 30
0.0
 70
0
  0
VERTEX
  5
280
  8
TEXT
 10
0.2170420059548744
 20
21.287584896314044
 30
0.0
 70
0
  0
VERTEX
  5
281
  8
TEXT
 10
1.224727925292552
 20
21.264694213624004
 30
0.0
 70
0
  0
VERTEX
  5
282
  8
TEXT
 10
1.2166369623387814
 20
20.908516569086384
 30
0.0
 70
0
  0
VERTEX
  5
283
  8
TEXT
 10
0.20895104300110362
 20
20.931407251776427
 30
0.0
 70
0
  0
VERTEX
  5
284
  8
TEXT
 10
0.1959043652381482
 20
20.35707079995952
 30
0.0
 70
0
  0
VERTEX
  5
285
  8
TEXT
 10
1.2629532253320956
 20
20.332831623443848
 30
0.0
 70
0
  0
VERTEX
  5
286
  8
TEXT
 10
1.254862262378325
 20
19.976653978906228
 30
0.0
 70
0
  0
SEQEND
  5
27A
  8
TEXT
  0
POLYLINE
  5
287
  8
TEXT
 66
1
 10
0.0
 20
0.0
 30
0.0
 70
1
  0
VERTEX
  5
289
  8
TEXT
 10
1.807708703270047
 20
19.93784281063076
 30
0.0
 70
0
  0
VERTEX
  5
28A
  8
TEXT
 10
2.1047478924589837
 20
22.12964661245381
 30
0.0
 70
0
  0
VERTEX
  5
28B
  8
TEXT
 10
2.8211294035246386
 20
22.03256064927595
 30
0.0
 70
0
  0
VERTEX
  5
28C
  8
TEXT
 10
2.861683519288479
 20
22.026573510682034
 30
0.0
 70
0
  0
VERTEX
  5
28D
  8
TEXT
 10
2.9014778293444503
 20
22.01970707310076
 30
0.0
 70
0
  0
VERTEX
  5
28E
  8
TEXT
 10
2.940512333692553
 20
22.011961336532124
 30
0.0
 70
0
  0
VERTEX
  5
28F
  8
TEXT
 10
2.9787870323327876
 20
22.003336300976134
 30
0.0
 70
0
  0
VERTEX
  5
290
  8
TEXT
 10
3.0163019252651533
 20
21.993831966432783
 30
0.0
 70
0
  0
VERTEX
  5
291
  8
TEXT
 10
3.05305701248965
 20
21.98344833290207
 30
0.0
 70
0
  0
VERTEX
  5
292
  8
TEXT
 10
3.089052294006278
 20
21.972185400384
 30
0.0
 70
0
  0
VERTEX
  5
293
  8
TEXT
 10
3.1242877698150373
 20
21.96004316887857
 30
0.0
 70
0
  0
VERTEX
  5
294
  8
TEXT
 10
3.158763439915928
 20
21.94702163838578
 30
0.0
 70
0
  0
VERTEX
  5
295
  8
TEXT
 10
3.19247930430895
 20
21.933120808905635
 30
0.0
 70
0
  0
VERTEX
  5
296
  8
TEXT
 10
3.2254353629941033
 20
21.918340680438128
 30
0.0
 70
0
  0
VERTEX
  5
297
  8
TEXT
 10
3.257631615971388
 20
21.90268125298326
 30
0.0
 70
0
  0
VERTEX
  5
298
  8
TEXT
 10
3.289068063240804
 20
21.886142526541036
 30
0.0
 70
0
  0
VERTEX
  5
299
  8
TEXT
 10
3.3197447048023507
 20
21.86872450111145
 30
0.0
 70
0
  0
VERTEX
  5
29A
  8
TEXT
 10
3.349661540656029
 20
21.85042717669451
 30
0.0
 70
0
  0
VERTEX
  5
29B
  8
TEXT
 10
3.378818570801839
 20
21.831250553290204
 30
0.0
 70
0
  0
VERTEX
  5
29C
  8
TEXT
 10
3.4072157952397797
 20
21.811194630898544
 30
0.0
 70
0
  0
VERTEX
  5
29D
  8
TEXT
 10
3.4383893278243303
 20
21.787558815925163
 30
0.0
 70
0
  0
VERTEX
  5
29E
  8
TEXT
 10
3.4684039966542324
 20
21.763108000611798
 30
0.0
 70
0
  0
VERTEX
  5
29F
  8
TEXT
 10
3.497259801729487
 20
21.737842184958446
 30
0.0
 70
0
  0
VERTEX
  5
2A0
  8
TEXT
 10
3.5249567430500925
 20
21.71176136896511
 30
0.0
 70
0
  0
VERTEX
  5
2A1
  8
TEXT
 10
3.5514948206160506
 20
21.684865552631788
 30
0.0
 70
0
  0
VERTEX
  5
2A2
  8
TEXT
 10
3.57687403442736
 20
21.65715473595848
 30
0.0
 70
0
  0
VERTEX
  5
2A3
  8
TEXT
 10
3.601094384484022
 20
21.628628918945186
 30
0.0
 70
0
  0
VERTEX
  5
2A4
  8
TEXT
 10
3.624155870786036
 20
21.599288101591906
 30
0.0
 70
0
  0
VERTEX
  5
2A5
  8
TEXT
 10
3.646058493333402
 20
21.56913228389864
 30
0.0
 70
0
  0
VERTEX
  5
2A6
  8
TEXT
 10
3.66680225212612
 20
21.53816146586539
 30
0.0
 70
0
  0
VERTEX
  5
2A7
  8
TEXT
 10
3.68638714716419
 20
21.506375647492153
 30
0.0
 70
0
  0
VERTEX
  5
2A8
  8
TEXT
 10
3.704813178447612
 20
21.47377482877893
 30
0.0
 70
0
  0
VERTEX
  5
2A9
  8
TEXT
 10
3.722080345976386
 20
21.44035900972572
 30
0.0
 70
0
  0
VERTEX
  5
2AA
  8
TEXT
 10
3.7381886497505117
 20
21.406128190332527
 30
0.0
 70
0
  0
VERTEX
  5
2AB
  8
TEXT
 10
3.7531380897699895
 20
21.371082370599346
 30
0.0
 70
0
  0
VERTEX
  5
2AC
  8
TEXT
 10
3.766017878214564
 20
21.337621051453898
 30
0.0
 70
0
  0
VERTEX
  5
2AD
  8
TEXT
 10
3.7777134782817487
 20
21.303712068836006
 30
0.0
 70
0
  0
VERTEX
  5
2AE
  8
TEXT
 10
3.788224889971545
 20
21.269355422745665
 30
0.0
 70
0
  0
VERTEX
  5
2AF
  8
TEXT
 10
3.7975521132839516
 20
21.234551113182878
 30
0.0
 70
0
  0
VERTEX
  5
2B0
  8
TEXT
 10
3.8056951482189687
 20
21.199299140147644
 30
0.0
 70
0
  0
VERTEX
  5
2B1
  8
TEXT
 10
3.8126539947765963
 20
21.163599503639965
 30
0.0
 70
0
  0
VERTEX
  5
2B2
  8
TEXT
 10
3.8184286529568343
 20
21.12745220365984
 30
0.0
 70
0
  0
VERTEX
  5
2B3
  8
TEXT
 10
3.8230191227596837
 20
21.090857240207267
 30
0.0
 70
0
  0
VERTEX
  5
2B4
  8
TEXT
 10
3.8264254041851435
 20
21.05381461328225
 30
0.0
 70
0
  0
VERTEX
  5
2B5
  8
TEXT
 10
3.828647497233214
 20
21.016324322884785
 30
0.0
 70
0
  0
VERTEX
  5
2B6
  8
TEXT
 10
3.8296854019038946
 20
20.97838636901487
 30
0.0
 70
0
  0
VERTEX
  5
2B7
  8
TEXT
 10
3.829539118197186
 20
20.940000751672514
 30
0.0
 70
0
  0
VERTEX
  5
2B8
  8
TEXT
 10
3.8282086461130884
 20
20.90116747085771
 30
0.0
 70
0
  0
VERTEX
  5
2B9
  8
TEXT
 10
3.8256939856516015
 20
20.86188652657046
 30
0.0
 70
0
  0
VERTEX
  5
2BA
  8
TEXT
 10
3.821995136812725
 20
20.822157918810763
 30
0.0
 70
0
  0
VERTEX
  5
2BB
  8
TEXT
 10
3.817112099596459
 20
20.78198164757862
 30
0.0
 70
0
  0
VERTEX
  5
2BC
  8
TEXT
 10
3.811171553311946
 20
20.742292458865453
 30
0.0
 70
0
  0
VERTEX
  5
2BD
  8
TEXT
 10
3.804204122331399
 20
20.703316324926405
 30
0.0
 70
0
  0
VERTEX
  5
2BE
  8
TEXT
 10
3.7962098066548178
 20
20.665053245761467
 30
0.0
 70
0
  0
VERTEX
  5
2BF
  8
TEXT
 10
3.7871886062822027
 20
20.627503221370645
 30
0.0
 70
0
  0
VERTEX
  5
2C0
  8
TEXT
 10
3.7771405212135543
 20
20.590666251753937
 30
0.0
 70
0
  0
VERTEX
  5
2C1
  8
TEXT
 10
3.766065551448871
 20
20.554542336911346
 30
0.0
 70
0
  0
VERTEX
  5
2C2
  8
TEXT
 10
3.7539636969881536
 20
20.51913147684287
 30
0.0
 70
0
  0
VERTEX
  5
2C3
  8
TEXT
 10
3.740834957831402
 20
20.48443367154851
 30
0.0
 70
0
  0
VERTEX
  5
2C4
  8
TEXT
 10
3.7266793339786166
 20
20.450448921028258
 30
0.0
 70
0
  0
VERTEX
  5
2C5
  8
TEXT
 10
3.7114968254297973
 20
20.417177225282124
 30
0.0
 70
0
  0
VERTEX
  5
2C6
  8
TEXT
 10
3.6952874321849443
 20
20.384618584310108
 30
0.0
 70
0
  0
VERTEX
  5
2C7
  8
TEXT
 10
3.6780511542440566
 20
20.352772998112204
 30
0.0
 70
0
  0
VERTEX
  5
2C8
  8
TEXT
 10
3.6597879916071347
 20
20.321640466688415
 30
0.0
 70
0
  0
VERTEX
  5
2C9
  8
TEXT
 10
3.640497944274179
 20
20.291220990038738
 30
0.0
 70
0
  0
VERTEX
  5
2CA
  8
TEXT
 10
3.6201810122451894
 20
20.26151456816318
 30
0.0
 70
0
  0
VERTEX
  5
2CB
  8
TEXT
 10
3.598837195520166
 20
20.232521201061736
 30
0.0
 70
0
  0
VERTEX
  5
2CC
  8
TEXT
 10
3.5750733778307437
 20
20.202527163460132
 30
0.0
 70
0
  0
VERTEX
  5
2CD
  8
TEXT
 10
3.5504107441182975
 20
20.17363697537935
 30
0.0
 70
0
  0
VERTEX
  5
2CE
  8
TEXT
 10
3.5248492943828276
 20
20.145850636819382
 30
0.0
 70
0
  0
VERTEX
  5
2CF
  8
TEXT
 10
3.4983890286243335
 20
20.11916814778024
 30
0.0
 70
0
  0
VERTEX
  5
2D0
  8
TEXT
 10
3.471029946842815
 20
20.093589508261914
 30
0.0
 70
0
  0
VERTEX
  5
2D1
  8
TEXT
 10
3.4427720490382727
 20
20.069114718264412
 30
0.0
 70
0
  0
VERTEX
  5
2D2
  8
TEXT
 10
3.4136153352107064
 20
20.045743777787727
 30
0.0
 70
0
  0
VERTEX
  5
2D3
  8
TEXT
 10
3.3835598053601164
 20
20.023476686831863
 30
0.0
 70
0
  0
VERTEX
  5
2D4
  8
TEXT
 10
3.3526054594865022
 20
20.002313445396815
 30
0.0
 70
0
  0
VERTEX
  5
2D5
  8
TEXT
 10
3.3207522975898645
 20
19.982254053482592
 30
0.0
 70
0
  0
VERTEX
  5
2D6
  8
TEXT
 10
3.2880003196702017
 20
19.963298511089185
 30
0.0
 70
0
  0
VERTEX
  5
2D7
  8
TEXT
 10
3.2543495257275157
 20
19.945446818216602
 30
0.0
 70
0
  0
VERTEX
  5
2D8
  8
TEXT
 10
3.219799915761806
 20
19.928698974864837
 30
0.0
 70
0
  0
VERTEX
  5
2D9
  8
TEXT
 10
3.1843514897730714
 20
19.91305498103389
 30
0.0
 70
0
  0
VERTEX
  5
2DA
  8
TEXT
 10
3.148004247761313
 20
19.898514836723763
 30
0.0
 70
0
  0
VERTEX
  5
2DB
  8
TEXT
 10
3.115287604027713
 20
19.886698467584655
 30
0.0
 70
0
  0
VERTEX
  5
2DC
  8
TEXT
 10
3.0820729375738596
 20
19.875934453490355
 30
0.0
 70
0
  0
VERTEX
  5
2DD
  8
TEXT
 10
3.048360248399754
 20
19.866222794440862
 30
0.0
 70
0
  0
VERTEX
  5
2DE
  8
TEXT
 10
3.0141495365053945
 20
19.857563490436178
 30
0.0
 70
0
  0
VERTEX
  5
2DF
  8
TEXT
 10
2.979440801890782
 20
19.849956541476306
 30
0.0
 70
0
  0
VERTEX
  5
2E0
  8
TEXT
 10
2.944234044555917
 20
19.84340194756124
 30
0.0
 70
0
  0
VERTEX
  5
2E1
  8
TEXT
 10
2.9085292645007987
 20
19.837899708690983
 30
0.0
 70
0
  0
VERTEX
  5
2E2
  8
TEXT
 10
2.872326461725428
 20
19.833449824865536
 30
0.0
 70
0
  0
VERTEX
  5
2E3
  8
TEXT
 10
2.8356256362298033
 20
19.830052296084897
 30
0.0
 70
0
  0
VERTEX
  5
2E4
  8
TEXT
 10
2.798426788013926
 20
19.827707122349064
 30
0.0
 70
0
  0
VERTEX
  5
2E5
  8
TEXT
 10
2.760729917077796
 20
19.826414303658044
 30
0.0
 70
0
  0
VERTEX
  5
2E6
  8
TEXT
 10
2.722535023421413
 20
19.82617384001183
 30
0.0
 70
0
  0
VERTEX
  5
2E7
  8
TEXT
 10
2.683842107044777
 20
19.826985731410428
 30
0.0
 70
0
  0
VERTEX
  5
2E8
  8
TEXT
 10
2.6446511679478872
 20
19.82884997785383
 30
0.0
 70
0
  0
VERTEX
  5
2E9
  8
TEXT
 10
2.604962206130745
 20
19.831766579342045
 30
0.0
 70
0
  0
VERTEX
  5
2EA
  8
TEXT
 10
2.56477522159335
 20
19.83573553587507
 30
0.0
 70
0
  0
VERTEX
  5
2EB
  8
TEXT
 10
2.524090214335702
 20
19.8407568474529
 30
0.0
 70
0
  0
SEQEND
  5
288
  8
TEXT
  0
POLYLINE
  5
2EC
  8
TEXT
 66
1
 10
0.0
 20
0.0
 30
0.0
 70
1
  0
VERTEX
  5
2EE
  8
TEXT
 10
2.2564039659560375
 20
20.236560752498914
 30
0.0
 70
0
  0
VERTEX
  5
2EF
  8
TEXT
 10
2.58076150844059
 20
20.19260293960216
 30
0.0
 70
0
  0
VERTEX
  5
2F0
  8
TEXT
 10
2.6210024415024877
 20
20.187923153308528
 30
0.0
 70
0
  0
VERTEX
  5
2F1
  8
TEXT
 10
2.6604614408040894
 20
20.184896884745253
 30
0.0
 70
0
  0
VERTEX
  5
2F2
  8
TEXT
 10
2.6991385063453945
 20
20.183524133912332
 30
0.0
 70
0
  0
VERTEX
  5
2F3
  8
TEXT
 10
2.737033638126403
 20
20.183804900809772
 30
0.0
 70
0
  0
VERTEX
  5
2F4
  8
TEXT
 10
2.774146836147115
 20
20.185739185437566
 30
0.0
 70
0
  0
VERTEX
  5
2F5
  8
TEXT
 10
2.8104781004075305
 20
20.189326987795713
 30
0.0
 70
0
  0
VERTEX
  5
2F6
  8
TEXT
 10
2.8460274309076494
 20
20.19456830788422
 30
0.0
 70
0
  0
VERTEX
  5
2F7
  8
TEXT
 10
2.880794827647472
 20
20.201463145703084
 30
0.0
 70
0
  0
VERTEX
  5
2F8
  8
TEXT
 10
2.914780290626998
 20
20.210011501252307
 30
0.0
 70
0
  0
VERTEX
  5
2F9
  8
TEXT
 10
2.947983819846227
 20
20.22021337453188
 30
0.0
 70
0
  0
VERTEX
  5
2FA
  8
TEXT
 10
2.9804054153051602
 20
20.232068765541815
 30
0.0
 70
0
  0
VERTEX
  5
2FB
  8
TEXT
 10
3.0150086511744667
 20
20.246870745593647
 30
0.0
 70
0
  0
VERTEX
  5
2FC
  8
TEXT
 10
3.048350975909061
 20
20.263375956023904
 30
0.0
 70
0
  0
VERTEX
  5
2FD
  8
TEXT
 10
3.0804323895089416
 20
20.281584396832578
 30
0.0
 70
0
  0
VERTEX
  5
2FE
  8
TEXT
 10
3.1112528919741096
 20
20.301496068019674
 30
0.0
 70
0
  0
VERTEX
  5
2FF
  8
TEXT
 10
3.1408124833045648
 20
20.32311096958519
 30
0.0
 70
0
  0
VERTEX
  5
300
  8
TEXT
 10
3.169111163500307
 20
20.34642910152913
 30
0.0
 70
0
  0
VERTEX
  5
301
  8
TEXT
 10
3.1961489325613366
 20
20.371450463851488
 30
0.0
 70
0
  0
VERTEX
  5
302
  8
TEXT
 10
3.2219257904876533
 20
20.398175056552265
 30
0.0
 70
0
  0
VERTEX
  5
303
  8
TEXT
 10
3.246441737279257
 20
20.426602879631467
 30
0.0
 70
0
  0
VERTEX
  5
304
  8
TEXT
 10
3.269696772936148
 20
20.456733933089087
 30
0.0
 70
0
  0
VERTEX
  5
305
  8
TEXT
 10
3.2895839817100976
 20
20.485496222384842
 30
0.0
 70
0
  0
VERTEX
  5
306
  8
TEXT
 10
3.308110007869157
 20
20.51545096545968
 30
0.0
 70
0
  0
VERTEX
  5
307
  8
TEXT
 10
3.3252748514133255
 20
20.546598162313604
 30
0.0
 70
0
  0
VERTEX
  5
308
  8
TEXT
 10
3.3410785123426034
 20
20.578937812946617
 30
0.0
 70
0
  0
VERTEX
  5
309
  8
TEXT
 10
3.355520990656991
 20
20.61246991735871
 30
0.0
 70
0
  0
VERTEX
  5
30A
  8
TEXT
 10
3.368602286356488
 20
20.64719447554989
 30
0.0
 70
0
  0
VERTEX
  5
30B
  8
TEXT
 10
3.380322399441094
 20
20.683111487520158
 30
0.0
 70
0
  0
VERTEX
  5
30C
  8
TEXT
 10
3.3906813299108096
 20
20.72022095326951
 30
0.0
 70
0
  0
VERTEX
  5
30D
  8
TEXT
 10
3.3996790777656347
 20
20.758522872797947
 30
0.0
 70
0
  0
VERTEX
  5
30E
  8
TEXT
 10
3.4073156430055693
 20
20.79801724610547
 30
0.0
 70
0
  0
VERTEX
  5
30F
  8
TEXT
 10
3.413591025630613
 20
20.83870407319208
 30
0.0
 70
0
  0
VERTEX
  5
310
  8
TEXT
 10
3.418367077318454
 20
20.879581924392717
 30
0.0
 70
0
  0
VERTEX
  5
311
  8
TEXT
 10
3.421505649746779
 20
20.91964937004233
 30
0.0
 70
0
  0
VERTEX
  5
312
  8
TEXT
 10
3.423006742915588
 20
20.958906410140912
 30
0.0
 70
0
  0
VERTEX
  5
313
  8
TEXT
 10
3.422870356824882
 20
20.997353044688467
 30
0.0
 70
0
  0
VERTEX
  5
314
  8
TEXT
 10
3.42109649147466
 20
21.034989273684996
 30
0.0
 70
0
  0
VERTEX
  5
315
  8
TEXT
 10
3.4176851468649225
 20
21.071815097130496
 30
0.0
 70
0
  0
VERTEX
  5
316
  8
TEXT
 10
3.4126363229956693
 20
21.107830515024972
 30
0.0
 70
0
  0
VERTEX
  5
317
  8
TEXT
 10
3.405950019866901
 20
21.14303552736842
 30
0.0
 70
0
  0
VERTEX
  5
318
  8
TEXT
 10
3.397626237478616
 20
21.177430134160836
 30
0.0
 70
0
  0
VERTEX
  5
319
  8
TEXT
 10
3.3876649758308166
 20
21.21101433540223
 30
0.0
 70
0
  0
VERTEX
  5
31A
  8
TEXT
 10
3.376066234923501
 20
21.243788131092593
 30
0.0
 70
0
  0
VERTEX
  5
31B
  8
TEXT
 10
3.361579635445144
 20
21.278744335281992
 30
0.0
 70
0
  0
VERTEX
  5
31C
  8
TEXT
 10
3.345438294191635
 20
21.312402043437512
 30
0.0
 70
0
  0
VERTEX
  5
31D
  8
TEXT
 10
3.327642211162974
 20
21.344761255559153
 30
0.0
 70
0
  0
VERTEX
  5
31E
  8
TEXT
 10
3.308191386359161
 20
21.375821971646918
 30
0.0
 70
0
  0
VERTEX
  5
31F
  8
TEXT
 10
3.287085819780196
 20
21.405584191700804
 30
0.0
 70
0
  0
VERTEX
  5
320
  8
TEXT
 10
3.2643255114260787
 20
21.43404791572081
 30
0.0
 70
0
  0
VERTEX
  5
321
  8
TEXT
 10
3.2399104612968093
 20
21.461213143706942
 30
0.0
 70
0
  0
VERTEX
  5
322
  8
TEXT
 10
3.2138406693923884
 20
21.487079875659195
 30
0.0
 70
0
  0
VERTEX
  5
323
  8
TEXT
 10
3.1861161357128154
 20
21.511648111577568
 30
0.0
 70
0
  0
VERTEX
  5
324
  8
TEXT
 10
3.1567368602580896
 20
21.534917851462065
 30
0.0
 70
0
  0
VERTEX
  5
325
  8
TEXT
 10
3.128676601796
 20
21.554797633532264
 30
0.0
 70
0
  0
VERTEX
  5
326
  8
TEXT
 10
3.0994170015775513
 20
21.573308812710938
 30
0.0
 70
0
  0
VERTEX
  5
327
  8
TEXT
 10
3.0689580596027444
 20
21.590451388998083
 30
0.0
 70
0
  0
VERTEX
  5
328
  8
TEXT
 10
3.0372997758715785
 20
21.606225362393705
 30
0.0
 70
0
  0
VERTEX
  5
329
  8
TEXT
 10
3.0044421503840537
 20
21.6206307328978
 30
0.0
 70
0
  0
VERTEX
  5
32A
  8
TEXT
 10
2.9703851831401704
 20
21.63366750051037
 30
0.0
 70
0
  0
VERTEX
  5
32B
  8
TEXT
 10
2.935128874139928
 20
21.645335665231414
 30
0.0
 70
0
  0
VERTEX
  5
32C
  8
TEXT
 10
2.8986732233833274
 20
21.655635227060934
 30
0.0
 70
0
  0
VERTEX
  5
32D
  8
TEXT
 10
2.8610182308703678
 20
21.664566185998925
 30
0.0
 70
0
  0
VERTEX
  5
32E
  8
TEXT
 10
2.8221638966010496
 20
21.672128542045392
 30
0.0
 70
0
  0
VERTEX
  5
32F
  8
TEXT
 10
2.7821102205753725
 20
21.678322295200335
 30
0.0
 70
0
  0
VERTEX
  5
330
  8
TEXT
 10
2.4577526780908205
 20
21.722280108097088
 30
0.0
 70
0
  0
SEQEND
  5
2ED
  8
TEXT
  0
POLYLINE
  5
331
  8
TEXT
 66
1
 10
0.0
 20
0.0
 30
0.0
 70
1
  0
VERTEX
  5
333
  8
TEXT
 10
5.746338610912428
 20
19.119558346325025
 30
0.0
 70
0
  0
VERTEX
  5
334
  8
TEXT
 10
5.710407387135641
 20
19.130938400814227
 30
0.0
 70
0
  0
VERTEX
  5
335
  8
TEXT
 10
5.675291726372327
 20
19.143400234402968
 30
0.0
 70
0
  0
VERTEX
  5
336
  8
TEXT
 10
5.640991628622488
 20
19.15694384709125
 30
0.0
 70
0
  0
VERTEX
  5
337
  8
TEXT
 10
5.607507093886122
 20
19.171569238879066
 30
0.0
 70
0
  0
VERTEX
  5
338
  8
TEXT
 10
5.5748381221632295
 20
19.187276409766426
 30
0.0
 70
0
  0
VERTEX
  5
339
  8
TEXT
 10
5.54298471345381
 20
19.204065359753326
 30
0.0
 70
0
  0
VERTEX
  5
33A
  8
TEXT
 10
5.511946867757865
 20
19.221936088839765
 30
0.0
 70
0
  0
VERTEX
  5
33B
  8
TEXT
 10
5.481724585075393
 20
19.24088859702574
 30
0.0
 70
0
  0
VERTEX
  5
33C
  8
TEXT
 10
5.452317865406395
 20
19.26092288431126
 30
0.0
 70
0
  0
VERTEX
  5
33D
  8
TEXT
 10
5.423726708750871
 20
19.282038950696315
 30
0.0
 70
0
  0
VERTEX
  5
33E
  8
TEXT
 10
5.3959511151088195
 20
19.304236796180913
 30
0.0
 70
0
  0
VERTEX
  5
33F
  8
TEXT
 10
5.366513380525096
 20
19.329693365317198
 30
0.0
 70
0
  0
VERTEX
  5
340
  8
TEXT
 10
5.3384093634716185
 20
19.356037855650456
 30
0.0
 70
0
  0
VERTEX
  5
341
  8
TEXT
 10
5.311639063948387
 20
19.38327026718068
 30
0.0
 70
0
  0
VERTEX
  5
342
  8
TEXT
 10
5.286202481955399
 20
19.411390599907875
 30
0.0
 70
0
  0
VERTEX
  5
343
  8
TEXT
 10
5.262099617492658
 20
19.440398853832036
 30
0.0
 70
0
  0
VERTEX
  5
344
  8
TEXT
 10
5.239330470560162
 20
19.47029502895317
 30
0.0
 70
0
  0
VERTEX
  5
345
  8
TEXT
 10
5.217895041157912
 20
19.50107912527127
 30
0.0
 70
0
  0
VERTEX
  5
346
  8
TEXT
 10
5.197793329285906
 20
19.53275114278634
 30
0.0
 70
0
  0
VERTEX
  5
347
  8
TEXT
 10
5.179025334944146
 20
19.56531108149838
 30
0.0
 70
0
  0
VERTEX
  5
348
  8
TEXT
 10
5.1615910581326325
 20
19.598758941407386
 30
0.0
 70
0
  0
VERTEX
  5
349
  8
TEXT
 10
5.145595685353624
 20
19.632889075425894
 30
0.0
 70
0
  0
VERTEX
  5
34A
  8
TEXT
 10
5.131144403109381
 20
19.66749583646643
 30
0.0
 70
0
  0
VERTEX
  5
34B
  8
TEXT
 10
5.118237211399906
 20
19.70257922452899
 30
0.0
 70
0
  0
VERTEX
  5
34C
  8
TEXT
 10
5.106874110225197
 20
19.73813923961358
 30
0.0
 70
0
  0
VERTEX
  5
34D
  8
TEXT
 10
5.097055099585255
 20
19.774175881720197
 30
0.0
 70
0
  0
VERTEX
  5
34E
  8
TEXT
 10
5.088780179480079
 20
19.81068915084884
 30
0.0
 70
0
  0
VERTEX
  5
34F
  8
TEXT
 10
5.08204934990967
 20
19.847679046999517
 30
0.0
 70
0
  0
VERTEX
  5
350
  8
TEXT
 10
5.076862610874027
 20
19.885145570172217
 30
0.0
 70
0
  0
VERTEX
  5
351
  8
TEXT
 10
5.07321996237315
 20
19.923088720366945
 30
0.0
 70
0
  0
VERTEX
  5
352
  8
TEXT
 10
5.071121404407041
 20
19.9615084975837
 30
0.0
 70
0
  0
VERTEX
  5
353
  8
TEXT
 10
5.435329526410386
 20
20.006232331417024
 30
0.0
 70
0
  0
VERTEX
  5
354
  8
TEXT
 10
5.4408956279190654
 20
19.965337608702164
 30
0.0
 70
0
  0
VERTEX
  5
355
  8
TEXT
 10
5.448277622494482
 20
19.92567494634369
 30
0.0
 70
0
  0
VERTEX
  5
356
  8
TEXT
 10
5.457475510136636
 20
19.8872443443416
 30
0.0
 70
0
  0
VERTEX
  5
357
  8
TEXT
 10
5.468489290845527
 20
19.850045802695895
 30
0.0
 70
0
  0
VERTEX
  5
358
  8
TEXT
 10
5.481318964621155
 20
19.814079321406574
 30
0.0
 70
0
  0
VERTEX
  5
359
  8
TEXT
 10
5.495964531463521
 20
19.779344900473635
 30
0.0
 70
0
  0
VERTEX
  5
35A
  8
TEXT
 10
5.512425991372624
 20
19.745842539897083
 30
0.0
 70
0
  0
VERTEX
  5
35B
  8
TEXT
 10
5.530703344348465
 20
19.71357223967691
 30
0.0
 70
0
  0
VERTEX
  5
35C
  8
TEXT
 10
5.550796590391043
 20
19.682533999813128
 30
0.0
 70
0
  0
VERTEX
  5
35D
  8
TEXT
 10
5.572705729500358
 20
19.652727820305724
 30
0.0
 70
0
  0
VERTEX
  5
35E
  8
TEXT
 10
5.596202790734188
 20
19.624454062989784
 30
0.0
 70
0
  0
VERTEX
  5
35F
  8
TEXT
 10
5.621059803150313
 20
19.598013089700377
 30
0.0
 70
0
  0
VERTEX
  5
360
  8
TEXT
 10
5.647276766748732
 20
19.573404900437506
 30
0.0
 70
0
  0
VERTEX
  5
361
  8
TEXT
 10
5.674853681529444
 20
19.550629495201168
 30
0.0
 70
0
  0
VERTEX
  5
362
  8
TEXT
 10
5.703790547492451
 20
19.52968687399137
 30
0.0
 70
0
  0
VERTEX
  5
363
  8
TEXT
 10
5.734087364637752
 20
19.5105770368081
 30
0.0
 70
0
  0
VERTEX
  5
364
  8
TEXT
 10
5.765744132965346
 20
19.493299983651372
 30
0.0
 70
0
  0
VERTEX
  5
365
  8
TEXT
 10
5.798760852475235
 20
19.477855714521176
 30
0.0
 70
0
  0
VERTEX
  5
366
  8
TEXT
 10
5.833137523167418
 20
19.464244229417517
 30
0.0
 70
0
  0
VERTEX
  5
367
  8
TEXT
 10
5.868874145041894
 20
19.45246552834039
 30
0.0
 70
0
  0
VERTEX
  5
368
  8
TEXT
 10
5.909133595362579
 20
19.441866644771398
 30
0.0
 70
0
  0
VERTEX
  5
369
  8
TEXT
 10
5.9479746020269815
 20
19.434510189458102
 30
0.0
 70
0
  0
VERTEX
  5
36A
  8
TEXT
 10
5.985397165035101
 20
19.4303961624005
 30
0.0
 70
0
  0
VERTEX
  5
36B
  8
TEXT
 10
6.021401284386938
 20
19.429524563598587
 30
0.0
 70
0
  0
VERTEX
  5
36C
  8
TEXT
 10
6.0559869600824925
 20
19.431895393052372
 30
0.0
 70
0
  0
VERTEX
  5
36D
  8
TEXT
 10
6.096729511102162
 20
19.43905790637068
 30
0.0
 70
0
  0
VERTEX
  5
36E
  8
TEXT
 10
6.134266029492642
 20
19.450565337371522
 30
0.0
 70
0
  0
VERTEX
  5
36F
  8
TEXT
 10
6.168596515253931
 20
19.4664176860549
 30
0.0
 70
0
  0
VERTEX
  5
370
  8
TEXT
 10
6.19972096838603
 20
19.486614952420812
 30
0.0
 70
0
  0
VERTEX
  5
371
  8
TEXT
 10
6.226997527954812
 20
19.51103393209886
 30
0.0
 70
0
  0
VERTEX
  5
372
  8
TEXT
 10
6.249784333026154
 20
19.539551420718656
 30
0.0
 70
0
  0
VERTEX
  5
373
  8
TEXT
 10
6.268081383600054
 20
19.57216741828019
 30
0.0
 70
0
  0
VERTEX
  5
374
  8
TEXT
 10
6.281888679676514
 20
19.608881924783468
 30
0.0
 70
0
  0
VERTEX
  5
375
  8
TEXT
 10
6.2905530677797
 20
19.646031570374596
 30
0.0
 70
0
  0
VERTEX
  5
376
  8
TEXT
 10
6.29397299606593
 20
19.68180226553973
 30
0.0
 70
0
  0
VERTEX
  5
377
  8
TEXT
 10
6.292148464535204
 20
19.71619401027887
 30
0.0
 70
0
  0
VERTEX
  5
378
  8
TEXT
 10
6.285079473187523
 20
19.749206804592013
 30
0.0
 70
0
  0
VERTEX
  5
379
  8
TEXT
 10
6.272766022022885
 20
19.780840648479167
 30
0.0
 70
0
  0
VERTEX
  5
37A
  8
TEXT
 10
6.2585239385775795
 20
19.8063779364572
 30
0.0
 70
0
  0
VERTEX
  5
37B
  8
TEXT
 10
6.2406904900301905
 20
19.831415852601047
 30
0.0
 70
0
  0
VERTEX
  5
37C
  8
TEXT
 10
6.219265676380717
 20
19.855954396910708
 30
0.0
 70
0
  0
VERTEX
  5
37D
  8
TEXT
 10
6.194249497629159
 20
19.879993569386183
 30
0.0
 70
0
  0
VERTEX
  5
37E
  8
TEXT
 10
6.165641953775517
 20
19.90353337002747
 30
0.0
 70
0
  0
VERTEX
  5
37F
  8
TEXT
 10
6.133443044819792
 20
19.92657379883457
 30
0.0
 70
0
  0
VERTEX
  5
380
  8
TEXT
 10
5.765637793206765
 20
20.178798305049437
 30
0.0
 70
0
  0
VERTEX
  5
381
  8
TEXT
 10
5.729497436563993
 20
20.20434025208902
 30
0.0
 70
0
  0
VERTEX
  5
382
  8
TEXT
 10
5.6953295484461055
 20
20.230418016011708
 30
0.0
 70
0
  0
VERTEX
  5
383
  8
TEXT
 10
5.663134128853102
 20
20.25703159681751
 30
0.0
 70
0
  0
VERTEX
  5
384
  8
TEXT
 10
5.632911177784981
 20
20.284180994506418
 30
0.0
 70
0
  0
VERTEX
  5
385
  8
TEXT
 10
5.604660695241743
 20
20.311866209078442
 30
0.0
 70
0
  0
VERTEX
  5
386
  8
TEXT
 10
5.57838268122339
 20
20.34008724053357
 30
0.0
 70
0
  0
VERTEX
  5
387
  8
TEXT
 10
5.55407713572992
 20
20.368844088871814
 30
0.0
 70
0
  0
VERTEX
  5
388
  8
TEXT
 10
5.531744058761333
 20
20.398136754093166
 30
0.0
 70
0
  0
VERTEX
  5
389
  8
TEXT
 10
5.511383450317631
 20
20.42796523619763
 30
0.0
 70
0
  0
VERTEX
  5
38A
  8
TEXT
 10
5.492995310398811
 20
20.4583295351852
 30
0.0
 70
0
  0
VERTEX
  5
38B
  8
TEXT
 10
5.476579639004875
 20
20.489229651055883
 30
0.0
 70
0
  0
VERTEX
  5
38C
  8
TEXT
 10
5.462136436135823
 20
20.520665583809677
 30
0.0
 70
0
  0
VERTEX
  5
38D
  8
TEXT
 10
5.448638877217597
 20
20.555407690597885
 30
0.0
 70
0
  0
VERTEX
  5
38E
  8
TEXT
 10
5.437506859240979
 20
20.590461993809033
 30
0.0
 70
0
  0
VERTEX
  5
38F
  8
TEXT
 10
5.428740382205969
 20
20.625828493443112
 30
0.0
 70
0
  0
VERTEX
  5
390
  8
TEXT
 10
5.422339446112567
 20
20.661507189500128
 30
0.0
 70
0
  0
VERTEX
  5
391
  8
TEXT
 10
5.418304050960773
 20
20.697498081980076
 30
0.0
 70
0
  0
VERTEX
  5
392
  8
TEXT
 10
5.4166341967505875
 20
20.73380117088296
 30
0.0
 70
0
  0
VERTEX
  5
393
  8
TEXT
 10
5.41732988348201
 20
20.77041645620878
 30
0.0
 70
0
  0
VERTEX
  5
394
  8
TEXT
 10
5.420391111155039
 20
20.807343937957533
 30
0.0
 70
0
  0
VERTEX
  5
395
  8
TEXT
 10
5.425817879769678
 20
20.84458361612922
 30
0.0
 70
0
  0
VERTEX
  5
396
  8
TEXT
 10
5.433610189325924
 20
20.882135490723844
 30
0.0
 70
0
  0
VERTEX
  5
397
  8
TEXT
 10
5.4437680398237775
 20
20.9199995617414
 30
0.0
 70
0
  0
VERTEX
  5
398
  8
TEXT
 10
5.455442050792567
 20
20.955852610204797
 30
0.0
 70
0
  0
VERTEX
  5
399
  8
TEXT
 10
5.468654603781658
 20
20.990294055996042
 30
0.0
 70
0
  0
VERTEX
  5
39A
  8
TEXT
 10
5.483405698791053
 20
21.02332389911513
 30
0.0
 70
0
  0
VERTEX
  5
39B
  8
TEXT
 10
5.499695335820749
 20
21.054942139562066
 30
0.0
 70
0
  0
VERTEX
  5
39C
  8
TEXT
 10
5.517523514870748
 20
21.085148777336848
 30
0.0
 70
0
  0
VERTEX
  5
39D
  8
TEXT
 10
5.5368902359410495
 20
21.113943812439473
 30
0.0
 70
0
  0
VERTEX
  5
39E
  8
TEXT
 10
5.557795499031653
 20
21.14132724486995
 30
0.0
 70
0
  0
VERTEX
  5
39F
  8
TEXT
 10
5.58023930414256
 20
21.167299074628268
 30
0.0
 70
0
  0
VERTEX
  5
3A0
  8
TEXT
 10
5.604221651273768
 20
21.191859301714434
 30
0.0
 70
0
  0
VERTEX
  5
3A1
  8
TEXT
 10
5.629742540425279
 20
21.215007926128447
 30
0.0
 70
0
  0
VERTEX
  5
3A2
  8
TEXT
 10
5.659603598982332
 20
21.238933010500542
 30
0.0
 70
0
  0
VERTEX
  5
3A3
  8
TEXT
 10
5.690764196516463
 20
21.260835323443647
 30
0.0
 70
0
  0
VERTEX
  5
3A4
  8
TEXT
 10
5.723224333027672
 20
21.28071486495775
 30
0.0
 70
0
  0
VERTEX
  5
3A5
  8
TEXT
 10
5.7569840085159605
 20
21.29857163504286
 30
0.0
 70
0
  0
VERTEX
  5
3A6
  8
TEXT
 10
5.792043222981326
 20
21.31440563369898
 30
0.0
 70
0
  0
VERTEX
  5
3A7
  8
TEXT
 10
5.828401976423772
 20
21.3282168609261
 30
0.0
 70
0
  0
VERTEX
  5
3A8
  8
TEXT
 10
5.866060268843294
 20
21.340005316724227
 30
0.0
 70
0
  0
VERTEX
  5
3A9
  8
TEXT
 10
5.905018100239896
 20
21.349771001093355
 30
0.0
 70
0
  0
VERTEX
  5
3AA
  8
TEXT
 10
5.945275470613575
 20
21.35751391403349
 30
0.0
 70
0
  0
VERTEX
  5
3AB
  8
TEXT
 10
5.978940041889615
 20
21.362259205078473
 30
0.0
 70
0
  0
VERTEX
  5
3AC
  8
TEXT
 10
6.012994799579558
 20
21.3654798518442
 30
0.0
 70
0
  0
VERTEX
  5
3AD
  8
TEXT
 10
6.047439743683405
 20
21.36717585433066
 30
0.0
 70
0
  0
VERTEX
  5
3AE
  8
TEXT
 10
6.082274874201155
 20
21.36734721253787
 30
0.0
 70
0
  0
VERTEX
  5
3AF
  8
TEXT
 10
6.117500191132808
 20
21.365993926465812
 30
0.0
 70
0
  0
VERTEX
  5
3B0
  8
TEXT
 10
6.153115694478364
 20
21.3631159961145
 30
0.0
 70
0
  0
VERTEX
  5
3B1
  8
TEXT
 10
6.189121384237824
 20
21.358713421483927
 30
0.0
 70
0
  0
VERTEX
  5
3B2
  8
TEXT
 10
6.225517260411187
 20
21.352786202574094
 30
0.0
 70
0
  0
VERTEX
  5
3B3
  8
TEXT
 10
6.262303322998453
 20
21.345334339385005
 30
0.0
 70
0
  0
VERTEX
  5
3B4
  8
TEXT
 10
6.299479571999623
 20
21.336357831916658
 30
0.0
 70
0
  0
VERTEX
  5
3B5
  8
TEXT
 10
6.3370460074146955
 20
21.325856680169046
 30
0.0
 70
0
  0
VERTEX
  5
3B6
  8
TEXT
 10
6.374661869627297
 20
21.31391245790322
 30
0.0
 70
0
  0
VERTEX
  5
3B7
  8
TEXT
 10
6.411262205321451
 20
21.300822750708193
 30
0.0
 70
0
  0
VERTEX
  5
3B8
  8
TEXT
 10
6.446847014497156
 20
21.28658755858396
 30
0.0
 70
0
  0
VERTEX
  5
3B9
  8
TEXT
 10
6.481416297154416
 20
21.271206881530524
 30
0.0
 70
0
  0
VERTEX
  5
3BA
  8
TEXT
 10
6.5149700532932275
 20
21.25468071954789
 30
0.0
 70
0
  0
VERTEX
  5
3BB
  8
TEXT
 10
6.547508282913592
 20
21.23700907263605
 30
0.0
 70
0
  0
VERTEX
  5
3BC
  8
TEXT
 10
6.579030986015509
 20
21.21819194079501
 30
0.0
 70
0
  0
VERTEX
  5
3BD
  8
TEXT
 10
6.6095381625989775
 20
21.198229324024766
 30
0.0
 70
0
  0
VERTEX
  5
3BE
  8
TEXT
 10
6.639029812664
 20
21.17712122232532
 30
0.0
 70
0
  0
VERTEX
  5
3BF
  8
TEXT
 10
6.667505936210574
 20
21.15486763569667
 30
0.0
 70
0
  0
VERTEX
  5
3C0
  8
TEXT
 10
6.697838797214782
 20
21.129033433751523
 30
0.0
 70
0
  0
VERTEX
  5
3C1
  8
TEXT
 10
6.7266854684777355
 20
21.102256003678846
 30
0.0
 70
0
  0
VERTEX
  5
3C2
  8
TEXT
 10
6.754045949999435
 20
21.074535345478647
 30
0.0
 70
0
  0
VERTEX
  5
3C3
  8
TEXT
 10
6.779920241779881
 20
21.045871459150923
 30
0.0
 70
0
  0
VERTEX
  5
3C4
  8
TEXT
 10
6.8043083438190735
 20
21.016264344695678
 30
0.0
 70
0
  0
VERTEX
  5
3C5
  8
TEXT
 10
6.827210256117012
 20
20.985714002112903
 30
0.0
 70
0
  0
VERTEX
  5
3C6
  8
TEXT
 10
6.848625978673696
 20
20.954220431402607
 30
0.0
 70
0
  0
VERTEX
  5
3C7
  8
TEXT
 10
6.868555511489127
 20
20.921783632564786
 30
0.0
 70
0
  0
VERTEX
  5
3C8
  8
TEXT
 10
6.886998854563304
 20
20.88840360559944
 30
0.0
 70
0
  0
VERTEX
  5
3C9
  8
TEXT
 10
6.903817518123058
 20
20.85424118733505
 30
0.0
 70
0
  0
VERTEX
  5
3CA
  8
TEXT
 10
6.918873012395224
 20
20.81945721460009
 30
0.0
 70
0
  0
VERTEX
  5
3CB
  8
TEXT
 10
6.932165337379801
 20
20.784051687394562
 30
0.0
 70
0
  0
VERTEX
  5
3CC
  8
TEXT
 10
6.943694493076787
 20
20.748024605718467
 30
0.0
 70
0
  0
VERTEX
  5
3CD
  8
TEXT
 10
6.953460479486186
 20
20.711375969571804
 30
0.0
 70
0
  0
VERTEX
  5
3CE
  8
TEXT
 10
6.9614632966079935
 20
20.674105778954573
 30
0.0
 70
0
  0
VERTEX
  5
3CF
  8
TEXT
 10
6.9677029444422125
 20
20.636214033866775
 30
0.0
 70
0
  0
VERTEX
  5
3D0
  8
TEXT
 10
6.972179422988842
 20
20.59770073430841
 30
0.0
 70
0
  0
VERTEX
  5
3D1
  8
TEXT
 10
6.9748927322478815
 20
20.558565880279474
 30
0.0
 70
0
  0
VERTEX
  5
3D2
  8
TEXT
 10
6.614028764116885
 20
20.512070012407385
 30
0.0
 70
0
  0
VERTEX
  5
3D3
  8
TEXT
 10
6.609697482809733
 20
20.55062128186148
 30
0.0
 70
0
  0
VERTEX
  5
3D4
  8
TEXT
 10
6.603273182007487
 20
20.587893965866783
 30
0.0
 70
0
  0
VERTEX
  5
3D5
  8
TEXT
 10
6.594755861710148
 20
20.623888064423294
 30
0.0
 70
0
  0
VERTEX
  5
3D6
  8
TEXT
 10
6.584145521917713
 20
20.65860357753101
 30
0.0
 70
0
  0
VERTEX
  5
3D7
  8
TEXT
 10
6.571442162630185
 20
20.69204050518994
 30
0.0
 70
0
  0
VERTEX
  5
3D8
  8
TEXT
 10
6.556645783847563
 20
20.724198847400075
 30
0.0
 70
0
  0
VERTEX
  5
3D9
  8
TEXT
 10
6.539756385569847
 20
20.75507860416142
 30
0.0
 70
0
  0
VERTEX
  5
3DA
  8
TEXT
 10
6.520773967797036
 20
20.784679775473972
 30
0.0
 70
0
  0
VERTEX
  5
3DB
  8
TEXT
 10
6.499698530529132
 20
20.813002361337734
 30
0.0
 70
0
  0
VERTEX
  5
3DC
  8
TEXT
 10
6.476785948669753
 20
20.83975010768538
 30
0.0
 70
0
  0
VERTEX
  5
3DD
  8
TEXT
 10
6.4522920971225215
 20
20.864626760449582
 30
0.0
 70
0
  0
VERTEX
  5
3DE
  8
TEXT
 10
6.426216975887435
 20
20.887632319630345
 30
0.0
 70
0
  0
VERTEX
  5
3DF
  8
TEXT
 10
6.398560584964496
 20
20.90876678522767
 30
0.0
 70
0
  0
VERTEX
  5
3E0
  8
TEXT
 10
6.369322924353702
 20
20.92803015724155
 30
0.0
 70
0
  0
VERTEX
  5
3E1
  8
TEXT
 10
6.338503994055056
 20
20.945422435671993
 30
0.0
 70
0
  0
VERTEX
  5
3E2
  8
TEXT
 10
6.306103794068556
 20
20.960943620518993
 30
0.0
 70
0
  0
VERTEX
  5
3E3
  8
TEXT
 10
6.272122324394202
 20
20.974593711782553
 30
0.0
 70
0
  0
VERTEX
  5
3E4
  8
TEXT
 10
6.236559585031993
 20
20.986372709462675
 30
0.0
 70
0
  0
VERTEX
  5
3E5
  8
TEXT
 10
6.1983812618749985
 20
20.996366327201255
 30
0.0
 70
0
  0
VERTEX
  5
3E6
  8
TEXT
 10
6.161231562018461
 20
21.003264773656294
 30
0.0
 70
0
  0
VERTEX
  5
3E7
  8
TEXT
 10
6.125110485462383
 20
21.007068048827797
 30
0.0
 70
0
  0
VERTEX
  5
3E8
  8
TEXT
 10
6.090018032206762
 20
21.00777615271576
 30
0.0
 70
0
  0
VERTEX
  5
3E9
  8
TEXT
 10
6.055954202251601
 20
21.005389085320186
 30
0.0
 70
0
  0
VERTEX
  5
3EA
  8
TEXT
 10
6.015618365748194
 20
20.998129462037472
 30
0.0
 70
0
  0
VERTEX
  5
3EB
  8
TEXT
 10
5.978484652000301
 20
20.98618722478269
 30
0.0
 70
0
  0
VERTEX
  5
3EC
  8
TEXT
 10
5.944553061007921
 20
20.969562373555835
 30
0.0
 70
0
  0
VERTEX
  5
3ED
  8
TEXT
 10
5.913823592771057
 20
20.948254908356912
 30
0.0
 70
0
  0
VERTEX
  5
3EE
  8
TEXT
 10
5.886877674761251
 20
20.922672308718976
 30
0.0
 70
0
  0
VERTEX
  5
3EF
  8
TEXT
 10
5.86429673445005
 20
20.893222054175087
 30
0.0
 70
0
  0
VERTEX
  5
3F0
  8
TEXT
 10
5.846080771837452
 20
20.859904144725242
 30
0.0
 70
0
  0
VERTEX
  5
3F1
  8
TEXT
 10
5.83222978692346
 20
20.822718580369443
 30
0.0
 70
0
  0
VERTEX
  5
3F2
  8
TEXT
 10
5.824229061549177
 20
20.787586170794462
 30
0.0
 70
0
  0
VERTEX
  5
3F3
  8
TEXT
 10
5.821272609237554
 20
20.752746099659156
 30
0.0
 70
0
  0
VERTEX
  5
3F4
  8
TEXT
 10
5.82336042998859
 20
20.71819836696353
 30
0.0
 70
0
  0
VERTEX
  5
3F5
  8
TEXT
 10
5.830492523802285
 20
20.683942972707584
 30
0.0
 70
0
  0
VERTEX
  5
3F6
  8
TEXT
 10
5.842668890678638
 20
20.649979916891315
 30
0.0
 70
0
  0
VERTEX
  5
3F7
  8
TEXT
 10
5.856797039455326
 20
20.62218525713282
 30
0.0
 70
0
  0
VERTEX
  5
3F8
  8
TEXT
 10
5.87468398010592
 20
20.59516275551804
 30
0.0
 70
0
  0
VERTEX
  5
3F9
  8
TEXT
 10
5.896329712630418
 20
20.56891241204698
 30
0.0
 70
0
  0
VERTEX
  5
3FA
  8
TEXT
 10
5.921734237028821
 20
20.543434226719636
 30
0.0
 70
0
  0
VERTEX
  5
3FB
  8
TEXT
 10
5.950897553301131
 20
20.518728199536014
 30
0.0
 70
0
  0
VERTEX
  5
3FC
  8
TEXT
 10
5.983819661447344
 20
20.49479433049611
 30
0.0
 70
0
  0
VERTEX
  5
3FD
  8
TEXT
 10
6.336177070542047
 20
20.255697564490585
 30
0.0
 70
0
  0
VERTEX
  5
3FE
  8
TEXT
 10
6.370792005996635
 20
20.231485878260663
 30
0.0
 70
0
  0
VERTEX
  5
3FF
  8
TEXT
 10
6.4036650517325295
 20
20.20695047196559
 30
0.0
 70
0
  0
VERTEX
  5
400
  8
TEXT
 10
6.434796207749731
 20
20.182091345605365
 30
0.0
 70
0
  0
VERTEX
  5
401
  8
TEXT
 10
6.464185474048239
 20
20.156908499179984
 30
0.0
 70
0
  0
VERTEX
  5
402
  8
TEXT
 10
6.491832850628054
 20
20.131401932689457
 30
0.0
 70
0
  0
VERTEX
  5
403
  8
TEXT
 10
6.517738337489176
 20
20.10557164613377
 30
0.0
 70
0
  0
VERTEX
  5
404
  8
TEXT
 10
6.541901934631604
 20
20.079417639512936
 30
0.0
 70
0
  0
VERTEX
  5
405
  8
TEXT
 10
6.5643236420553395
 20
20.05293991282695
 30
0.0
 70
0
  0
VERTEX
  5
406
  8
TEXT
 10
6.585003459760381
 20
20.02613846607581
 30
0.0
 70
0
  0
VERTEX
  5
407
  8
TEXT
 10
6.603941387746731
 20
19.99901329925952
 30
0.0
 70
0
  0
VERTEX
  5
408
  8
TEXT
 10
6.6211374260143865
 20
19.971564412378076
 30
0.0
 70
0
  0
VERTEX
  5
409
  8
TEXT
 10
6.636591574563349
 20
19.943791805431477
 30
0.0
 70
0
  0
VERTEX
  5
40A
  8
TEXT
 10
6.650303833393618
 20
19.915695478419728
 30
0.0
 70
0
  0
VERTEX
  5
40B
  8
TEXT
 10
6.664265859586459
 20
19.88205986048042
 30
0.0
 70
0
  0
VERTEX
  5
40C
  8
TEXT
 10
6.675799741506439
 20
19.847945085130902
 30
0.0
 70
0
  0
VERTEX
  5
40D
  8
TEXT
 10
6.6849054791535565
 20
19.813351152371173
 30
0.0
 70
0
  0
VERTEX
  5
40E
  8
TEXT
 10
6.691583072527813
 20
19.77827806220123
 30
0.0
 70
0
  0
VERTEX
  5
40F
  8
TEXT
 10
6.695832521629208
 20
19.74272581462108
 30
0.0
 70
0
  0
VERTEX
  5
410
  8
TEXT
 10
6.69765382645774
 20
19.706694409630714
 30
0.0
 70
0
  0
VERTEX
  5
411
  8
TEXT
 10
6.697046987013412
 20
19.67018384723014
 30
0.0
 70
0
  0
VERTEX
  5
412
  8
TEXT
 10
6.694012003296221
 20
19.63319412741935
 30
0.0
 70
0
  0
VERTEX
  5
413
  8
TEXT
 10
6.688548875306169
 20
19.595725250198356
 30
0.0
 70
0
  0
VERTEX
  5
414
  8
TEXT
 10
6.6806576030432545
 20
19.557777215567146
 30
0.0
 70
0
  0
VERTEX
  5
415
  8
TEXT
 10
6.670338186507479
 20
19.51935002352573
 30
0.0
 70
0
  0
VERTEX
  5
416
  8
TEXT
 10
6.658698936221509
 20
19.483769314840043
 30
0.0
 70
0
  0
VERTEX
  5
417
  8
TEXT
 10
6.6454209417017545
 20
19.44957587904653
 30
0.0
 70
0
  0
VERTEX
  5
418
  8
TEXT
 10
6.630504202948213
 20
19.416769716145193
 30
0.0
 70
0
  0
VERTEX
  5
419
  8
TEXT
 10
6.613948719960886
 20
19.38535082613603
 30
0.0
 70
0
  0
VERTEX
  5
41A
  8
TEXT
 10
6.595754492739774
 20
19.355319209019044
 30
0.0
 70
0
  0
VERTEX
  5
41B
  8
TEXT
 10
6.575921521284876
 20
19.32667486479423
 30
0.0
 70
0
  0
VERTEX
  5
41C
  8
TEXT
 10
6.554449805596192
 20
19.299417793461593
 30
0.0
 70
0
  0
VERTEX
  5
41D
  8
TEXT
 10
6.5313393456737225
 20
19.27354799502113
 30
0.0
 70
0
  0
VERTEX
  5
41E
  8
TEXT
 10
6.506590141517467
 20
19.249065469472843
 30
0.0
 70
0
  0
VERTEX
  5
41F
  8
TEXT
 10
6.480202193127426
 20
19.225970216816727
 30
0.0
 70
0
  0
VERTEX
  5
420
  8
TEXT
 10
6.452461446718083
 20
19.204389944580182
 30
0.0
 70
0
  0
VERTEX
  5
421
  8
TEXT
 10
6.423653848503923
 20
19.184452360290603
 30
0.0
 70
0
  0
VERTEX
  5
422
  8
TEXT
 10
6.393779398484942
 20
19.16615746394799
 30
0.0
 70
0
  0
VERTEX
  5
423
  8
TEXT
 10
6.362838096661144
 20
19.149505255552338
 30
0.0
 70
0
  0
VERTEX
  5
424
  8
TEXT
 10
6.330829943032526
 20
19.13449573510365
 30
0.0
 70
0
  0
VERTEX
  5
425
  8
TEXT
 10
6.297754937599091
 20
19.121128902601924
 30
0.0
 70
0
  0
VERTEX
  5
426
  8
TEXT
 10
6.263613080360837
 20
19.109404758047166
 30
0.0
 70
0
  0
VERTEX
  5
427
  8
TEXT
 10
6.228404371317764
 20
19.099323301439373
 30
0.0
 70
0
  0
VERTEX
  5
428
  8
TEXT
 10
6.192128810469873
 20
19.090884532778542
 30
0.0
 70
0
  0
VERTEX
  5
429
  8
TEXT
 10
6.154786397817164
 20
19.084088452064677
 30
0.0
 70
0
  0
VERTEX
  5
42A
  8
TEXT
 10
6.120108450359175
 20
19.07944379272767
 30
0.0
 70
0
  0
VERTEX
  5
42B
  8
TEXT
 10
6.084939768994516
 20
19.07637297242643
 30
0.0
 70
0
  0
VERTEX
  5
42C
  8
TEXT
 10
6.049280353723187
 20
19.074875991160965
 30
0.0
 70
0
  0
VERTEX
  5
42D
  8
TEXT
 10
6.013130204545188
 20
19.07495284893127
 30
0.0
 70
0
  0
VERTEX
  5
42E
  8
TEXT
 10
5.976489321460519
 20
19.07660354573735
 30
0.0
 70
0
  0
VERTEX
  5
42F
  8
TEXT
 10
5.939357704469179
 20
19.0798280815792
 30
0.0
 70
0
  0
VERTEX
  5
430
  8
TEXT
 10
5.901735353571169
 20
19.08462645645682
 30
0.0
 70
0
  0
VERTEX
  5
431
  8
TEXT
 10
5.863622268766489
 20
19.090998670370215
 30
0.0
 70
0
  0
VERTEX
  5
432
  8
TEXT
 10
5.825018450055139
 20
19.09894472331938
 30
0.0
 70
0
  0
VERTEX
  5
433
  8
TEXT
 10
5.785923897437118
 20
19.108464615304317
 30
0.0
 70
0
  0
SEQEND
  5
332
  8
TEXT
  0
POLYLINE
  5
434
  8
TEXT
 66
1
 10
0.0
 20
0.0
 30
0.0
 70
1
  0
VERTEX
  5
436
  8
TEXT
 10
8.067141382783598
 20
18.261911758333422
 30
0.0
 70
0
  0
VERTEX
  5
437
  8
TEXT
 10
8.03047533799337
 20
18.278762512546752
 30
0.0
 70
0
  0
VERTEX
  5
438
  8
TEXT
 10
7.994707397746705
 20
18.296523823242914
 30
0.0
 70
0
  0
VERTEX
  5
439
  8
TEXT
 10
7.959837562043605
 20
18.315195690421913
 30
0.0
 70
0
  0
VERTEX
  5
43A
  8
TEXT
 10
7.92586583088407
 20
18.33477811408374
 30
0.0
 70
0
  0
VERTEX
  5
43B
  8
TEXT
 10
7.8927922042680985
 20
18.355271094228403
 30
0.0
 70
0
  0
VERTEX
  5
43C
  8
TEXT
 10
7.860616682195693
 20
18.376674630855895
 30
0.0
 70
0
  0
VERTEX
  5
43D
  8
TEXT
 10
7.829339264666852
 20
18.398988723966223
 30
0.0
 70
0
  0
VERTEX
  5
43E
  8
TEXT
 10
7.798959951681575
 20
18.422213373559384
 30
0.0
 70
0
  0
VERTEX
  5
43F
  8
TEXT
 10
7.769478743239864
 20
18.446348579635373
 30
0.0
 70
0
  0
VERTEX
  5
440
  8
TEXT
 10
7.7408956393417165
 20
18.4713943421942
 30
0.0
 70
0
  0
VERTEX
  5
441
  8
TEXT
 10
7.713210639987134
 20
18.497350661235856
 30
0.0
 70
0
  0
VERTEX
  5
442
  8
TEXT
 10
7.686423745176116
 20
18.524217536760347
 30
0.0
 70
0
  0
VERTEX
  5
443
  8
TEXT
 10
7.660616983782445
 20
18.551823495742173
 30
0.0
 70
0
  0
VERTEX
  5
444
  8
TEXT
 10
7.635872384679902
 20
18.57999706515584
 30
0.0
 70
0
  0
VERTEX
  5
445
  8
TEXT
 10
7.612189947868488
 20
18.608738245001348
 30
0.0
 70
0
  0
VERTEX
  5
446
  8
TEXT
 10
7.589569673348201
 20
18.6380470352787
 30
0.0
 70
0
  0
VERTEX
  5
447
  8
TEXT
 10
7.568011561119043
 20
18.66792343598789
 30
0.0
 70
0
  0
VERTEX
  5
448
  8
TEXT
 10
7.547515611181014
 20
18.698367447128923
 30
0.0
 70
0
  0
VERTEX
  5
449
  8
TEXT
 10
7.528081823534112
 20
18.7293790687018
 30
0.0
 70
0
  0
VERTEX
  5
44A
  8
TEXT
 10
7.509710198178339
 20
18.760958300706513
 30
0.0
 70
0
  0
VERTEX
  5
44B
  8
TEXT
 10
7.492400735113694
 20
18.79310514314307
 30
0.0
 70
0
  0
VERTEX
  5
44C
  8
TEXT
 10
7.476153434340178
 20
18.82581959601147
 30
0.0
 70
0
  0
VERTEX
  5
44D
  8
TEXT
 10
7.460968295857789
 20
18.85910165931171
 30
0.0
 70
0
  0
VERTEX
  5
44E
  8
TEXT
 10
7.446845319666529
 20
18.89295133304379
 30
0.0
 70
0
  0
VERTEX
  5
44F
  8
TEXT
 10
7.433850742246056
 20
18.927237929679954
 30
0.0
 70
0
  0
VERTEX
  5
450
  8
TEXT
 10
7.422050800076028
 20
18.961830761692447
 30
0.0
 70
0
  0
VERTEX
  5
451
  8
TEXT
 10
7.411445493156444
 20
18.99672982908127
 30
0.0
 70
0
  0
VERTEX
  5
452
  8
TEXT
 10
7.402034821487305
 20
19.03193513184642
 30
0.0
 70
0
  0
VERTEX
  5
453
  8
TEXT
 10
7.3938187850686115
 20
19.067446669987902
 30
0.0
 70
0
  0
VERTEX
  5
454
  8
TEXT
 10
7.386797383900362
 20
19.103264443505708
 30
0.0
 70
0
  0
VERTEX
  5
455
  8
TEXT
 10
7.380970617982558
 20
19.139388452399846
 30
0.0
 70
0
  0
VERTEX
  5
456
  8
TEXT
 10
7.3763384873151985
 20
19.17581869667031
 30
0.0
 70
0
  0
VERTEX
  5
457
  8
TEXT
 10
7.372900991898283
 20
19.212555176317103
 30
0.0
 70
0
  0
VERTEX
  5
458
  8
TEXT
 10
7.370658131731814
 20
19.249597891340223
 30
0.0
 70
0
  0
VERTEX
  5
459
  8
TEXT
 10
7.369609906815788
 20
19.286946841739674
 30
0.0
 70
0
  0
VERTEX
  5
45A
  8
TEXT
 10
7.369756317150208
 20
19.324602027515454
 30
0.0
 70
0
  0
VERTEX
  5
45B
  8
TEXT
 10
7.371156366794297
 20
19.36239087702796
 30
0.0
 70
0
  0
VERTEX
  5
45C
  8
TEXT
 10
7.373869059807282
 20
19.400140818637592
 30
0.0
 70
0
  0
VERTEX
  5
45D
  8
TEXT
 10
7.37789439618916
 20
19.43785185234435
 30
0.0
 70
0
  0
VERTEX
  5
45E
  8
TEXT
 10
7.383232375939933
 20
19.47552397814824
 30
0.0
 70
0
  0
VERTEX
  5
45F
  8
TEXT
 10
7.389882999059601
 20
19.51315719604925
 30
0.0
 70
0
  0
VERTEX
  5
460
  8
TEXT
 10
7.397846265548163
 20
19.55075150604739
 30
0.0
 70
0
  0
VERTEX
  5
461
  8
TEXT
 10
7.407122175405621
 20
19.588306908142656
 30
0.0
 70
0
  0
VERTEX
  5
462
  8
TEXT
 10
7.417710728631973
 20
19.625823402335048
 30
0.0
 70
0
  0
VERTEX
  5
463
  8
TEXT
 10
7.42961192522722
 20
19.66330098862457
 30
0.0
 70
0
  0
VERTEX
  5
464
  8
TEXT
 10
7.442825765191361
 20
19.700739667011216
 30
0.0
 70
0
  0
VERTEX
  5
465
  8
TEXT
 10
7.457352248524396
 20
19.738139437494986
 30
0.0
 70
0
  0
VERTEX
  5
466
  8
TEXT
 10
7.473191375226326
 20
19.775500300075887
 30
0.0
 70
0
  0
VERTEX
  5
467
  8
TEXT
 10
7.490129605302313
 20
19.812364367487636
 30
0.0
 70
0
  0
VERTEX
  5
468
  8
TEXT
 10
7.507953398757516
 20
19.84827375246396
 30
0.0
 70
0
  0
VERTEX
  5
469
  8
TEXT
 10
7.526662755591936
 20
19.883228455004854
 30
0.0
 70
0
  0
VERTEX
  5
46A
  8
TEXT
 10
7.546257675805573
 20
19.91722847511032
 30
0.0
 70
0
  0
VERTEX
  5
46B
  8
TEXT
 10
7.566738159398426
 20
19.95027381278036
 30
0.0
 70
0
  0
VERTEX
  5
46C
  8
TEXT
 10
7.588104206370497
 20
19.98236446801497
 30
0.0
 70
0
  0
VERTEX
  5
46D
  8
TEXT
 10
7.610355816721785
 20
20.013500440814155
 30
0.0
 70
0
  0
VERTEX
  5
46E
  8
TEXT
 10
7.633492990452289
 20
20.043681731177912
 30
0.0
 70
0
  0
VERTEX
  5
46F
  8
TEXT
 10
7.65751572756201
 20
20.07290833910624
 30
0.0
 70
0
  0
VERTEX
  5
470
  8
TEXT
 10
7.6824240280509475
 20
20.10118026459914
 30
0.0
 70
0
  0
VERTEX
  5
471
  8
TEXT
 10
7.7082178919191024
 20
20.128497507656615
 30
0.0
 70
0
  0
VERTEX
  5
472
  8
TEXT
 10
7.734897319166475
 20
20.154860068278662
 30
0.0
 70
0
  0
VERTEX
  5
473
  8
TEXT
 10
7.762322192616662
 20
20.180205875502892
 30
0.0
 70
0
  0
VERTEX
  5
474
  8
TEXT
 10
7.790352395093268
 20
20.204472858366916
 30
0.0
 70
0
  0
VERTEX
  5
475
  8
TEXT
 10
7.818987926596289
 20
20.227661016870737
 30
0.0
 70
0
  0
VERTEX
  5
476
  8
TEXT
 10
7.848228787125727
 20
20.249770351014348
 30
0.0
 70
0
  0
VERTEX
  5
477
  8
TEXT
 10
7.878074976681582
 20
20.270800860797756
 30
0.0
 70
0
  0
VERTEX
  5
478
  8
TEXT
 10
7.908526495263852
 20
20.29075254622096
 30
0.0
 70
0
  0
VERTEX
  5
479
  8
TEXT
 10
7.939583342872539
 20
20.30962540728396
 30
0.0
 70
0
  0
VERTEX
  5
47A
  8
TEXT
 10
7.971245519507644
 20
20.32741944398675
 30
0.0
 70
0
  0
VERTEX
  5
47B
  8
TEXT
 10
8.003513025169164
 20
20.344134656329338
 30
0.0
 70
0
  0
VERTEX
  5
47C
  8
TEXT
 10
8.0363858598571
 20
20.359771044311717
 30
0.0
 70
0
  0
VERTEX
  5
47D
  8
TEXT
 10
8.069864023571453
 20
20.374328607933894
 30
0.0
 70
0
  0
VERTEX
  5
47E
  8
TEXT
 10
8.103947516312223
 20
20.387807347195864
 30
0.0
 70
0
  0
VERTEX
  5
47F
  8
TEXT
 10
8.138477361605721
 20
20.400153522169777
 30
0.0
 70
0
  0
VERTEX
  5
480
  8
TEXT
 10
8.173294582978262
 20
20.411313392927784
 30
0.0
 70
0
  0
VERTEX
  5
481
  8
TEXT
 10
8.20839918042984
 20
20.421286959469885
 30
0.0
 70
0
  0
VERTEX
  5
482
  8
TEXT
 10
8.243791153960462
 20
20.430074221796083
 30
0.0
 70
0
  0
VERTEX
  5
483
  8
TEXT
 10
8.279470503570124
 20
20.43767517990637
 30
0.0
 70
0
  0
VERTEX
  5
484
  8
TEXT
 10
8.315437229258826
 20
20.444089833800753
 30
0.0
 70
0
  0
VERTEX
  5
485
  8
TEXT
 10
8.35169133102657
 20
20.44931818347923
 30
0.0
 70
0
  0
VERTEX
  5
486
  8
TEXT
 10
8.388232808873354
 20
20.4533602289418
 30
0.0
 70
0
  0
VERTEX
  5
487
  8
TEXT
 10
8.42506166279918
 20
20.456215970188467
 30
0.0
 70
0
  0
VERTEX
  5
488
  8
TEXT
 10
8.462177892804046
 20
20.457885407219223
 30
0.0
 70
0
  0
VERTEX
  5
489
  8
TEXT
 10
8.499581498887952
 20
20.458368540034076
 30
0.0
 70
0
  0
VERTEX
  5
48A
  8
TEXT
 10
8.5372724810509
 20
20.457665368633023
 30
0.0
 70
0
  0
VERTEX
  5
48B
  8
TEXT
 10
8.575096028336471
 20
20.455731582736853
 30
0.0
 70
0
  0
VERTEX
  5
48C
  8
TEXT
 10
8.612897329788245
 20
20.452522872066368
 30
0.0
 70
0
  0
VERTEX
  5
48D
  8
TEXT
 10
8.650676385406223
 20
20.44803923662156
 30
0.0
 70
0
  0
VERTEX
  5
48E
  8
TEXT
 10
8.688433195190404
 20
20.442280676402437
 30
0.0
 70
0
  0
VERTEX
  5
48F
  8
TEXT
 10
8.72616775914079
 20
20.43524719140899
 30
0.0
 70
0
  0
VERTEX
  5
490
  8
TEXT
 10
8.76388007725738
 20
20.426938781641226
 30
0.0
 70
0
  0
VERTEX
  5
491
  8
TEXT
 10
8.801570149540172
 20
20.417355447099144
 30
0.0
 70
0
  0
VERTEX
  5
492
  8
TEXT
 10
8.83923797598917
 20
20.40649718778274
 30
0.0
 70
0
  0
VERTEX
  5
493
  8
TEXT
 10
8.876883556604371
 20
20.39436400369202
 30
0.0
 70
0
  0
VERTEX
  5
494
  8
TEXT
 10
8.914506891385775
 20
20.380955894826975
 30
0.0
 70
0
  0
VERTEX
  5
495
  8
TEXT
 10
8.952107980333384
 20
20.366272861187614
 30
0.0
 70
0
  0
VERTEX
  5
496
  8
TEXT
 10
8.989686823447196
 20
20.35031490277393
 30
0.0
 70
0
  0
VERTEX
  5
497
  8
TEXT
 10
9.02678663207504
 20
20.333272534766213
 30
0.0
 70
0
  0
VERTEX
  5
498
  8
TEXT
 10
9.062950617564745
 20
20.31533627234474
 30
0.0
 70
0
  0
VERTEX
  5
499
  8
TEXT
 10
9.09817877991631
 20
20.296506115509512
 30
0.0
 70
0
  0
VERTEX
  5
49A
  8
TEXT
 10
9.132471119129734
 20
20.276782064260527
 30
0.0
 70
0
  0
VERTEX
  5
49B
  8
TEXT
 10
9.16582763520502
 20
20.256164118597788
 30
0.0
 70
0
  0
VERTEX
  5
49C
  8
TEXT
 10
9.198248328142164
 20
20.234652278521292
 30
0.0
 70
0
  0
VERTEX
  5
49D
  8
TEXT
 10
9.229733197941169
 20
20.21224654403104
 30
0.0
 70
0
  0
VERTEX
  5
49E
  8
TEXT
 10
9.260282244602033
 20
20.188946915127033
 30
0.0
 70
0
  0
VERTEX
  5
49F
  8
TEXT
 10
9.289895468124758
 20
20.16475339180927
 30
0.0
 70
0
  0
VERTEX
  5
4A0
  8
TEXT
 10
9.318572868509344
 20
20.139665974077754
 30
0.0
 70
0
  0
VERTEX
  5
4A1
  8
TEXT
 10
9.34631444575579
 20
20.11368466193248
 30
0.0
 70
0
  0
VERTEX
  5
4A2
  8
TEXT
 10
9.373120199864093
 20
20.08680945537345
 30
0.0
 70
0
  0
VERTEX
  5
4A3
  8
TEXT
 10
9.398931126775034
 20
20.05921292604027
 30
0.0
 70
0
  0
VERTEX
  5
4A4
  8
TEXT
 10
9.423688222429385
 20
20.031067645572534
 30
0.0
 70
0
  0
VERTEX
  5
4A5
  8
TEXT
 10
9.447391486827147
 20
20.002373613970242
 30
0.0
 70
0
  0
VERTEX
  5
4A6
  8
TEXT
 10
9.470040919968318
 20
19.973130831233398
 30
0.0
 70
0
  0
VERTEX
  5
4A7
  8
TEXT
 10
9.491636521852898
 20
19.943339297362
 30
0.0
 70
0
  0
VERTEX
  5
4A8
  8
TEXT
 10
9.512178292480892
 20
19.91299901235605
 30
0.0
 70
0
  0
VERTEX
  5
4A9
  8
TEXT
 10
9.531666231852293
 20
19.882109976215546
 30
0.0
 70
0
  0
VERTEX
  5
4AA
  8
TEXT
 10
9.550100339967106
 20
19.85067218894049
 30
0.0
 70
0
  0
VERTEX
  5
4AB
  8
TEXT
 10
9.567480616825328
 20
19.818685650530877
 30
0.0
 70
0
  0
VERTEX
  5
4AC
  8
TEXT
 10
9.583807062426962
 20
19.78615036098671
 30
0.0
 70
0
  0
VERTEX
  5
4AD
  8
TEXT
 10
9.599079676772005
 20
19.75306632030799
 30
0.0
 70
0
  0
VERTEX
  5
4AE
  8
TEXT
 10
9.613298459860458
 20
19.71943352849472
 30
0.0
 70
0
  0
VERTEX
  5
4AF
  8
TEXT
 10
9.626393009695395
 20
19.685373243426003
 30
0.0
 70
0
  0
VERTEX
  5
4B0
  8
TEXT
 10
9.638292924279886
 20
19.65100672298096
 30
0.0
 70
0
  0
VERTEX
  5
4B1
  8
TEXT
 10
9.648998203613932
 20
19.61633396715959
 30
0.0
 70
0
  0
VERTEX
  5
4B2
  8
TEXT
 10
9.658508847697535
 20
19.58135497596189
 30
0.0
 70
0
  0
VERTEX
  5
4B3
  8
TEXT
 10
9.66682485653069
 20
19.54606974938786
 30
0.0
 70
0
  0
VERTEX
  5
4B4
  8
TEXT
 10
9.673946230113403
 20
19.510478287437508
 30
0.0
 70
0
  0
VERTEX
  5
4B5
  8
TEXT
 10
9.67987296844567
 20
19.474580590110822
 30
0.0
 70
0
  0
VERTEX
  5
4B6
  8
TEXT
 10
9.684605071527493
 20
19.438376657407808
 30
0.0
 70
0
  0
VERTEX
  5
4B7
  8
TEXT
 10
9.688142539358871
 20
19.401866489328466
 30
0.0
 70
0
  0
VERTEX
  5
4B8
  8
TEXT
 10
9.690485371939804
 20
19.365050085872795
 30
0.0
 70
0
  0
VERTEX
  5
4B9
  8
TEXT
 10
9.69163356927029
 20
19.327927447040796
 30
0.0
 70
0
  0
VERTEX
  5
4BA
  8
TEXT
 10
9.691587131350335
 20
19.29049857283247
 30
0.0
 70
0
  0
VERTEX
  5
4BB
  8
TEXT
 10
9.69028288860344
 20
19.25292660523877
 30
0.0
 70
0
  0
VERTEX
  5
4BC
  8
TEXT
 10
9.68765767145311
 20
19.21537468625066
 30
0.0
 70
0
  0
VERTEX
  5
4BD
  8
TEXT
 10
9.683711479899348
 20
19.177842815868132
 30
0.0
 70
0
  0
VERTEX
  5
4BE
  8
TEXT
 10
9.678444313942153
 20
19.14033099409119
 30
0.0
 70
0
  0
VERTEX
  5
4BF
  8
TEXT
 10
9.671856173581522
 20
19.102839220919833
 30
0.0
 70
0
  0
VERTEX
  5
4C0
  8
TEXT
 10
9.663947058817461
 20
19.065367496354064
 30
0.0
 70
0
  0
VERTEX
  5
4C1
  8
TEXT
 10
9.654716969649966
 20
19.02791582039388
 30
0.0
 70
0
  0
VERTEX
  5
4C2
  8
TEXT
 10
9.644165906079039
 20
18.99048419303928
 30
0.0
 70
0
  0
VERTEX
  5
4C3
  8
TEXT
 10
9.632293868104677
 20
18.953072614290267
 30
0.0
 70
0
  0
VERTEX
  5
4C4
  8
TEXT
 10
9.619100855726883
 20
18.91568108414684
 30
0.0
 70
0
  0
VERTEX
  5
4C5
  8
TEXT
 10
9.604586868945654
 20
18.878309602608997
 30
0.0
 70
0
  0
VERTEX
  5
4C6
  8
TEXT
 10
9.588751907760994
 20
18.840958169676743
 30
0.0
 70
0
  0
VERTEX
  5
4C7
  8
TEXT
 10
9.57179065287045
 20
18.804093003650888
 30
0.0
 70
0
  0
VERTEX
  5
4C8
  8
TEXT
 10
9.553897784971577
 20
18.76818032283225
 30
0.0
 70
0
  0
VERTEX
  5
4C9
  8
TEXT
 10
9.535073304064372
 20
18.73322012722083
 30
0.0
 70
0
  0
VERTEX
  5
4CA
  8
TEXT
 10
9.515317210148837
 20
18.69921241681663
 30
0.0
 70
0
  0
VERTEX
  5
4CB
  8
TEXT
 10
9.49462950322497
 20
18.66615719161964
 30
0.0
 70
0
  0
VERTEX
  5
4CC
  8
TEXT
 10
9.473010183292775
 20
18.634054451629872
 30
0.0
 70
0
  0
VERTEX
  5
4CD
  8
TEXT
 10
9.450459250352248
 20
18.60290419684732
 30
0.0
 70
0
  0
VERTEX
  5
4CE
  8
TEXT
 10
9.42697670440339
 20
18.572706427271985
 30
0.0
 70
0
  0
VERTEX
  5
4CF
  8
TEXT
 10
9.402562545446202
 20
18.543461142903865
 30
0.0
 70
0
  0
VERTEX
  5
4D0
  8
TEXT
 10
9.377216773480683
 20
18.515168343742964
 30
0.0
 70
0
  0
VERTEX
  5
4D1
  8
TEXT
 10
9.350939388506832
 20
18.48782802978928
 30
0.0
 70
0
  0
VERTEX
  5
4D2
  8
TEXT
 10
9.323730390524652
 20
18.461440201042816
 30
0.0
 70
0
  0
VERTEX
  5
4D3
  8
TEXT
 10
9.295775946339655
 20
18.436069125694164
 30
0.0
 70
0
  0
VERTEX
  5
4D4
  8
TEXT
 10
9.267262222757356
 20
18.41177907193393
 30
0.0
 70
0
  0
VERTEX
  5
4D5
  8
TEXT
 10
9.238189219777754
 20
18.38857003976211
 30
0.0
 70
0
  0
VERTEX
  5
4D6
  8
TEXT
 10
9.20855693740085
 20
18.36644202917871
 30
0.0
 70
0
  0
VERTEX
  5
4D7
  8
TEXT
 10
9.17836537562664
 20
18.34539504018372
 30
0.0
 70
0
  0
VERTEX
  5
4D8
  8
TEXT
 10
9.14761453445513
 20
18.32542907277715
 30
0.0
 70
0
  0
VERTEX
  5
4D9
  8
TEXT
 10
9.116304413886317
 20
18.306544126958997
 30
0.0
 70
0
  0
VERTEX
  5
4DA
  8
TEXT
 10
9.084435013920201
 20
18.288740202729258
 30
0.0
 70
0
  0
VERTEX
  5
4DB
  8
TEXT
 10
9.052006334556783
 20
18.272017300087935
 30
0.0
 70
0
  0
VERTEX
  5
4DC
  8
TEXT
 10
9.019018375796062
 20
18.256375419035027
 30
0.0
 70
0
  0
VERTEX
  5
4DD
  8
TEXT
 10
8.985471137638038
 20
18.241814559570535
 30
0.0
 70
0
  0
VERTEX
  5
4DE
  8
TEXT
 10
8.95136462008271
 20
18.228334721694463
 30
0.0
 70
0
  0
VERTEX
  5
4DF
  8
TEXT
 10
8.915256913616966
 20
18.21507398724325
 30
0.0
 70
0
  0
VERTEX
  5
4E0
  8
TEXT
 10
8.878977297426383
 20
18.203187468869462
 30
0.0
 70
0
  0
VERTEX
  5
4E1
  8
TEXT
 10
8.842525771510962
 20
18.192675166573093
 30
0.0
 70
0
  0
VERTEX
  5
4E2
  8
TEXT
 10
8.805902335870703
 20
18.18353708035414
 30
0.0
 70
0
  0
VERTEX
  5
4E3
  8
TEXT
 10
8.769106990505607
 20
18.175773210212608
 30
0.0
 70
0
  0
VERTEX
  5
4E4
  8
TEXT
 10
8.83445640543104
 20
17.669789066582158
 30
0.0
 70
0
  0
VERTEX
  5
4E5
  8
TEXT
 10
8.440674278065792
 20
17.843741067747597
 30
0.0
 70
0
  0
VERTEX
  5
4E6
  8
TEXT
 10
8.401361788252672
 20
18.16620197835172
 30
0.0
 70
0
  0
VERTEX
  5
4E7
  8
TEXT
 10
8.363939741154095
 20
18.171833945530725
 30
0.0
 70
0
  0
VERTEX
  5
4E8
  8
TEXT
 10
8.326589305678244
 20
18.17871652591447
 30
0.0
 70
0
  0
VERTEX
  5
4E9
  8
TEXT
 10
8.289310481825117
 20
18.18684971950296
 30
0.0
 70
0
  0
VERTEX
  5
4EA
  8
TEXT
 10
8.252103269594718
 20
18.196233526296183
 30
0.0
 70
0
  0
VERTEX
  5
4EB
  8
TEXT
 10
8.214967668987043
 20
18.206867946294153
 30
0.0
 70
0
  0
VERTEX
  5
4EC
  8
TEXT
 10
8.177903680002094
 20
18.21875297949686
 30
0.0
 70
0
  0
VERTEX
  5
4ED
  8
TEXT
 10
8.14091130263987
 20
18.231888625904308
 30
0.0
 70
0
  0
VERTEX
  5
4EE
  8
TEXT
 10
8.10399053690037
 20
18.246274885516492
 30
0.0
 70
0
  0
SEQEND
  5
435
  8
TEXT
  0
POLYLINE
  5
4EF
  8
TEXT
 66
1
 10
0.0
 20
0.0
 30
0.0
 70
1
  0
VERTEX
  5
4F1
  8
TEXT
 10
8.215900335504386
 20
18.59866337070094
 30
0.0
 70
0
  0
VERTEX
  5
4F2
  8
TEXT
 10
8.249977254189881
 20
18.584421422544708
 30
0.0
 70
0
  0
VERTEX
  5
4F3
  8
TEXT
 10
8.284314540010975
 20
18.571687302414876
 30
0.0
 70
0
  0
VERTEX
  5
4F4
  8
TEXT
 10
8.31891219296767
 20
18.56046101031145
 30
0.0
 70
0
  0
VERTEX
  5
4F5
  8
TEXT
 10
8.353770213059965
 20
18.55074254623442
 30
0.0
 70
0
  0
VERTEX
  5
4F6
  8
TEXT
 10
8.27609443602064
 20
19.175770927665507
 30
0.0
 70
0
  0
VERTEX
  5
4F7
  8
TEXT
 10
8.661729346957639
 20
19.005417933420734
 30
0.0
 70
0
  0
VERTEX
  5
4F8
  8
TEXT
 10
8.720315746339347
 20
18.557598039285896
 30
0.0
 70
0
  0
VERTEX
  5
4F9
  8
TEXT
 10
8.746292494392717
 20
18.56415449774848
 30
0.0
 70
0
  0
VERTEX
  5
4FA
  8
TEXT
 10
8.771595433630148
 20
18.572451137447942
 30
0.0
 70
0
  0
VERTEX
  5
4FB
  8
TEXT
 10
8.796224564051641
 20
18.58248795838428
 30
0.0
 70
0
  0
VERTEX
  5
4FC
  8
TEXT
 10
8.830027913501082
 20
18.59661449355097
 30
0.0
 70
0
  0
VERTEX
  5
4FD
  8
TEXT
 10
8.862918325647424
 20
18.61246287692347
 30
0.0
 70
0
  0
VERTEX
  5
4FE
  8
TEXT
 10
8.894895800490668
 20
18.630033108501788
 30
0.0
 70
0
  0
VERTEX
  5
4FF
  8
TEXT
 10
8.925960338030814
 20
18.649325188285918
 30
0.0
 70
0
  0
VERTEX
  5
500
  8
TEXT
 10
8.956111938267862
 20
18.670339116275866
 30
0.0
 70
0
  0
VERTEX
  5
501
  8
TEXT
 10
8.98535060120181
 20
18.693074892471625
 30
0.0
 70
0
  0
VERTEX
  5
502
  8
TEXT
 10
9.01367632683266
 20
18.7175325168732
 30
0.0
 70
0
  0
VERTEX
  5
503
  8
TEXT
 10
9.041089115160414
 20
18.743711989480587
 30
0.0
 70
0
  0
VERTEX
  5
504
  8
TEXT
 10
9.067410375208715
 20
18.771438632854725
 30
0.0
 70
0
  0
VERTEX
  5
505
  8
TEXT
 10
9.092461516001212
 20
18.800537769556556
 30
0.0
 70
0
  0
VERTEX
  5
506
  8
TEXT
 10
9.116242537537904
 20
18.831009399586076
 30
0.0
 70
0
  0
VERTEX
  5
507
  8
TEXT
 10
9.13875343981879
 20
18.86285352294329
 30
0.0
 70
0
  0
VERTEX
  5
508
  8
TEXT
 10
9.159994222843874
 20
18.89607013962819
 30
0.0
 70
0
  0
VERTEX
  5
509
  8
TEXT
 10
9.179964886613153
 20
18.93065924964078
 30
0.0
 70
0
  0
VERTEX
  5
50A
  8
TEXT
 10
9.198665431126624
 20
18.966620852981062
 30
0.0
 70
0
  0
VERTEX
  5
50B
  8
TEXT
 10
9.216095856384294
 20
19.003954949649035
 30
0.0
 70
0
  0
VERTEX
  5
50C
  8
TEXT
 10
9.231946872728914
 20
19.041961388232895
 30
0.0
 70
0
  0
VERTEX
  5
50D
  8
TEXT
 10
9.24590919050324
 20
19.079940017320837
 30
0.0
 70
0
  0
VERTEX
  5
50E
  8
TEXT
 10
9.25798280970727
 20
19.11789083691287
 30
0.0
 70
0
  0
VERTEX
  5
50F
  8
TEXT
 10
9.268167730341009
 20
19.155813847008986
 30
0.0
 70
0
  0
VERTEX
  5
510
  8
TEXT
 10
9.276463952404454
 20
19.193709047609186
 30
0.0
 70
0
  0
VERTEX
  5
511
  8
TEXT
 10
9.282871475897604
 20
19.23157643871347
 30
0.0
 70
0
  0
VERTEX
  5
512
  8
TEXT
 10
9.28739030082046
 20
19.26941602032184
 30
0.0
 70
0
  0
VERTEX
  5
513
  8
TEXT
 10
9.290020427173022
 20
19.3072277924343
 30
0.0
 70
0
  0
VERTEX
  5
514
  8
TEXT
 10
9.290802331605544
 20
19.344816376015423
 30
0.0
 70
0
  0
VERTEX
  5
515
  8
TEXT
 10
9.289776490768274
 20
19.38198639202979
 30
0.0
 70
0
  0
VERTEX
  5
516
  8
TEXT
 10
9.286942904661213
 20
19.41873784047741
 30
0.0
 70
0
  0
VERTEX
  5
517
  8
TEXT
 10
9.28230157328436
 20
19.455070721358272
 30
0.0
 70
0
  0
VERTEX
  5
518
  8
TEXT
 10
9.275852496637718
 20
19.49098503467238
 30
0.0
 70
0
  0
VERTEX
  5
519
  8
TEXT
 10
9.267595674721285
 20
19.526480780419735
 30
0.0
 70
0
  0
VERTEX
  5
51A
  8
TEXT
 10
9.25753110753506
 20
19.56155795860034
 30
0.0
 70
0
  0
VERTEX
  5
51B
  8
TEXT
 10
9.245658795079047
 20
19.59621656921419
 30
0.0
 70
0
  0
VERTEX
  5
51C
  8
TEXT
 10
9.232085336013574
 20
19.630181310151542
 30
0.0
 70
0
  0
VERTEX
  5
51D
  8
TEXT
 10
9.21691732899898
 20
19.663176879302664
 30
0.0
 70
0
  0
VERTEX
  5
51E
  8
TEXT
 10
9.200154774035262
 20
19.695203276667552
 30
0.0
 70
0
  0
VERTEX
  5
51F
  8
TEXT
 10
9.181797671122421
 20
19.726260502246205
 30
0.0
 70
0
  0
VERTEX
  5
520
  8
TEXT
 10
9.161846020260459
 20
19.756348556038628
 30
0.0
 70
0
  0
VERTEX
  5
521
  8
TEXT
 10
9.140299821449373
 20
19.785467438044815
 30
0.0
 70
0
  0
VERTEX
  5
522
  8
TEXT
 10
9.117159074689164
 20
19.81361714826477
 30
0.0
 70
0
  0
VERTEX
  5
523
  8
TEXT
 10
9.092423779979832
 20
19.840797686698487
 30
0.0
 70
0
  0
VERTEX
  5
524
  8
TEXT
 10
9.06617437550879
 20
19.866846735315598
 30
0.0
 70
0
  0
VERTEX
  5
525
  8
TEXT
 10
9.038491299463448
 20
19.891601976085713
 30
0.0
 70
0
  0
VERTEX
  5
526
  8
TEXT
 10
9.009374551843807
 20
19.915063409008845
 30
0.0
 70
0
  0
VERTEX
  5
527
  8
TEXT
 10
8.978824132649867
 20
19.93723103408498
 30
0.0
 70
0
  0
VERTEX
  5
528
  8
TEXT
 10
8.946840041881629
 20
19.95810485131413
 30
0.0
 70
0
  0
VERTEX
  5
529
  8
TEXT
 10
8.91342227953909
 20
19.97768486069629
 30
0.0
 70
0
  0
VERTEX
  5
52A
  8
TEXT
 10
8.878570845622253
 20
19.995971062231455
 30
0.0
 70
0
  0
VERTEX
  5
52B
  8
TEXT
 10
8.842285740131116
 20
20.012963455919635
 30
0.0
 70
0
  0
VERTEX
  5
52C
  8
TEXT
 10
8.805288331186931
 20
20.028343379689723
 30
0.0
 70
0
  0
VERTEX
  5
52D
  8
TEXT
 10
8.76829998691095
 20
20.041792171470618
 30
0.0
 70
0
  0
VERTEX
  5
52E
  8
TEXT
 10
8.731320707303171
 20
20.053309831262325
 30
0.0
 70
0
  0
VERTEX
  5
52F
  8
TEXT
 10
8.694350492363595
 20
20.06289635906484
 30
0.0
 70
0
  0
VERTEX
  5
530
  8
TEXT
 10
8.657389342092221
 20
20.070551754878164
 30
0.0
 70
0
  0
VERTEX
  5
531
  8
TEXT
 10
8.620437256489051
 20
20.0762760187023
 30
0.0
 70
0
  0
VERTEX
  5
532
  8
TEXT
 10
8.583494235554085
 20
20.08006915053724
 30
0.0
 70
0
  0
VERTEX
  5
533
  8
TEXT
 10
8.54656027928732
 20
20.081931150382992
 30
0.0
 70
0
  0
VERTEX
  5
534
  8
TEXT
 10
8.509809550014728
 20
20.08191186730366
 30
0.0
 70
0
  0
VERTEX
  5
535
  8
TEXT
 10
8.473416210062283
 20
20.080061150363353
 30
0.0
 70
0
  0
VERTEX
  5
536
  8
TEXT
 10
8.43738025942998
 20
20.076378999562067
 30
0.0
 70
0
  0
VERTEX
  5
537
  8
TEXT
 10
8.401701698117822
 20
20.070865414899806
 30
0.0
 70
0
  0
VERTEX
  5
538
  8
TEXT
 10
8.366380526125809
 20
20.06352039637657
 30
0.0
 70
0
  0
VERTEX
  5
539
  8
TEXT
 10
8.331416743453941
 20
20.054343943992357
 30
0.0
 70
0
  0
VERTEX
  5
53A
  8
TEXT
 10
8.296810350102218
 20
20.04333605774717
 30
0.0
 70
0
  0
VERTEX
  5
53B
  8
TEXT
 10
8.262561346070639
 20
20.030496737641005
 30
0.0
 70
0
  0
VERTEX
  5
53C
  8
TEXT
 10
8.228923816759496
 20
20.015941954748055
 30
0.0
 70
0
  0
VERTEX
  5
53D
  8
TEXT
 10
8.19615184756908
 20
19.999787680142507
 30
0.0
 70
0
  0
VERTEX
  5
53E
  8
TEXT
 10
8.164245438499393
 20
19.982033913824363
 30
0.0
 70
0
  0
VERTEX
  5
53F
  8
TEXT
 10
8.13320458955043
 20
19.962680655793623
 30
0.0
 70
0
  0
VERTEX
  5
540
  8
TEXT
 10
8.103029300722199
 20
19.941727906050286
 30
0.0
 70
0
  0
VERTEX
  5
541
  8
TEXT
 10
8.073719572014694
 20
19.919175664594352
 30
0.0
 70
0
  0
VERTEX
  5
542
  8
TEXT
 10
8.045275403427917
 20
19.895023931425822
 30
0.0
 70
0
  0
VERTEX
  5
543
  8
TEXT
 10
8.017696794961866
 20
19.8692727065447
 30
0.0
 70
0
  0
VERTEX
  5
544
  8
TEXT
 10
7.991197870479675
 20
19.842004900020125
 30
0.0
 70
0
  0
VERTEX
  5
545
  8
TEXT
 10
7.965992753844474
 20
19.81330342192125
 30
0.0
 70
0
  0
VERTEX
  5
546
  8
TEXT
 10
7.942081445056263
 20
19.78316827224808
 30
0.0
 70
0
  0
VERTEX
  5
547
  8
TEXT
 10
7.919463944115042
 20
19.751599451000608
 30
0.0
 70
0
  0
VERTEX
  5
548
  8
TEXT
 10
7.89814025102081
 20
19.71859695817884
 30
0.0
 70
0
  0
VERTEX
  5
549
  8
TEXT
 10
7.878110365773569
 20
19.68416079378277
 30
0.0
 70
0
  0
VERTEX
  5
54A
  8
TEXT
 10
7.859374288373317
 20
19.648290957812403
 30
0.0
 70
0
  0
VERTEX
  5
54B
  8
TEXT
 10
7.841932018820056
 20
19.610987450267736
 30
0.0
 70
0
  0
VERTEX
  5
54C
  8
TEXT
 10
7.826092846771029
 20
19.57295042256057
 30
0.0
 70
0
  0
VERTEX
  5
54D
  8
TEXT
 10
7.812166061883482
 20
19.534880026102712
 30
0.0
 70
0
  0
VERTEX
  5
54E
  8
TEXT
 10
7.800151664157413
 20
19.49677626089416
 30
0.0
 70
0
  0
VERTEX
  5
54F
  8
TEXT
 10
7.790049653592823
 20
19.458639126934912
 30
0.0
 70
0
  0
VERTEX
  5
550
  8
TEXT
 10
7.781860030189713
 20
19.420468624224974
 30
0.0
 70
0
  0
VERTEX
  5
551
  8
TEXT
 10
7.775582793948082
 20
19.382264752764335
 30
0.0
 70
0
  0
VERTEX
  5
552
  8
TEXT
 10
7.77121794486793
 20
19.34402751255301
 30
0.0
 70
0
  0
VERTEX
  5
553
  8
TEXT
 10
7.768765482949257
 20
19.305756903590982
 30
0.0
 70
0
  0
VERTEX
  5
554
  8
TEXT
 10
7.7681706153644825
 20
19.26773069986974
 30
0.0
 70
0
  0
VERTEX
  5
555
  8
TEXT
 10
7.769378549286024
 20
19.23022667538076
 30
0.0
 70
0
  0
VERTEX
  5
556
  8
TEXT
 10
7.772389284713885
 20
19.193244830124037
 30
0.0
 70
0
  0
VERTEX
  5
557
  8
TEXT
 10
7.7772028216480615
 20
19.156785164099574
 30
0.0
 70
0
  0
VERTEX
  5
558
  8
TEXT
 10
7.783819160088556
 20
19.12084767730737
 30
0.0
 70
0
  0
VERTEX
  5
559
  8
TEXT
 10
7.792238300035367
 20
19.08543236974743
 30
0.0
 70
0
  0
VERTEX
  5
55A
  8
TEXT
 10
7.802460241488496
 20
19.050539241419745
 30
0.0
 70
0
  0
VERTEX
  5
55B
  8
TEXT
 10
7.814484984447942
 20
19.01616829232432
 30
0.0
 70
0
  0
VERTEX
  5
55C
  8
TEXT
 10
7.828189657307396
 20
18.982500585319244
 30
0.0
 70
0
  0
VERTEX
  5
55D
  8
TEXT
 10
7.84345138846055
 20
18.949717183262607
 30
0.0
 70
0
  0
VERTEX
  5
55E
  8
TEXT
 10
7.8602701779074025
 20
18.917818086154412
 30
0.0
 70
0
  0
VERTEX
  5
55F
  8
TEXT
 10
7.878646025647955
 20
18.886803293994653
 30
0.0
 70
0
  0
VERTEX
  5
560
  8
TEXT
 10
7.898578931682206
 20
18.856672806783337
 30
0.0
 70
0
  0
VERTEX
  5
561
  8
TEXT
 10
7.920068896010156
 20
18.827426624520456
 30
0.0
 70
0
  0
VERTEX
  5
562
  8
TEXT
 10
7.943115918631806
 20
18.799064747206018
 30
0.0
 70
0
  0
VERTEX
  5
563
  8
TEXT
 10
7.967719999547156
 20
18.77158717484002
 30
0.0
 70
0
  0
VERTEX
  5
564
  8
TEXT
 10
7.993807601100911
 20
18.745229247995038
 30
0.0
 70
0
  0
VERTEX
  5
565
  8
TEXT
 10
8.02130518563778
 20
18.720226307243657
 30
0.0
 70
0
  0
VERTEX
  5
566
  8
TEXT
 10
8.050212753157764
 20
18.696578352585874
 30
0.0
 70
0
  0
VERTEX
  5
567
  8
TEXT
 10
8.080530303660861
 20
18.67428538402169
 30
0.0
 70
0
  0
VERTEX
  5
568
  8
TEXT
 10
8.112257837147071
 20
18.653347401551102
 30
0.0
 70
0
  0
VERTEX
  5
569
  8
TEXT
 10
8.145395353616395
 20
18.633764405174116
 30
0.0
 70
0
  0
VERTEX
  5
56A
  8
TEXT
 10
8.179942853068836
 20
18.61553639489073
 30
0.0
 70
0
  0
SEQEND
  5
4F0
  8
TEXT
  0
POLYLINE
  5
56B
  8
TEXT
 66
1
 10
0.0
 20
0.0
 30
0.0
 70
1
  0
VERTEX
  5
56D
  8
TEXT
 10
10.389666454760214
 20
17.047903745557882
 30
0.0
 70
0
  0
VERTEX
  5
56E
  8
TEXT
 10
10.354154947469752
 20
17.0704150667274
 30
0.0
 70
0
  0
VERTEX
  5
56F
  8
TEXT
 10
10.320084978555851
 20
17.093786267103408
 30
0.0
 70
0
  0
VERTEX
  5
570
  8
TEXT
 10
10.287456548018513
 20
17.1180173466859
 30
0.0
 70
0
  0
VERTEX
  5
571
  8
TEXT
 10
10.256269655857738
 20
17.14310830547488
 30
0.0
 70
0
  0
VERTEX
  5
572
  8
TEXT
 10
10.226524302073523
 20
17.16905914347035
 30
0.0
 70
0
  0
VERTEX
  5
573
  8
TEXT
 10
10.19822048666587
 20
17.195869860672303
 30
0.0
 70
0
  0
VERTEX
  5
574
  8
TEXT
 10
10.171358209634779
 20
17.223540457080745
 30
0.0
 70
0
  0
VERTEX
  5
575
  8
TEXT
 10
10.145937470980249
 20
17.252070932695677
 30
0.0
 70
0
  0
VERTEX
  5
576
  8
TEXT
 10
10.121958270702281
 20
17.281461287517093
 30
0.0
 70
0
  0
VERTEX
  5
577
  8
TEXT
 10
10.099420608800875
 20
17.311711521544996
 30
0.0
 70
0
  0
VERTEX
  5
578
  8
TEXT
 10
10.07832448527603
 20
17.34282163477939
 30
0.0
 70
0
  0
VERTEX
  5
579
  8
TEXT
 10
10.058669900127747
 20
17.37479162722027
 30
0.0
 70
0
  0
VERTEX
  5
57A
  8
TEXT
 10
10.040531460231993
 20
17.40735269313372
 30
0.0
 70
0
  0
VERTEX
  5
57B
  8
TEXT
 10
10.023983772464733
 20
17.440236026785833
 30
0.0
 70
0
  0
VERTEX
  5
57C
  8
TEXT
 10
10.009026836825969
 20
17.473441628176605
 30
0.0
 70
0
  0
VERTEX
  5
57D
  8
TEXT
 10
9.995660653315701
 20
17.506969497306034
 30
0.0
 70
0
  0
VERTEX
  5
57E
  8
TEXT
 10
9.983885221933928
 20
17.540819634174124
 30
0.0
 70
0
  0
VERTEX
  5
57F
  8
TEXT
 10
9.973700542680648
 20
17.57499203878087
 30
0.0
 70
0
  0
VERTEX
  5
580
  8
TEXT
 10
9.965106615555866
 20
17.60948671112628
 30
0.0
 70
0
  0
VERTEX
  5
581
  8
TEXT
 10
9.958103440559578
 20
17.644303651210343
 30
0.0
 70
0
  0
VERTEX
  5
582
  8
TEXT
 10
9.952691017691784
 20
17.67944285903307
 30
0.0
 70
0
  0
VERTEX
  5
583
  8
TEXT
 10
9.948869346952486
 20
17.714904334594454
 30
0.0
 70
0
  0
VERTEX
  5
584
  8
TEXT
 10
9.946638428341684
 20
17.750688077894498
 30
0.0
 70
0
  0
VERTEX
  5
585
  8
TEXT
 10
9.945998261859376
 20
17.7867940889332
 30
0.0
 70
0
  0
VERTEX
  5
586
  8
TEXT
 10
9.947005367118503
 20
17.82295854892502
 30
0.0
 70
0
  0
VERTEX
  5
587
  8
TEXT
 10
9.949716263732004
 20
17.858917639084414
 30
0.0
 70
0
  0
VERTEX
  5
588
  8
TEXT
 10
9.954130951699879
 20
17.894671359411387
 30
0.0
 70
0
  0
VERTEX
  5
589
  8
TEXT
 10
9.960249431022127
 20
17.930219709905934
 30
0.0
 70
0
  0
VERTEX
  5
58A
  8
TEXT
 10
9.968071701698749
 20
17.96556269056806
 30
0.0
 70
0
  0
VERTEX
  5
58B
  8
TEXT
 10
9.977597763729745
 20
18.000700301397757
 30
0.0
 70
0
  0
VERTEX
  5
58C
  8
TEXT
 10
9.988827617115115
 20
18.035632542395035
 30
0.0
 70
0
  0
VERTEX
  5
58D
  8
TEXT
 10
10.001761261854858
 20
18.070359413559885
 30
0.0
 70
0
  0
VERTEX
  5
58E
  8
TEXT
 10
10.016398697948976
 20
18.104880914892313
 30
0.0
 70
0
  0
VERTEX
  5
58F
  8
TEXT
 10
10.032739925397467
 20
18.139197046392315
 30
0.0
 70
0
  0
VERTEX
  5
590
  8
TEXT
 10
10.05078494420033
 20
18.173307808059896
 30
0.0
 70
0
  0
VERTEX
  5
591
  8
TEXT
 10
10.07053375435757
 20
18.20721319989505
 30
0.0
 70
0
  0
VERTEX
  5
592
  8
TEXT
 10
10.811386637928093
 20
19.422843047467552
 30
0.0
 70
0
  0
VERTEX
  5
593
  8
TEXT
 10
11.156808049256044
 20
19.212329584722017
 30
0.0
 70
0
  0
VERTEX
  5
594
  8
TEXT
 10
10.427543062717387
 20
18.015713759791424
 30
0.0
 70
0
  0
VERTEX
  5
595
  8
TEXT
 10
10.408384010996233
 20
17.981889830789314
 30
0.0
 70
0
  0
VERTEX
  5
596
  8
TEXT
 10
10.391961119602806
 20
17.94778200971431
 30
0.0
 70
0
  0
VERTEX
  5
597
  8
TEXT
 10
10.378274388537106
 20
17.913390296566405
 30
0.0
 70
0
  0
VERTEX
  5
598
  8
TEXT
 10
10.367323817799132
 20
17.87871469134561
 30
0.0
 70
0
  0
VERTEX
  5
599
  8
TEXT
 10
10.359109407388884
 20
17.843755194051916
 30
0.0
 70
0
  0
VERTEX
  5
59A
  8
TEXT
 10
10.353631157306364
 20
17.808511804685327
 30
0.0
 70
0
  0
VERTEX
  5
59B
  8
TEXT
 10
10.350889067551568
 20
17.772984523245842
 30
0.0
 70
0
  0
VERTEX
  5
59C
  8
TEXT
 10
10.350818991124605
 20
17.737664784744698
 30
0.0
 70
0
  0
VERTEX
  5
59D
  8
TEXT
 10
10.353356781025576
 20
17.70304402419314
 30
0.0
 70
0
  0
VERTEX
  5
59E
  8
TEXT
 10
10.358502437254483
 20
17.669122241591165
 30
0.0
 70
0
  0
VERTEX
  5
59F
  8
TEXT
 10
10.366255959811326
 20
17.635899436938768
 30
0.0
 70
0
  0
VERTEX
  5
5A0
  8
TEXT
 10
10.376617348696103
 20
17.603375610235958
 30
0.0
 70
0
  0
VERTEX
  5
5A1
  8
TEXT
 10
10.389586603908816
 20
17.57155076148273
 30
0.0
 70
0
  0
VERTEX
  5
5A2
  8
TEXT
 10
10.405163725449464
 20
17.540424890679084
 30
0.0
 70
0
  0
VERTEX
  5
5A3
  8
TEXT
 10
10.42321897703988
 20
17.510396363978234
 30
0.0
 70
0
  0
VERTEX
  5
5A4
  8
TEXT
 10
10.443622622401895
 20
17.481863547533393
 30
0.0
 70
0
  0
VERTEX
  5
5A5
  8
TEXT
 10
10.46637466153551
 20
17.45482644134456
 30
0.0
 70
0
  0
VERTEX
  5
5A6
  8
TEXT
 10
10.491475094440727
 20
17.42928504541174
 30
0.0
 70
0
  0
VERTEX
  5
5A7
  8
TEXT
 10
10.518923921117542
 20
17.405239359734924
 30
0.0
 70
0
  0
VERTEX
  5
5A8
  8
TEXT
 10
10.548721141565958
 20
17.38268938431412
 30
0.0
 70
0
  0
VERTEX
  5
5A9
  8
TEXT
 10
10.580866755785973
 20
17.361635119149323
 30
0.0
 70
0
  0
VERTEX
  5
5AA
  8
TEXT
 10
10.614798103923901
 20
17.342419471397605
 30
0.0
 70
0
  0
VERTEX
  5
5AB
  8
TEXT
 10
10.648866010546511
 20
17.326047513760702
 30
0.0
 70
0
  0
VERTEX
  5
5AC
  8
TEXT
 10
10.683070475653807
 20
17.312519246238615
 30
0.0
 70
0
  0
VERTEX
  5
5AD
  8
TEXT
 10
10.717411499245786
 20
17.301834668831347
 30
0.0
 70
0
  0
VERTEX
  5
5AE
  8
TEXT
 10
10.75188908132245
 20
17.293993781538898
 30
0.0
 70
0
  0
VERTEX
  5
5AF
  8
TEXT
 10
10.786503221883798
 20
17.288996584361268
 30
0.0
 70
0
  0
VERTEX
  5
5B0
  8
TEXT
 10
10.821253920929832
 20
17.286843077298453
 30
0.0
 70
0
  0
VERTEX
  5
5B1
  8
TEXT
 10
10.85580526520463
 20
17.287418679430676
 30
0.0
 70
0
  0
VERTEX
  5
5B2
  8
TEXT
 10
10.889821341452272
 20
17.29060880983816
 30
0.0
 70
0
  0
VERTEX
  5
5B3
  8
TEXT
 10
10.92330214967276
 20
17.2964134685209
 30
0.0
 70
0
  0
VERTEX
  5
5B4
  8
TEXT
 10
10.95624768986609
 20
17.3048326554789
 30
0.0
 70
0
  0
VERTEX
  5
5B5
  8
TEXT
 10
10.988657962032267
 20
17.315866370712158
 30
0.0
 70
0
  0
VERTEX
  5
5B6
  8
TEXT
 10
11.02053296617129
 20
17.32951461422067
 30
0.0
 70
0
  0
VERTEX
  5
5B7
  8
TEXT
 10
11.051872702283156
 20
17.345777386004446
 30
0.0
 70
0
  0
VERTEX
  5
5B8
  8
TEXT
 10
11.082191592223353
 20
17.364498275286152
 30
0.0
 70
0
  0
VERTEX
  5
5B9
  8
TEXT
 10
11.111004057847369
 20
17.385520871288467
 30
0.0
 70
0
  0
VERTEX
  5
5BA
  8
TEXT
 10
11.138310099155204
 20
17.40884517401139
 30
0.0
 70
0
  0
VERTEX
  5
5BB
  8
TEXT
 10
11.164109716146857
 20
17.43447118345492
 30
0.0
 70
0
  0
VERTEX
  5
5BC
  8
TEXT
 10
11.188402908822328
 20
17.462398899619064
 30
0.0
 70
0
  0
VERTEX
  5
5BD
  8
TEXT
 10
11.211189677181617
 20
17.492628322503812
 30
0.0
 70
0
  0
VERTEX
  5
5BE
  8
TEXT
 10
11.232470021224724
 20
17.52515945210917
 30
0.0
 70
0
  0
VERTEX
  5
5BF
  8
TEXT
 10
11.961735007763382
 20
18.72177527703976
 30
0.0
 70
0
  0
VERTEX
  5
5C0
  8
TEXT
 10
12.307156419091335
 20
18.51126181429423
 30
0.0
 70
0
  0
VERTEX
  5
5C1
  8
TEXT
 10
11.566303535520813
 20
17.29563196672173
 30
0.0
 70
0
  0
VERTEX
  5
5C2
  8
TEXT
 10
11.545221102942163
 20
17.262539337108947
 30
0.0
 70
0
  0
VERTEX
  5
5C3
  8
TEXT
 10
11.523175216875064
 20
17.23086686210849
 30
0.0
 70
0
  0
VERTEX
  5
5C4
  8
TEXT
 10
11.500165877319516
 20
17.200614541720356
 30
0.0
 70
0
  0
VERTEX
  5
5C5
  8
TEXT
 10
11.476193084275518
 20
17.171782375944545
 30
0.0
 70
0
  0
VERTEX
  5
5C6
  8
TEXT
 10
11.451256837743072
 20
17.144370364781057
 30
0.0
 70
0
  0
VERTEX
  5
5C7
  8
TEXT
 10
11.425357137722177
 20
17.118378508229892
 30
0.0
 70
0
  0
VERTEX
  5
5C8
  8
TEXT
 10
11.398493984212832
 20
17.093806806291052
 30
0.0
 70
0
  0
VERTEX
  5
5C9
  8
TEXT
 10
11.370667377215039
 20
17.070655258964536
 30
0.0
 70
0
  0
VERTEX
  5
5CA
  8
TEXT
 10
11.341877316728795
 20
17.048923866250345
 30
0.0
 70
0
  0
VERTEX
  5
5CB
  8
TEXT
 10
11.312123802754103
 20
17.028612628148473
 30
0.0
 70
0
  0
VERTEX
  5
5CC
  8
TEXT
 10
11.281406835290962
 20
17.009721544658927
 30
0.0
 70
0
  0
VERTEX
  5
5CD
  8
TEXT
 10
11.249726414339372
 20
16.992250615781707
 30
0.0
 70
0
  0
VERTEX
  5
5CE
  8
TEXT
 10
11.217345121360824
 20
16.976269187493365
 30
0.0
 70
0
  0
VERTEX
  5
5CF
  8
TEXT
 10
11.184525537816809
 20
16.961846605770464
 30
0.0
 70
0
  0
VERTEX
  5
5D0
  8
TEXT
 10
11.151267663707324
 20
16.948982870613
 30
0.0
 70
0
  0
VERTEX
  5
5D1
  8
TEXT
 10
11.117571499032374
 20
16.937677982020976
 30
0.0
 70
0
  0
VERTEX
  5
5D2
  8
TEXT
 10
11.083437043791957
 20
16.92793193999439
 30
0.0
 70
0
  0
VERTEX
  5
5D3
  8
TEXT
 10
11.048864297986071
 20
16.919744744533247
 30
0.0
 70
0
  0
VERTEX
  5
5D4
  8
TEXT
 10
11.013853261614717
 20
16.91311639563754
 30
0.0
 70
0
  0
VERTEX
  5
5D5
  8
TEXT
 10
10.978403934677898
 20
16.908046893307272
 30
0.0
 70
0
  0
VERTEX
  5
5D6
  8
TEXT
 10
10.94251631717561
 20
16.90453623754244
 30
0.0
 70
0
  0
VERTEX
  5
5D7
  8
TEXT
 10
10.906190409107854
 20
16.902584428343054
 30
0.0
 70
0
  0
VERTEX
  5
5D8
  8
TEXT
 10
10.86942621047463
 20
16.9021914657091
 30
0.0
 70
0
  0
VERTEX
  5
5D9
  8
TEXT
 10
10.832223721275941
 20
16.90335734964059
 30
0.0
 70
0
  0
VERTEX
  5
5DA
  8
TEXT
 10
10.797719149489902
 20
16.905870193633273
 30
0.0
 70
0
  0
VERTEX
  5
5DB
  8
TEXT
 10
10.763291528559025
 20
16.909817389215856
 30
0.0
 70
0
  0
VERTEX
  5
5DC
  8
TEXT
 10
10.728940858483313
 20
16.915198936388347
 30
0.0
 70
0
  0
VERTEX
  5
5DD
  8
TEXT
 10
10.694667139262764
 20
16.922014835150737
 30
0.0
 70
0
  0
VERTEX
  5
5DE
  8
TEXT
 10
10.66047037089738
 20
16.930265085503027
 30
0.0
 70
0
  0
VERTEX
  5
5DF
  8
TEXT
 10
10.62635055338716
 20
16.939949687445225
 30
0.0
 70
0
  0
VERTEX
  5
5E0
  8
TEXT
 10
10.592307686732104
 20
16.951068640977326
 30
0.0
 70
0
  0
VERTEX
  5
5E1
  8
TEXT
 10
10.558341770932213
 20
16.963621946099327
 30
0.0
 70
0
  0
VERTEX
  5
5E2
  8
TEXT
 10
10.524452805987485
 20
16.97760960281123
 30
0.0
 70
0
  0
VERTEX
  5
5E3
  8
TEXT
 10
10.49064079189792
 20
16.99303161111304
 30
0.0
 70
0
  0
VERTEX
  5
5E4
  8
TEXT
 10
10.456905728663521
 20
17.00988797100475
 30
0.0
 70
0
  0
VERTEX
  5
5E5
  8
TEXT
 10
10.423247616284286
 20
17.028178682486367
 30
0.0
 70
0
  0
SEQEND
  5
56C
  8
TEXT
  0
POLYLINE
  5
5E6
  8
TEXT
 66
1
 10
0.0
 20
0.0
 30
0.0
 70
1
  0
VERTEX
  5
5E8
  8
TEXT
 10
11.688588448945216
 20
16.230146581447723
 30
0.0
 70
0
  0
VERTEX
  5
5E9
  8
TEXT
 10
12.999237785227711
 20
18.0118408601898
 30
0.0
 70
0
  0
VERTEX
  5
5EA
  8
TEXT
 10
13.325084557682219
 20
17.7721415688227
 30
0.0
 70
0
  0
VERTEX
  5
5EB
  8
TEXT
 10
12.014435221399724
 20
15.990447290080622
 30
0.0
 70
0
  0
SEQEND
  5
5E7
  8
TEXT
  0
POLYLINE
  5
5EC
  8
TEXT
 66
1
 10
0.0
 20
0.0
 30
0.0
 70
1
  0
VERTEX
  5
5EE
  8
TEXT
 10
12.5625593433111
 20
15.581113684671926
 30
0.0
 70
0
  0
VERTEX
  5
5EF
  8
TEXT
 10
14.015860558457522
 20
17.248492394999587
 30
0.0
 70
0
  0
VERTEX
  5
5F0
  8
TEXT
 10
14.635812105787403
 20
16.708137446549173
 30
0.0
 70
0
  0
VERTEX
  5
5F1
  8
TEXT
 10
14.665971430129526
 20
16.68095524260005
 30
0.0
 70
0
  0
VERTEX
  5
5F2
  8
TEXT
 10
14.694596672473816
 20
16.653319987604966
 30
0.0
 70
0
  0
VERTEX
  5
5F3
  8
TEXT
 10
14.721687832820274
 20
16.62523168156393
 30
0.0
 70
0
  0
VERTEX
  5
5F4
  8
TEXT
 10
14.747244911168902
 20
16.596690324476928
 30
0.0
 70
0
  0
VERTEX
  5
5F5
  8
TEXT
 10
14.771267907519698
 20
16.567695916343972
 30
0.0
 70
0
  0
VERTEX
  5
5F6
  8
TEXT
 10
14.793756821872662
 20
16.538248457165057
 30
0.0
 70
0
  0
VERTEX
  5
5F7
  8
TEXT
 10
14.814711654227796
 20
16.508347946940184
 30
0.0
 70
0
  0
VERTEX
  5
5F8
  8
TEXT
 10
14.834132404585096
 20
16.477994385669355
 30
0.0
 70
0
  0
VERTEX
  5
5F9
  8
TEXT
 10
14.852019072944568
 20
16.447187773352567
 30
0.0
 70
0
  0
VERTEX
  5
5FA
  8
TEXT
 10
14.868371659306206
 20
16.415928109989817
 30
0.0
 70
0
  0
VERTEX
  5
5FB
  8
TEXT
 10
14.883190163670012
 20
16.384215395581112
 30
0.0
 70
0
  0
VERTEX
  5
5FC
  8
TEXT
 10
14.897588374881567
 20
16.34902014727006
 30
0.0
 70
0
  0
VERTEX
  5
5FD
  8
TEXT
 10
14.90986978911347
 20
16.313700730186603
 30
0.0
 70
0
  0
VERTEX
  5
5FE
  8
TEXT
 10
14.92003440636572
 20
16.278257144330748
 30
0.0
 70
0
  0
VERTEX
  5
5FF
  8
TEXT
 10
14.928082226638322
 20
16.24268938970249
 30
0.0
 70
0
  0
VERTEX
  5
600
  8
TEXT
 10
14.93401324993127
 20
16.20699746630183
 30
0.0
 70
0
  0
VERTEX
  5
601
  8
TEXT
 10
14.937827476244568
 20
16.171181374128768
 30
0.0
 70
0
  0
VERTEX
  5
602
  8
TEXT
 10
14.939524905578214
 20
16.135241113183305
 30
0.0
 70
0
  0
VERTEX
  5
603
  8
TEXT
 10
14.939105537932209
 20
16.09917668346544
 30
0.0
 70
0
  0
VERTEX
  5
604
  8
TEXT
 10
14.936569373306552
 20
16.062988084975178
 30
0.0
 70
0
  0
VERTEX
  5
605
  8
TEXT
 10
14.931916411701243
 20
16.02667531771251
 30
0.0
 70
0
  0
VERTEX
  5
606
  8
TEXT
 10
14.925751136482674
 20
15.993723116553184
 30
0.0
 70
0
  0
VERTEX
  5
607
  8
TEXT
 10
14.917639601909032
 20
15.961002606982245
 30
0.0
 70
0
  0
VERTEX
  5
608
  8
TEXT
 10
14.907581807980314
 20
15.92851378899969
 30
0.0
 70
0
  0
VERTEX
  5
609
  8
TEXT
 10
14.895577754696522
 20
15.896256662605518
 30
0.0
 70
0
  0
VERTEX
  5
60A
  8
TEXT
 10
14.881627442057654
 20
15.864231227799731
 30
0.0
 70
0
  0
VERTEX
  5
60B
  8
TEXT
 10
14.865730870063711
 20
15.83243748458233
 30
0.0
 70
0
  0
VERTEX
  5
60C
  8
TEXT
 10
14.847888038714695
 20
15.800875432953312
 30
0.0
 70
0
  0
VERTEX
  5
60D
  8
TEXT
 10
14.828098948010602
 20
15.76954507291268
 30
0.0
 70
0
  0
VERTEX
  5
60E
  8
TEXT
 10
14.806363597951437
 20
15.738446404460431
 30
0.0
 70
0
  0
VERTEX
  5
60F
  8
TEXT
 10
14.782681988537195
 20
15.707579427596567
 30
0.0
 70
0
  0
VERTEX
  5
610
  8
TEXT
 10
14.75705411976788
 20
15.676944142321087
 30
0.0
 70
0
  0
VERTEX
  5
611
  8
TEXT
 10
14.72943943616439
 20
15.646624719939318
 30
0.0
 70
0
  0
VERTEX
  5
612
  8
TEXT
 10
14.701216102164791
 20
15.618333035195583
 30
0.0
 70
0
  0
VERTEX
  5
613
  8
TEXT
 10
14.672384117769084
 20
15.592069088089886
 30
0.0
 70
0
  0
VERTEX
  5
614
  8
TEXT
 10
14.64294348297727
 20
15.567832878622223
 30
0.0
 70
0
  0
VERTEX
  5
615
  8
TEXT
 10
14.612894197789345
 20
15.545624406792598
 30
0.0
 70
0
  0
VERTEX
  5
616
  8
TEXT
 10
14.582236262205313
 20
15.525443672601007
 30
0.0
 70
0
  0
VERTEX
  5
617
  8
TEXT
 10
14.550969676225174
 20
15.507290676047454
 30
0.0
 70
0
  0
VERTEX
  5
618
  8
TEXT
 10
14.519094439848924
 20
15.491165417131937
 30
0.0
 70
0
  0
VERTEX
  5
619
  8
TEXT
 10
14.486610553076568
 20
15.477067895854454
 30
0.0
 70
0
  0
VERTEX
  5
61A
  8
TEXT
 10
14.453518015908102
 20
15.464998112215008
 30
0.0
 70
0
  0
VERTEX
  5
61B
  8
TEXT
 10
14.41981682834353
 20
15.4549560662136
 30
0.0
 70
0
  0
VERTEX
  5
61C
  8
TEXT
 10
14.382386257954447
 20
15.44614917580794
 30
0.0
 70
0
  0
VERTEX
  5
61D
  8
TEXT
 10
14.344906674864983
 20
15.439590494392226
 30
0.0
 70
0
  0
VERTEX
  5
61E
  8
TEXT
 10
14.307378079075136
 20
15.435280021966454
 30
0.0
 70
0
  0
VERTEX
  5
61F
  8
TEXT
 10
14.269800470584908
 20
15.433217758530628
 30
0.0
 70
0
  0
VERTEX
  5
620
  8
TEXT
 10
14.232173849394295
 20
15.433403704084744
 30
0.0
 70
0
  0
VERTEX
  5
621
  8
TEXT
 10
14.1944982155033
 20
15.435837858628805
 30
0.0
 70
0
  0
VERTEX
  5
622
  8
TEXT
 10
14.156773568911921
 20
15.440520222162808
 30
0.0
 70
0
  0
VERTEX
  5
623
  8
TEXT
 10
14.118999909620161
 20
15.447450794686757
 30
0.0
 70
0
  0
VERTEX
  5
624
  8
TEXT
 10
14.081177237628017
 20
15.45662957620065
 30
0.0
 70
0
  0
VERTEX
  5
625
  8
TEXT
 10
14.043305552935491
 20
15.468056566704485
 30
0.0
 70
0
  0
VERTEX
  5
626
  8
TEXT
 10
13.842748098086162
 20
14.465290469821252
 30
0.0
 70
0
  0
VERTEX
  5
627
  8
TEXT
 10
13.498081894877492
 20
14.76570441228105
 30
0.0
 70
0
  0
VERTEX
  5
628
  8
TEXT
 10
13.68986916034703
 20
15.681593717613472
 30
0.0
 70
0
  0
VERTEX
  5
629
  8
TEXT
 10
13.403393355082681
 20
15.931288423034603
 30
0.0
 70
0
  0
VERTEX
  5
62A
  8
TEXT
 10
12.866939886404472
 20
15.315813060161975
 30
0.0
 70
0
  0
SEQEND
  5
5ED
  8
TEXT
  0
POLYLINE
  5
62B
  8
TEXT
 66
1
 10
0.0
 20
0.0
 30
0.0
 70
1
  0
VERTEX
  5
62D
  8
TEXT
 10
13.63748214141499
 20
16.19985949046993
 30
0.0
 70
0
  0
VERTEX
  5
62E
  8
TEXT
 10
13.957529330108756
 20
15.920903686757262
 30
0.0
 70
0
  0
VERTEX
  5
62F
  8
TEXT
 10
13.985296489985782
 20
15.898287887500222
 30
0.0
 70
0
  0
VERTEX
  5
630
  8
TEXT
 10
14.013391694644042
 20
15.878558740252968
 30
0.0
 70
0
  0
VERTEX
  5
631
  8
TEXT
 10
14.041814944083535
 20
15.861716245015497
 30
0.0
 70
0
  0
VERTEX
  5
632
  8
TEXT
 10
14.070566238304263
 20
15.847760401787813
 30
0.0
 70
0
  0
VERTEX
  5
633
  8
TEXT
 10
14.099645577306223
 20
15.836691210569914
 30
0.0
 70
0
  0
VERTEX
  5
634
  8
TEXT
 10
14.129052961089418
 20
15.8285086713618
 30
0.0
 70
0
  0
VERTEX
  5
635
  8
TEXT
 10
14.164361704575859
 20
15.82238749308843
 30
0.0
 70
0
  0
VERTEX
  5
636
  8
TEXT
 10
14.19931656021803
 20
15.820198069956056
 30
0.0
 70
0
  0
VERTEX
  5
637
  8
TEXT
 10
14.233917528015935
 20
15.82194040196468
 30
0.0
 70
0
  0
VERTEX
  5
638
  8
TEXT
 10
14.26816460796957
 20
15.827614489114298
 30
0.0
 70
0
  0
VERTEX
  5
639
  8
TEXT
 10
14.302057800078938
 20
15.837220331404913
 30
0.0
 70
0
  0
VERTEX
  5
63A
  8
TEXT
 10
14.335055429692547
 20
15.850678684710848
 30
0.0
 70
0
  0
VERTEX
  5
63B
  8
TEXT
 10
14.36661582215891
 20
15.86791030490643
 30
0.0
 70
0
  0
VERTEX
  5
63C
  8
TEXT
 10
14.396738977478023
 20
15.888915191991654
 30
0.0
 70
0
  0
VERTEX
  5
63D
  8
TEXT
 10
14.42542489564989
 20
15.913693345966523
 30
0.0
 70
0
  0
VERTEX
  5
63E
  8
TEXT
 10
14.452673576674508
 20
15.942244766831038
 30
0.0
 70
0
  0
VERTEX
  5
63F
  8
TEXT
 10
14.47789979858605
 20
15.97389802691661
 30
0.0
 70
0
  0
VERTEX
  5
640
  8
TEXT
 10
14.498957747509797
 20
16.006191224771747
 30
0.0
 70
0
  0
VERTEX
  5
641
  8
TEXT
 10
14.515847423445756
 20
16.03912436039645
 30
0.0
 70
0
  0
VERTEX
  5
642
  8
TEXT
 10
14.528568826393922
 20
16.07269743379072
 30
0.0
 70
0
  0
VERTEX
  5
643
  8
TEXT
 10
14.537121956354298
 20
16.106910444954554
 30
0.0
 70
0
  0
VERTEX
  5
644
  8
TEXT
 10
14.541658340001153
 20
16.141395019567906
 30
0.0
 70
0
  0
VERTEX
  5
645
  8
TEXT
 10
14.542329504008752
 20
16.175782783310723
 30
0.0
 70
0
  0
VERTEX
  5
646
  8
TEXT
 10
14.5391354483771
 20
16.210073736183006
 30
0.0
 70
0
  0
VERTEX
  5
647
  8
TEXT
 10
14.532076173106194
 20
16.244267878184758
 30
0.0
 70
0
  0
VERTEX
  5
648
  8
TEXT
 10
14.521151678196038
 20
16.27836520931597
 30
0.0
 70
0
  0
VERTEX
  5
649
  8
TEXT
 10
14.509030017292472
 20
16.306379732438874
 30
0.0
 70
0
  0
VERTEX
  5
64A
  8
TEXT
 10
14.494093542464755
 20
16.333675092314323
 30
0.0
 70
0
  0
VERTEX
  5
64B
  8
TEXT
 10
14.476342253712884
 20
16.360251288942326
 30
0.0
 70
0
  0
VERTEX
  5
64C
  8
TEXT
 10
14.45577615103686
 20
16.38610832232288
 30
0.0
 70
0
  0
VERTEX
  5
64D
  8
TEXT
 10
14.432395234436681
 20
16.411246192455984
 30
0.0
 70
0
  0
VERTEX
  5
64E
  8
TEXT
 10
14.40619950391235
 20
16.43566489934164
 30
0.0
 70
0
  0
VERTEX
  5
64F
  8
TEXT
 10
14.086152315218584
 20
16.714620703054308
 30
0.0
 70
0
  0
SEQEND
  5
62C
  8
TEXT
  0
POLYLINE
  5
650
  8
TEXT
 66
1
 10
0.0
 20
0.0
 30
0.0
 70
1
  0
VERTEX
  5
652
  8
TEXT
 10
14.211553260010577
 20
14.093287581212785
 30
0.0
 70
0
  0
VERTEX
  5
653
  8
TEXT
 10
15.840647165500732
 20
15.58937889951352
 30
0.0
 70
0
  0
VERTEX
  5
654
  8
TEXT
 10
16.39691199123134
 20
14.983662105123221
 30
0.0
 70
0
  0
VERTEX
  5
655
  8
TEXT
 10
16.423873919277572
 20
14.953305697359209
 30
0.0
 70
0
  0
VERTEX
  5
656
  8
TEXT
 10
16.449261013878328
 20
14.922668999664372
 30
0.0
 70
0
  0
VERTEX
  5
657
  8
TEXT
 10
16.473073275033606
 20
14.891752012038708
 30
0.0
 70
0
  0
VERTEX
  5
658
  8
TEXT
 10
16.49531070274341
 20
14.860554734482218
 30
0.0
 70
0
  0
VERTEX
  5
659
  8
TEXT
 10
16.515973297007736
 20
14.8290771669949
 30
0.0
 70
0
  0
VERTEX
  5
65A
  8
TEXT
 10
16.535061057826585
 20
14.797319309576755
 30
0.0
 70
0
  0
VERTEX
  5
65B
  8
TEXT
 10
16.552573985199956
 20
14.765281162227783
 30
0.0
 70
0
  0
VERTEX
  5
65C
  8
TEXT
 10
16.568512079127853
 20
14.732962724947985
 30
0.0
 70
0
  0
VERTEX
  5
65D
  8
TEXT
 10
16.582875339610272
 20
14.700363997737359
 30
0.0
 70
0
  0
VERTEX
  5
65E
  8
TEXT
 10
16.595663766647217
 20
14.667484980595908
 30
0.0
 70
0
  0
VERTEX
  5
65F
  8
TEXT
 10
16.606877360238684
 20
14.634325673523628
 30
0.0
 70
0
  0
VERTEX
  5
660
  8
TEXT
 10
16.6172873940392
 20
14.59775184153898
 30
0.0
 70
0
  0
VERTEX
  5
661
  8
TEXT
 10
16.62557990632954
 20
14.561289140067952
 30
0.0
 70
0
  0
VERTEX
  5
662
  8
TEXT
 10
16.63175489710971
 20
14.52493756911055
 30
0.0
 70
0
  0
VERTEX
  5
663
  8
TEXT
 10
16.635812366379707
 20
14.488697128666772
 30
0.0
 70
0
  0
VERTEX
  5
664
  8
TEXT
 10
16.637752314139533
 20
14.452567818736616
 30
0.0
 70
0
  0
VERTEX
  5
665
  8
TEXT
 10
16.637574740389184
 20
14.416549639320085
 30
0.0
 70
0
  0
VERTEX
  5
666
  8
TEXT
 10
16.635279645128666
 20
14.380642590417176
 30
0.0
 70
0
  0
VERTEX
  5
667
  8
TEXT
 10
16.630867028357972
 20
14.344846672027893
 30
0.0
 70
0
  0
VERTEX
  5
668
  8
TEXT
 10
16.62433689007711
 20
14.309161884152232
 30
0.0
 70
0
  0
VERTEX
  5
669
  8
TEXT
 10
16.615689230286073
 20
14.273588226790196
 30
0.0
 70
0
  0
VERTEX
  5
66A
  8
TEXT
 10
16.60591090880255
 20
14.241522004550427
 30
0.0
 70
0
  0
VERTEX
  5
66B
  8
TEXT
 10
16.594223981708563
 20
14.209901687113355
 30
0.0
 70
0
  0
VERTEX
  5
66C
  8
TEXT
 10
16.58062844900412
 20
14.178727274478975
 30
0.0
 70
0
  0
VERTEX
  5
66D
  8
TEXT
 10
16.565124310689217
 20
14.147998766647289
 30
0.0
 70
0
  0
VERTEX
  5
66E
  8
TEXT
 10
16.547711566763855
 20
14.117716163618297
 30
0.0
 70
0
  0
VERTEX
  5
66F
  8
TEXT
 10
16.52839021722803
 20
14.087879465391998
 30
0.0
 70
0
  0
VERTEX
  5
670
  8
TEXT
 10
16.507160262081747
 20
14.058488671968393
 30
0.0
 70
0
  0
VERTEX
  5
671
  8
TEXT
 10
16.484021701325005
 20
14.029543783347481
 30
0.0
 70
0
  0
VERTEX
  5
672
  8
TEXT
 10
16.458974534957804
 20
14.001044799529263
 30
0.0
 70
0
  0
VERTEX
  5
673
  8
TEXT
 10
16.43201876298014
 20
13.972991720513738
 30
0.0
 70
0
  0
VERTEX
  5
674
  8
TEXT
 10
16.403154385392018
 20
13.945384546300907
 30
0.0
 70
0
  0
VERTEX
  5
675
  8
TEXT
 10
16.372350422341466
 20
13.91831142338416
 30
0.0
 70
0
  0
VERTEX
  5
676
  8
TEXT
 10
16.34116622359749
 20
13.893320990086835
 30
0.0
 70
0
  0
VERTEX
  5
677
  8
TEXT
 10
16.309601789160098
 20
13.870413246408928
 30
0.0
 70
0
  0
VERTEX
  5
678
  8
TEXT
 10
16.277657119029286
 20
13.84958819235044
 30
0.0
 70
0
  0
VERTEX
  5
679
  8
TEXT
 10
16.24533221320505
 20
13.830845827911373
 30
0.0
 70
0
  0
VERTEX
  5
67A
  8
TEXT
 10
16.212627071687393
 20
13.814186153091727
 30
0.0
 70
0
  0
VERTEX
  5
67B
  8
TEXT
 10
16.179541694476317
 20
13.7996091678915
 30
0.0
 70
0
  0
VERTEX
  5
67C
  8
TEXT
 10
16.14607608157182
 20
13.787114872310694
 30
0.0
 70
0
  0
VERTEX
  5
67D
  8
TEXT
 10
16.112230232973904
 20
13.776703266349307
 30
0.0
 70
0
  0
VERTEX
  5
67E
  8
TEXT
 10
16.078004148682567
 20
13.76837435000734
 30
0.0
 70
0
  0
VERTEX
  5
67F
  8
TEXT
 10
16.043397828697806
 20
13.762128123284793
 30
0.0
 70
0
  0
VERTEX
  5
680
  8
TEXT
 10
16.00522193903939
 20
13.757522651858558
 30
0.0
 70
0
  0
VERTEX
  5
681
  8
TEXT
 10
15.967246433293383
 20
13.755156977788092
 30
0.0
 70
0
  0
VERTEX
  5
682
  8
TEXT
 10
15.929471311459777
 20
13.755031101073396
 30
0.0
 70
0
  0
VERTEX
  5
683
  8
TEXT
 10
15.891896573538576
 20
13.757145021714468
 30
0.0
 70
0
  0
VERTEX
  5
684
  8
TEXT
 10
15.854522219529777
 20
13.76149873971131
 30
0.0
 70
0
  0
VERTEX
  5
685
  8
TEXT
 10
15.817348249433385
 20
13.768092255063923
 30
0.0
 70
0
  0
VERTEX
  5
686
  8
TEXT
 10
15.780374663249395
 20
13.776925567772306
 30
0.0
 70
0
  0
VERTEX
  5
687
  8
TEXT
 10
15.74360146097781
 20
13.787998677836457
 30
0.0
 70
0
  0
VERTEX
  5
688
  8
TEXT
 10
15.70702864261863
 20
13.801311585256379
 30
0.0
 70
0
  0
VERTEX
  5
689
  8
TEXT
 10
15.670656208171854
 20
13.81686429003207
 30
0.0
 70
0
  0
VERTEX
  5
68A
  8
TEXT
 10
15.360230084262954
 20
12.84249333431296
 30
0.0
 70
0
  0
VERTEX
  5
68B
  8
TEXT
 10
15.050970939271929
 20
13.17924563155522
 30
0.0
 70
0
  0
VERTEX
  5
68C
  8
TEXT
 10
15.343055182213512
 20
14.06824640199574
 30
0.0
 70
0
  0
VERTEX
  5
68D
  8
TEXT
 10
15.08600862014305
 20
14.348144415288008
 30
0.0
 70
0
  0
VERTEX
  5
68E
  8
TEXT
 10
14.484665232210443
 20
13.79589594208975
 30
0.0
 70
0
  0
SEQEND
  5
651
  8
TEXT
  0
POLYLINE
  5
68F
  8
TEXT
 66
1
 10
0.0
 20
0.0
 30
0.0
 70
1
  0
VERTEX
  5
691
  8
TEXT
 10
15.348413007604552
 20
14.589125567229065
 30
0.0
 70
0
  0
VERTEX
  5
692
  8
TEXT
 10
15.635582213667647
 20
14.27642700550411
 30
0.0
 70
0
  0
VERTEX
  5
693
  8
TEXT
 10
15.660672649677046
 20
14.250873932019122
 30
0.0
 70
0
  0
VERTEX
  5
694
  8
TEXT
 10
15.686408943139586
 20
14.228153391209023
 30
0.0
 70
0
  0
VERTEX
  5
695
  8
TEXT
 10
15.712791094055266
 20
14.208265383073813
 30
0.0
 70
0
  0
VERTEX
  5
696
  8
TEXT
 10
15.739819102424086
 20
14.191209907613494
 30
0.0
 70
0
  0
VERTEX
  5
697
  8
TEXT
 10
15.767492968246044
 20
14.176986964828062
 30
0.0
 70
0
  0
VERTEX
  5
698
  8
TEXT
 10
15.795812691521142
 20
14.16559655471752
 30
0.0
 70
0
  0
VERTEX
  5
699
  8
TEXT
 10
15.830225832800648
 20
14.15560096082209
 30
0.0
 70
0
  0
VERTEX
  5
69A
  8
TEXT
 10
15.864722891835163
 20
14.149552124191231
 30
0.0
 70
0
  0
VERTEX
  5
69B
  8
TEXT
 10
15.899303868624688
 20
14.147450044824948
 30
0.0
 70
0
  0
VERTEX
  5
69C
  8
TEXT
 10
15.933968763169224
 20
14.149294722723239
 30
0.0
 70
0
  0
VERTEX
  5
69D
  8
TEXT
 10
15.96871757546877
 20
14.155086157886101
 30
0.0
 70
0
  0
VERTEX
  5
69E
  8
TEXT
 10
16.003003185919344
 20
14.164805610023736
 30
0.0
 70
0
  0
VERTEX
  5
69F
  8
TEXT
 10
16.03627847491697
 20
14.178434338846337
 30
0.0
 70
0
  0
VERTEX
  5
6A0
  8
TEXT
 10
16.068543442461646
 20
14.195972344353905
 30
0.0
 70
0
  0
VERTEX
  5
6A1
  8
TEXT
 10
16.099798088553374
 20
14.217419626546441
 30
0.0
 70
0
  0
VERTEX
  5
6A2
  8
TEXT
 10
16.13004241319215
 20
14.242776185423942
 30
0.0
 70
0
  0
VERTEX
  5
6A3
  8
TEXT
 10
16.158620405409327
 20
14.27143956810656
 30
0.0
 70
0
  0
VERTEX
  5
6A4
  8
TEXT
 10
16.183126691653168
 20
14.3012007807015
 30
0.0
 70
0
  0
VERTEX
  5
6A5
  8
TEXT
 10
16.203561271923675
 20
14.33205982320876
 30
0.0
 70
0
  0
VERTEX
  5
6A6
  8
TEXT
 10
16.21992414622085
 20
14.364016695628344
 30
0.0
 70
0
  0
VERTEX
  5
6A7
  8
TEXT
 10
16.232215314544693
 20
14.397071397960246
 30
0.0
 70
0
  0
VERTEX
  5
6A8
  8
TEXT
 10
16.24054455585341
 20
14.430841035241041
 30
0.0
 70
0
  0
VERTEX
  5
6A9
  8
TEXT
 10
16.245021649105215
 20
14.464942712507293
 30
0.0
 70
0
  0
VERTEX
  5
6AA
  8
TEXT
 10
16.24564659430011
 20
14.499376429759002
 30
0.0
 70
0
  0
VERTEX
  5
6AB
  8
TEXT
 10
16.24241939143809
 20
14.534142186996169
 30
0.0
 70
0
  0
VERTEX
  5
6AC
  8
TEXT
 10
16.235340040519155
 20
14.569239984218793
 30
0.0
 70
0
  0
VERTEX
  5
6AD
  8
TEXT
 10
16.226396937521887
 20
14.598425067354611
 30
0.0
 70
0
  0
VERTEX
  5
6AE
  8
TEXT
 10
16.21457667010906
 20
14.627207288069815
 30
0.0
 70
0
  0
VERTEX
  5
6AF
  8
TEXT
 10
16.19987923828068
 20
14.655586646364403
 30
0.0
 70
0
  0
VERTEX
  5
6B0
  8
TEXT
 10
16.18230464203674
 20
14.683563142238375
 30
0.0
 70
0
  0
VERTEX
  5
6B1
  8
TEXT
 10
16.161852881377243
 20
14.711136775691731
 30
0.0
 70
0
  0
VERTEX
  5
6B2
  8
TEXT
 10
16.13852395630219
 20
14.73830754672447
 30
0.0
 70
0
  0
VERTEX
  5
6B3
  8
TEXT
 10
15.851354750239096
 20
15.051006108449426
 30
0.0
 70
0
  0
SEQEND
  5
690
  8
TEXT
  0
POLYLINE
  5
6B4
  8
TEXT
 66
1
 10
0.0
 20
0.0
 30
0.0
 70
1
  0
VERTEX
  5
6B6
  8
TEXT
 10
15.681829969788446
 20
12.431026316663813
 30
0.0
 70
0
  0
VERTEX
  5
6B7
  8
TEXT
 10
17.460235120834994
 20
13.74613517312061
 30
0.0
 70
0
  0
VERTEX
  5
6B8
  8
TEXT
 10
18.3353562155846
 20
12.562719933347019
 30
0.0
 70
0
  0
VERTEX
  5
6B9
  8
TEXT
 10
18.04890169461066
 20
12.35089031888418
 30
0.0
 70
0
  0
VERTEX
  5
6BA
  8
TEXT
 10
17.414295474615734
 20
13.209060321301942
 30
0.0
 70
0
  0
VERTEX
  5
6BB
  8
TEXT
 10
16.95716180156149
 20
12.871015561554993
 30
0.0
 70
0
  0
VERTEX
  5
6BC
  8
TEXT
 10
17.556463085812606
 20
12.060587979299553
 30
0.0
 70
0
  0
VERTEX
  5
6BD
  8
TEXT
 10
17.270008564838665
 20
11.848758364836714
 30
0.0
 70
0
  0
VERTEX
  5
6BE
  8
TEXT
 10
16.67070728058755
 20
12.659185947092153
 30
0.0
 70
0
  0
VERTEX
  5
6BF
  8
TEXT
 10
16.20879936551707
 20
12.317610693770824
 30
0.0
 70
0
  0
VERTEX
  5
6C0
  8
TEXT
 10
16.843405585511995
 20
11.45944069135306
 30
0.0
 70
0
  0
VERTEX
  5
6C1
  8
TEXT
 10
16.556951064538055
 20
11.24761107689022
 30
0.0
 70
0
  0
SEQEND
  5
6B5
  8
TEXT
  0
POLYLINE
  5
6C2
  8
TEXT
 66
1
 10
0.0
 20
0.0
 30
0.0
 70
1
  0
VERTEX
  5
6C4
  8
TEXT
 10
16.855670298693006
 20
10.781417184157261
 30
0.0
 70
0
  0
VERTEX
  5
6C5
  8
TEXT
 10
18.75349924732068
 20
11.917410787726741
 30
0.0
 70
0
  0
VERTEX
  5
6C6
  8
TEXT
 10
18.961256466765434
 20
11.570324620947519
 30
0.0
 70
0
  0
VERTEX
  5
6C7
  8
TEXT
 10
17.369118087044228
 20
10.617309852852317
 30
0.0
 70
0
  0
VERTEX
  5
6C8
  8
TEXT
 10
17.85515561877278
 20
9.805319279194503
 30
0.0
 70
0
  0
VERTEX
  5
6C9
  8
TEXT
 10
17.54946504986631
 20
9.622340443720224
 30
0.0
 70
0
  0
SEQEND
  5
6C3
  8
TEXT
  0
POLYLINE
  5
6CA
  8
TEXT
 66
1
 10
0.0
 20
0.0
 30
0.0
 70
1
  0
VERTEX
  5
6CC
  8
TEXT
 10
-16.951941789735717
 20
-14.94865082839593
 30
0.0
 70
0
  0
VERTEX
  5
6CD
  8
TEXT
 10
-15.261250388616588
 20
-13.803715405461865
 30
0.0
 70
0
  0
VERTEX
  5
6CE
  8
TEXT
 10
-15.67866373251098
 20
-13.341426373593967
 30
0.0
 70
0
  0
VERTEX
  5
6CF
  8
TEXT
 10
-15.447093341775828
 20
-13.183289271685101
 30
0.0
 70
0
  0
VERTEX
  5
6D0
  8
TEXT
 10
-14.412611696436564
 20
-14.328986996264776
 30
0.0
 70
0
  0
VERTEX
  5
6D1
  8
TEXT
 10
-14.644182087171718
 20
-14.487124098173641
 30
0.0
 70
0
  0
VERTEX
  5
6D2
  8
TEXT
 10
-15.056940263662083
 20
-14.029990706066352
 30
0.0
 70
0
  0
VERTEX
  5
6D3
  8
TEXT
 10
-16.747631664781213
 20
-15.174926129000415
 30
0.0
 70
0
  0
SEQEND
  5
6CB
  8
TEXT
  0
POLYLINE
  5
6D4
  8
TEXT
 66
1
 10
0.0
 20
0.0
 30
0.0
 70
1
  0
VERTEX
  5
6D6
  8
TEXT
 10
-15.71346340168354
 20
-16.29684174997758
 30
0.0
 70
0
  0
VERTEX
  5
6D7
  8
TEXT
 10
-15.741974454158608
 20
-16.268531212270183
 30
0.0
 70
0
  0
VERTEX
  5
6D8
  8
TEXT
 10
-15.768463229511399
 20
-16.239269779952597
 30
0.0
 70
0
  0
VERTEX
  5
6D9
  8
TEXT
 10
-15.79292972774191
 20
-16.209057453024812
 30
0.0
 70
0
  0
VERTEX
  5
6DA
  8
TEXT
 10
-15.815373948850146
 20
-16.177894231486835
 30
0.0
 70
0
  0
VERTEX
  5
6DB
  8
TEXT
 10
-15.835795892836105
 20
-16.145780115338663
 30
0.0
 70
0
  0
VERTEX
  5
6DC
  8
TEXT
 10
-15.854195559699786
 20
-16.112715104580296
 30
0.0
 70
0
  0
VERTEX
  5
6DD
  8
TEXT
 10
-15.87057294944119
 20
-16.078699199211737
 30
0.0
 70
0
  0
VERTEX
  5
6DE
  8
TEXT
 10
-15.884537095951426
 20
-16.04414431989935
 30
0.0
 70
0
  0
VERTEX
  5
6DF
  8
TEXT
 10
-15.895697033121609
 20
-16.009462387309497
 30
0.0
 70
0
  0
VERTEX
  5
6E0
  8
TEXT
 10
-15.904052760951734
 20
-15.974653401442177
 30
0.0
 70
0
  0
VERTEX
  5
6E1
  8
TEXT
 10
-15.909604279441805
 20
-15.939717362297394
 30
0.0
 70
0
  0
VERTEX
  5
6E2
  8
TEXT
 10
-15.912351588591818
 20
-15.904654269875147
 30
0.0
 70
0
  0
VERTEX
  5
6E3
  8
TEXT
 10
-15.912294688401776
 20
-15.869464124175433
 30
0.0
 70
0
  0
VERTEX
  5
6E4
  8
TEXT
 10
-15.90943357887168
 20
-15.834146925198256
 30
0.0
 70
0
  0
VERTEX
  5
6E5
  8
TEXT
 10
-15.903356992658344
 20
-15.799047140603399
 30
0.0
 70
0
  0
VERTEX
  5
6E6
  8
TEXT
 10
-15.893653662418592
 20
-15.764509238050646
 30
0.0
 70
0
  0
VERTEX
  5
6E7
  8
TEXT
 10
-15.880323588152418
 20
-15.730533217539998
 30
0.0
 70
0
  0
VERTEX
  5
6E8
  8
TEXT
 10
-15.863366769859827
 20
-15.697119079071456
 30
0.0
 70
0
  0
VERTEX
  5
6E9
  8
TEXT
 10
-15.842783207540817
 20
-15.664266822645018
 30
0.0
 70
0
  0
VERTEX
  5
6EA
  8
TEXT
 10
-15.818572901195388
 20
-15.631976448260685
 30
0.0
 70
0
  0
VERTEX
  5
6EB
  8
TEXT
 10
-15.79073585082354
 20
-15.600247955918457
 30
0.0
 70
0
  0
VERTEX
  5
6EC
  8
TEXT
 10
-15.76167219783466
 20
-15.57158103965838
 30
0.0
 70
0
  0
VERTEX
  5
6ED
  8
TEXT
 10
-15.731361640994454
 20
-15.545908246473875
 30
0.0
 70
0
  0
VERTEX
  5
6EE
  8
TEXT
 10
-15.699804180302923
 20
-15.523229576364944
 30
0.0
 70
0
  0
VERTEX
  5
6EF
  8
TEXT
 10
-15.666999815760066
 20
-15.503545029331583
 30
0.0
 70
0
  0
VERTEX
  5
6F0
  8
TEXT
 10
-15.632948547365885
 20
-15.486854605373795
 30
0.0
 70
0
  0
VERTEX
  5
6F1
  8
TEXT
 10
-15.597650375120379
 20
-15.473158304491578
 30
0.0
 70
0
  0
VERTEX
  5
6F2
  8
TEXT
 10
-15.561105299023547
 20
-15.462456126684934
 30
0.0
 70
0
  0
VERTEX
  5
6F3
  8
TEXT
 10
-15.5283110785938
 20
-15.455519760010928
 30
0.0
 70
0
  0
VERTEX
  5
6F4
  8
TEXT
 10
-15.494973341343924
 20
-15.450819613459416
 30
0.0
 70
0
  0
VERTEX
  5
6F5
  8
TEXT
 10
-15.461092087273919
 20
-15.448355687030395
 30
0.0
 70
0
  0
VERTEX
  5
6F6
  8
TEXT
 10
-15.426667316383785
 20
-15.448127980723864
 30
0.0
 70
0
  0
VERTEX
  5
6F7
  8
TEXT
 10
-15.391699028673523
 20
-15.450136494539828
 30
0.0
 70
0
  0
VERTEX
  5
6F8
  8
TEXT
 10
-15.356187224143131
 20
-15.454381228478283
 30
0.0
 70
0
  0
VERTEX
  5
6F9
  8
TEXT
 10
-15.32013190279261
 20
-15.46086218253923
 30
0.0
 70
0
  0
VERTEX
  5
6FA
  8
TEXT
 10
-15.28353306462196
 20
-15.469579356722669
 30
0.0
 70
0
  0
VERTEX
  5
6FB
  8
TEXT
 10
-15.250708490306039
 20
-15.479129213477314
 30
0.0
 70
0
  0
VERTEX
  5
6FC
  8
TEXT
 10
-15.217782494612878
 20
-15.490293833972922
 30
0.0
 70
0
  0
VERTEX
  5
6FD
  8
TEXT
 10
-15.184755077542478
 20
-15.50307321820949
 30
0.0
 70
0
  0
VERTEX
  5
6FE
  8
TEXT
 10
-15.151626239094837
 20
-15.517467366187022
 30
0.0
 70
0
  0
VERTEX
  5
6FF
  8
TEXT
 10
-15.118395979269957
 20
-15.533476277905516
 30
0.0
 70
0
  0
VERTEX
  5
700
  8
TEXT
 10
-15.085064298067838
 20
-15.551099953364972
 30
0.0
 70
0
  0
VERTEX
  5
701
  8
TEXT
 10
-15.05163119548848
 20
-15.570338392565388
 30
0.0
 70
0
  0
VERTEX
  5
702
  8
TEXT
 10
-15.018096671531879
 20
-15.591191595506768
 30
0.0
 70
0
  0
VERTEX
  5
703
  8
TEXT
 10
-14.98446072619804
 20
-15.613659562189108
 30
0.0
 70
0
  0
VERTEX
  5
704
  8
TEXT
 10
-14.485279261989206
 20
-15.952777950000508
 30
0.0
 70
0
  0
VERTEX
  5
705
  8
TEXT
 10
-14.444782670332897
 20
-15.918827412308374
 30
0.0
 70
0
  0
VERTEX
  5
706
  8
TEXT
 10
-14.411839880960517
 20
-15.8909083905624
 30
0.0
 70
0
  0
VERTEX
  5
707
  8
TEXT
 10
-14.384788685059895
 20
-15.861677571796015
 30
0.0
 70
0
  0
VERTEX
  5
708
  8
TEXT
 10
-14.363629082631034
 20
-15.831134956009222
 30
0.0
 70
0
  0
VERTEX
  5
709
  8
TEXT
 10
-14.348361073673932
 20
-15.799280543202022
 30
0.0
 70
0
  0
VERTEX
  5
70A
  8
TEXT
 10
-14.338984658188588
 20
-15.766114333374412
 30
0.0
 70
0
  0
VERTEX
  5
70B
  8
TEXT
 10
-14.334603902035738
 20
-15.7323961986321
 30
0.0
 70
0
  0
VERTEX
  5
70C
  8
TEXT
 10
-14.334322871076111
 20
-15.698886011080795
 30
0.0
 70
0
  0
VERTEX
  5
70D
  8
TEXT
 10
-14.338141565309707
 20
-15.665583770720495
 30
0.0
 70
0
  0
VERTEX
  5
70E
  8
TEXT
 10
-14.346059984736529
 20
-15.6324894775512
 30
0.0
 70
0
  0
VERTEX
  5
70F
  8
TEXT
 10
-14.358078129356574
 20
-15.599603131572911
 30
0.0
 70
0
  0
VERTEX
  5
710
  8
TEXT
 10
-14.373434840250523
 20
-15.56755753165254
 30
0.0
 70
0
  0
VERTEX
  5
711
  8
TEXT
 10
-14.391368958499056
 20
-15.536985476657003
 30
0.0
 70
0
  0
VERTEX
  5
712
  8
TEXT
 10
-14.411880484102175
 20
-15.5078869665863
 30
0.0
 70
0
  0
VERTEX
  5
713
  8
TEXT
 10
-14.434969417059877
 20
-15.48026200144043
 30
0.0
 70
0
  0
VERTEX
  5
714
  8
TEXT
 10
-14.460635757372163
 20
-15.454110581219393
 30
0.0
 70
0
  0
VERTEX
  5
715
  8
TEXT
 10
-14.488611138517873
 20
-15.429391370357994
 30
0.0
 70
0
  0
VERTEX
  5
716
  8
TEXT
 10
-14.517504067142944
 20
-15.407121976947652
 30
0.0
 70
0
  0
VERTEX
  5
717
  8
TEXT
 10
-14.547314543247378
 20
-15.387302400988363
 30
0.0
 70
0
  0
VERTEX
  5
718
  8
TEXT
 10
-14.578042566831174
 20
-15.36993264248013
 30
0.0
 70
0
  0
VERTEX
  5
719
  8
TEXT
 10
-14.60968813789433
 20
-15.35501270142295
 30
0.0
 70
0
  0
VERTEX
  5
71A
  8
TEXT
 10
-14.642251256436849
 20
-15.342542577816825
 30
0.0
 70
0
  0
VERTEX
  5
71B
  8
TEXT
 10
-14.675731922458729
 20
-15.332522271661757
 30
0.0
 70
0
  0
VERTEX
  5
71C
  8
TEXT
 10
-14.710130135959972
 20
-15.324951782957742
 30
0.0
 70
0
  0
VERTEX
  5
71D
  8
TEXT
 10
-14.749726347825524
 20
-15.319052024730015
 30
0.0
 70
0
  0
VERTEX
  5
71E
  8
TEXT
 10
-14.788841869728643
 20
-15.315856932854807
 30
0.0
 70
0
  0
VERTEX
  5
71F
  8
TEXT
 10
-14.827476701669328
 20
-15.315366507332117
 30
0.0
 70
0
  0
VERTEX
  5
720
  8
TEXT
 10
-14.865630843647578
 20
-15.317580748161944
 30
0.0
 70
0
  0
VERTEX
  5
721
  8
TEXT
 10
-14.903304295663395
 20
-15.322499655344291
 30
0.0
 70
0
  0
VERTEX
  5
722
  8
TEXT
 10
-14.940497057716778
 20
-15.330123228879156
 30
0.0
 70
0
  0
VERTEX
  5
723
  8
TEXT
 10
-14.977209129807726
 20
-15.340451468766538
 30
0.0
 70
0
  0
VERTEX
  5
724
  8
TEXT
 10
-15.052876212018727
 20
-15.069682336042987
 30
0.0
 70
0
  0
VERTEX
  5
725
  8
TEXT
 10
-15.0173540632297
 20
-15.059054817084183
 30
0.0
 70
0
  0
VERTEX
  5
726
  8
TEXT
 10
-14.981237276236929
 20
-15.05046005413358
 30
0.0
 70
0
  0
VERTEX
  5
727
  8
TEXT
 10
-14.944525851040414
 20
-15.043898047191181
 30
0.0
 70
0
  0
VERTEX
  5
728
  8
TEXT
 10
-14.907219787640155
 20
-15.039368796256984
 30
0.0
 70
0
  0
VERTEX
  5
729
  8
TEXT
 10
-14.869319086036153
 20
-15.036872301330988
 30
0.0
 70
0
  0
VERTEX
  5
72A
  8
TEXT
 10
-14.830823746228408
 20
-15.036408562413193
 30
0.0
 70
0
  0
VERTEX
  5
72B
  8
TEXT
 10
-14.791733768216918
 20
-15.037977579503602
 30
0.0
 70
0
  0
VERTEX
  5
72C
  8
TEXT
 10
-14.757280912265147
 20
-15.041024984655595
 30
0.0
 70
0
  0
VERTEX
  5
72D
  8
TEXT
 10
-14.722850114358213
 20
-15.04564275869618
 30
0.0
 70
0
  0
VERTEX
  5
72E
  8
TEXT
 10
-14.68844137449612
 20
-15.051830901625358
 30
0.0
 70
0
  0
VERTEX
  5
72F
  8
TEXT
 10
-14.654054692678864
 20
-15.059589413443131
 30
0.0
 70
0
  0
VERTEX
  5
730
  8
TEXT
 10
-14.619690068906447
 20
-15.068918294149496
 30
0.0
 70
0
  0
VERTEX
  5
731
  8
TEXT
 10
-14.58534750317887
 20
-15.079817543744454
 30
0.0
 70
0
  0
VERTEX
  5
732
  8
TEXT
 10
-14.55102699549613
 20
-15.092287162228006
 30
0.0
 70
0
  0
VERTEX
  5
733
  8
TEXT
 10
-14.51672854585823
 20
-15.10632714960015
 30
0.0
 70
0
  0
VERTEX
  5
734
  8
TEXT
 10
-14.482794105641284
 20
-15.121913439630784
 30
0.0
 70
0
  0
VERTEX
  5
735
  8
TEXT
 10
-14.449565626221407
 20
-15.139021966089807
 30
0.0
 70
0
  0
VERTEX
  5
736
  8
TEXT
 10
-14.417043107598598
 20
-15.157652728977213
 30
0.0
 70
0
  0
VERTEX
  5
737
  8
TEXT
 10
-14.38522654977286
 20
-15.177805728293007
 30
0.0
 70
0
  0
VERTEX
  5
738
  8
TEXT
 10
-14.35411595274419
 20
-15.199480964037189
 30
0.0
 70
0
  0
VERTEX
  5
739
  8
TEXT
 10
-14.323711316512588
 20
-15.222678436209756
 30
0.0
 70
0
  0
VERTEX
  5
73A
  8
TEXT
 10
-14.294012641078057
 20
-15.247398144810711
 30
0.0
 70
0
  0
VERTEX
  5
73B
  8
TEXT
 10
-14.265019926440594
 20
-15.273640089840052
 30
0.0
 70
0
  0
VERTEX
  5
73C
  8
TEXT
 10
-14.236070190571345
 20
-15.30224504105617
 30
0.0
 70
0
  0
VERTEX
  5
73D
  8
TEXT
 10
-14.209121080718218
 20
-15.331582899685369
 30
0.0
 70
0
  0
VERTEX
  5
73E
  8
TEXT
 10
-14.184172596881211
 20
-15.361653665727646
 30
0.0
 70
0
  0
VERTEX
  5
73F
  8
TEXT
 10
-14.161224739060328
 20
-15.392457339183002
 30
0.0
 70
0
  0
VERTEX
  5
740
  8
TEXT
 10
-14.140277507255568
 20
-15.42399392005144
 30
0.0
 70
0
  0
VERTEX
  5
741
  8
TEXT
 10
-14.121330901466928
 20
-15.456263408332957
 30
0.0
 70
0
  0
VERTEX
  5
742
  8
TEXT
 10
-14.104384921694411
 20
-15.489265804027553
 30
0.0
 70
0
  0
VERTEX
  5
743
  8
TEXT
 10
-14.089439567938014
 20
-15.523001107135228
 30
0.0
 70
0
  0
VERTEX
  5
744
  8
TEXT
 10
-14.076494840197741
 20
-15.557469317655984
 30
0.0
 70
0
  0
VERTEX
  5
745
  8
TEXT
 10
-14.06568503896262
 20
-15.592229505481379
 30
0.0
 70
0
  0
VERTEX
  5
746
  8
TEXT
 10
-14.057144464721684
 20
-15.626840740502978
 30
0.0
 70
0
  0
VERTEX
  5
747
  8
TEXT
 10
-14.050873117474936
 20
-15.661303022720775
 30
0.0
 70
0
  0
VERTEX
  5
748
  8
TEXT
 10
-14.046870997222372
 20
-15.695616352134774
 30
0.0
 70
0
  0
VERTEX
  5
749
  8
TEXT
 10
-14.045138103963993
 20
-15.729780728744975
 30
0.0
 70
0
  0
VERTEX
  5
74A
  8
TEXT
 10
-14.0456744376998
 20
-15.763796152551377
 30
0.0
 70
0
  0
VERTEX
  5
74B
  8
TEXT
 10
-14.048479998429793
 20
-15.797662623553979
 30
0.0
 70
0
  0
VERTEX
  5
74C
  8
TEXT
 10
-14.05355478615397
 20
-15.831380141752783
 30
0.0
 70
0
  0
VERTEX
  5
74D
  8
TEXT
 10
-14.060898800872334
 20
-15.864948707147787
 30
0.0
 70
0
  0
VERTEX
  5
74E
  8
TEXT
 10
-14.070644758304129
 20
-15.897981267914245
 30
0.0
 70
0
  0
VERTEX
  5
74F
  8
TEXT
 10
-14.082925374168603
 20
-15.930090772227409
 30
0.0
 70
0
  0
VERTEX
  5
750
  8
TEXT
 10
-14.097740648465756
 20
-15.961277220087279
 30
0.0
 70
0
  0
VERTEX
  5
751
  8
TEXT
 10
-14.115090581195588
 20
-15.991540611493853
 30
0.0
 70
0
  0
VERTEX
  5
752
  8
TEXT
 10
-14.1349751723581
 20
-16.020880946447136
 30
0.0
 70
0
  0
VERTEX
  5
753
  8
TEXT
 10
-14.15739442195329
 20
-16.04929822494712
 30
0.0
 70
0
  0
VERTEX
  5
754
  8
TEXT
 10
-14.18234832998116
 20
-16.076792446993814
 30
0.0
 70
0
  0
VERTEX
  5
755
  8
TEXT
 10
-14.209836896441708
 20
-16.10336361258721
 30
0.0
 70
0
  0
VERTEX
  5
756
  8
TEXT
 10
-14.239860121334935
 20
-16.129011721727313
 30
0.0
 70
0
  0
VERTEX
  5
757
  8
TEXT
 10
-15.104022800817372
 20
-16.82053740742478
 30
0.0
 70
0
  0
VERTEX
  5
758
  8
TEXT
 10
-15.310678138070813
 20
-16.625691774608686
 30
0.0
 70
0
  0
VERTEX
  5
759
  8
TEXT
 10
-15.163516982638106
 20
-16.505613399500742
 30
0.0
 70
0
  0
VERTEX
  5
75A
  8
TEXT
 10
-15.199870561201847
 20
-16.507168023658796
 30
0.0
 70
0
  0
VERTEX
  5
75B
  8
TEXT
 10
-15.236281191477845
 20
-16.50678302960396
 30
0.0
 70
0
  0
VERTEX
  5
75C
  8
TEXT
 10
-15.272748873466101
 20
-16.50445841733622
 30
0.0
 70
0
  0
VERTEX
  5
75D
  8
TEXT
 10
-15.306450479758778
 20
-16.49970010791989
 30
0.0
 70
0
  0
VERTEX
  5
75E
  8
TEXT
 10
-15.339929429011798
 20
-16.4934198496117
 30
0.0
 70
0
  0
VERTEX
  5
75F
  8
TEXT
 10
-15.37318572122516
 20
-16.485617642411654
 30
0.0
 70
0
  0
VERTEX
  5
760
  8
TEXT
 10
-15.406219356398866
 20
-16.47629348631975
 30
0.0
 70
0
  0
VERTEX
  5
761
  8
TEXT
 10
-15.439030334532916
 20
-16.465447381335988
 30
0.0
 70
0
  0
VERTEX
  5
762
  8
TEXT
 10
-15.471618655627308
 20
-16.45307932746037
 30
0.0
 70
0
  0
VERTEX
  5
763
  8
TEXT
 10
-15.503984319682043
 20
-16.43918932469289
 30
0.0
 70
0
  0
VERTEX
  5
764
  8
TEXT
 10
-15.53590597630383
 20
-16.423726291679046
 30
0.0
 70
0
  0
VERTEX
  5
765
  8
TEXT
 10
-15.56716227509938
 20
-16.406639147064325
 30
0.0
 70
0
  0
VERTEX
  5
766
  8
TEXT
 10
-15.59775321606869
 20
-16.38792789084873
 30
0.0
 70
0
  0
VERTEX
  5
767
  8
TEXT
 10
-15.62767879921176
 20
-16.367592523032258
 30
0.0
 70
0
  0
VERTEX
  5
768
  8
TEXT
 10
-15.656939024528592
 20
-16.345633043614907
 30
0.0
 70
0
  0
VERTEX
  5
769
  8
TEXT
 10
-15.685533892019187
 20
-16.322049452596683
 30
0.0
 70
0
  0
SEQEND
  5
6D5
  8
TEXT
  0
POLYLINE
  5
76A
  8
TEXT
 66
1
 10
0.0
 20
0.0
 30
0.0
 70
1
  0
VERTEX
  5
76C
  8
TEXT
 10
-14.67730115005724
 20
-16.10693522915317
 30
0.0
 70
0
  0
VERTEX
  5
76D
  8
TEXT
 10
-15.109480103349865
 20
-15.818261037801271
 30
0.0
 70
0
  0
VERTEX
  5
76E
  8
TEXT
 10
-15.147364487946163
 20
-15.79479469056964
 30
0.0
 70
0
  0
VERTEX
  5
76F
  8
TEXT
 10
-15.184663400149526
 20
-15.774564774578723
 30
0.0
 70
0
  0
VERTEX
  5
770
  8
TEXT
 10
-15.221376839959959
 20
-15.757571289828517
 30
0.0
 70
0
  0
VERTEX
  5
771
  8
TEXT
 10
-15.257504807377455
 20
-15.743814236319025
 30
0.0
 70
0
  0
VERTEX
  5
772
  8
TEXT
 10
-15.293047302402016
 20
-15.733293614050245
 30
0.0
 70
0
  0
VERTEX
  5
773
  8
TEXT
 10
-15.328004325033646
 20
-15.726009423022179
 30
0.0
 70
0
  0
VERTEX
  5
774
  8
TEXT
 10
-15.36237587527234
 20
-15.721961663234824
 30
0.0
 70
0
  0
VERTEX
  5
775
  8
TEXT
 10
-15.40099799113942
 20
-15.721672050323855
 30
0.0
 70
0
  0
VERTEX
  5
776
  8
TEXT
 10
-15.437347105975459
 20
-15.726472147980608
 30
0.0
 70
0
  0
VERTEX
  5
777
  8
TEXT
 10
-15.471423219780458
 20
-15.736361956205087
 30
0.0
 70
0
  0
VERTEX
  5
778
  8
TEXT
 10
-15.50322633255442
 20
-15.75134147499729
 30
0.0
 70
0
  0
VERTEX
  5
779
  8
TEXT
 10
-15.532756444297338
 20
-15.771410704357216
 30
0.0
 70
0
  0
VERTEX
  5
77A
  8
TEXT
 10
-15.560013555009219
 20
-15.796569644284865
 30
0.0
 70
0
  0
VERTEX
  5
77B
  8
TEXT
 10
-15.58157214360015
 20
-15.82262261495094
 30
0.0
 70
0
  0
VERTEX
  5
77C
  8
TEXT
 10
-15.598242463606665
 20
-15.849866443857737
 30
0.0
 70
0
  0
VERTEX
  5
77D
  8
TEXT
 10
-15.610024515028762
 20
-15.878301131005255
 30
0.0
 70
0
  0
VERTEX
  5
77E
  8
TEXT
 10
-15.616918297866441
 20
-15.907926676393496
 30
0.0
 70
0
  0
VERTEX
  5
77F
  8
TEXT
 10
-15.618923812119702
 20
-15.938743080022459
 30
0.0
 70
0
  0
VERTEX
  5
780
  8
TEXT
 10
-15.616041057788545
 20
-15.970750341892142
 30
0.0
 70
0
  0
VERTEX
  5
781
  8
TEXT
 10
-15.608599843208857
 20
-16.00304818029529
 30
0.0
 70
0
  0
VERTEX
  5
782
  8
TEXT
 10
-15.596929976716522
 20
-16.034736313524657
 30
0.0
 70
0
  0
VERTEX
  5
783
  8
TEXT
 10
-15.581031458311541
 20
-16.06581474158023
 30
0.0
 70
0
  0
VERTEX
  5
784
  8
TEXT
 10
-15.560904287993912
 20
-16.09628346446202
 30
0.0
 70
0
  0
VERTEX
  5
785
  8
TEXT
 10
-15.536548465763639
 20
-16.126142482170017
 30
0.0
 70
0
  0
VERTEX
  5
786
  8
TEXT
 10
-15.50796399162072
 20
-16.15539179470423
 30
0.0
 70
0
  0
VERTEX
  5
787
  8
TEXT
 10
-15.48114081784866
 20
-16.17922353902814
 30
0.0
 70
0
  0
VERTEX
  5
788
  8
TEXT
 10
-15.45345825767874
 20
-16.20094842013924
 30
0.0
 70
0
  0
VERTEX
  5
789
  8
TEXT
 10
-15.42491631111096
 20
-16.220566438037533
 30
0.0
 70
0
  0
VERTEX
  5
78A
  8
TEXT
 10
-15.395514978145322
 20
-16.238077592723013
 30
0.0
 70
0
  0
VERTEX
  5
78B
  8
TEXT
 10
-15.365254258781821
 20
-16.253481884195686
 30
0.0
 70
0
  0
VERTEX
  5
78C
  8
TEXT
 10
-15.334134153020463
 20
-16.266779312455547
 30
0.0
 70
0
  0
VERTEX
  5
78D
  8
TEXT
 10
-15.302154660861243
 20
-16.2779698775026
 30
0.0
 70
0
  0
VERTEX
  5
78E
  8
TEXT
 10
-15.269315782304163
 20
-16.28705357933684
 30
0.0
 70
0
  0
VERTEX
  5
78F
  8
TEXT
 10
-15.231220558344244
 20
-16.294958592925965
 30
0.0
 70
0
  0
VERTEX
  5
790
  8
TEXT
 10
-15.19297733619251
 20
-16.30031873031543
 30
0.0
 70
0
  0
VERTEX
  5
791
  8
TEXT
 10
-15.154586115848957
 20
-16.303133991505227
 30
0.0
 70
0
  0
VERTEX
  5
792
  8
TEXT
 10
-15.116046897313588
 20
-16.30340437649537
 30
0.0
 70
0
  0
VERTEX
  5
793
  8
TEXT
 10
-15.077359680586403
 20
-16.301129885285846
 30
0.0
 70
0
  0
VERTEX
  5
794
  8
TEXT
 10
-15.0385244656674
 20
-16.296310517876663
 30
0.0
 70
0
  0
VERTEX
  5
795
  8
TEXT
 10
-14.99954125255658
 20
-16.28894627426782
 30
0.0
 70
0
  0
VERTEX
  5
796
  8
TEXT
 10
-14.965802407369974
 20
-16.28048065113052
 30
0.0
 70
0
  0
VERTEX
  5
797
  8
TEXT
 10
-14.93293599317193
 20
-16.270197974708807
 30
0.0
 70
0
  0
VERTEX
  5
798
  8
TEXT
 10
-14.900942009962444
 20
-16.25809824500268
 30
0.0
 70
0
  0
VERTEX
  5
799
  8
TEXT
 10
-14.869820457741518
 20
-16.24418146201214
 30
0.0
 70
0
  0
VERTEX
  5
79A
  8
TEXT
 10
-14.839571336509154
 20
-16.228447625737186
 30
0.0
 70
0
  0
VERTEX
  5
79B
  8
TEXT
 10
-14.810194646265348
 20
-16.21089673617782
 30
0.0
 70
0
  0
VERTEX
  5
79C
  8
TEXT
 10
-14.781690387010105
 20
-16.191528793334037
 30
0.0
 70
0
  0
VERTEX
  5
79D
  8
TEXT
 10
-14.75405855874342
 20
-16.17034379720584
 30
0.0
 70
0
  0
SEQEND
  5
76B
  8
TEXT
  0
POLYLINE
  5
79E
  8
TEXT
 66
1
 10
0.0
 20
0.0
 30
0.0
 70
1
  0
VERTEX
  5
7A0
  8
TEXT
 10
-14.698118900316187
 20
-17.21716269825484
 30
0.0
 70
0
  0
VERTEX
  5
7A1
  8
TEXT
 10
-13.505572820577747
 20
-16.03315643263574
 30
0.0
 70
0
  0
VERTEX
  5
7A2
  8
TEXT
 10
-13.281736696655392
 20
-16.202934072409576
 30
0.0
 70
0
  0
VERTEX
  5
7A3
  8
TEXT
 10
-13.425144077980674
 20
-16.346025822925935
 30
0.0
 70
0
  0
VERTEX
  5
7A4
  8
TEXT
 10
-13.391262773640053
 20
-16.337325345647564
 30
0.0
 70
0
  0
VERTEX
  5
7A5
  8
TEXT
 10
-13.357467849295734
 20
-16.33061539017631
 30
0.0
 70
0
  0
VERTEX
  5
7A6
  8
TEXT
 10
-13.32375930494772
 20
-16.32589595651216
 30
0.0
 70
0
  0
VERTEX
  5
7A7
  8
TEXT
 10
-13.290137140596007
 20
-16.323167044655126
 30
0.0
 70
0
  0
VERTEX
  5
7A8
  8
TEXT
 10
-13.2566013562406
 20
-16.322428654605204
 30
0.0
 70
0
  0
VERTEX
  5
7A9
  8
TEXT
 10
-13.223151951881496
 20
-16.32368078636239
 30
0.0
 70
0
  0
VERTEX
  5
7AA
  8
TEXT
 10
-13.189788927518695
 20
-16.326923439926688
 30
0.0
 70
0
  0
VERTEX
  5
7AB
  8
TEXT
 10
-13.155253818555764
 20
-16.331973785921118
 30
0.0
 70
0
  0
VERTEX
  5
7AC
  8
TEXT
 10
-13.121309092823031
 20
-16.339063886526787
 30
0.0
 70
0
  0
VERTEX
  5
7AD
  8
TEXT
 10
-13.087954750320497
 20
-16.348193741743692
 30
0.0
 70
0
  0
VERTEX
  5
7AE
  8
TEXT
 10
-13.055190791048162
 20
-16.359363351571837
 30
0.0
 70
0
  0
VERTEX
  5
7AF
  8
TEXT
 10
-13.023017215006023
 20
-16.37257271601122
 30
0.0
 70
0
  0
VERTEX
  5
7B0
  8
TEXT
 10
-12.991434022194085
 20
-16.387821835061843
 30
0.0
 70
0
  0
VERTEX
  5
7B1
  8
TEXT
 10
-12.960441212612343
 20
-16.405110708723704
 30
0.0
 70
0
  0
VERTEX
  5
7B2
  8
TEXT
 10
-12.930038786260802
 20
-16.4244393369968
 30
0.0
 70
0
  0
VERTEX
  5
7B3
  8
TEXT
 10
-12.900226743139457
 20
-16.445807719881138
 30
0.0
 70
0
  0
VERTEX
  5
7B4
  8
TEXT
 10
-12.869837845227597
 20
-16.470213615016508
 30
0.0
 70
0
  0
VERTEX
  5
7B5
  8
TEXT
 10
-12.841640434705338
 20
-16.495669678684045
 30
0.0
 70
0
  0
VERTEX
  5
7B6
  8
TEXT
 10
-12.81563451157268
 20
-16.522175910883746
 30
0.0
 70
0
  0
VERTEX
  5
7B7
  8
TEXT
 10
-12.791820075829625
 20
-16.549732311615614
 30
0.0
 70
0
  0
VERTEX
  5
7B8
  8
TEXT
 10
-12.770197127476171
 20
-16.578338880879645
 30
0.0
 70
0
  0
VERTEX
  5
7B9
  8
TEXT
 10
-12.750765666512319
 20
-16.607995618675844
 30
0.0
 70
0
  0
VERTEX
  5
7BA
  8
TEXT
 10
-12.733525692938066
 20
-16.638702525004206
 30
0.0
 70
0
  0
VERTEX
  5
7BB
  8
TEXT
 10
-12.718477206753416
 20
-16.670459599864735
 30
0.0
 70
0
  0
VERTEX
  5
7BC
  8
TEXT
 10
-12.705620207958368
 20
-16.70326684325743
 30
0.0
 70
0
  0
VERTEX
  5
7BD
  8
TEXT
 10
-12.694954696552921
 20
-16.73712425518229
 30
0.0
 70
0
  0
VERTEX
  5
7BE
  8
TEXT
 10
-12.687014019814615
 20
-16.77169451333844
 30
0.0
 70
0
  0
VERTEX
  5
7BF
  8
TEXT
 10
-12.681517358335459
 20
-16.806150734771897
 30
0.0
 70
0
  0
VERTEX
  5
7C0
  8
TEXT
 10
-12.67846471211545
 20
-16.84049291948267
 30
0.0
 70
0
  0
VERTEX
  5
7C1
  8
TEXT
 10
-12.677856081154587
 20
-16.87472106747075
 30
0.0
 70
0
  0
VERTEX
  5
7C2
  8
TEXT
 10
-12.679691465452875
 20
-16.908835178736144
 30
0.0
 70
0
  0
VERTEX
  5
7C3
  8
TEXT
 10
-12.683970865010307
 20
-16.942835253278847
 30
0.0
 70
0
  0
VERTEX
  5
7C4
  8
TEXT
 10
-12.69069427982689
 20
-16.976721291098862
 30
0.0
 70
0
  0
VERTEX
  5
7C5
  8
TEXT
 10
-12.655569336924705
 20
-16.964735875240393
 30
0.0
 70
0
  0
VERTEX
  5
7C6
  8
TEXT
 10
-12.620417708507759
 20
-16.954950300449042
 30
0.0
 70
0
  0
VERTEX
  5
7C7
  8
TEXT
 10
-12.585239394576053
 20
-16.9473645667248
 30
0.0
 70
0
  0
VERTEX
  5
7C8
  8
TEXT
 10
-12.550034395129586
 20
-16.941978674067677
 30
0.0
 70
0
  0
VERTEX
  5
7C9
  8
TEXT
 10
-12.514802710168357
 20
-16.938792622477667
 30
0.0
 70
0
  0
VERTEX
  5
7CA
  8
TEXT
 10
-12.479544339692367
 20
-16.937806411954767
 30
0.0
 70
0
  0
VERTEX
  5
7CB
  8
TEXT
 10
-12.444259283701617
 20
-16.939020042498985
 30
0.0
 70
0
  0
VERTEX
  5
7CC
  8
TEXT
 10
-12.408947542196106
 20
-16.942433514110316
 30
0.0
 70
0
  0
VERTEX
  5
7CD
  8
TEXT
 10
-12.370374861518684
 20
-16.94813147937239
 30
0.0
 70
0
  0
VERTEX
  5
7CE
  8
TEXT
 10
-12.332651858117154
 20
-16.955664873083677
 30
0.0
 70
0
  0
VERTEX
  5
7CF
  8
TEXT
 10
-12.295778531991516
 20
-16.965033695244177
 30
0.0
 70
0
  0
VERTEX
  5
7D0
  8
TEXT
 10
-12.259754883141767
 20
-16.976237945853896
 30
0.0
 70
0
  0
VERTEX
  5
7D1
  8
TEXT
 10
-12.224580911567912
 20
-16.98927762491283
 30
0.0
 70
0
  0
VERTEX
  5
7D2
  8
TEXT
 10
-12.190256617269947
 20
-17.004152732420984
 30
0.0
 70
0
  0
VERTEX
  5
7D3
  8
TEXT
 10
-12.156782000247873
 20
-17.02086326837835
 30
0.0
 70
0
  0
VERTEX
  5
7D4
  8
TEXT
 10
-12.124157060501691
 20
-17.03940923278493
 30
0.0
 70
0
  0
VERTEX
  5
7D5
  8
TEXT
 10
-12.092381798031402
 20
-17.05979062564073
 30
0.0
 70
0
  0
VERTEX
  5
7D6
  8
TEXT
 10
-12.061456212837003
 20
-17.08200744694574
 30
0.0
 70
0
  0
VERTEX
  5
7D7
  8
TEXT
 10
-12.031376939331155
 20
-17.106113914067876
 30
0.0
 70
0
  0
VERTEX
  5
7D8
  8
TEXT
 10
-12.00345247199346
 20
-17.131169210588816
 30
0.0
 70
0
  0
VERTEX
  5
7D9
  8
TEXT
 10
-11.977682810823918
 20
-17.157173336508563
 30
0.0
 70
0
  0
VERTEX
  5
7DA
  8
TEXT
 10
-11.95406795582253
 20
-17.184126291827113
 30
0.0
 70
0
  0
VERTEX
  5
7DB
  8
TEXT
 10
-11.932607906989295
 20
-17.212028076544467
 30
0.0
 70
0
  0
VERTEX
  5
7DC
  8
TEXT
 10
-11.913302664324213
 20
-17.240878690660626
 30
0.0
 70
0
  0
VERTEX
  5
7DD
  8
TEXT
 10
-11.896152227827283
 20
-17.27067813417559
 30
0.0
 70
0
  0
VERTEX
  5
7DE
  8
TEXT
 10
-11.881156597498508
 20
-17.301426407089362
 30
0.0
 70
0
  0
VERTEX
  5
7DF
  8
TEXT
 10
-11.868315773337887
 20
-17.333123509401936
 30
0.0
 70
0
  0
VERTEX
  5
7E0
  8
TEXT
 10
-11.856481988324518
 20
-17.369525964149442
 30
0.0
 70
0
  0
VERTEX
  5
7E1
  8
TEXT
 10
-11.847448330706634
 20
-17.406347415115015
 30
0.0
 70
0
  0
VERTEX
  5
7E2
  8
TEXT
 10
-11.84121480048424
 20
-17.443587862298653
 30
0.0
 70
0
  0
VERTEX
  5
7E3
  8
TEXT
 10
-11.83778139765733
 20
-17.481247305700357
 30
0.0
 70
0
  0
VERTEX
  5
7E4
  8
TEXT
 10
-11.83714812222591
 20
-17.519325745320124
 30
0.0
 70
0
  0
VERTEX
  5
7E5
  8
TEXT
 10
-11.839314974189977
 20
-17.557823181157957
 30
0.0
 70
0
  0
VERTEX
  5
7E6
  8
TEXT
 10
-11.844281953549531
 20
-17.596739613213856
 30
0.0
 70
0
  0
VERTEX
  5
7E7
  8
TEXT
 10
-11.852049060304571
 20
-17.63607504148782
 30
0.0
 70
0
  0
VERTEX
  5
7E8
  8
TEXT
 10
-11.861446318416512
 20
-17.67094871471848
 30
0.0
 70
0
  0
VERTEX
  5
7E9
  8
TEXT
 10
-11.87334090083627
 20
-17.705267643062914
 30
0.0
 70
0
  0
VERTEX
  5
7EA
  8
TEXT
 10
-11.887732807563847
 20
-17.73903182652112
 30
0.0
 70
0
  0
VERTEX
  5
7EB
  8
TEXT
 10
-11.904622038599243
 20
-17.772241265093104
 30
0.0
 70
0
  0
VERTEX
  5
7EC
  8
TEXT
 10
-11.924008593942458
 20
-17.804895958778857
 30
0.0
 70
0
  0
VERTEX
  5
7ED
  8
TEXT
 10
-11.945892473593492
 20
-17.836995907578384
 30
0.0
 70
0
  0
VERTEX
  5
7EE
  8
TEXT
 10
-11.970273677552344
 20
-17.868541111491684
 30
0.0
 70
0
  0
VERTEX
  5
7EF
  8
TEXT
 10
-11.997152205819013
 20
-17.899531570518757
 30
0.0
 70
0
  0
VERTEX
  5
7F0
  8
TEXT
 10
-12.026528058393502
 20
-17.9299672846596
 30
0.0
 70
0
  0
VERTEX
  5
7F1
  8
TEXT
 10
-12.774604077159239
 20
-18.67613098730035
 30
0.0
 70
0
  0
VERTEX
  5
7F2
  8
TEXT
 10
-13.005819413958156
 20
-18.500756282479024
 30
0.0
 70
0
  0
VERTEX
  5
7F3
  8
TEXT
 10
-12.283185442284255
 20
-17.77791831702067
 30
0.0
 70
0
  0
VERTEX
  5
7F4
  8
TEXT
 10
-12.254559915829706
 20
-17.74791209718642
 30
0.0
 70
0
  0
VERTEX
  5
7F5
  8
TEXT
 10
-12.229517768511936
 20
-17.71766351271789
 30
0.0
 70
0
  0
VERTEX
  5
7F6
  8
TEXT
 10
-12.208059000330943
 20
-17.687172563615096
 30
0.0
 70
0
  0
VERTEX
  5
7F7
  8
TEXT
 10
-12.190183611286725
 20
-17.65643924987803
 30
0.0
 70
0
  0
VERTEX
  5
7F8
  8
TEXT
 10
-12.175891601379284
 20
-17.625463571506696
 30
0.0
 70
0
  0
VERTEX
  5
7F9
  8
TEXT
 10
-12.16518297060862
 20
-17.594245528501087
 30
0.0
 70
0
  0
VERTEX
  5
7FA
  8
TEXT
 10
-12.156731862672725
 20
-17.556947363737503
 30
0.0
 70
0
  0
VERTEX
  5
7FB
  8
TEXT
 10
-12.152779197750501
 20
-17.52026701022133
 30
0.0
 70
0
  0
VERTEX
  5
7FC
  8
TEXT
 10
-12.153324975841949
 20
-17.48420446795257
 30
0.0
 70
0
  0
VERTEX
  5
7FD
  8
TEXT
 10
-12.158369196947065
 20
-17.44875973693122
 30
0.0
 70
0
  0
VERTEX
  5
7FE
  8
TEXT
 10
-12.167911861065853
 20
-17.41393281715728
 30
0.0
 70
0
  0
VERTEX
  5
7FF
  8
TEXT
 10
-12.179379289099836
 20
-17.385699201332244
 30
0.0
 70
0
  0
VERTEX
  5
800
  8
TEXT
 10
-12.194128430492412
 20
-17.35852837744086
 30
0.0
 70
0
  0
VERTEX
  5
801
  8
TEXT
 10
-12.212159285243581
 20
-17.332420345483126
 30
0.0
 70
0
  0
VERTEX
  5
802
  8
TEXT
 10
-12.233471853353343
 20
-17.30737510545904
 30
0.0
 70
0
  0
VERTEX
  5
803
  8
TEXT
 10
-12.2580661348217
 20
-17.28339265736861
 30
0.0
 70
0
  0
VERTEX
  5
804
  8
TEXT
 10
-12.285942129648648
 20
-17.260473001211828
 30
0.0
 70
0
  0
VERTEX
  5
805
  8
TEXT
 10
-12.315263285299443
 20
-17.23995532788981
 30
0.0
 70
0
  0
VERTEX
  5
806
  8
TEXT
 10
-12.345832874323017
 20
-17.221935036070892
 30
0.0
 70
0
  0
VERTEX
  5
807
  8
TEXT
 10
-12.377650896719373
 20
-17.206412125755076
 30
0.0
 70
0
  0
VERTEX
  5
808
  8
TEXT
 10
-12.41071735248851
 20
-17.193386596942357
 30
0.0
 70
0
  0
VERTEX
  5
809
  8
TEXT
 10
-12.445032241630425
 20
-17.182858449632743
 30
0.0
 70
0
  0
VERTEX
  5
80A
  8
TEXT
 10
-12.480595564145123
 20
-17.17482768382623
 30
0.0
 70
0
  0
VERTEX
  5
80B
  8
TEXT
 10
-12.516791225341219
 20
-17.169546332505252
 30
0.0
 70
0
  0
VERTEX
  5
80C
  8
TEXT
 10
-12.553003130527333
 20
-17.167266428652244
 30
0.0
 70
0
  0
VERTEX
  5
80D
  8
TEXT
 10
-12.589231279703464
 20
-17.167987972267213
 30
0.0
 70
0
  0
VERTEX
  5
80E
  8
TEXT
 10
-12.625475672869614
 20
-17.17171096335015
 30
0.0
 70
0
  0
VERTEX
  5
80F
  8
TEXT
 10
-12.66173631002578
 20
-17.178435401901062
 30
0.0
 70
0
  0
VERTEX
  5
810
  8
TEXT
 10
-12.698013191171965
 20
-17.188161287919943
 30
0.0
 70
0
  0
VERTEX
  5
811
  8
TEXT
 10
-12.72879344543573
 20
-17.198976647726855
 30
0.0
 70
0
  0
VERTEX
  5
812
  8
TEXT
 10
-12.758931345699267
 20
-17.212177110428392
 30
0.0
 70
0
  0
VERTEX
  5
813
  8
TEXT
 10
-12.788426891962574
 20
-17.227762676024554
 30
0.0
 70
0
  0
VERTEX
  5
814
  8
TEXT
 10
-12.817280084225652
 20
-17.245733344515337
 30
0.0
 70
0
  0
VERTEX
  5
815
  8
TEXT
 10
-12.845490922488503
 20
-17.266089115900744
 30
0.0
 70
0
  0
VERTEX
  5
816
  8
TEXT
 10
-12.873059406751125
 20
-17.288829990180773
 30
0.0
 70
0
  0
VERTEX
  5
817
  8
TEXT
 10
-12.899985537013515
 20
-17.313955967355426
 30
0.0
 70
0
  0
VERTEX
  5
818
  8
TEXT
 10
-13.620753820338255
 20
-18.034334195188258
 30
0.0
 70
0
  0
VERTEX
  5
819
  8
TEXT
 10
-13.851969157137171
 20
-17.85895949036693
 30
0.0
 70
0
  0
VERTEX
  5
81A
  8
TEXT
 10
-13.12687544783775
 20
-17.13798721325774
 30
0.0
 70
0
  0
VERTEX
  5
81B
  8
TEXT
 10
-13.099001507879889
 20
-17.107410921983465
 30
0.0
 70
0
  0
VERTEX
  5
81C
  8
TEXT
 10
-13.074574294968498
 20
-17.07669591542765
 30
0.0
 70
0
  0
VERTEX
  5
81D
  8
TEXT
 10
-13.053593809103578
 20
-17.045842193590296
 30
0.0
 70
0
  0
VERTEX
  5
81E
  8
TEXT
 10
-13.036060050285126
 20
-17.014849756471403
 30
0.0
 70
0
  0
VERTEX
  5
81F
  8
TEXT
 10
-13.021973018513146
 20
-16.98371860407097
 30
0.0
 70
0
  0
VERTEX
  5
820
  8
TEXT
 10
-13.011332713787636
 20
-16.952448736388995
 30
0.0
 70
0
  0
VERTEX
  5
821
  8
TEXT
 10
-13.00288160585174
 20
-16.91515057162541
 30
0.0
 70
0
  0
VERTEX
  5
822
  8
TEXT
 10
-12.998928940929517
 20
-16.878470218109236
 30
0.0
 70
0
  0
VERTEX
  5
823
  8
TEXT
 10
-12.999474719020965
 20
-16.842407675840477
 30
0.0
 70
0
  0
VERTEX
  5
824
  8
TEXT
 10
-13.004518940126081
 20
-16.806962944819126
 30
0.0
 70
0
  0
VERTEX
  5
825
  8
TEXT
 10
-13.01406160424487
 20
-16.772136025045185
 30
0.0
 70
0
  0
VERTEX
  5
826
  8
TEXT
 10
-13.025529032278852
 20
-16.74390240922015
 30
0.0
 70
0
  0
VERTEX
  5
827
  8
TEXT
 10
-13.040278173671428
 20
-16.716731585328766
 30
0.0
 70
0
  0
VERTEX
  5
828
  8
TEXT
 10
-13.058309028422597
 20
-16.690623553371033
 30
0.0
 70
0
  0
VERTEX
  5
829
  8
TEXT
 10
-13.079621596532359
 20
-16.66557831334695
 30
0.0
 70
0
  0
VERTEX
  5
82A
  8
TEXT
 10
-13.104215878000716
 20
-16.641595865256516
 30
0.0
 70
0
  0
VERTEX
  5
82B
  8
TEXT
 10
-13.132091872827663
 20
-16.618676209099736
 30
0.0
 70
0
  0
VERTEX
  5
82C
  8
TEXT
 10
-13.162242351989693
 20
-16.597690953405426
 30
0.0
 70
0
  0
VERTEX
  5
82D
  8
TEXT
 10
-13.193660086463293
 20
-16.579511706702405
 30
0.0
 70
0
  0
VERTEX
  5
82E
  8
TEXT
 10
-13.226345076248466
 20
-16.56413846899068
 30
0.0
 70
0
  0
VERTEX
  5
82F
  8
TEXT
 10
-13.260297321345208
 20
-16.551571240270246
 30
0.0
 70
0
  0
VERTEX
  5
830
  8
TEXT
 10
-13.29551682175352
 20
-16.541810020541103
 30
0.0
 70
0
  0
VERTEX
  5
831
  8
TEXT
 10
-13.332003577473403
 20
-16.534854809803253
 30
0.0
 70
0
  0
VERTEX
  5
832
  8
TEXT
 10
-13.369123832159687
 20
-16.530863402655797
 30
0.0
 70
0
  0
VERTEX
  5
833
  8
TEXT
 10
-13.4062438294672
 20
-16.529993593697828
 30
0.0
 70
0
  0
VERTEX
  5
834
  8
TEXT
 10
-13.443363569395945
 20
-16.532245382929354
 30
0.0
 70
0
  0
VERTEX
  5
835
  8
TEXT
 10
-13.480483051945917
 20
-16.537618770350367
 30
0.0
 70
0
  0
VERTEX
  5
836
  8
TEXT
 10
-13.517602277117122
 20
-16.546113755960874
 30
0.0
 70
0
  0
VERTEX
  5
837
  8
TEXT
 10
-13.554721244909555
 20
-16.557730339760873
 30
0.0
 70
0
  0
VERTEX
  5
838
  8
TEXT
 10
-13.586291513802632
 20
-16.5701606779236
 30
0.0
 70
0
  0
VERTEX
  5
839
  8
TEXT
 10
-13.617370024876633
 20
-16.58486189316366
 30
0.0
 70
0
  0
VERTEX
  5
83A
  8
TEXT
 10
-13.64795677813156
 20
-16.60183398548104
 30
0.0
 70
0
  0
VERTEX
  5
83B
  8
TEXT
 10
-13.678051773567411
 20
-16.621076954875754
 30
0.0
 70
0
  0
VERTEX
  5
83C
  8
TEXT
 10
-13.707655011184189
 20
-16.642590801347794
 30
0.0
 70
0
  0
VERTEX
  5
83D
  8
TEXT
 10
-13.736766490981891
 20
-16.66637552489716
 30
0.0
 70
0
  0
VERTEX
  5
83E
  8
TEXT
 10
-13.76538621296052
 20
-16.692431125523857
 30
0.0
 70
0
  0
VERTEX
  5
83F
  8
TEXT
 10
-14.466903563517269
 20
-17.392537403076165
 30
0.0
 70
0
  0
SEQEND
  5
79F
  8
TEXT
  0
POLYLINE
  5
840
  8
TEXT
 66
1
 10
0.0
 20
0.0
 30
0.0
 70
1
  0
VERTEX
  5
842
  8
TEXT
 10
-12.319863928969077
 20
-18.948620547486772
 30
0.0
 70
0
  0
VERTEX
  5
843
  8
TEXT
 10
-11.233723558617665
 20
-17.66872991954236
 30
0.0
 70
0
  0
VERTEX
  5
844
  8
TEXT
 10
-10.986643923218645
 20
-17.825311270567468
 30
0.0
 70
0
  0
VERTEX
  5
845
  8
TEXT
 10
-12.072784293570058
 20
-19.10520189851188
 30
0.0
 70
0
  0
SEQEND
  5
841
  8
TEXT
  0
POLYLINE
  5
846
  8
TEXT
 66
1
 10
0.0
 20
0.0
 30
0.0
 70
1
  0
VERTEX
  5
848
  8
TEXT
 10
-11.058831607194872
 20
-17.46340784131589
 30
0.0
 70
0
  0
VERTEX
  5
849
  8
TEXT
 10
-10.81749571160546
 20
-17.177751229643405
 30
0.0
 70
0
  0
VERTEX
  5
84A
  8
TEXT
 10
-10.57041607620644
 20
-17.334332580668512
 30
0.0
 70
0
  0
VERTEX
  5
84B
  8
TEXT
 10
-10.81175197179585
 20
-17.619989192341
 30
0.0
 70
0
  0
SEQEND
  5
847
  8
TEXT
  0
POLYLINE
  5
84C
  8
TEXT
 66
1
 10
0.0
 20
0.0
 30
0.0
 70
1
  0
VERTEX
  5
84E
  8
TEXT
 10
-11.151376679226477
 20
-19.701441095967176
 30
0.0
 70
0
  0
VERTEX
  5
84F
  8
TEXT
 10
-11.186048598374693
 20
-19.681137778969767
 30
0.0
 70
0
  0
VERTEX
  5
850
  8
TEXT
 10
-11.218999377204963
 20
-19.659409161539145
 30
0.0
 70
0
  0
VERTEX
  5
851
  8
TEXT
 10
-11.250229015717279
 20
-19.636255243675315
 30
0.0
 70
0
  0
VERTEX
  5
852
  8
TEXT
 10
-11.279737513911646
 20
-19.61167602537828
 30
0.0
 70
0
  0
VERTEX
  5
853
  8
TEXT
 10
-11.307524871788063
 20
-19.58567150664803
 30
0.0
 70
0
  0
VERTEX
  5
854
  8
TEXT
 10
-11.333591089346529
 20
-19.55824168748457
 30
0.0
 70
0
  0
VERTEX
  5
855
  8
TEXT
 10
-11.357936166587045
 20
-19.529386567887904
 30
0.0
 70
0
  0
VERTEX
  5
856
  8
TEXT
 10
-11.38007874159909
 20
-19.499407517804737
 30
0.0
 70
0
  0
VERTEX
  5
857
  8
TEXT
 10
-11.399537452472147
 20
-19.468605907181782
 30
0.0
 70
0
  0
VERTEX
  5
858
  8
TEXT
 10
-11.416312299206217
 20
-19.436981736019032
 30
0.0
 70
0
  0
VERTEX
  5
859
  8
TEXT
 10
-11.430403281801297
 20
-19.404535004316493
 30
0.0
 70
0
  0
VERTEX
  5
85A
  8
TEXT
 10
-11.441810400257387
 20
-19.371265712074162
 30
0.0
 70
0
  0
VERTEX
  5
85B
  8
TEXT
 10
-11.450533654574489
 20
-19.337173859292044
 30
0.0
 70
0
  0
VERTEX
  5
85C
  8
TEXT
 10
-11.456573044752602
 20
-19.30225944597013
 30
0.0
 70
0
  0
VERTEX
  5
85D
  8
TEXT
 10
-11.459444375927594
 20
-19.266753457237286
 30
0.0
 70
0
  0
VERTEX
  5
85E
  8
TEXT
 10
-11.458663453235332
 20
-19.23088687822236
 30
0.0
 70
0
  0
VERTEX
  5
85F
  8
TEXT
 10
-11.454230276675816
 20
-19.194659708925357
 30
0.0
 70
0
  0
VERTEX
  5
860
  8
TEXT
 10
-11.446144846249044
 20
-19.158071949346272
 30
0.0
 70
0
  0
VERTEX
  5
861
  8
TEXT
 10
-11.434407161955018
 20
-19.121123599485113
 30
0.0
 70
0
  0
VERTEX
  5
862
  8
TEXT
 10
-11.419017223793738
 20
-19.083814659341872
 30
0.0
 70
0
  0
VERTEX
  5
863
  8
TEXT
 10
-11.399975031765203
 20
-19.046145128916553
 30
0.0
 70
0
  0
VERTEX
  5
864
  8
TEXT
 10
-11.37898128915761
 20
-19.011134405070187
 30
0.0
 70
0
  0
VERTEX
  5
865
  8
TEXT
 10
-11.356033163017342
 20
-18.978712102984925
 30
0.0
 70
0
  0
VERTEX
  5
866
  8
TEXT
 10
-11.331130653344404
 20
-18.94887822266076
 30
0.0
 70
0
  0
VERTEX
  5
867
  8
TEXT
 10
-11.304273760138791
 20
-18.921632764097698
 30
0.0
 70
0
  0
VERTEX
  5
868
  8
TEXT
 10
-11.275462483400508
 20
-18.896975727295736
 30
0.0
 70
0
  0
VERTEX
  5
869
  8
TEXT
 10
-11.244696823129551
 20
-18.874907112254878
 30
0.0
 70
0
  0
VERTEX
  5
86A
  8
TEXT
 10
-11.211976779325921
 20
-18.855426918975116
 30
0.0
 70
0
  0
VERTEX
  5
86B
  8
TEXT
 10
-11.181949612973607
 20
-18.84052915548251
 30
0.0
 70
0
  0
VERTEX
  5
86C
  8
TEXT
 10
-11.150838276164109
 20
-18.827661334203313
 30
0.0
 70
0
  0
VERTEX
  5
86D
  8
TEXT
 10
-11.118642768897425
 20
-18.81682345513752
 30
0.0
 70
0
  0
VERTEX
  5
86E
  8
TEXT
 10
-11.085363091173557
 20
-18.80801551828513
 30
0.0
 70
0
  0
VERTEX
  5
86F
  8
TEXT
 10
-11.050999242992502
 20
-18.80123752364615
 30
0.0
 70
0
  0
VERTEX
  5
870
  8
TEXT
 10
-11.015551224354262
 20
-18.796489471220575
 30
0.0
 70
0
  0
VERTEX
  5
871
  8
TEXT
 10
-10.979019035258837
 20
-18.793771361008407
 30
0.0
 70
0
  0
VERTEX
  5
872
  8
TEXT
 10
-10.941402675706225
 20
-18.793083193009643
 30
0.0
 70
0
  0
VERTEX
  5
873
  8
TEXT
 10
-10.907233545185255
 20
-18.794142892257817
 30
0.0
 70
0
  0
VERTEX
  5
874
  8
TEXT
 10
-10.87256338878893
 20
-18.79674100669933
 30
0.0
 70
0
  0
VERTEX
  5
875
  8
TEXT
 10
-10.837392206517245
 20
-18.800877536334195
 30
0.0
 70
0
  0
VERTEX
  5
876
  8
TEXT
 10
-10.801719998370205
 20
-18.8065524811624
 30
0.0
 70
0
  0
VERTEX
  5
877
  8
TEXT
 10
-10.765546764347809
 20
-18.813765841183944
 30
0.0
 70
0
  0
VERTEX
  5
878
  8
TEXT
 10
-10.728872504450054
 20
-18.822517616398834
 30
0.0
 70
0
  0
VERTEX
  5
879
  8
TEXT
 10
-10.691697218676945
 20
-18.832807806807068
 30
0.0
 70
0
  0
VERTEX
  5
87A
  8
TEXT
 10
-10.654020907028478
 20
-18.844636412408647
 30
0.0
 70
0
  0
VERTEX
  5
87B
  8
TEXT
 10
-10.615843569504655
 20
-18.858003433203567
 30
0.0
 70
0
  0
VERTEX
  5
87C
  8
TEXT
 10
-10.047848267923642
 20
-19.061877787999293
 30
0.0
 70
0
  0
VERTEX
  5
87D
  8
TEXT
 10
-10.01710104838868
 20
-19.018898473949022
 30
0.0
 70
0
  0
VERTEX
  5
87E
  8
TEXT
 10
-9.992164236855995
 20
-18.98364433124964
 30
0.0
 70
0
  0
VERTEX
  5
87F
  8
TEXT
 10
-9.973259998602858
 20
-18.948589549243817
 30
0.0
 70
0
  0
VERTEX
  5
880
  8
TEXT
 10
-9.960388333629266
 20
-18.913734127931562
 30
0.0
 70
0
  0
VERTEX
  5
881
  8
TEXT
 10
-9.953549241935221
 20
-18.879078067312875
 30
0.0
 70
0
  0
VERTEX
  5
882
  8
TEXT
 10
-9.952742723520721
 20
-18.844621367387756
 30
0.0
 70
0
  0
VERTEX
  5
883
  8
TEXT
 10
-9.956911614093306
 20
-18.81087638277722
 30
0.0
 70
0
  0
VERTEX
  5
884
  8
TEXT
 10
-9.964998749360515
 20
-18.778355468102294
 30
0.0
 70
0
  0
VERTEX
  5
885
  8
TEXT
 10
-9.977004129322346
 20
-18.747058623362975
 30
0.0
 70
0
  0
VERTEX
  5
886
  8
TEXT
 10
-9.992927753978801
 20
-18.716985848559265
 30
0.0
 70
0
  0
VERTEX
  5
887
  8
TEXT
 10
-10.012769623329879
 20
-18.688137143691165
 30
0.0
 70
0
  0
VERTEX
  5
888
  8
TEXT
 10
-10.035634786621259
 20
-18.660935427726997
 30
0.0
 70
0
  0
VERTEX
  5
889
  8
TEXT
 10
-10.060628293098624
 20
-18.63580361963509
 30
0.0
 70
0
  0
VERTEX
  5
88A
  8
TEXT
 10
-10.087750142761973
 20
-18.612741719415443
 30
0.0
 70
0
  0
VERTEX
  5
88B
  8
TEXT
 10
-10.117000335611305
 20
-18.591749727068056
 30
0.0
 70
0
  0
VERTEX
  5
88C
  8
TEXT
 10
-10.14837887164662
 20
-18.57282764259293
 30
0.0
 70
0
  0
VERTEX
  5
88D
  8
TEXT
 10
-10.181636179737728
 20
-18.55586849183615
 30
0.0
 70
0
  0
VERTEX
  5
88E
  8
TEXT
 10
-10.215170909269922
 20
-18.5415105977496
 30
0.0
 70
0
  0
VERTEX
  5
88F
  8
TEXT
 10
-10.248983060243205
 20
-18.529753960333277
 30
0.0
 70
0
  0
VERTEX
  5
890
  8
TEXT
 10
-10.283072632657577
 20
-18.52059857958718
 30
0.0
 70
0
  0
VERTEX
  5
891
  8
TEXT
 10
-10.317439626513034
 20
-18.514044455511307
 30
0.0
 70
0
  0
VERTEX
  5
892
  8
TEXT
 10
-10.35208404180958
 20
-18.510091588105663
 30
0.0
 70
0
  0
VERTEX
  5
893
  8
TEXT
 10
-10.387005878547214
 20
-18.508739977370247
 30
0.0
 70
0
  0
VERTEX
  5
894
  8
TEXT
 10
-10.422205136725935
 20
-18.509989623305056
 30
0.0
 70
0
  0
VERTEX
  5
895
  8
TEXT
 10
-10.462021293892292
 20
-18.514153848293134
 30
0.0
 70
0
  0
VERTEX
  5
896
  8
TEXT
 10
-10.500697265050185
 20
-18.52081732492611
 30
0.0
 70
0
  0
VERTEX
  5
897
  8
TEXT
 10
-10.538233050199613
 20
-18.529980053203985
 30
0.0
 70
0
  0
VERTEX
  5
898
  8
TEXT
 10
-10.574628649340578
 20
-18.54164203312676
 30
0.0
 70
0
  0
VERTEX
  5
899
  8
TEXT
 10
-10.609884062473078
 20
-18.555803264694436
 30
0.0
 70
0
  0
VERTEX
  5
89A
  8
TEXT
 10
-10.643999289597115
 20
-18.57246374790701
 30
0.0
 70
0
  0
VERTEX
  5
89B
  8
TEXT
 10
-10.676974330712687
 20
-18.591623482764483
 30
0.0
 70
0
  0
VERTEX
  5
89C
  8
TEXT
 10
-10.817794002352283
 20
-18.348289862716804
 30
0.0
 70
0
  0
VERTEX
  5
89D
  8
TEXT
 10
-10.78604592343025
 20
-18.329137142320736
 30
0.0
 70
0
  0
VERTEX
  5
89E
  8
TEXT
 10
-10.753214923926487
 20
-18.31180457977384
 30
0.0
 70
0
  0
VERTEX
  5
89F
  8
TEXT
 10
-10.719301003840993
 20
-18.29629217507611
 30
0.0
 70
0
  0
VERTEX
  5
8A0
  8
TEXT
 10
-10.684304163173767
 20
-18.28259992822755
 30
0.0
 70
0
  0
VERTEX
  5
8A1
  8
TEXT
 10
-10.648224401924809
 20
-18.270727839228165
 30
0.0
 70
0
  0
VERTEX
  5
8A2
  8
TEXT
 10
-10.61106172009412
 20
-18.26067590807795
 30
0.0
 70
0
  0
VERTEX
  5
8A3
  8
TEXT
 10
-10.5728161176817
 20
-18.2524441347769
 30
0.0
 70
0
  0
VERTEX
  5
8A4
  8
TEXT
 10
-10.538692250033197
 20
-18.246800765384304
 30
0.0
 70
0
  0
VERTEX
  5
8A5
  8
TEXT
 10
-10.504198006818434
 20
-18.242683622365327
 30
0.0
 70
0
  0
VERTEX
  5
8A6
  8
TEXT
 10
-10.469333388037413
 20
-18.240092705719963
 30
0.0
 70
0
  0
VERTEX
  5
8A7
  8
TEXT
 10
-10.434098393690132
 20
-18.239028015448216
 30
0.0
 70
0
  0
VERTEX
  5
8A8
  8
TEXT
 10
-10.398493023776592
 20
-18.239489551550086
 30
0.0
 70
0
  0
VERTEX
  5
8A9
  8
TEXT
 10
-10.362517278296792
 20
-18.24147731402557
 30
0.0
 70
0
  0
VERTEX
  5
8AA
  8
TEXT
 10
-10.326171157250736
 20
-18.24499130287467
 30
0.0
 70
0
  0
VERTEX
  5
8AB
  8
TEXT
 10
-10.289454660638418
 20
-18.25003151809739
 30
0.0
 70
0
  0
VERTEX
  5
8AC
  8
TEXT
 10
-10.252704932964246
 20
-18.256659955743675
 30
0.0
 70
0
  0
VERTEX
  5
8AD
  8
TEXT
 10
-10.21625911873262
 20
-18.26493861186348
 30
0.0
 70
0
  0
VERTEX
  5
8AE
  8
TEXT
 10
-10.180117217943538
 20
-18.274867486456806
 30
0.0
 70
0
  0
VERTEX
  5
8AF
  8
TEXT
 10
-10.144279230597004
 20
-18.286446579523652
 30
0.0
 70
0
  0
VERTEX
  5
8B0
  8
TEXT
 10
-10.108745156693015
 20
-18.299675891064016
 30
0.0
 70
0
  0
VERTEX
  5
8B1
  8
TEXT
 10
-10.073514996231573
 20
-18.3145554210779
 30
0.0
 70
0
  0
VERTEX
  5
8B2
  8
TEXT
 10
-10.038588749212678
 20
-18.331085169565302
 30
0.0
 70
0
  0
VERTEX
  5
8B3
  8
TEXT
 10
-10.003966415636329
 20
-18.349265136526228
 30
0.0
 70
0
  0
VERTEX
  5
8B4
  8
TEXT
 10
-9.968796238548116
 20
-18.36974412782364
 30
0.0
 70
0
  0
VERTEX
  5
8B5
  8
TEXT
 10
-9.93538061312416
 20
-18.391431922740335
 30
0.0
 70
0
  0
VERTEX
  5
8B6
  8
TEXT
 10
-9.90371953936446
 20
-18.414328521276307
 30
0.0
 70
0
  0
VERTEX
  5
8B7
  8
TEXT
 10
-9.873813017269017
 20
-18.438433923431564
 30
0.0
 70
0
  0
VERTEX
  5
8B8
  8
TEXT
 10
-9.845661046837831
 20
-18.4637481292061
 30
0.0
 70
0
  0
VERTEX
  5
8B9
  8
TEXT
 10
-9.819263628070901
 20
-18.490271138599912
 30
0.0
 70
0
  0
VERTEX
  5
8BA
  8
TEXT
 10
-9.794620760968229
 20
-18.518002951613006
 30
0.0
 70
0
  0
VERTEX
  5
8BB
  8
TEXT
 10
-9.771732445529812
 20
-18.546943568245382
 30
0.0
 70
0
  0
VERTEX
  5
8BC
  8
TEXT
 10
-9.750598681755653
 20
-18.57709298849704
 30
0.0
 70
0
  0
VERTEX
  5
8BD
  8
TEXT
 10
-9.731459516607543
 20
-18.608057723565064
 30
0.0
 70
0
  0
VERTEX
  5
8BE
  8
TEXT
 10
-9.714554997047276
 20
-18.63944428464655
 30
0.0
 70
0
  0
VERTEX
  5
8BF
  8
TEXT
 10
-9.699885123074854
 20
-18.67125267174149
 30
0.0
 70
0
  0
VERTEX
  5
8C0
  8
TEXT
 10
-9.687449894690277
 20
-18.703482884849894
 30
0.0
 70
0
  0
VERTEX
  5
8C1
  8
TEXT
 10
-9.67724931189354
 20
-18.736134923971754
 30
0.0
 70
0
  0
VERTEX
  5
8C2
  8
TEXT
 10
-9.66928337468465
 20
-18.769208789107072
 30
0.0
 70
0
  0
VERTEX
  5
8C3
  8
TEXT
 10
-9.663552083063601
 20
-18.802704480255848
 30
0.0
 70
0
  0
VERTEX
  5
8C4
  8
TEXT
 10
-9.660055437030397
 20
-18.836621997418085
 30
0.0
 70
0
  0
VERTEX
  5
8C5
  8
TEXT
 10
-9.658793436585036
 20
-18.87096134059378
 30
0.0
 70
0
  0
VERTEX
  5
8C6
  8
TEXT
 10
-9.659991153815763
 20
-18.90538080064892
 30
0.0
 70
0
  0
VERTEX
  5
8C7
  8
TEXT
 10
-9.663873660810825
 20
-18.93953866844949
 30
0.0
 70
0
  0
VERTEX
  5
8C8
  8
TEXT
 10
-9.670440957570218
 20
-18.97343494399549
 30
0.0
 70
0
  0
VERTEX
  5
8C9
  8
TEXT
 10
-9.679693044093947
 20
-19.007069627286917
 30
0.0
 70
0
  0
VERTEX
  5
8CA
  8
TEXT
 10
-9.691629920382006
 20
-19.040442718323778
 30
0.0
 70
0
  0
VERTEX
  5
8CB
  8
TEXT
 10
-9.706251586434401
 20
-19.073554217106064
 30
0.0
 70
0
  0
VERTEX
  5
8CC
  8
TEXT
 10
-9.723558042251128
 20
-19.106404123633784
 30
0.0
 70
0
  0
VERTEX
  5
8CD
  8
TEXT
 10
-9.743549287832186
 20
-19.138992437906932
 30
0.0
 70
0
  0
VERTEX
  5
8CE
  8
TEXT
 10
-9.766225323177581
 20
-19.17131915992551
 30
0.0
 70
0
  0
VERTEX
  5
8CF
  8
TEXT
 10
-10.430564216740825
 20
-20.05655288335045
 30
0.0
 70
0
  0
VERTEX
  5
8D0
  8
TEXT
 10
-10.67929164189118
 20
-19.91941821588481
 30
0.0
 70
0
  0
VERTEX
  5
8D1
  8
TEXT
 10
-10.566736923232412
 20
-19.766425872466915
 30
0.0
 70
0
  0
VERTEX
  5
8D2
  8
TEXT
 10
-10.601553425875545
 20
-19.776999929132337
 30
0.0
 70
0
  0
VERTEX
  5
8D3
  8
TEXT
 10
-10.636909023966432
 20
-19.78570991771749
 30
0.0
 70
0
  0
VERTEX
  5
8D4
  8
TEXT
 10
-10.67280371750507
 20
-19.79255583822237
 30
0.0
 70
0
  0
VERTEX
  5
8D5
  8
TEXT
 10
-10.70662687871638
 20
-19.796354988243348
 30
0.0
 70
0
  0
VERTEX
  5
8D6
  8
TEXT
 10
-10.740614079546765
 20
-19.798624760747128
 30
0.0
 70
0
  0
VERTEX
  5
8D7
  8
TEXT
 10
-10.774765319996225
 20
-19.79936515573371
 30
0.0
 70
0
  0
VERTEX
  5
8D8
  8
TEXT
 10
-10.809080600064762
 20
-19.798576173203095
 30
0.0
 70
0
  0
VERTEX
  5
8D9
  8
TEXT
 10
-10.843559919752373
 20
-19.796257813155282
 30
0.0
 70
0
  0
VERTEX
  5
8DA
  8
TEXT
 10
-10.878203279059061
 20
-19.792410075590272
 30
0.0
 70
0
  0
VERTEX
  5
8DB
  8
TEXT
 10
-10.913010677984824
 20
-19.787032960508064
 30
0.0
 70
0
  0
VERTEX
  5
8DC
  8
TEXT
 10
-10.94778050631389
 20
-19.780021784470215
 30
0.0
 70
0
  0
VERTEX
  5
8DD
  8
TEXT
 10
-10.982311153830489
 20
-19.77127186403827
 30
0.0
 70
0
  0
VERTEX
  5
8DE
  8
TEXT
 10
-11.016602620534622
 20
-19.760783199212234
 30
0.0
 70
0
  0
VERTEX
  5
8DF
  8
TEXT
 10
-11.050654906426287
 20
-19.748555789992107
 30
0.0
 70
0
  0
VERTEX
  5
8E0
  8
TEXT
 10
-11.084468011505484
 20
-19.734589636377887
 30
0.0
 70
0
  0
VERTEX
  5
8E1
  8
TEXT
 10
-11.118041935772213
 20
-19.718884738369578
 30
0.0
 70
0
  0
SEQEND
  5
84D
  8
TEXT
  0
POLYLINE
  5
8E2
  8
TEXT
 66
1
 10
0.0
 20
0.0
 30
0.0
 70
1
  0
VERTEX
  5
8E4
  8
TEXT
 10
-10.19534435929798
 20
-19.259062410224903
 30
0.0
 70
0
  0
VERTEX
  5
8E5
  8
TEXT
 10
-10.685871786080554
 20
-19.087323422234842
 30
0.0
 70
0
  0
VERTEX
  5
8E6
  8
TEXT
 10
-10.728412305396343
 20
-19.074049377448926
 30
0.0
 70
0
  0
VERTEX
  5
8E7
  8
TEXT
 10
-10.769578517443971
 20
-19.06376339970232
 30
0.0
 70
0
  0
VERTEX
  5
8E8
  8
TEXT
 10
-10.809370422223434
 20
-19.056465488995027
 30
0.0
 70
0
  0
VERTEX
  5
8E9
  8
TEXT
 10
-10.847788019734736
 20
-19.052155645327048
 30
0.0
 70
0
  0
VERTEX
  5
8EA
  8
TEXT
 10
-10.884831309977873
 20
-19.050833868698376
 30
0.0
 70
0
  0
VERTEX
  5
8EB
  8
TEXT
 10
-10.920500292952847
 20
-19.05250015910902
 30
0.0
 70
0
  0
VERTEX
  5
8EC
  8
TEXT
 10
-10.954794968659657
 20
-19.057154516558974
 30
0.0
 70
0
  0
VERTEX
  5
8ED
  8
TEXT
 10
-10.99226834603823
 20
-19.066508536952973
 30
0.0
 70
0
  0
VERTEX
  5
8EE
  8
TEXT
 10
-11.026270926670916
 20
-19.08022435253921
 30
0.0
 70
0
  0
VERTEX
  5
8EF
  8
TEXT
 10
-11.056802710557713
 20
-19.098301963317688
 30
0.0
 70
0
  0
VERTEX
  5
8F0
  8
TEXT
 10
-11.083863697698623
 20
-19.120741369288407
 30
0.0
 70
0
  0
VERTEX
  5
8F1
  8
TEXT
 10
-11.107453888093644
 20
-19.147542570451364
 30
0.0
 70
0
  0
VERTEX
  5
8F2
  8
TEXT
 10
-11.12757328174278
 20
-19.17870556680656
 30
0.0
 70
0
  0
VERTEX
  5
8F3
  8
TEXT
 10
-11.141951283646884
 20
-19.20931280588175
 30
0.0
 70
0
  0
VERTEX
  5
8F4
  8
TEXT
 10
-11.151298487229983
 20
-19.23985385314275
 30
0.0
 70
0
  0
VERTEX
  5
8F5
  8
TEXT
 10
-11.155614892492075
 20
-19.270328708589552
 30
0.0
 70
0
  0
VERTEX
  5
8F6
  8
TEXT
 10
-11.154900499433161
 20
-19.300737372222162
 30
0.0
 70
0
  0
VERTEX
  5
8F7
  8
TEXT
 10
-11.149155308053242
 20
-19.331079844040577
 30
0.0
 70
0
  0
VERTEX
  5
8F8
  8
TEXT
 10
-11.138379318352317
 20
-19.361356124044796
 30
0.0
 70
0
  0
VERTEX
  5
8F9
  8
TEXT
 10
-11.123116491959061
 20
-19.390776663985903
 30
0.0
 70
0
  0
VERTEX
  5
8FA
  8
TEXT
 10
-11.103910790502153
 20
-19.418551915614987
 30
0.0
 70
0
  0
VERTEX
  5
8FB
  8
TEXT
 10
-11.080762213981592
 20
-19.444681878932045
 30
0.0
 70
0
  0
VERTEX
  5
8FC
  8
TEXT
 10
-11.053670762397376
 20
-19.46916655393708
 30
0.0
 70
0
  0
VERTEX
  5
8FD
  8
TEXT
 10
-11.022636435749506
 20
-19.492005940630083
 30
0.0
 70
0
  0
VERTEX
  5
8FE
  8
TEXT
 10
-10.987659234037984
 20
-19.513200039011064
 30
0.0
 70
0
  0
VERTEX
  5
8FF
  8
TEXT
 10
-10.955739090817275
 20
-19.529587203057837
 30
0.0
 70
0
  0
VERTEX
  5
900
  8
TEXT
 10
-10.923512296927251
 20
-19.543719731225952
 30
0.0
 70
0
  0
VERTEX
  5
901
  8
TEXT
 10
-10.89097885236791
 20
-19.55559762351541
 30
0.0
 70
0
  0
VERTEX
  5
902
  8
TEXT
 10
-10.858138757139253
 20
-19.56522087992621
 30
0.0
 70
0
  0
VERTEX
  5
903
  8
TEXT
 10
-10.824992011241282
 20
-19.572589500458356
 30
0.0
 70
0
  0
VERTEX
  5
904
  8
TEXT
 10
-10.791538614673993
 20
-19.577703485111844
 30
0.0
 70
0
  0
VERTEX
  5
905
  8
TEXT
 10
-10.75777856743739
 20
-19.580562833886674
 30
0.0
 70
0
  0
VERTEX
  5
906
  8
TEXT
 10
-10.723711869531469
 20
-19.581167546782847
 30
0.0
 70
0
  0
VERTEX
  5
907
  8
TEXT
 10
-10.684849027793621
 20
-19.579319612676986
 30
0.0
 70
0
  0
VERTEX
  5
908
  8
TEXT
 10
-10.64647769855854
 20
-19.574970336172335
 30
0.0
 70
0
  0
VERTEX
  5
909
  8
TEXT
 10
-10.608597881826226
 20
-19.568119717268885
 30
0.0
 70
0
  0
VERTEX
  5
90A
  8
TEXT
 10
-10.57120957759668
 20
-19.558767755966638
 30
0.0
 70
0
  0
VERTEX
  5
90B
  8
TEXT
 10
-10.5343127858699
 20
-19.5469144522656
 30
0.0
 70
0
  0
VERTEX
  5
90C
  8
TEXT
 10
-10.497907506645888
 20
-19.532559806165764
 30
0.0
 70
0
  0
VERTEX
  5
90D
  8
TEXT
 10
-10.461993739924642
 20
-19.515703817667138
 30
0.0
 70
0
  0
VERTEX
  5
90E
  8
TEXT
 10
-10.431433292377719
 20
-19.49908950169084
 30
0.0
 70
0
  0
VERTEX
  5
90F
  8
TEXT
 10
-10.402170968059206
 20
-19.48093320823349
 30
0.0
 70
0
  0
VERTEX
  5
910
  8
TEXT
 10
-10.374206766969102
 20
-19.461234937295096
 30
0.0
 70
0
  0
VERTEX
  5
911
  8
TEXT
 10
-10.34754068910741
 20
-19.439994688875654
 30
0.0
 70
0
  0
VERTEX
  5
912
  8
TEXT
 10
-10.322172734474126
 20
-19.41721246297516
 30
0.0
 70
0
  0
VERTEX
  5
913
  8
TEXT
 10
-10.298102903069253
 20
-19.39288825959362
 30
0.0
 70
0
  0
VERTEX
  5
914
  8
TEXT
 10
-10.275331194892791
 20
-19.36702207873103
 30
0.0
 70
0
  0
VERTEX
  5
915
  8
TEXT
 10
-10.253857609944738
 20
-19.33961392038739
 30
0.0
 70
0
  0
SEQEND
  5
8E3
  8
TEXT
  0
POLYLINE
  5
916
  8
TEXT
 66
1
 10
0.0
 20
0.0
 30
0.0
 70
1
  0
VERTEX
  5
918
  8
TEXT
 10
-9.374591143705562
 20
-20.604770347145823
 30
0.0
 70
0
  0
VERTEX
  5
919
  8
TEXT
 10
-9.411133992308276
 20
-20.587282287013192
 30
0.0
 70
0
  0
VERTEX
  5
91A
  8
TEXT
 10
-9.446205691171219
 20
-20.568500343705015
 30
0.0
 70
0
  0
VERTEX
  5
91B
  8
TEXT
 10
-9.47980624029439
 20
-20.5484245172213
 30
0.0
 70
0
  0
VERTEX
  5
91C
  8
TEXT
 10
-9.511935639677791
 20
-20.52705480756204
 30
0.0
 70
0
  0
VERTEX
  5
91D
  8
TEXT
 10
-9.54259388932142
 20
-20.504391214727235
 30
0.0
 70
0
  0
VERTEX
  5
91E
  8
TEXT
 10
-9.571780989225278
 20
-20.480433738716894
 30
0.0
 70
0
  0
VERTEX
  5
91F
  8
TEXT
 10
-9.599496939389367
 20
-20.455182379531006
 30
0.0
 70
0
  0
VERTEX
  5
920
  8
TEXT
 10
-9.625741739813682
 20
-20.428637137169577
 30
0.0
 70
0
  0
VERTEX
  5
921
  8
TEXT
 10
-9.65033070522313
 20
-20.401033626749918
 30
0.0
 70
0
  0
VERTEX
  5
922
  8
TEXT
 10
-9.67307915034261
 20
-20.372607463389343
 30
0.0
 70
0
  0
VERTEX
  5
923
  8
TEXT
 10
-9.693987075172124
 20
-20.343358647087847
 30
0.0
 70
0
  0
VERTEX
  5
924
  8
TEXT
 10
-9.713054479711673
 20
-20.31328717784543
 30
0.0
 70
0
  0
VERTEX
  5
925
  8
TEXT
 10
-9.730281363961254
 20
-20.2823930556621
 30
0.0
 70
0
  0
VERTEX
  5
926
  8
TEXT
 10
-9.745667727920868
 20
-20.25067628053785
 30
0.0
 70
0
  0
VERTEX
  5
927
  8
TEXT
 10
-9.759213571590516
 20
-20.218136852472682
 30
0.0
 70
0
  0
VERTEX
  5
928
  8
TEXT
 10
-9.770918894970197
 20
-20.184774771466593
 30
0.0
 70
0
  0
VERTEX
  5
929
  8
TEXT
 10
-9.780685705383494
 20
-20.150885736110542
 30
0.0
 70
0
  0
VERTEX
  5
92A
  8
TEXT
 10
-9.78841601015398
 20
-20.116765444995476
 30
0.0
 70
0
  0
VERTEX
  5
92B
  8
TEXT
 10
-9.794109809281661
 20
-20.082413898121402
 30
0.0
 70
0
  0
VERTEX
  5
92C
  8
TEXT
 10
-9.797767102766533
 20
-20.047831095488316
 30
0.0
 70
0
  0
VERTEX
  5
92D
  8
TEXT
 10
-9.7993878906086
 20
-20.01301703709622
 30
0.0
 70
0
  0
VERTEX
  5
92E
  8
TEXT
 10
-9.798972172807858
 20
-19.97797172294511
 30
0.0
 70
0
  0
VERTEX
  5
92F
  8
TEXT
 10
-9.796519949364308
 20
-19.94269515303499
 30
0.0
 70
0
  0
VERTEX
  5
930
  8
TEXT
 10
-9.792031220277952
 20
-19.907187327365857
 30
0.0
 70
0
  0
VERTEX
  5
931
  8
TEXT
 10
-9.5359924819926
 20
-19.917839025501994
 30
0.0
 70
0
  0
VERTEX
  5
932
  8
TEXT
 10
-9.537281877759877
 20
-19.95640002200498
 30
0.0
 70
0
  0
VERTEX
  5
933
  8
TEXT
 10
-9.535932664524262
 20
-19.993982823999993
 30
0.0
 70
0
  0
VERTEX
  5
934
  8
TEXT
 10
-9.531944842285755
 20
-20.030587431487028
 30
0.0
 70
0
  0
VERTEX
  5
935
  8
TEXT
 10
-9.525318411044356
 20
-20.066213844466084
 30
0.0
 70
0
  0
VERTEX
  5
936
  8
TEXT
 10
-9.516053370800066
 20
-20.10086206293716
 30
0.0
 70
0
  0
VERTEX
  5
937
  8
TEXT
 10
-9.504149721552883
 20
-20.134532086900265
 30
0.0
 70
0
  0
VERTEX
  5
938
  8
TEXT
 10
-9.48960746330281
 20
-20.16722391635539
 30
0.0
 70
0
  0
VERTEX
  5
939
  8
TEXT
 10
-9.472426596049845
 20
-20.198937551302535
 30
0.0
 70
0
  0
VERTEX
  5
93A
  8
TEXT
 10
-9.452851694474383
 20
-20.229218440727315
 30
0.0
 70
0
  0
VERTEX
  5
93B
  8
TEXT
 10
-9.43112733325682
 20
-20.257612033615334
 30
0.0
 70
0
  0
VERTEX
  5
93C
  8
TEXT
 10
-9.407253512397157
 20
-20.284118329966596
 30
0.0
 70
0
  0
VERTEX
  5
93D
  8
TEXT
 10
-9.381230231895394
 20
-20.3087373297811
 30
0.0
 70
0
  0
VERTEX
  5
93E
  8
TEXT
 10
-9.35305749175153
 20
-20.331469033058845
 30
0.0
 70
0
  0
VERTEX
  5
93F
  8
TEXT
 10
-9.322735291965564
 20
-20.35231343979983
 30
0.0
 70
0
  0
VERTEX
  5
940
  8
TEXT
 10
-9.290263632537501
 20
-20.371270550004056
 30
0.0
 70
0
  0
VERTEX
  5
941
  8
TEXT
 10
-9.255642513467334
 20
-20.388340363671524
 30
0.0
 70
0
  0
VERTEX
  5
942
  8
TEXT
 10
-9.217887639983376
 20
-20.40376338377806
 30
0.0
 70
0
  0
VERTEX
  5
943
  8
TEXT
 10
-9.180988523141137
 20
-20.415533117698484
 30
0.0
 70
0
  0
VERTEX
  5
944
  8
TEXT
 10
-9.144945162940619
 20
-20.4236495654328
 30
0.0
 70
0
  0
VERTEX
  5
945
  8
TEXT
 10
-9.109757559381821
 20
-20.428112726981006
 30
0.0
 70
0
  0
VERTEX
  5
946
  8
TEXT
 10
-9.075425712464744
 20
-20.428922602343103
 30
0.0
 70
0
  0
VERTEX
  5
947
  8
TEXT
 10
-9.041949622189389
 20
-20.42607919151909
 30
0.0
 70
0
  0
VERTEX
  5
948
  8
TEXT
 10
-9.009329288555751
 20
-20.41958249450897
 30
0.0
 70
0
  0
VERTEX
  5
949
  8
TEXT
 10
-8.97365669799991
 20
-20.407926292627327
 30
0.0
 70
0
  0
VERTEX
  5
94A
  8
TEXT
 10
-8.941754655395531
 20
-20.39237881388982
 30
0.0
 70
0
  0
VERTEX
  5
94B
  8
TEXT
 10
-8.913623160742613
 20
-20.372940058296447
 30
0.0
 70
0
  0
VERTEX
  5
94C
  8
TEXT
 10
-8.889262214041157
 20
-20.349610025847205
 30
0.0
 70
0
  0
VERTEX
  5
94D
  8
TEXT
 10
-8.868671815291162
 20
-20.322388716542097
 30
0.0
 70
0
  0
VERTEX
  5
94E
  8
TEXT
 10
-8.85185196449263
 20
-20.29127613038112
 30
0.0
 70
0
  0
VERTEX
  5
94F
  8
TEXT
 10
-8.839517204318629
 20
-20.255243696205348
 30
0.0
 70
0
  0
VERTEX
  5
950
  8
TEXT
 10
-8.83524189002532
 20
-20.21959314118138
 30
0.0
 70
0
  0
VERTEX
  5
951
  8
TEXT
 10
-8.839026021612703
 20
-20.184324465309224
 30
0.0
 70
0
  0
VERTEX
  5
952
  8
TEXT
 10
-8.850869599080777
 20
-20.149437668588874
 30
0.0
 70
0
  0
VERTEX
  5
953
  8
TEXT
 10
-8.86568254339717
 20
-20.121674360947416
 30
0.0
 70
0
  0
VERTEX
  5
954
  8
TEXT
 10
-8.884724095692874
 20
-20.093897809454152
 30
0.0
 70
0
  0
VERTEX
  5
955
  8
TEXT
 10
-8.907994255967889
 20
-20.06610801410908
 30
0.0
 70
0
  0
VERTEX
  5
956
  8
TEXT
 10
-8.935493024222215
 20
-20.038304974912204
 30
0.0
 70
0
  0
VERTEX
  5
957
  8
TEXT
 10
-8.967220400455851
 20
-20.010488691863525
 30
0.0
 70
0
  0
VERTEX
  5
958
  8
TEXT
 10
-9.161203839452998
 20
-19.847477877726963
 30
0.0
 70
0
  0
VERTEX
  5
959
  8
TEXT
 10
-9.193526576008608
 20
-19.81926214307778
 30
0.0
 70
0
  0
VERTEX
  5
95A
  8
TEXT
 10
-9.223196705061525
 20
-19.790613664146345
 30
0.0
 70
0
  0
VERTEX
  5
95B
  8
TEXT
 10
-9.25021422661175
 20
-19.76153244093267
 30
0.0
 70
0
  0
VERTEX
  5
95C
  8
TEXT
 10
-9.27457914065928
 20
-19.732018473436746
 30
0.0
 70
0
  0
VERTEX
  5
95D
  8
TEXT
 10
-9.29629144720412
 20
-19.702071761658573
 30
0.0
 70
0
  0
VERTEX
  5
95E
  8
TEXT
 10
-9.315351146246265
 20
-19.671692305598157
 30
0.0
 70
0
  0
VERTEX
  5
95F
  8
TEXT
 10
-9.331758237785719
 20
-19.640880105255494
 30
0.0
 70
0
  0
VERTEX
  5
960
  8
TEXT
 10
-9.34551272182248
 20
-19.609635160630585
 30
0.0
 70
0
  0
VERTEX
  5
961
  8
TEXT
 10
-9.356614598356549
 20
-19.57795747172343
 30
0.0
 70
0
  0
VERTEX
  5
962
  8
TEXT
 10
-9.365921852390784
 20
-19.542099203757132
 30
0.0
 70
0
  0
VERTEX
  5
963
  8
TEXT
 10
-9.371848575732365
 20
-19.506286037216867
 30
0.0
 70
0
  0
VERTEX
  5
964
  8
TEXT
 10
-9.374394768381292
 20
-19.470517972102634
 30
0.0
 70
0
  0
VERTEX
  5
965
  8
TEXT
 10
-9.373560430337564
 20
-19.43479500841443
 30
0.0
 70
0
  0
VERTEX
  5
966
  8
TEXT
 10
-9.369345561601184
 20
-19.399117146152257
 30
0.0
 70
0
  0
VERTEX
  5
967
  8
TEXT
 10
-9.361750162172148
 20
-19.363484385316116
 30
0.0
 70
0
  0
VERTEX
  5
968
  8
TEXT
 10
-9.350774232050458
 20
-19.327896725906008
 30
0.0
 70
0
  0
VERTEX
  5
969
  8
TEXT
 10
-9.336417771236116
 20
-19.292354167921932
 30
0.0
 70
0
  0
VERTEX
  5
96A
  8
TEXT
 10
-9.320260616628952
 20
-19.259709314700522
 30
0.0
 70
0
  0
VERTEX
  5
96B
  8
TEXT
 10
-9.302134941883581
 20
-19.228946253935042
 30
0.0
 70
0
  0
VERTEX
  5
96C
  8
TEXT
 10
-9.282040747000003
 20
-19.200064985625488
 30
0.0
 70
0
  0
VERTEX
  5
96D
  8
TEXT
 10
-9.259978031978218
 20
-19.173065509771856
 30
0.0
 70
0
  0
VERTEX
  5
96E
  8
TEXT
 10
-9.235946796818226
 20
-19.147947826374153
 30
0.0
 70
0
  0
VERTEX
  5
96F
  8
TEXT
 10
-9.209947041520026
 20
-19.124711935432373
 30
0.0
 70
0
  0
VERTEX
  5
970
  8
TEXT
 10
-9.181978766083619
 20
-19.103357836946522
 30
0.0
 70
0
  0
VERTEX
  5
971
  8
TEXT
 10
-9.152041970509005
 20
-19.083885530916596
 30
0.0
 70
0
  0
VERTEX
  5
972
  8
TEXT
 10
-9.120601471745262
 20
-19.066415856349646
 30
0.0
 70
0
  0
VERTEX
  5
973
  8
TEXT
 10
-9.088122086741466
 20
-19.051069652252732
 30
0.0
 70
0
  0
VERTEX
  5
974
  8
TEXT
 10
-9.05460381549762
 20
-19.03784691862585
 30
0.0
 70
0
  0
VERTEX
  5
975
  8
TEXT
 10
-9.02004665801372
 20
-19.026747655469
 30
0.0
 70
0
  0
VERTEX
  5
976
  8
TEXT
 10
-8.984450614289772
 20
-19.01777186278218
 30
0.0
 70
0
  0
VERTEX
  5
977
  8
TEXT
 10
-8.94781568432577
 20
-19.010919540565393
 30
0.0
 70
0
  0
VERTEX
  5
978
  8
TEXT
 10
-8.910141868121716
 20
-19.006190688818638
 30
0.0
 70
0
  0
VERTEX
  5
979
  8
TEXT
 10
-8.871429165677613
 20
-19.00358530754192
 30
0.0
 70
0
  0
VERTEX
  5
97A
  8
TEXT
 10
-8.836565792133694
 20
-19.003160296589822
 30
0.0
 70
0
  0
VERTEX
  5
97B
  8
TEXT
 10
-8.801721708060391
 20
-19.00462952336323
 30
0.0
 70
0
  0
VERTEX
  5
97C
  8
TEXT
 10
-8.766896913457707
 20
-19.00799298786215
 30
0.0
 70
0
  0
VERTEX
  5
97D
  8
TEXT
 10
-8.732091408325637
 20
-19.013250690086576
 30
0.0
 70
0
  0
VERTEX
  5
97E
  8
TEXT
 10
-8.697305192664185
 20
-19.020402630036507
 30
0.0
 70
0
  0
VERTEX
  5
97F
  8
TEXT
 10
-8.66253826647335
 20
-19.029448807711947
 30
0.0
 70
0
  0
VERTEX
  5
980
  8
TEXT
 10
-8.62779062975313
 20
-19.040389223112893
 30
0.0
 70
0
  0
VERTEX
  5
981
  8
TEXT
 10
-8.593062282503528
 20
-19.053223876239347
 30
0.0
 70
0
  0
VERTEX
  5
982
  8
TEXT
 10
-8.558353224724542
 20
-19.06795276709131
 30
0.0
 70
0
  0
VERTEX
  5
983
  8
TEXT
 10
-8.521494873088423
 20
-19.085654010146918
 30
0.0
 70
0
  0
VERTEX
  5
984
  8
TEXT
 10
-8.48637185882787
 20
-19.104671084282987
 30
0.0
 70
0
  0
VERTEX
  5
985
  8
TEXT
 10
-8.45298418194288
 20
-19.12500398949951
 30
0.0
 70
0
  0
VERTEX
  5
986
  8
TEXT
 10
-8.421331842433453
 20
-19.146652725796493
 30
0.0
 70
0
  0
VERTEX
  5
987
  8
TEXT
 10
-8.391414840299591
 20
-19.169617293173932
 30
0.0
 70
0
  0
VERTEX
  5
988
  8
TEXT
 10
-8.363233175541293
 20
-19.193897691631825
 30
0.0
 70
0
  0
VERTEX
  5
989
  8
TEXT
 10
-8.33678684815856
 20
-19.219493921170177
 30
0.0
 70
0
  0
VERTEX
  5
98A
  8
TEXT
 10
-8.31207585815139
 20
-19.246405981788985
 30
0.0
 70
0
  0
VERTEX
  5
98B
  8
TEXT
 10
-8.289100205519784
 20
-19.27463387348825
 30
0.0
 70
0
  0
VERTEX
  5
98C
  8
TEXT
 10
-8.267859890263743
 20
-19.30417759626797
 30
0.0
 70
0
  0
VERTEX
  5
98D
  8
TEXT
 10
-8.248354912383265
 20
-19.335037150128144
 30
0.0
 70
0
  0
VERTEX
  5
98E
  8
TEXT
 10
-8.230842313211994
 20
-19.366774443663015
 30
0.0
 70
0
  0
VERTEX
  5
98F
  8
TEXT
 10
-8.215579134083576
 20
-19.398951385466816
 30
0.0
 70
0
  0
VERTEX
  5
990
  8
TEXT
 10
-8.202565374998008
 20
-19.43156797553955
 30
0.0
 70
0
  0
VERTEX
  5
991
  8
TEXT
 10
-8.19180103595529
 20
-19.464624213881212
 30
0.0
 70
0
  0
VERTEX
  5
992
  8
TEXT
 10
-8.183286116955424
 20
-19.49812010049181
 30
0.0
 70
0
  0
VERTEX
  5
993
  8
TEXT
 10
-8.177020617998409
 20
-19.532055635371336
 30
0.0
 70
0
  0
VERTEX
  5
994
  8
TEXT
 10
-8.173004539084245
 20
-19.566430818519795
 30
0.0
 70
0
  0
VERTEX
  5
995
  8
TEXT
 10
-8.171237880212932
 20
-19.601245649937184
 30
0.0
 70
0
  0
VERTEX
  5
996
  8
TEXT
 10
-8.171720641384468
 20
-19.636500129623503
 30
0.0
 70
0
  0
VERTEX
  5
997
  8
TEXT
 10
-8.174452822598855
 20
-19.672194257578756
 30
0.0
 70
0
  0
VERTEX
  5
998
  8
TEXT
 10
-8.179434423856096
 20
-19.70832803380294
 30
0.0
 70
0
  0
VERTEX
  5
999
  8
TEXT
 10
-8.438989994544523
 20
-19.696087550898422
 30
0.0
 70
0
  0
VERTEX
  5
99A
  8
TEXT
 10
-8.43611032529626
 20
-19.657384564260862
 30
0.0
 70
0
  0
VERTEX
  5
99B
  8
TEXT
 10
-8.43641490763426
 20
-19.61999120471241
 30
0.0
 70
0
  0
VERTEX
  5
99C
  8
TEXT
 10
-8.439903741558524
 20
-19.58390747225307
 30
0.0
 70
0
  0
VERTEX
  5
99D
  8
TEXT
 10
-8.446576827069048
 20
-19.549133366882835
 30
0.0
 70
0
  0
VERTEX
  5
99E
  8
TEXT
 10
-8.456434164165834
 20
-19.51566888860171
 30
0.0
 70
0
  0
VERTEX
  5
99F
  8
TEXT
 10
-8.469475752848885
 20
-19.48351403740969
 30
0.0
 70
0
  0
VERTEX
  5
9A0
  8
TEXT
 10
-8.485701593118195
 20
-19.45266881330678
 30
0.0
 70
0
  0
VERTEX
  5
9A1
  8
TEXT
 10
-8.504801933718003
 20
-19.423480559874953
 30
0.0
 70
0
  0
VERTEX
  5
9A2
  8
TEXT
 10
-8.526467023392545
 20
-19.396296620696177
 30
0.0
 70
0
  0
VERTEX
  5
9A3
  8
TEXT
 10
-8.550696862141818
 20
-19.371116995770453
 30
0.0
 70
0
  0
VERTEX
  5
9A4
  8
TEXT
 10
-8.577491449965823
 20
-19.347941685097783
 30
0.0
 70
0
  0
VERTEX
  5
9A5
  8
TEXT
 10
-8.606850786864559
 20
-19.326770688678167
 30
0.0
 70
0
  0
VERTEX
  5
9A6
  8
TEXT
 10
-8.63877487283803
 20
-19.307604006511603
 30
0.0
 70
0
  0
VERTEX
  5
9A7
  8
TEXT
 10
-8.67326370788623
 20
-19.290441638598093
 30
0.0
 70
0
  0
VERTEX
  5
9A8
  8
TEXT
 10
-8.708662126226214
 20
-19.27596219612784
 30
0.0
 70
0
  0
VERTEX
  5
9A9
  8
TEXT
 10
-8.743314962075033
 20
-19.264844290291038
 30
0.0
 70
0
  0
VERTEX
  5
9AA
  8
TEXT
 10
-8.777222215432683
 20
-19.257087921087688
 30
0.0
 70
0
  0
VERTEX
  5
9AB
  8
TEXT
 10
-8.810383886299167
 20
-19.2526930885178
 30
0.0
 70
0
  0
VERTEX
  5
9AC
  8
TEXT
 10
-8.842799974674485
 20
-19.25165979258136
 30
0.0
 70
0
  0
VERTEX
  5
9AD
  8
TEXT
 10
-8.874470480558635
 20
-19.25398803327838
 30
0.0
 70
0
  0
VERTEX
  5
9AE
  8
TEXT
 10
-8.905395403951621
 20
-19.25967781060885
 30
0.0
 70
0
  0
VERTEX
  5
9AF
  8
TEXT
 10
-8.939278453682972
 20
-19.270236899921667
 30
0.0
 70
0
  0
VERTEX
  5
9B0
  8
TEXT
 10
-8.969639294533089
 20
-19.284716228016656
 30
0.0
 70
0
  0
VERTEX
  5
9B1
  8
TEXT
 10
-8.996477926501973
 20
-19.303115794893817
 30
0.0
 70
0
  0
VERTEX
  5
9B2
  8
TEXT
 10
-9.019794349589624
 20
-19.325435600553146
 30
0.0
 70
0
  0
VERTEX
  5
9B3
  8
TEXT
 10
-9.039588563796041
 20
-19.351675644994643
 30
0.0
 70
0
  0
VERTEX
  5
9B4
  8
TEXT
 10
-9.055860569121224
 20
-19.381835928218315
 30
0.0
 70
0
  0
VERTEX
  5
9B5
  8
TEXT
 10
-9.068527152725927
 20
-19.417665523512213
 30
0.0
 70
0
  0
VERTEX
  5
9B6
  8
TEXT
 10
-9.073797937311346
 20
-19.452707561890545
 30
0.0
 70
0
  0
VERTEX
  5
9B7
  8
TEXT
 10
-9.071672922877475
 20
-19.48696204335332
 30
0.0
 70
0
  0
VERTEX
  5
9B8
  8
TEXT
 10
-9.06215210942432
 20
-19.520428967900532
 30
0.0
 70
0
  0
VERTEX
  5
9B9
  8
TEXT
 10
-9.04948825562072
 20
-19.54695037601643
 30
0.0
 70
0
  0
VERTEX
  5
9BA
  8
TEXT
 10
-9.032646634950396
 20
-19.57359756662103
 30
0.0
 70
0
  0
VERTEX
  5
9BB
  8
TEXT
 10
-9.01162724741335
 20
-19.600370539714334
 30
0.0
 70
0
  0
VERTEX
  5
9BC
  8
TEXT
 10
-8.986430093009579
 20
-19.627269295296344
 30
0.0
 70
0
  0
VERTEX
  5
9BD
  8
TEXT
 10
-8.957055171739087
 20
-19.654293833367056
 30
0.0
 70
0
  0
VERTEX
  5
9BE
  8
TEXT
 10
-8.749550558551098
 20
-19.836116825508437
 30
0.0
 70
0
  0
VERTEX
  5
9BF
  8
TEXT
 10
-8.718138725847629
 20
-19.864809786249385
 30
0.0
 70
0
  0
VERTEX
  5
9C0
  8
TEXT
 10
-8.689244752488538
 20
-19.893891808083495
 30
0.0
 70
0
  0
VERTEX
  5
9C1
  8
TEXT
 10
-8.662868638473824
 20
-19.923362891010772
 30
0.0
 70
0
  0
VERTEX
  5
9C2
  8
TEXT
 10
-8.63901038380349
 20
-19.953223035031208
 30
0.0
 70
0
  0
VERTEX
  5
9C3
  8
TEXT
 10
-8.61766998847753
 20
-19.98347224014481
 30
0.0
 70
0
  0
VERTEX
  5
9C4
  8
TEXT
 10
-8.59884745249595
 20
-20.014110506351575
 30
0.0
 70
0
  0
VERTEX
  5
9C5
  8
TEXT
 10
-8.582542775858744
 20
-20.045137833651506
 30
0.0
 70
0
  0
VERTEX
  5
9C6
  8
TEXT
 10
-8.568755958565918
 20
-20.076554222044596
 30
0.0
 70
0
  0
VERTEX
  5
9C7
  8
TEXT
 10
-8.557487000617469
 20
-20.108359671530852
 30
0.0
 70
0
  0
VERTEX
  5
9C8
  8
TEXT
 10
-8.547937434257294
 20
-20.144340641027437
 30
0.0
 70
0
  0
VERTEX
  5
9C9
  8
TEXT
 10
-8.541811298798354
 20
-20.180283594443303
 30
0.0
 70
0
  0
VERTEX
  5
9CA
  8
TEXT
 10
-8.539108594240648
 20
-20.216188531778457
 30
0.0
 70
0
  0
VERTEX
  5
9CB
  8
TEXT
 10
-8.539829320584179
 20
-20.25205545303289
 30
0.0
 70
0
  0
VERTEX
  5
9CC
  8
TEXT
 10
-8.543973477828946
 20
-20.287884358206615
 30
0.0
 70
0
  0
VERTEX
  5
9CD
  8
TEXT
 10
-8.551541065974947
 20
-20.32367524729962
 30
0.0
 70
0
  0
VERTEX
  5
9CE
  8
TEXT
 10
-8.562532085022184
 20
-20.359428120311907
 30
0.0
 70
0
  0
VERTEX
  5
9CF
  8
TEXT
 10
-8.576946534970656
 20
-20.39514297724348
 30
0.0
 70
0
  0
VERTEX
  5
9D0
  8
TEXT
 10
-8.59296377872907
 20
-20.427434194846608
 30
0.0
 70
0
  0
VERTEX
  5
9D1
  8
TEXT
 10
-8.610987477881872
 20
-20.457839715237867
 30
0.0
 70
0
  0
VERTEX
  5
9D2
  8
TEXT
 10
-8.631017632429062
 20
-20.486359538417258
 30
0.0
 70
0
  0
VERTEX
  5
9D3
  8
TEXT
 10
-8.65305424237064
 20
-20.512993664384776
 30
0.0
 70
0
  0
VERTEX
  5
9D4
  8
TEXT
 10
-8.677097307706603
 20
-20.537742093140423
 30
0.0
 70
0
  0
VERTEX
  5
9D5
  8
TEXT
 10
-8.703146828436955
 20
-20.5606048246842
 30
0.0
 70
0
  0
VERTEX
  5
9D6
  8
TEXT
 10
-8.731202804561695
 20
-20.58158185901611
 30
0.0
 70
0
  0
VERTEX
  5
9D7
  8
TEXT
 10
-8.76126523608082
 20
-20.60067319613615
 30
0.0
 70
0
  0
VERTEX
  5
9D8
  8
TEXT
 10
-8.792907771399666
 20
-20.617740619703863
 30
0.0
 70
0
  0
VERTEX
  5
9D9
  8
TEXT
 10
-8.825704058923558
 20
-20.632645913378788
 30
0.0
 70
0
  0
VERTEX
  5
9DA
  8
TEXT
 10
-8.8596540986525
 20
-20.64538907716093
 30
0.0
 70
0
  0
VERTEX
  5
9DB
  8
TEXT
 10
-8.89475789058649
 20
-20.65597011105029
 30
0.0
 70
0
  0
VERTEX
  5
9DC
  8
TEXT
 10
-8.93101543472553
 20
-20.664389015046865
 30
0.0
 70
0
  0
VERTEX
  5
9DD
  8
TEXT
 10
-8.968426731069618
 20
-20.67064578915065
 30
0.0
 70
0
  0
VERTEX
  5
9DE
  8
TEXT
 10
-9.006991779618756
 20
-20.674740433361656
 30
0.0
 70
0
  0
VERTEX
  5
9DF
  8
TEXT
 10
-9.046710580372942
 20
-20.676672947679876
 30
0.0
 70
0
  0
VERTEX
  5
9E0
  8
TEXT
 10
-9.082597048053955
 20
-20.676458011374482
 30
0.0
 70
0
  0
VERTEX
  5
9E1
  8
TEXT
 10
-9.118619692240623
 20
-20.674299514686155
 30
0.0
 70
0
  0
VERTEX
  5
9E2
  8
TEXT
 10
-9.15477851293294
 20
-20.670197457614897
 30
0.0
 70
0
  0
VERTEX
  5
9E3
  8
TEXT
 10
-9.191073510130913
 20
-20.664151840160713
 30
0.0
 70
0
  0
VERTEX
  5
9E4
  8
TEXT
 10
-9.227504683834537
 20
-20.656162662323595
 30
0.0
 70
0
  0
VERTEX
  5
9E5
  8
TEXT
 10
-9.264072034043814
 20
-20.646229924103547
 30
0.0
 70
0
  0
VERTEX
  5
9E6
  8
TEXT
 10
-9.300775560758744
 20
-20.63435362550057
 30
0.0
 70
0
  0
VERTEX
  5
9E7
  8
TEXT
 10
-9.337615263979325
 20
-20.62053376651466
 30
0.0
 70
0
  0
SEQEND
  5
917
  8
TEXT
  0
POLYLINE
  5
9E8
  8
TEXT
 66
1
 10
0.0
 20
0.0
 30
0.0
 70
1
  0
VERTEX
  5
9EA
  8
TEXT
 10
-7.607129236502824
 20
-21.32059271579038
 30
0.0
 70
0
  0
VERTEX
  5
9EB
  8
TEXT
 10
-7.645437755547523
 20
-21.306023213615813
 30
0.0
 70
0
  0
VERTEX
  5
9EC
  8
TEXT
 10
-7.682366775871117
 20
-21.290089709066404
 30
0.0
 70
0
  0
VERTEX
  5
9ED
  8
TEXT
 10
-7.717916297473606
 20
-21.27279220214215
 30
0.0
 70
0
  0
VERTEX
  5
9EE
  8
TEXT
 10
-7.752086320354991
 20
-21.254130692843052
 30
0.0
 70
0
  0
VERTEX
  5
9EF
  8
TEXT
 10
-7.784876844515271
 20
-21.234105181169113
 30
0.0
 70
0
  0
VERTEX
  5
9F0
  8
TEXT
 10
-7.816287869954445
 20
-21.212715667120328
 30
0.0
 70
0
  0
VERTEX
  5
9F1
  8
TEXT
 10
-7.8463193966725155
 20
-21.1899621506967
 30
0.0
 70
0
  0
VERTEX
  5
9F2
  8
TEXT
 10
-7.87497142466948
 20
-21.165844631898228
 30
0.0
 70
0
  0
VERTEX
  5
9F3
  8
TEXT
 10
-7.902243953945341
 20
-21.140363110724913
 30
0.0
 70
0
  0
VERTEX
  5
9F4
  8
TEXT
 10
-7.928136984500096
 20
-21.11351758717675
 30
0.0
 70
0
  0
VERTEX
  5
9F5
  8
TEXT
 10
-7.952650516333747
 20
-21.08530806125375
 30
0.0
 70
0
  0
VERTEX
  5
9F6
  8
TEXT
 10
-7.975654273602773
 20
-21.056024680328267
 30
0.0
 70
0
  0
VERTEX
  5
9F7
  8
TEXT
 10
-7.997017980463654
 20
-21.02595759177267
 30
0.0
 70
0
  0
VERTEX
  5
9F8
  8
TEXT
 10
-8.01674163691639
 20
-20.995106795586956
 30
0.0
 70
0
  0
VERTEX
  5
9F9
  8
TEXT
 10
-8.034825242960983
 20
-20.96347229177113
 30
0.0
 70
0
  0
VERTEX
  5
9FA
  8
TEXT
 10
-8.051268798597428
 20
-20.93105408032519
 30
0.0
 70
0
  0
VERTEX
  5
9FB
  8
TEXT
 10
-8.066072303825731
 20
-20.897852161249133
 30
0.0
 70
0
  0
VERTEX
  5
9FC
  8
TEXT
 10
-8.07923575864589
 20
-20.86386653454296
 30
0.0
 70
0
  0
VERTEX
  5
9FD
  8
TEXT
 10
-8.090759163057903
 20
-20.829097200206675
 30
0.0
 70
0
  0
VERTEX
  5
9FE
  8
TEXT
 10
-8.100642517061772
 20
-20.793544158240273
 30
0.0
 70
0
  0
VERTEX
  5
9FF
  8
TEXT
 10
-8.108885820657495
 20
-20.757207408643758
 30
0.0
 70
0
  0
VERTEX
  5
A00
  8
TEXT
 10
-8.115489073845074
 20
-20.72008695141713
 30
0.0
 70
0
  0
VERTEX
  5
A01
  8
TEXT
 10
-8.120026467233373
 20
-20.685608566503774
 30
0.0
 70
0
  0
VERTEX
  5
A02
  8
TEXT
 10
-8.123036062761836
 20
-20.650945982006803
 30
0.0
 70
0
  0
VERTEX
  5
A03
  8
TEXT
 10
-8.124517860430464
 20
-20.616099197926218
 30
0.0
 70
0
  0
VERTEX
  5
A04
  8
TEXT
 10
-8.124471860239257
 20
-20.581068214262018
 30
0.0
 70
0
  0
VERTEX
  5
A05
  8
TEXT
 10
-8.122898062188217
 20
-20.545853031014204
 30
0.0
 70
0
  0
VERTEX
  5
A06
  8
TEXT
 10
-8.119796466277341
 20
-20.510453648182775
 30
0.0
 70
0
  0
VERTEX
  5
A07
  8
TEXT
 10
-8.115167072506631
 20
-20.47487006576773
 30
0.0
 70
0
  0
VERTEX
  5
A08
  8
TEXT
 10
-8.109009880876087
 20
-20.43910228376907
 30
0.0
 70
0
  0
VERTEX
  5
A09
  8
TEXT
 10
-8.101324891385708
 20
-20.403150302186795
 30
0.0
 70
0
  0
VERTEX
  5
A0A
  8
TEXT
 10
-8.092112104035495
 20
-20.367014121020905
 30
0.0
 70
0
  0
VERTEX
  5
A0B
  8
TEXT
 10
-8.081371518825447
 20
-20.330693740271396
 30
0.0
 70
0
  0
VERTEX
  5
A0C
  8
TEXT
 10
-8.069103135755565
 20
-20.294189159938277
 30
0.0
 70
0
  0
VERTEX
  5
A0D
  8
TEXT
 10
-8.055496859062242
 20
-20.258016725086264
 30
0.0
 70
0
  0
VERTEX
  5
A0E
  8
TEXT
 10
-8.0407771155832
 20
-20.22278972562809
 30
0.0
 70
0
  0
VERTEX
  5
A0F
  8
TEXT
 10
-8.024943905318437
 20
-20.18850816156376
 30
0.0
 70
0
  0
VERTEX
  5
A10
  8
TEXT
 10
-8.007997228267953
 20
-20.15517203289327
 30
0.0
 70
0
  0
VERTEX
  5
A11
  8
TEXT
 10
-7.989937084431751
 20
-20.12278133961662
 30
0.0
 70
0
  0
VERTEX
  5
A12
  8
TEXT
 10
-7.970763473809827
 20
-20.091336081733814
 30
0.0
 70
0
  0
VERTEX
  5
A13
  8
TEXT
 10
-7.950476396402182
 20
-20.060836259244848
 30
0.0
 70
0
  0
VERTEX
  5
A14
  8
TEXT
 10
-7.929075852208818
 20
-20.031281872149723
 30
0.0
 70
0
  0
VERTEX
  5
A15
  8
TEXT
 10
-7.906561841229733
 20
-20.00267292044844
 30
0.0
 70
0
  0
VERTEX
  5
A16
  8
TEXT
 10
-7.882934363464928
 20
-19.975009404140998
 30
0.0
 70
0
  0
VERTEX
  5
A17
  8
TEXT
 10
-7.855617859147083
 20
-19.94550717917635
 30
0.0
 70
0
  0
VERTEX
  5
A18
  8
TEXT
 10
-7.827411037655026
 20
-19.917424501194677
 30
0.0
 70
0
  0
VERTEX
  5
A19
  8
TEXT
 10
-7.798313898988757
 20
-19.890761370195982
 30
0.0
 70
0
  0
VERTEX
  5
A1A
  8
TEXT
 10
-7.768326443148276
 20
-19.86551778618026
 30
0.0
 70
0
  0
VERTEX
  5
A1B
  8
TEXT
 10
-7.737448670133584
 20
-19.841693749147513
 30
0.0
 70
0
  0
VERTEX
  5
A1C
  8
TEXT
 10
-7.705680579944679
 20
-19.81928925909774
 30
0.0
 70
0
  0
VERTEX
  5
A1D
  8
TEXT
 10
-7.673022172581562
 20
-19.798304316030944
 30
0.0
 70
0
  0
VERTEX
  5
A1E
  8
TEXT
 10
-7.6394734480442335
 20
-19.778738919947124
 30
0.0
 70
0
  0
VERTEX
  5
A1F
  8
TEXT
 10
-7.605034406332694
 20
-19.760593070846276
 30
0.0
 70
0
  0
VERTEX
  5
A20
  8
TEXT
 10
-7.569913891837438
 20
-19.743984576986776
 30
0.0
 70
0
  0
VERTEX
  5
A21
  8
TEXT
 10
-7.534320748948966
 20
-19.72903124662699
 30
0.0
 70
0
  0
VERTEX
  5
A22
  8
TEXT
 10
-7.498254977667276
 20
-19.715733079766924
 30
0.0
 70
0
  0
VERTEX
  5
A23
  8
TEXT
 10
-7.4617165779923695
 20
-19.704090076406573
 30
0.0
 70
0
  0
VERTEX
  5
A24
  8
TEXT
 10
-7.424705549924246
 20
-19.694102236545938
 30
0.0
 70
0
  0
VERTEX
  5
A25
  8
TEXT
 10
-7.387221893462904
 20
-19.68576956018502
 30
0.0
 70
0
  0
VERTEX
  5
A26
  8
TEXT
 10
-7.349265608608346
 20
-19.679092047323817
 30
0.0
 70
0
  0
VERTEX
  5
A27
  8
TEXT
 10
-7.31083669536057
 20
-19.67406969796233
 30
0.0
 70
0
  0
VERTEX
  5
A28
  8
TEXT
 10
-7.271935153719577
 20
-19.67070251210056
 30
0.0
 70
0
  0
VERTEX
  5
A29
  8
TEXT
 10
-7.236720008850591
 20
-19.669155146603806
 30
0.0
 70
0
  0
VERTEX
  5
A2A
  8
TEXT
 10
-7.2015227147513174
 20
-19.669084337514985
 30
0.0
 70
0
  0
VERTEX
  5
A2B
  8
TEXT
 10
-7.1663432714217565
 20
-19.6704900848341
 30
0.0
 70
0
  0
VERTEX
  5
A2C
  8
TEXT
 10
-7.131181678861908
 20
-19.67337238856115
 30
0.0
 70
0
  0
VERTEX
  5
A2D
  8
TEXT
 10
-7.096037937071771
 20
-19.677731248696126
 30
0.0
 70
0
  0
VERTEX
  5
A2E
  8
TEXT
 10
-7.060912046051347
 20
-19.68356666523904
 30
0.0
 70
0
  0
VERTEX
  5
A2F
  8
TEXT
 10
-7.025804005800635
 20
-19.690878638189893
 30
0.0
 70
0
  0
VERTEX
  5
A30
  8
TEXT
 10
-6.9907138163196345
 20
-19.699667167548675
 30
0.0
 70
0
  0
VERTEX
  5
A31
  8
TEXT
 10
-6.9556414776083475
 20
-19.70993225331539
 30
0.0
 70
0
  0
VERTEX
  5
A32
  8
TEXT
 10
-6.920586989666772
 20
-19.72167389549004
 30
0.0
 70
0
  0
VERTEX
  5
A33
  8
TEXT
 10
-6.881674825164535
 20
-19.736478037352068
 30
0.0
 70
0
  0
VERTEX
  5
A34
  8
TEXT
 10
-6.844190744908498
 20
-19.752668236355813
 30
0.0
 70
0
  0
VERTEX
  5
A35
  8
TEXT
 10
-6.80813474889866
 20
-19.77024449250127
 30
0.0
 70
0
  0
VERTEX
  5
A36
  8
TEXT
 10
-6.773506837135022
 20
-19.78920680578844
 30
0.0
 70
0
  0
VERTEX
  5
A37
  8
TEXT
 10
-6.740307009617583
 20
-19.80955517621732
 30
0.0
 70
0
  0
VERTEX
  5
A38
  8
TEXT
 10
-6.708535266346343
 20
-19.831289603787912
 30
0.0
 70
0
  0
VERTEX
  5
A39
  8
TEXT
 10
-6.678191607321303
 20
-19.85441008850022
 30
0.0
 70
0
  0
VERTEX
  5
A3A
  8
TEXT
 10
-6.649276032542462
 20
-19.87891663035424
 30
0.0
 70
0
  0
VERTEX
  5
A3B
  8
TEXT
 10
-6.621878816656266
 20
-19.904559458392775
 30
0.0
 70
0
  0
VERTEX
  5
A3C
  8
TEXT
 10
-6.5960902343091625
 20
-19.931088801658625
 30
0.0
 70
0
  0
VERTEX
  5
A3D
  8
TEXT
 10
-6.571910285501151
 20
-19.958504660151792
 30
0.0
 70
0
  0
VERTEX
  5
A3E
  8
TEXT
 10
-6.549338970232231
 20
-19.986807033872275
 30
0.0
 70
0
  0
VERTEX
  5
A3F
  8
TEXT
 10
-6.528376288502404
 20
-20.015995922820075
 30
0.0
 70
0
  0
VERTEX
  5
A40
  8
TEXT
 10
-6.509022240311668
 20
-20.046071326995193
 30
0.0
 70
0
  0
VERTEX
  5
A41
  8
TEXT
 10
-6.491276825660025
 20
-20.077033246397626
 30
0.0
 70
0
  0
VERTEX
  5
A42
  8
TEXT
 10
-6.475140044547473
 20
-20.108881681027373
 30
0.0
 70
0
  0
VERTEX
  5
A43
  8
TEXT
 10
-6.460810874629688
 20
-20.14136655435296
 30
0.0
 70
0
  0
VERTEX
  5
A44
  8
TEXT
 10
-6.448488293562344
 20
-20.1742377898429
 30
0.0
 70
0
  0
VERTEX
  5
A45
  8
TEXT
 10
-6.438172301345443
 20
-20.20749538749719
 30
0.0
 70
0
  0
VERTEX
  5
A46
  8
TEXT
 10
-6.429862897978983
 20
-20.241139347315837
 30
0.0
 70
0
  0
VERTEX
  5
A47
  8
TEXT
 10
-6.423560083462964
 20
-20.27516966929884
 30
0.0
 70
0
  0
VERTEX
  5
A48
  8
TEXT
 10
-6.419263857797387
 20
-20.309586353446196
 30
0.0
 70
0
  0
VERTEX
  5
A49
  8
TEXT
 10
-6.416974220982251
 20
-20.344389399757905
 30
0.0
 70
0
  0
VERTEX
  5
A4A
  8
TEXT
 10
-6.416691173017557
 20
-20.37957880823397
 30
0.0
 70
0
  0
VERTEX
  5
A4B
  8
TEXT
 10
-6.702997381450246
 20
-20.40133621523262
 30
0.0
 70
0
  0
VERTEX
  5
A4C
  8
TEXT
 10
-6.704933892079241
 20
-20.36198118624896
 30
0.0
 70
0
  0
VERTEX
  5
A4D
  8
TEXT
 10
-6.710135973887366
 20
-20.323720494059284
 30
0.0
 70
0
  0
VERTEX
  5
A4E
  8
TEXT
 10
-6.7186036268746205
 20
-20.286554138663593
 30
0.0
 70
0
  0
VERTEX
  5
A4F
  8
TEXT
 10
-6.730336851041005
 20
-20.250482120061886
 30
0.0
 70
0
  0
VERTEX
  5
A50
  8
TEXT
 10
-6.745335646386519
 20
-20.215504438254165
 30
0.0
 70
0
  0
VERTEX
  5
A51
  8
TEXT
 10
-6.763600012911163
 20
-20.18162109324043
 30
0.0
 70
0
  0
VERTEX
  5
A52
  8
TEXT
 10
-6.785129950614937
 20
-20.148832085020683
 30
0.0
 70
0
  0
VERTEX
  5
A53
  8
TEXT
 10
-6.8064254883905635
 20
-20.12156648608786
 30
0.0
 70
0
  0
VERTEX
  5
A54
  8
TEXT
 10
-6.829777335954098
 20
-20.096192908979223
 30
0.0
 70
0
  0
VERTEX
  5
A55
  8
TEXT
 10
-6.855185493305543
 20
-20.072711353694768
 30
0.0
 70
0
  0
VERTEX
  5
A56
  8
TEXT
 10
-6.882649960444897
 20
-20.051121820234492
 30
0.0
 70
0
  0
VERTEX
  5
A57
  8
TEXT
 10
-6.9121707373721595
 20
-20.0314243085984
 30
0.0
 70
0
  0
VERTEX
  5
A58
  8
TEXT
 10
-6.943747824087331
 20
-20.01361881878649
 30
0.0
 70
0
  0
VERTEX
  5
A59
  8
TEXT
 10
-6.977381220590412
 20
-19.997705350798764
 30
0.0
 70
0
  0
VERTEX
  5
A5A
  8
TEXT
 10
-7.013070926881402
 20
-19.983683904635217
 30
0.0
 70
0
  0
VERTEX
  5
A5B
  8
TEXT
 10
-7.048862806834279
 20
-19.97212669131279
 30
0.0
 70
0
  0
VERTEX
  5
A5C
  8
TEXT
 10
-7.08449925916325
 20
-19.963001776325253
 30
0.0
 70
0
  0
VERTEX
  5
A5D
  8
TEXT
 10
-7.1199802838683155
 20
-19.956309159672603
 30
0.0
 70
0
  0
VERTEX
  5
A5E
  8
TEXT
 10
-7.1553058809494745
 20
-19.952048841354838
 30
0.0
 70
0
  0
VERTEX
  5
A5F
  8
TEXT
 10
-7.190476050406728
 20
-19.950220821371964
 30
0.0
 70
0
  0
VERTEX
  5
A60
  8
TEXT
 10
-7.225490792240076
 20
-19.95082509972398
 30
0.0
 70
0
  0
VERTEX
  5
A61
  8
TEXT
 10
-7.260350106449517
 20
-19.95386167641088
 30
0.0
 70
0
  0
VERTEX
  5
A62
  8
TEXT
 10
-7.295053993035053
 20
-19.959330551432668
 30
0.0
 70
0
  0
VERTEX
  5
A63
  8
TEXT
 10
-7.329602451996681
 20
-19.967231724789343
 30
0.0
 70
0
  0
VERTEX
  5
A64
  8
TEXT
 10
-7.363634914516389
 20
-19.977248551149415
 30
0.0
 70
0
  0
VERTEX
  5
A65
  8
TEXT
 10
-7.396790811776158
 20
-19.989064385181386
 30
0.0
 70
0
  0
VERTEX
  5
A66
  8
TEXT
 10
-7.429070143775988
 20
-20.002679226885256
 30
0.0
 70
0
  0
VERTEX
  5
A67
  8
TEXT
 10
-7.46047291051588
 20
-20.018093076261025
 30
0.0
 70
0
  0
VERTEX
  5
A68
  8
TEXT
 10
-7.4909991119958335
 20
-20.035305933308692
 30
0.0
 70
0
  0
VERTEX
  5
A69
  8
TEXT
 10
-7.520648748215849
 20
-20.05431779802826
 30
0.0
 70
0
  0
VERTEX
  5
A6A
  8
TEXT
 10
-7.549421819175926
 20
-20.07512867041973
 30
0.0
 70
0
  0
VERTEX
  5
A6B
  8
TEXT
 10
-7.577318324876065
 20
-20.097738550483097
 30
0.0
 70
0
  0
VERTEX
  5
A6C
  8
TEXT
 10
-7.604338265316265
 20
-20.122147438218363
 30
0.0
 70
0
  0
VERTEX
  5
A6D
  8
TEXT
 10
-7.630149599071539
 20
-20.148033586869964
 30
0.0
 70
0
  0
VERTEX
  5
A6E
  8
TEXT
 10
-7.654420284716898
 20
-20.175075249682337
 30
0.0
 70
0
  0
VERTEX
  5
A6F
  8
TEXT
 10
-7.677150322252341
 20
-20.203272426655477
 30
0.0
 70
0
  0
VERTEX
  5
A70
  8
TEXT
 10
-7.69833971167787
 20
-20.232625117789386
 30
0.0
 70
0
  0
VERTEX
  5
A71
  8
TEXT
 10
-7.717988452993485
 20
-20.263133323084066
 30
0.0
 70
0
  0
VERTEX
  5
A72
  8
TEXT
 10
-7.7360965461991835
 20
-20.294797042539514
 30
0.0
 70
0
  0
VERTEX
  5
A73
  8
TEXT
 10
-7.752663991294968
 20
-20.327616276155734
 30
0.0
 70
0
  0
VERTEX
  5
A74
  8
TEXT
 10
-7.767690788280837
 20
-20.36159102393272
 30
0.0
 70
0
  0
VERTEX
  5
A75
  8
TEXT
 10
-7.781176937156792
 20
-20.396721285870477
 30
0.0
 70
0
  0
VERTEX
  5
A76
  8
TEXT
 10
-7.793146055335986
 20
-20.433244248738855
 30
0.0
 70
0
  0
VERTEX
  5
A77
  8
TEXT
 10
-7.802902539370657
 20
-20.469377414974105
 30
0.0
 70
0
  0
VERTEX
  5
A78
  8
TEXT
 10
-7.810446389260807
 20
-20.50512078457622
 30
0.0
 70
0
  0
VERTEX
  5
A79
  8
TEXT
 10
-7.815777605006436
 20
-20.540474357545207
 30
0.0
 70
0
  0
VERTEX
  5
A7A
  8
TEXT
 10
-7.818896186607542
 20
-20.575438133881065
 30
0.0
 70
0
  0
VERTEX
  5
A7B
  8
TEXT
 10
-7.819802134064126
 20
-20.61001211358379
 30
0.0
 70
0
  0
VERTEX
  5
A7C
  8
TEXT
 10
-7.818495447376189
 20
-20.64419629665338
 30
0.0
 70
0
  0
VERTEX
  5
A7D
  8
TEXT
 10
-7.814976126543729
 20
-20.677990683089845
 30
0.0
 70
0
  0
VERTEX
  5
A7E
  8
TEXT
 10
-7.808393405856059
 20
-20.71573145732389
 30
0.0
 70
0
  0
VERTEX
  5
A7F
  8
TEXT
 10
-7.799218130432408
 20
-20.75215495003769
 30
0.0
 70
0
  0
VERTEX
  5
A80
  8
TEXT
 10
-7.787450300272777
 20
-20.787261161231243
 30
0.0
 70
0
  0
VERTEX
  5
A81
  8
TEXT
 10
-7.773089915377166
 20
-20.821050090904553
 30
0.0
 70
0
  0
VERTEX
  5
A82
  8
TEXT
 10
-7.756136975745574
 20
-20.853521739057612
 30
0.0
 70
0
  0
VERTEX
  5
A83
  8
TEXT
 10
-7.736591481378003
 20
-20.88467610569043
 30
0.0
 70
0
  0
VERTEX
  5
A84
  8
TEXT
 10
-7.714453432274452
 20
-20.914513190803003
 30
0.0
 70
0
  0
VERTEX
  5
A85
  8
TEXT
 10
-7.689977541287654
 20
-20.94257444566736
 30
0.0
 70
0
  0
VERTEX
  5
A86
  8
TEXT
 10
-7.663418521270345
 20
-20.96840132155554
 30
0.0
 70
0
  0
VERTEX
  5
A87
  8
TEXT
 10
-7.634776372222526
 20
-20.991993818467538
 30
0.0
 70
0
  0
VERTEX
  5
A88
  8
TEXT
 10
-7.604051094144196
 20
-21.013351936403353
 30
0.0
 70
0
  0
VERTEX
  5
A89
  8
TEXT
 10
-7.571242687035354
 20
-21.032475675362992
 30
0.0
 70
0
  0
VERTEX
  5
A8A
  8
TEXT
 10
-7.536351150896001
 20
-21.04936503534645
 30
0.0
 70
0
  0
VERTEX
  5
A8B
  8
TEXT
 10
-7.499376485726137
 20
-21.064020016353727
 30
0.0
 70
0
  0
VERTEX
  5
A8C
  8
TEXT
 10
-7.46146255214363
 20
-21.07614523009666
 30
0.0
 70
0
  0
VERTEX
  5
A8D
  8
TEXT
 10
-7.42370127602634
 20
-21.085463782537804
 30
0.0
 70
0
  0
VERTEX
  5
A8E
  8
TEXT
 10
-7.386092657374268
 20
-21.091975673677155
 30
0.0
 70
0
  0
VERTEX
  5
A8F
  8
TEXT
 10
-7.348636696187412
 20
-21.09568090351471
 30
0.0
 70
0
  0
VERTEX
  5
A90
  8
TEXT
 10
-7.311333392465774
 20
-21.09657947205048
 30
0.0
 70
0
  0
VERTEX
  5
A91
  8
TEXT
 10
-7.274182746209353
 20
-21.09467137928445
 30
0.0
 70
0
  0
VERTEX
  5
A92
  8
TEXT
 10
-7.237184757418149
 20
-21.08995662521663
 30
0.0
 70
0
  0
VERTEX
  5
A93
  8
TEXT
 10
-7.200339426092163
 20
-21.082435209847016
 30
0.0
 70
0
  0
VERTEX
  5
A94
  8
TEXT
 10
-7.1641453530390535
 20
-21.072428832906017
 30
0.0
 70
0
  0
VERTEX
  5
A95
  8
TEXT
 10
-7.12910113906648
 20
-21.060259194124033
 30
0.0
 70
0
  0
VERTEX
  5
A96
  8
TEXT
 10
-7.095206784174442
 20
-21.045926293501065
 30
0.0
 70
0
  0
VERTEX
  5
A97
  8
TEXT
 10
-7.06246228836294
 20
-21.029430131037117
 30
0.0
 70
0
  0
VERTEX
  5
A98
  8
TEXT
 10
-7.030867651631974
 20
-21.01077070673219
 30
0.0
 70
0
  0
VERTEX
  5
A99
  8
TEXT
 10
-7.000422873981544
 20
-20.989948020586272
 30
0.0
 70
0
  0
VERTEX
  5
A9A
  8
TEXT
 10
-6.97112795541165
 20
-20.966962072599376
 30
0.0
 70
0
  0
VERTEX
  5
A9B
  8
TEXT
 10
-6.942982895922293
 20
-20.9418128627715
 30
0.0
 70
0
  0
VERTEX
  5
A9C
  8
TEXT
 10
-6.752767501657976
 20
-21.155383075596113
 30
0.0
 70
0
  0
VERTEX
  5
A9D
  8
TEXT
 10
-6.779105338016393
 20
-21.179914910623392
 30
0.0
 70
0
  0
VERTEX
  5
A9E
  8
TEXT
 10
-6.8065590674935255
 20
-21.203050861364126
 30
0.0
 70
0
  0
VERTEX
  5
A9F
  8
TEXT
 10
-6.835128690089373
 20
-21.22479092781832
 30
0.0
 70
0
  0
VERTEX
  5
AA0
  8
TEXT
 10
-6.864814205803937
 20
-21.245135109985966
 30
0.0
 70
0
  0
VERTEX
  5
AA1
  8
TEXT
 10
-6.895615614637218
 20
-21.264083407867073
 30
0.0
 70
0
  0
VERTEX
  5
AA2
  8
TEXT
 10
-6.927532916589214
 20
-21.281635821461634
 30
0.0
 70
0
  0
VERTEX
  5
AA3
  8
TEXT
 10
-6.960566111659925
 20
-21.29779235076965
 30
0.0
 70
0
  0
VERTEX
  5
AA4
  8
TEXT
 10
-6.994715199849352
 20
-21.312552995791126
 30
0.0
 70
0
  0
VERTEX
  5
AA5
  8
TEXT
 10
-7.029720296156941
 20
-21.32579908006867
 30
0.0
 70
0
  0
VERTEX
  5
AA6
  8
TEXT
 10
-7.065321515582136
 20
-21.337411927144892
 30
0.0
 70
0
  0
VERTEX
  5
AA7
  8
TEXT
 10
-7.101518858124937
 20
-21.3473915370198
 30
0.0
 70
0
  0
VERTEX
  5
AA8
  8
TEXT
 10
-7.138312323785344
 20
-21.355737909693385
 30
0.0
 70
0
  0
VERTEX
  5
AA9
  8
TEXT
 10
-7.175701912563357
 20
-21.362451045165653
 30
0.0
 70
0
  0
VERTEX
  5
AAA
  8
TEXT
 10
-7.213687624458977
 20
-21.367530943436602
 30
0.0
 70
0
  0
VERTEX
  5
AAB
  8
TEXT
 10
-7.2522694594722035
 20
-21.37097760450623
 30
0.0
 70
0
  0
VERTEX
  5
AAC
  8
TEXT
 10
-7.2914474176030355
 20
-21.37279102837454
 30
0.0
 70
0
  0
VERTEX
  5
AAD
  8
TEXT
 10
-7.326535653146696
 20
-21.372934203986212
 30
0.0
 70
0
  0
VERTEX
  5
AAE
  8
TEXT
 10
-7.361620769218323
 20
-21.37159163256763
 30
0.0
 70
0
  0
VERTEX
  5
AAF
  8
TEXT
 10
-7.396702765817919
 20
-21.36876331411879
 30
0.0
 70
0
  0
VERTEX
  5
AB0
  8
TEXT
 10
-7.4317816429454835
 20
-21.364449248639694
 30
0.0
 70
0
  0
VERTEX
  5
AB1
  8
TEXT
 10
-7.4668574006010155
 20
-21.358649436130346
 30
0.0
 70
0
  0
VERTEX
  5
AB2
  8
TEXT
 10
-7.501930038784515
 20
-21.35136387659074
 30
0.0
 70
0
  0
VERTEX
  5
AB3
  8
TEXT
 10
-7.536999557495983
 20
-21.342592570020873
 30
0.0
 70
0
  0
VERTEX
  5
AB4
  8
TEXT
 10
-7.57206595673542
 20
-21.332335516420756
 30
0.0
 70
0
  0
SEQEND
  5
9E9
  8
TEXT
  0
POLYLINE
  5
AB5
  8
TEXT
 66
1
 10
0.0
 20
0.0
 30
0.0
 70
1
  0
VERTEX
  5
AB7
  8
TEXT
 10
-6.465320309641307
 20
-21.6570750835539
 30
0.0
 70
0
  0
VERTEX
  5
AB8
  8
TEXT
 10
-5.7849718356321675
 20
-20.122491466568338
 30
0.0
 70
0
  0
VERTEX
  5
AB9
  8
TEXT
 10
-5.5037231661179415
 20
-20.202898254927522
 30
0.0
 70
0
  0
VERTEX
  5
ABA
  8
TEXT
 10
-6.184071640127082
 20
-21.737481871913083
 30
0.0
 70
0
  0
SEQEND
  5
AB6
  8
TEXT
  0
POLYLINE
  5
ABB
  8
TEXT
 66
1
 10
0.0
 20
0.0
 30
0.0
 70
1
  0
VERTEX
  5
ABD
  8
TEXT
 10
-5.675204200860466
 20
-19.876127068092554
 30
0.0
 70
0
  0
VERTEX
  5
ABE
  8
TEXT
 10
-5.524392405081186
 20
-19.533930462986692
 30
0.0
 70
0
  0
VERTEX
  5
ABF
  8
TEXT
 10
-5.243143735566961
 20
-19.614337251345876
 30
0.0
 70
0
  0
VERTEX
  5
AC0
  8
TEXT
 10
-5.393955531346241
 20
-19.95653385645174
 30
0.0
 70
0
  0
SEQEND
  5
ABC
  8
TEXT
  0
POLYLINE
  5
AC1
  8
TEXT
 66
1
 10
0.0
 20
0.0
 30
0.0
 70
1
  0
VERTEX
  5
AC3
  8
TEXT
 10
-5.062429029697406
 20
-22.064536190439917
 30
0.0
 70
0
  0
VERTEX
  5
AC4
  8
TEXT
 10
-5.101763020812319
 20
-22.054765251130803
 30
0.0
 70
0
  0
VERTEX
  5
AC5
  8
TEXT
 10
-5.139371719296372
 20
-22.04318923208548
 30
0.0
 70
0
  0
VERTEX
  5
AC6
  8
TEXT
 10
-5.175255125149566
 20
-22.02980813330395
 30
0.0
 70
0
  0
VERTEX
  5
AC7
  8
TEXT
 10
-5.2094132383719005
 20
-22.01462195478621
 30
0.0
 70
0
  0
VERTEX
  5
AC8
  8
TEXT
 10
-5.241846058963375
 20
-21.997630696532262
 30
0.0
 70
0
  0
VERTEX
  5
AC9
  8
TEXT
 10
-5.272553586923991
 20
-21.97883435854211
 30
0.0
 70
0
  0
VERTEX
  5
ACA
  8
TEXT
 10
-5.301535822253747
 20
-21.958232940815744
 30
0.0
 70
0
  0
VERTEX
  5
ACB
  8
TEXT
 10
-5.328792764952643
 20
-21.93582644335317
 30
0.0
 70
0
  0
VERTEX
  5
ACC
  8
TEXT
 10
-5.35432441502068
 20
-21.91161486615439
 30
0.0
 70
0
  0
VERTEX
  5
ACD
  8
TEXT
 10
-5.377929905655921
 20
-21.88583767938933
 30
0.0
 70
0
  0
VERTEX
  5
ACE
  8
TEXT
 10
-5.3994083700564275
 20
-21.858734353227906
 30
0.0
 70
0
  0
VERTEX
  5
ACF
  8
TEXT
 10
-5.4187598082222
 20
-21.830304887670124
 30
0.0
 70
0
  0
VERTEX
  5
AD0
  8
TEXT
 10
-5.435984220153238
 20
-21.80054928271598
 30
0.0
 70
0
  0
VERTEX
  5
AD1
  8
TEXT
 10
-5.451081605849543
 20
-21.76946753836548
 30
0.0
 70
0
  0
VERTEX
  5
AD2
  8
TEXT
 10
-5.464051965311114
 20
-21.737059654618616
 30
0.0
 70
0
  0
VERTEX
  5
AD3
  8
TEXT
 10
-5.474895298537952
 20
-21.703325631475398
 30
0.0
 70
0
  0
VERTEX
  5
AD4
  8
TEXT
 10
-5.483611605530054
 20
-21.668265468935815
 30
0.0
 70
0
  0
VERTEX
  5
AD5
  8
TEXT
 10
-5.490200886287424
 20
-21.631879166999877
 30
0.0
 70
0
  0
VERTEX
  5
AD6
  8
TEXT
 10
-5.494195150645899
 20
-21.59818163996191
 30
0.0
 70
0
  0
VERTEX
  5
AD7
  8
TEXT
 10
-5.49623156196932
 20
-21.563777927789427
 30
0.0
 70
0
  0
VERTEX
  5
AD8
  8
TEXT
 10
-5.496310120257686
 20
-21.528668030482432
 30
0.0
 70
0
  0
VERTEX
  5
AD9
  8
TEXT
 10
-5.494430825510998
 20
-21.49285194804092
 30
0.0
 70
0
  0
VERTEX
  5
ADA
  8
TEXT
 10
-5.4905936777292546
 20
-21.456329680464886
 30
0.0
 70
0
  0
VERTEX
  5
ADB
  8
TEXT
 10
-5.484798676912457
 20
-21.419101227754343
 30
0.0
 70
0
  0
VERTEX
  5
ADC
  8
TEXT
 10
-5.477045823060606
 20
-21.38116658990928
 30
0.0
 70
0
  0
VERTEX
  5
ADD
  8
TEXT
 10
-5.4673351161737
 20
-21.3425257669297
 30
0.0
 70
0
  0
VERTEX
  5
ADE
  8
TEXT
 10
-5.45566655625174
 20
-21.30317875881561
 30
0.0
 70
0
  0
VERTEX
  5
ADF
  8
TEXT
 10
-5.442040143294725
 20
-21.263125565566998
 30
0.0
 70
0
  0
VERTEX
  5
AE0
  8
TEXT
 10
-5.087859637743488
 20
-20.31694325408116
 30
0.0
 70
0
  0
VERTEX
  5
AE1
  8
TEXT
 10
-4.8044733438595735
 20
-20.379465470140282
 30
0.0
 70
0
  0
VERTEX
  5
AE2
  8
TEXT
 10
-5.164329117050388
 20
-21.337041642897148
 30
0.0
 70
0
  0
VERTEX
  5
AE3
  8
TEXT
 10
-5.176613706939513
 20
-21.375606389597767
 30
0.0
 70
0
  0
VERTEX
  5
AE4
  8
TEXT
 10
-5.185681518367279
 20
-21.413124454699194
 30
0.0
 70
0
  0
VERTEX
  5
AE5
  8
TEXT
 10
-5.191532551333688
 20
-21.44959583820143
 30
0.0
 70
0
  0
VERTEX
  5
AE6
  8
TEXT
 10
-5.194166805838737
 20
-21.485020540104472
 30
0.0
 70
0
  0
VERTEX
  5
AE7
  8
TEXT
 10
-5.19358428188243
 20
-21.51939856040832
 30
0.0
 70
0
  0
VERTEX
  5
AE8
  8
TEXT
 10
-5.189784979464764
 20
-21.552729899112975
 30
0.0
 70
0
  0
VERTEX
  5
AE9
  8
TEXT
 10
-5.181248320537314
 20
-21.590844005559642
 30
0.0
 70
0
  0
VERTEX
  5
AEA
  8
TEXT
 10
-5.168616803710995
 20
-21.626447129927495
 30
0.0
 70
0
  0
VERTEX
  5
AEB
  8
TEXT
 10
-5.151890428985804
 20
-21.659539272216534
 30
0.0
 70
0
  0
VERTEX
  5
AEC
  8
TEXT
 10
-5.131069196361743
 20
-21.690120432426763
 30
0.0
 70
0
  0
VERTEX
  5
AED
  8
TEXT
 10
-5.106153105838811
 20
-21.718190610558178
 30
0.0
 70
0
  0
VERTEX
  5
AEE
  8
TEXT
 10
-5.082373739111962
 20
-21.739376133709207
 30
0.0
 70
0
  0
VERTEX
  5
AEF
  8
TEXT
 10
-5.055974838052026
 20
-21.75824155800895
 30
0.0
 70
0
  0
VERTEX
  5
AF0
  8
TEXT
 10
-5.026956402659004
 20
-21.77478688345741
 30
0.0
 70
0
  0
VERTEX
  5
AF1
  8
TEXT
 10
-4.995318432932895
 20
-21.789012110054585
 30
0.0
 70
0
  0
VERTEX
  5
AF2
  8
TEXT
 10
-4.9610609288736995
 20
-21.800917237800473
 30
0.0
 70
0
  0
VERTEX
  5
AF3
  8
TEXT
 10
-4.924183890481418
 20
-21.810502266695075
 30
0.0
 70
0
  0
VERTEX
  5
AF4
  8
TEXT
 10
-4.885255042886406
 20
-21.817554122918565
 30
0.0
 70
0
  0
VERTEX
  5
AF5
  8
TEXT
 10
-4.846851943090539
 20
-21.821416312679062
 30
0.0
 70
0
  0
VERTEX
  5
AF6
  8
TEXT
 10
-4.808974591093817
 20
-21.82208883597657
 30
0.0
 70
0
  0
VERTEX
  5
AF7
  8
TEXT
 10
-4.771622986896238
 20
-21.81957169281108
 30
0.0
 70
0
  0
VERTEX
  5
AF8
  8
TEXT
 10
-4.734797130497806
 20
-21.813864883182603
 30
0.0
 70
0
  0
VERTEX
  5
AF9
  8
TEXT
 10
-4.698497021898517
 20
-21.80496840709113
 30
0.0
 70
0
  0
VERTEX
  5
AFA
  8
TEXT
 10
-4.663029317578819
 20
-21.7930780660241
 30
0.0
 70
0
  0
VERTEX
  5
AFB
  8
TEXT
 10
-4.628700674019158
 20
-21.77838966146895
 30
0.0
 70
0
  0
VERTEX
  5
AFC
  8
TEXT
 10
-4.595511091219533
 20
-21.76090319342567
 30
0.0
 70
0
  0
VERTEX
  5
AFD
  8
TEXT
 10
-4.563460569179945
 20
-21.740618661894263
 30
0.0
 70
0
  0
VERTEX
  5
AFE
  8
TEXT
 10
-4.532549107900394
 20
-21.717536066874732
 30
0.0
 70
0
  0
VERTEX
  5
AFF
  8
TEXT
 10
-4.502776707380878
 20
-21.691655408367076
 30
0.0
 70
0
  0
VERTEX
  5
B00
  8
TEXT
 10
-4.4785671943106875
 20
-21.66731732584486
 30
0.0
 70
0
  0
VERTEX
  5
B01
  8
TEXT
 10
-4.456000718196394
 20
-21.641068261566865
 30
0.0
 70
0
  0
VERTEX
  5
B02
  8
TEXT
 10
-4.4350772790379995
 20
-21.612908215533093
 30
0.0
 70
0
  0
VERTEX
  5
B03
  8
TEXT
 10
-4.415796876835502
 20
-21.582837187743547
 30
0.0
 70
0
  0
VERTEX
  5
B04
  8
TEXT
 10
-4.398159511588903
 20
-21.550855178198223
 30
0.0
 70
0
  0
VERTEX
  5
B05
  8
TEXT
 10
-4.382165183298202
 20
-21.516962186897125
 30
0.0
 70
0
  0
VERTEX
  5
B06
  8
TEXT
 10
-4.367813891963399
 20
-21.481158213840246
 30
0.0
 70
0
  0
VERTEX
  5
B07
  8
TEXT
 10
-4.020638913967893
 20
-20.552399259239987
 30
0.0
 70
0
  0
VERTEX
  5
B08
  8
TEXT
 10
-3.740267367891254
 20
-20.614256345341037
 30
0.0
 70
0
  0
VERTEX
  5
B09
  8
TEXT
 10
-4.324878500839779
 20
-22.18932066660695
 30
0.0
 70
0
  0
VERTEX
  5
B0A
  8
TEXT
 10
-4.599220551301867
 20
-22.128793840422052
 30
0.0
 70
0
  0
VERTEX
  5
B0B
  8
TEXT
 10
-4.533864511442963
 20
-21.947200516035565
 30
0.0
 70
0
  0
VERTEX
  5
B0C
  8
TEXT
 10
-4.563036447416993
 20
-21.97035952721721
 30
0.0
 70
0
  0
VERTEX
  5
B0D
  8
TEXT
 10
-4.59347677497624
 20
-21.991306675873254
 30
0.0
 70
0
  0
VERTEX
  5
B0E
  8
TEXT
 10
-4.625185494120707
 20
-22.010041962003697
 30
0.0
 70
0
  0
VERTEX
  5
B0F
  8
TEXT
 10
-4.658162604850391
 20
-22.026565385608542
 30
0.0
 70
0
  0
VERTEX
  5
B10
  8
TEXT
 10
-4.692408107165293
 20
-22.040876946687785
 30
0.0
 70
0
  0
VERTEX
  5
B11
  8
TEXT
 10
-4.727922001065412
 20
-22.052976645241433
 30
0.0
 70
0
  0
VERTEX
  5
B12
  8
TEXT
 10
-4.763587847010993
 20
-22.063022976963264
 30
0.0
 70
0
  0
VERTEX
  5
B13
  8
TEXT
 10
-4.799629093376623
 20
-22.070878824232377
 30
0.0
 70
0
  0
VERTEX
  5
B14
  8
TEXT
 10
-4.8360457401623025
 20
-22.076544187048768
 30
0.0
 70
0
  0
VERTEX
  5
B15
  8
TEXT
 10
-4.87283778736803
 20
-22.080019065412433
 30
0.0
 70
0
  0
VERTEX
  5
B16
  8
TEXT
 10
-4.9100052349938075
 20
-22.081303459323376
 30
0.0
 70
0
  0
VERTEX
  5
B17
  8
TEXT
 10
-4.947548083039633
 20
-22.080397368781593
 30
0.0
 70
0
  0
VERTEX
  5
B18
  8
TEXT
 10
-4.985466331505509
 20
-22.077300793787092
 30
0.0
 70
0
  0
VERTEX
  5
B19
  8
TEXT
 10
-5.023759980391433
 20
-22.072013734339865
 30
0.0
 70
0
  0
SEQEND
  5
AC2
  8
TEXT
  0
POLYLINE
  5
B1A
  8
TEXT
 66
1
 10
0.0
 20
0.0
 30
0.0
 70
1
  0
VERTEX
  5
B1C
  8
TEXT
 10
-3.7686713050774645
 20
-22.28781291282695
 30
0.0
 70
0
  0
VERTEX
  5
B1D
  8
TEXT
 10
-3.2908281157317614
 20
-20.676694395857844
 30
0.0
 70
0
  0
VERTEX
  5
B1E
  8
TEXT
 10
-3.009916649873622
 20
-20.718646718704942
 30
0.0
 70
0
  0
VERTEX
  5
B1F
  8
TEXT
 10
-3.0656693369306147
 20
-20.903852588026474
 30
0.0
 70
0
  0
VERTEX
  5
B20
  8
TEXT
 10
-3.038173647884191
 20
-20.878825016749833
 30
0.0
 70
0
  0
VERTEX
  5
B21
  8
TEXT
 10
-3.009285635900318
 20
-20.85608637108839
 30
0.0
 70
0
  0
VERTEX
  5
B22
  8
TEXT
 10
-2.9790053009789954
 20
-20.83563665104215
 30
0.0
 70
0
  0
VERTEX
  5
B23
  8
TEXT
 10
-2.9473326431202236
 20
-20.817475856611107
 30
0.0
 70
0
  0
VERTEX
  5
B24
  8
TEXT
 10
-2.914267662324002
 20
-20.80160398779526
 30
0.0
 70
0
  0
VERTEX
  5
B25
  8
TEXT
 10
-2.8798103585903316
 20
-20.788021044594615
 30
0.0
 70
0
  0
VERTEX
  5
B26
  8
TEXT
 10
-2.8447306146843827
 20
-20.77716481323251
 30
0.0
 70
0
  0
VERTEX
  5
B27
  8
TEXT
 10
-2.808628517035439
 20
-20.76860728593587
 30
0.0
 70
0
  0
VERTEX
  5
B28
  8
TEXT
 10
-2.7715040656434997
 20
-20.7623484627047
 30
0.0
 70
0
  0
VERTEX
  5
B29
  8
TEXT
 10
-2.7333572605085656
 20
-20.758388343539
 30
0.0
 70
0
  0
VERTEX
  5
B2A
  8
TEXT
 10
-2.694188101630636
 20
-20.75672692843877
 30
0.0
 70
0
  0
VERTEX
  5
B2B
  8
TEXT
 10
-2.6539965890097115
 20
-20.757364217404003
 30
0.0
 70
0
  0
VERTEX
  5
B2C
  8
TEXT
 10
-2.6127827226457914
 20
-20.760300210434707
 30
0.0
 70
0
  0
VERTEX
  5
B2D
  8
TEXT
 10
-2.5705465025388765
 20
-20.76553490753088
 30
0.0
 70
0
  0
VERTEX
  5
B2E
  8
TEXT
 10
-2.4697847810897615
 20
-20.78058302333473
 30
0.0
 70
0
  0
VERTEX
  5
B2F
  8
TEXT
 10
-2.549607101379984
 20
-21.04335290157934
 30
0.0
 70
0
  0
VERTEX
  5
B30
  8
TEXT
 10
-2.693116219807512
 20
-21.02192073664658
 30
0.0
 70
0
  0
VERTEX
  5
B31
  8
TEXT
 10
-2.7313193890733363
 20
-21.017621934589947
 30
0.0
 70
0
  0
VERTEX
  5
B32
  8
TEXT
 10
-2.768576464243206
 20
-21.016277617319965
 30
0.0
 70
0
  0
VERTEX
  5
B33
  8
TEXT
 10
-2.804887445317121
 20
-21.017887784836635
 30
0.0
 70
0
  0
VERTEX
  5
B34
  8
TEXT
 10
-2.8402523322950812
 20
-21.022452437139957
 30
0.0
 70
0
  0
VERTEX
  5
B35
  8
TEXT
 10
-2.8746711251770867
 20
-21.029971574229933
 30
0.0
 70
0
  0
VERTEX
  5
B36
  8
TEXT
 10
-2.908143823963137
 20
-21.040445196106564
 30
0.0
 70
0
  0
VERTEX
  5
B37
  8
TEXT
 10
-2.9406704286532332
 20
-21.053873302769848
 30
0.0
 70
0
  0
VERTEX
  5
B38
  8
TEXT
 10
-2.9722509392473744
 20
-21.070255894219784
 30
0.0
 70
0
  0
VERTEX
  5
B39
  8
TEXT
 10
-3.0028853557455606
 20
-21.089592970456373
 30
0.0
 70
0
  0
VERTEX
  5
B3A
  8
TEXT
 10
-3.0293420815920413
 20
-21.10956802391281
 30
0.0
 70
0
  0
VERTEX
  5
B3B
  8
TEXT
 10
-3.0544217941211067
 20
-21.132027410748282
 30
0.0
 70
0
  0
VERTEX
  5
B3C
  8
TEXT
 10
-3.0781244933327576
 20
-21.156971130962784
 30
0.0
 70
0
  0
VERTEX
  5
B3D
  8
TEXT
 10
-3.1004501792269936
 20
-21.184399184556316
 30
0.0
 70
0
  0
VERTEX
  5
B3E
  8
TEXT
 10
-3.1213988518038143
 20
-21.214311571528878
 30
0.0
 70
0
  0
VERTEX
  5
B3F
  8
TEXT
 10
-3.14097051106322
 20
-21.24670829188047
 30
0.0
 70
0
  0
VERTEX
  5
B40
  8
TEXT
 10
-3.159165157005211
 20
-21.281589345611096
 30
0.0
 70
0
  0
VERTEX
  5
B41
  8
TEXT
 10
-3.175982789629787
 20
-21.318954732720748
 30
0.0
 70
0
  0
VERTEX
  5
B42
  8
TEXT
 10
-3.1914234089369478
 20
-21.358804453209434
 30
0.0
 70
0
  0
VERTEX
  5
B43
  8
TEXT
 10
-3.205487014926694
 20
-21.40113850707715
 30
0.0
 70
0
  0
VERTEX
  5
B44
  8
TEXT
 10
-3.4785996827239507
 20
-22.331133246201674
 30
0.0
 70
0
  0
SEQEND
  5
B1B
  8
TEXT
  0
POLYLINE
  5
B45
  8
TEXT
 66
1
 10
0.0
 20
0.0
 30
0.0
 70
1
  0
VERTEX
  5
B47
  8
TEXT
 10
-1.9836122651134283
 20
-22.550769994872628
 30
0.0
 70
0
  0
VERTEX
  5
B48
  8
TEXT
 10
-2.0239155618479714
 20
-22.546494672155237
 30
0.0
 70
0
  0
VERTEX
  5
B49
  8
TEXT
 10
-2.062757869578507
 20
-22.540194390513243
 30
0.0
 70
0
  0
VERTEX
  5
B4A
  8
TEXT
 10
-2.100139188305036
 20
-22.531869149946644
 30
0.0
 70
0
  0
VERTEX
  5
B4B
  8
TEXT
 10
-2.1360595180275586
 20
-22.521518950455437
 30
0.0
 70
0
  0
VERTEX
  5
B4C
  8
TEXT
 10
-2.1705188587460738
 20
-22.509143792039627
 30
0.0
 70
0
  0
VERTEX
  5
B4D
  8
TEXT
 10
-2.203517210460582
 20
-22.49474367469921
 30
0.0
 70
0
  0
VERTEX
  5
B4E
  8
TEXT
 10
-2.235054573171084
 20
-22.478318598434193
 30
0.0
 70
0
  0
VERTEX
  5
B4F
  8
TEXT
 10
-2.2651309468775787
 20
-22.459868563244566
 30
0.0
 70
0
  0
VERTEX
  5
B50
  8
TEXT
 10
-2.293746331580066
 20
-22.439393569130335
 30
0.0
 70
0
  0
VERTEX
  5
B51
  8
TEXT
 10
-2.320668870401916
 20
-22.417103224829777
 30
0.0
 70
0
  0
VERTEX
  5
B52
  8
TEXT
 10
-2.345666706466495
 20
-22.39320713908117
 30
0.0
 70
0
  0
VERTEX
  5
B53
  8
TEXT
 10
-2.368739839773804
 20
-22.367705311884517
 30
0.0
 70
0
  0
VERTEX
  5
B54
  8
TEXT
 10
-2.3898882703238433
 20
-22.340597743239815
 30
0.0
 70
0
  0
VERTEX
  5
B55
  8
TEXT
 10
-2.4091119981166127
 20
-22.311884433147064
 30
0.0
 70
0
  0
VERTEX
  5
B56
  8
TEXT
 10
-2.4264110231521117
 20
-22.281565381606264
 30
0.0
 70
0
  0
VERTEX
  5
B57
  8
TEXT
 10
-2.4417853454303406
 20
-22.249640588617417
 30
0.0
 70
0
  0
VERTEX
  5
B58
  8
TEXT
 10
-2.4552349649512997
 20
-22.216110054180522
 30
0.0
 70
0
  0
VERTEX
  5
B59
  8
TEXT
 10
-2.4667598817149883
 20
-22.180973778295577
 30
0.0
 70
0
  0
VERTEX
  5
B5A
  8
TEXT
 10
-2.475345044889912
 20
-22.148144333440392
 30
0.0
 70
0
  0
VERTEX
  5
B5B
  8
TEXT
 10
-2.4820879167215857
 20
-22.114346462770975
 30
0.0
 70
0
  0
VERTEX
  5
B5C
  8
TEXT
 10
-2.4869884972100103
 20
-22.07958016628732
 30
0.0
 70
0
  0
VERTEX
  5
B5D
  8
TEXT
 10
-2.4900467863551845
 20
-22.04384544398944
 30
0.0
 70
0
  0
VERTEX
  5
B5E
  8
TEXT
 10
-2.4912627841571093
 20
-22.007142295877326
 30
0.0
 70
0
  0
VERTEX
  5
B5F
  8
TEXT
 10
-2.4906364906157847
 20
-21.96947072195098
 30
0.0
 70
0
  0
VERTEX
  5
B60
  8
TEXT
 10
-2.48816790573121
 20
-21.930830722210406
 30
0.0
 70
0
  0
VERTEX
  5
B61
  8
TEXT
 10
-2.483857029503386
 20
-21.891222296655595
 30
0.0
 70
0
  0
VERTEX
  5
B62
  8
TEXT
 10
-2.4777038619323117
 20
-21.850645445286553
 30
0.0
 70
0
  0
VERTEX
  5
B63
  8
TEXT
 10
-2.469708403017988
 20
-21.80910016810328
 30
0.0
 70
0
  0
VERTEX
  5
B64
  8
TEXT
 10
-2.248854732153296
 20
-20.823235850285254
 30
0.0
 70
0
  0
VERTEX
  5
B65
  8
TEXT
 10
-1.959566503935644
 20
-20.846238895233615
 30
0.0
 70
0
  0
VERTEX
  5
B66
  8
TEXT
 10
-2.1844765621196034
 20
-21.844168637178473
 30
0.0
 70
0
  0
VERTEX
  5
B67
  8
TEXT
 10
-2.1913473732718165
 20
-21.884055261389324
 30
0.0
 70
0
  0
VERTEX
  5
B68
  8
TEXT
 10
-2.1951756724091456
 20
-21.922463262362555
 30
0.0
 70
0
  0
VERTEX
  5
B69
  8
TEXT
 10
-2.1959614595315906
 20
-21.959392640098162
 30
0.0
 70
0
  0
VERTEX
  5
B6A
  8
TEXT
 10
-2.1937047346391516
 20
-21.99484339459615
 30
0.0
 70
0
  0
VERTEX
  5
B6B
  8
TEXT
 10
-2.188405497731829
 20
-22.02881552585652
 30
0.0
 70
0
  0
VERTEX
  5
B6C
  8
TEXT
 10
-2.180063748809622
 20
-22.061309033879265
 30
0.0
 70
0
  0
VERTEX
  5
B6D
  8
TEXT
 10
-2.1663725785102774
 20
-22.09788924043562
 30
0.0
 70
0
  0
VERTEX
  5
B6E
  8
TEXT
 10
-2.148970279443401
 20
-22.131419788735244
 30
0.0
 70
0
  0
VERTEX
  5
B6F
  8
TEXT
 10
-2.1278568516089926
 20
-22.161900678778135
 30
0.0
 70
0
  0
VERTEX
  5
B70
  8
TEXT
 10
-2.103032295007052
 20
-22.18933191056429
 30
0.0
 70
0
  0
VERTEX
  5
B71
  8
TEXT
 10
-2.07449660963758
 20
-22.213713484093716
 30
0.0
 70
0
  0
VERTEX
  5
B72
  8
TEXT
 10
-2.0480325631587406
 20
-22.23143180560222
 30
0.0
 70
0
  0
VERTEX
  5
B73
  8
TEXT
 10
-2.019292506644287
 20
-22.246492196125963
 30
0.0
 70
0
  0
VERTEX
  5
B74
  8
TEXT
 10
-1.988276440094219
 20
-22.25889465566495
 30
0.0
 70
0
  0
VERTEX
  5
B75
  8
TEXT
 10
-1.9549843635085362
 20
-22.26863918421918
 30
0.0
 70
0
  0
VERTEX
  5
B76
  8
TEXT
 10
-1.9194162768872391
 20
-22.275725781788648
 30
0.0
 70
0
  0
VERTEX
  5
B77
  8
TEXT
 10
-1.8815721802303274
 20
-22.28015444837336
 30
0.0
 70
0
  0
VERTEX
  5
B78
  8
TEXT
 10
-1.8420436854032194
 20
-22.28179211377743
 30
0.0
 70
0
  0
VERTEX
  5
B79
  8
TEXT
 10
-1.8034740938331604
 20
-22.280342565642233
 30
0.0
 70
0
  0
VERTEX
  5
B7A
  8
TEXT
 10
-1.7658634055201508
 20
-22.275805803967764
 30
0.0
 70
0
  0
VERTEX
  5
B7B
  8
TEXT
 10
-1.7292116204641903
 20
-22.268181828754024
 30
0.0
 70
0
  0
VERTEX
  5
B7C
  8
TEXT
 10
-1.693518738665279
 20
-22.257470640001014
 30
0.0
 70
0
  0
VERTEX
  5
B7D
  8
TEXT
 10
-1.658784760123417
 20
-22.24367223770873
 30
0.0
 70
0
  0
VERTEX
  5
B7E
  8
TEXT
 10
-1.6252865388041766
 20
-22.227022690302057
 30
0.0
 70
0
  0
VERTEX
  5
B7F
  8
TEXT
 10
-1.593300928673131
 20
-22.207758066205884
 30
0.0
 70
0
  0
VERTEX
  5
B80
  8
TEXT
 10
-1.5628279297302803
 20
-22.185878365420205
 30
0.0
 70
0
  0
VERTEX
  5
B81
  8
TEXT
 10
-1.5338675419756238
 20
-22.161383587945025
 30
0.0
 70
0
  0
VERTEX
  5
B82
  8
TEXT
 10
-1.506419765409162
 20
-22.13427373378034
 30
0.0
 70
0
  0
VERTEX
  5
B83
  8
TEXT
 10
-1.4804846000308949
 20
-22.10454880292615
 30
0.0
 70
0
  0
VERTEX
  5
B84
  8
TEXT
 10
-1.4598476996149587
 20
-22.07711595536749
 30
0.0
 70
0
  0
VERTEX
  5
B85
  8
TEXT
 10
-1.4411007579971569
 20
-22.048015931318254
 30
0.0
 70
0
  0
VERTEX
  5
B86
  8
TEXT
 10
-1.424243775177489
 20
-22.01724873077845
 30
0.0
 70
0
  0
VERTEX
  5
B87
  8
TEXT
 10
-1.409276751155954
 20
-21.984814353748074
 30
0.0
 70
0
  0
VERTEX
  5
B88
  8
TEXT
 10
-1.3961996859325534
 20
-21.950712800227127
 30
0.0
 70
0
  0
VERTEX
  5
B89
  8
TEXT
 10
-1.3850125795072865
 20
-21.914944070215608
 30
0.0
 70
0
  0
VERTEX
  5
B8A
  8
TEXT
 10
-1.375715431880153
 20
-21.877508163713518
 30
0.0
 70
0
  0
VERTEX
  5
B8B
  8
TEXT
 10
-1.1594075748229908
 20
-20.909864338707806
 30
0.0
 70
0
  0
VERTEX
  5
B8C
  8
TEXT
 10
-0.8731968809480801
 20
-20.932622670412037
 30
0.0
 70
0
  0
VERTEX
  5
B8D
  8
TEXT
 10
-1.2359123952405344
 20
-22.57306018783956
 30
0.0
 70
0
  0
VERTEX
  5
B8E
  8
TEXT
 10
-1.515968020429963
 20
-22.550791282623592
 30
0.0
 70
0
  0
VERTEX
  5
B8F
  8
TEXT
 10
-1.476175524551882
 20
-22.361941859326706
 30
0.0
 70
0
  0
VERTEX
  5
B90
  8
TEXT
 10
-1.5018897682514192
 20
-22.388888460565916
 30
0.0
 70
0
  0
VERTEX
  5
B91
  8
TEXT
 10
-1.5291642062699542
 20
-22.41381839457116
 30
0.0
 70
0
  0
VERTEX
  5
B92
  8
TEXT
 10
-1.557998838607488
 20
-22.43673166134243
 30
0.0
 70
0
  0
VERTEX
  5
B93
  8
TEXT
 10
-1.588393665264019
 20
-22.457628260879734
 30
0.0
 70
0
  0
VERTEX
  5
B94
  8
TEXT
 10
-1.6203486862395482
 20
-22.47650819318307
 30
0.0
 70
0
  0
VERTEX
  5
B95
  8
TEXT
 10
-1.6538639015340753
 20
-22.49337145825243
 30
0.0
 70
0
  0
VERTEX
  5
B96
  8
TEXT
 10
-1.6878116831487098
 20
-22.508221692982026
 30
0.0
 70
0
  0
VERTEX
  5
B97
  8
TEXT
 10
-1.7224321961257785
 20
-22.52095377282423
 30
0.0
 70
0
  0
VERTEX
  5
B98
  8
TEXT
 10
-1.7577254404652816
 20
-22.53156769777904
 30
0.0
 70
0
  0
VERTEX
  5
B99
  8
TEXT
 10
-1.7936914161672197
 20
-22.540063467846455
 30
0.0
 70
0
  0
VERTEX
  5
B9A
  8
TEXT
 10
-1.8303301232315923
 20
-22.546441083026476
 30
0.0
 70
0
  0
VERTEX
  5
B9B
  8
TEXT
 10
-1.8676415616583995
 20
-22.550700543319106
 30
0.0
 70
0
  0
VERTEX
  5
B9C
  8
TEXT
 10
-1.9056257314476412
 20
-22.55284184872434
 30
0.0
 70
0
  0
VERTEX
  5
B9D
  8
TEXT
 10
-1.9442826325993172
 20
-22.552864999242182
 30
0.0
 70
0
  0
SEQEND
  5
B46
  8
TEXT
  0
POLYLINE
  5
B9E
  8
TEXT
 66
1
 10
0.0
 20
0.0
 30
0.0
 70
1
  0
VERTEX
  5
BA0
  8
TEXT
 10
-0.04783209757271643
 20
-22.637076495446678
 30
0.0
 70
0
  0
VERTEX
  5
BA1
  8
TEXT
 10
-0.08833462403442156
 20
-22.63620621881114
 30
0.0
 70
0
  0
VERTEX
  5
BA2
  8
TEXT
 10
-0.12803013509594194
 20
-22.63355068550704
 30
0.0
 70
0
  0
VERTEX
  5
BA3
  8
TEXT
 10
-0.16691863075727773
 20
-22.629109895534377
 30
0.0
 70
0
  0
VERTEX
  5
BA4
  8
TEXT
 10
-0.20500011101842874
 20
-22.622883848893157
 30
0.0
 70
0
  0
VERTEX
  5
BA5
  8
TEXT
 10
-0.2422745758793951
 20
-22.61487254558337
 30
0.0
 70
0
  0
VERTEX
  5
BA6
  8
TEXT
 10
-0.2787420253401769
 20
-22.605075985605023
 30
0.0
 70
0
  0
VERTEX
  5
BA7
  8
TEXT
 10
-0.31440245940077394
 20
-22.593494168958113
 30
0.0
 70
0
  0
VERTEX
  5
BA8
  8
TEXT
 10
-0.3492558780611863
 20
-22.580127095642645
 30
0.0
 70
0
  0
VERTEX
  5
BA9
  8
TEXT
 10
-0.3830368951786974
 20
-22.565113305651387
 30
0.0
 70
0
  0
VERTEX
  5
BAA
  8
TEXT
 10
-0.41548012461059025
 20
-22.54859133897711
 30
0.0
 70
0
  0
VERTEX
  5
BAB
  8
TEXT
 10
-0.446585566356865
 20
-22.530561195619825
 30
0.0
 70
0
  0
VERTEX
  5
BAC
  8
TEXT
 10
-0.47635322041752176
 20
-22.51102287557952
 30
0.0
 70
0
  0
VERTEX
  5
BAD
  8
TEXT
 10
-0.5047830867925603
 20
-22.489976378856205
 30
0.0
 70
0
  0
VERTEX
  5
BAE
  8
TEXT
 10
-0.5318751654819809
 20
-22.467421705449873
 30
0.0
 70
0
  0
VERTEX
  5
BAF
  8
TEXT
 10
-0.5576294564857833
 20
-22.44335885536053
 30
0.0
 70
0
  0
VERTEX
  5
BB0
  8
TEXT
 10
-0.5820459598039676
 20
-22.417787828588168
 30
0.0
 70
0
  0
VERTEX
  5
BB1
  8
TEXT
 10
-0.6049135079011247
 20
-22.390937641493156
 30
0.0
 70
0
  0
VERTEX
  5
BB2
  8
TEXT
 10
-0.6260209332418456
 20
-22.36303731043585
 30
0.0
 70
0
  0
VERTEX
  5
BB3
  8
TEXT
 10
-0.6453682358261302
 20
-22.334086835416255
 30
0.0
 70
0
  0
VERTEX
  5
BB4
  8
TEXT
 10
-0.6629554156539786
 20
-22.304086216434367
 30
0.0
 70
0
  0
VERTEX
  5
BB5
  8
TEXT
 10
-0.6787824727253909
 20
-22.273035453490188
 30
0.0
 70
0
  0
VERTEX
  5
BB6
  8
TEXT
 10
-0.6928494070403668
 20
-22.240934546583716
 30
0.0
 70
0
  0
VERTEX
  5
BB7
  8
TEXT
 10
-0.7051562185989064
 20
-22.207783495714953
 30
0.0
 70
0
  0
VERTEX
  5
BB8
  8
TEXT
 10
-0.7157029074010098
 20
-22.1735823008839
 30
0.0
 70
0
  0
VERTEX
  5
BB9
  8
TEXT
 10
-0.478037116623851
 20
-22.07774772429379
 30
0.0
 70
0
  0
VERTEX
  5
BBA
  8
TEXT
 10
-0.4633170187558929
 20
-22.113411875924044
 30
0.0
 70
0
  0
VERTEX
  5
BBB
  8
TEXT
 10
-0.44659611428644164
 20
-22.14709716553056
 30
0.0
 70
0
  0
VERTEX
  5
BBC
  8
TEXT
 10
-0.4278744032154974
 20
-22.178803593113336
 30
0.0
 70
0
  0
VERTEX
  5
BBD
  8
TEXT
 10
-0.40715188554306003
 20
-22.208531158672372
 30
0.0
 70
0
  0
VERTEX
  5
BBE
  8
TEXT
 10
-0.38442856126912966
 20
-22.23627986220767
 30
0.0
 70
0
  0
VERTEX
  5
BBF
  8
TEXT
 10
-0.35970443039370625
 20
-22.262049703719224
 30
0.0
 70
0
  0
VERTEX
  5
BC0
  8
TEXT
 10
-0.33297949291678974
 20
-22.28584068320704
 30
0.0
 70
0
  0
VERTEX
  5
BC1
  8
TEXT
 10
-0.30425374883838013
 20
-22.307652800671118
 30
0.0
 70
0
  0
VERTEX
  5
BC2
  8
TEXT
 10
-0.2739373945929317
 20
-22.327172731544692
 30
0.0
 70
0
  0
VERTEX
  5
BC3
  8
TEXT
 10
-0.24244062661489846
 20
-22.344087151261007
 30
0.0
 70
0
  0
VERTEX
  5
BC4
  8
TEXT
 10
-0.2097634449042804
 20
-22.358396059820066
 30
0.0
 70
0
  0
VERTEX
  5
BC5
  8
TEXT
 10
-0.1759058494610776
 20
-22.370099457221862
 30
0.0
 70
0
  0
VERTEX
  5
BC6
  8
TEXT
 10
-0.14086784028528992
 20
-22.379197343466398
 30
0.0
 70
0
  0
VERTEX
  5
BC7
  8
TEXT
 10
-0.10464941737691764
 20
-22.385689718553675
 30
0.0
 70
0
  0
VERTEX
  5
BC8
  8
TEXT
 10
-0.06725058073596042
 20
-22.38957658248369
 30
0.0
 70
0
  0
VERTEX
  5
BC9
  8
TEXT
 10
-0.028671330362418555
 20
-22.390857935256452
 30
0.0
 70
0
  0
VERTEX
  5
BCA
  8
TEXT
 10
0.01208425344894834
 20
-22.389347170817178
 30
0.0
 70
0
  0
VERTEX
  5
BCB
  8
TEXT
 10
0.05055427722006746
 20
-22.384860665345848
 30
0.0
 70
0
  0
VERTEX
  5
BCC
  8
TEXT
 10
0.08673874095093892
 20
-22.377398418842454
 30
0.0
 70
0
  0
VERTEX
  5
BCD
  8
TEXT
 10
0.12063764464156271
 20
-22.366960431307
 30
0.0
 70
0
  0
VERTEX
  5
BCE
  8
TEXT
 10
0.15225098829193906
 20
-22.353546702739486
 30
0.0
 70
0
  0
VERTEX
  5
BCF
  8
TEXT
 10
0.18157877190206753
 20
-22.33715723313991
 30
0.0
 70
0
  0
VERTEX
  5
BD0
  8
TEXT
 10
0.20862099547194854
 20
-22.31779202250827
 30
0.0
 70
0
  0
VERTEX
  5
BD1
  8
TEXT
 10
0.2363173597139594
 20
-22.29246788052786
 30
0.0
 70
0
  0
VERTEX
  5
BD2
  8
TEXT
 10
0.25897441749055866
 20
-22.265152643931177
 30
0.0
 70
0
  0
VERTEX
  5
BD3
  8
TEXT
 10
0.2765921688017459
 20
-22.235846312718223
 30
0.0
 70
0
  0
VERTEX
  5
BD4
  8
TEXT
 10
0.28917061364752145
 20
-22.204548886889004
 30
0.0
 70
0
  0
VERTEX
  5
BD5
  8
TEXT
 10
0.29670975202788546
 20
-22.171260366443512
 30
0.0
 70
0
  0
VERTEX
  5
BD6
  8
TEXT
 10
0.29920958394283775
 20
-22.13598075138175
 30
0.0
 70
0
  0
VERTEX
  5
BD7
  8
TEXT
 10
0.2955951169849766
 20
-22.098067452266637
 30
0.0
 70
0
  0
VERTEX
  5
BD8
  8
TEXT
 10
0.28479515431838515
 20
-22.063824187348942
 30
0.0
 70
0
  0
VERTEX
  5
BD9
  8
TEXT
 10
0.2668096959430633
 20
-22.03325095662866
 30
0.0
 70
0
  0
VERTEX
  5
BDA
  8
TEXT
 10
0.2416387418590112
 20
-22.006347760105797
 30
0.0
 70
0
  0
VERTEX
  5
BDB
  8
TEXT
 10
0.21669872273277
 20
-21.98715870029304
 30
0.0
 70
0
  0
VERTEX
  5
BDC
  8
TEXT
 10
0.1879005884555133
 20
-21.96970060793342
 30
0.0
 70
0
  0
VERTEX
  5
BDD
  8
TEXT
 10
0.15524433902724177
 20
-21.95397348302693
 30
0.0
 70
0
  0
VERTEX
  5
BDE
  8
TEXT
 10
0.11872997444795498
 20
-21.93997732557358
 30
0.0
 70
0
  0
VERTEX
  5
BDF
  8
TEXT
 10
0.07835749471765319
 20
-21.927712135573362
 30
0.0
 70
0
  0
VERTEX
  5
BE0
  8
TEXT
 10
-0.16557262030717987
 20
-21.859154137392284
 30
0.0
 70
0
  0
VERTEX
  5
BE1
  8
TEXT
 10
-0.20665218288956794
 20
-21.84677041750381
 30
0.0
 70
0
  0
VERTEX
  5
BE2
  8
TEXT
 10
-0.24549335013931706
 20
-21.832899021403257
 30
0.0
 70
0
  0
VERTEX
  5
BE3
  8
TEXT
 10
-0.2820961220564273
 20
-21.817539949090627
 30
0.0
 70
0
  0
VERTEX
  5
BE4
  8
TEXT
 10
-0.3164604986408989
 20
-21.80069320056592
 30
0.0
 70
0
  0
VERTEX
  5
BE5
  8
TEXT
 10
-0.3485864798927317
 20
-21.782358775829138
 30
0.0
 70
0
  0
VERTEX
  5
BE6
  8
TEXT
 10
-0.37847406581192566
 20
-21.76253667488028
 30
0.0
 70
0
  0
VERTEX
  5
BE7
  8
TEXT
 10
-0.4061232563984808
 20
-21.741226897719343
 30
0.0
 70
0
  0
VERTEX
  5
BE8
  8
TEXT
 10
-0.43153405165239705
 20
-21.71842944434633
 30
0.0
 70
0
  0
VERTEX
  5
BE9
  8
TEXT
 10
-0.4547064515736746
 20
-21.694144314761242
 30
0.0
 70
0
  0
VERTEX
  5
BEA
  8
TEXT
 10
-0.47796701941278397
 20
-21.665310543883976
 30
0.0
 70
0
  0
VERTEX
  5
BEB
  8
TEXT
 10
-0.49812901785645597
 20
-21.635124408557207
 30
0.0
 70
0
  0
VERTEX
  5
BEC
  8
TEXT
 10
-0.515192446904691
 20
-21.603585908780943
 30
0.0
 70
0
  0
VERTEX
  5
BED
  8
TEXT
 10
-0.5291573065574892
 20
-21.57069504455518
 30
0.0
 70
0
  0
VERTEX
  5
BEE
  8
TEXT
 10
-0.5400235968148499
 20
-21.53645181587992
 30
0.0
 70
0
  0
VERTEX
  5
BEF
  8
TEXT
 10
-0.5477913176767737
 20
-21.50085622275516
 30
0.0
 70
0
  0
VERTEX
  5
BF0
  8
TEXT
 10
-0.5524604691432604
 20
-21.463908265180905
 30
0.0
 70
0
  0
VERTEX
  5
BF1
  8
TEXT
 10
-0.5540310512143098
 20
-21.425607943157146
 30
0.0
 70
0
  0
VERTEX
  5
BF2
  8
TEXT
 10
-0.5527665983736335
 20
-21.38920545360134
 30
0.0
 70
0
  0
VERTEX
  5
BF3
  8
TEXT
 10
-0.5489329646208495
 20
-21.353706027621683
 30
0.0
 70
0
  0
VERTEX
  5
BF4
  8
TEXT
 10
-0.5425301499559582
 20
-21.319109665218175
 30
0.0
 70
0
  0
VERTEX
  5
BF5
  8
TEXT
 10
-0.5335581543789591
 20
-21.28541636639082
 30
0.0
 70
0
  0
VERTEX
  5
BF6
  8
TEXT
 10
-0.5220169778898528
 20
-21.25262613113961
 30
0.0
 70
0
  0
VERTEX
  5
BF7
  8
TEXT
 10
-0.507906620488639
 20
-21.220738959464555
 30
0.0
 70
0
  0
VERTEX
  5
BF8
  8
TEXT
 10
-0.4912270821753177
 20
-21.18975485136565
 30
0.0
 70
0
  0
VERTEX
  5
BF9
  8
TEXT
 10
-0.4719783629498888
 20
-21.159673806842896
 30
0.0
 70
0
  0
VERTEX
  5
BFA
  8
TEXT
 10
-0.45053414449470713
 20
-21.130797519220792
 30
0.0
 70
0
  0
VERTEX
  5
BFB
  8
TEXT
 10
-0.42726810849212743
 20
-21.103427681823838
 30
0.0
 70
0
  0
VERTEX
  5
BFC
  8
TEXT
 10
-0.40218025494214954
 20
-21.07756429465204
 30
0.0
 70
0
  0
VERTEX
  5
BFD
  8
TEXT
 10
-0.37527058384477363
 20
-21.05320735770539
 30
0.0
 70
0
  0
VERTEX
  5
BFE
  8
TEXT
 10
-0.3465390951999996
 20
-21.030356870983894
 30
0.0
 70
0
  0
VERTEX
  5
BFF
  8
TEXT
 10
-0.3159857890078275
 20
-21.009012834487546
 30
0.0
 70
0
  0
VERTEX
  5
C00
  8
TEXT
 10
-0.28361066526825723
 20
-20.989175248216355
 30
0.0
 70
0
  0
VERTEX
  5
C01
  8
TEXT
 10
-0.24941372398128886
 20
-20.97084411217031
 30
0.0
 70
0
  0
VERTEX
  5
C02
  8
TEXT
 10
-0.21782513064269945
 20
-20.956086191582997
 30
0.0
 70
0
  0
VERTEX
  5
C03
  8
TEXT
 10
-0.18547330629034003
 20
-20.943062049258334
 30
0.0
 70
0
  0
VERTEX
  5
C04
  8
TEXT
 10
-0.15235825092421046
 20
-20.931771685196317
 30
0.0
 70
0
  0
VERTEX
  5
C05
  8
TEXT
 10
-0.11847996454431076
 20
-20.922215099396947
 30
0.0
 70
0
  0
VERTEX
  5
C06
  8
TEXT
 10
-0.08383844715064087
 20
-20.914392291860228
 30
0.0
 70
0
  0
VERTEX
  5
C07
  8
TEXT
 10
-0.04843369874320097
 20
-20.908303262586156
 30
0.0
 70
0
  0
VERTEX
  5
C08
  8
TEXT
 10
-0.012265719321990913
 20
-20.90394801157473
 30
0.0
 70
0
  0
VERTEX
  5
C09
  8
TEXT
 10
0.024665491112989282
 20
-20.901326538825952
 30
0.0
 70
0
  0
VERTEX
  5
C0A
  8
TEXT
 10
0.062359932561739516
 20
-20.900438844339824
 30
0.0
 70
0
  0
VERTEX
  5
C0B
  8
TEXT
 10
0.10323778577875033
 20
-20.901373300017802
 30
0.0
 70
0
  0
VERTEX
  5
C0C
  8
TEXT
 10
0.14307697096851174
 20
-20.904221907196703
 30
0.0
 70
0
  0
VERTEX
  5
C0D
  8
TEXT
 10
0.181877488131024
 20
-20.90898466587653
 30
0.0
 70
0
  0
VERTEX
  5
C0E
  8
TEXT
 10
0.21963933726628665
 20
-20.915661576057285
 30
0.0
 70
0
  0
VERTEX
  5
C0F
  8
TEXT
 10
0.25636251837430024
 20
-20.924252637738967
 30
0.0
 70
0
  0
VERTEX
  5
C10
  8
TEXT
 10
0.29204703145506433
 20
-20.93475785092157
 30
0.0
 70
0
  0
VERTEX
  5
C11
  8
TEXT
 10
0.3266928765085792
 20
-20.9471772156051
 30
0.0
 70
0
  0
VERTEX
  5
C12
  8
TEXT
 10
0.36030005353484473
 20
-20.961510731789556
 30
0.0
 70
0
  0
VERTEX
  5
C13
  8
TEXT
 10
0.392868562533861
 20
-20.977758399474936
 30
0.0
 70
0
  0
VERTEX
  5
C14
  8
TEXT
 10
0.4243984035056275
 20
-20.995920218661244
 30
0.0
 70
0
  0
VERTEX
  5
C15
  8
TEXT
 10
0.45488957645014527
 20
-21.015996189348474
 30
0.0
 70
0
  0
VERTEX
  5
C16
  8
TEXT
 10
0.4839273113068085
 20
-21.03769312196685
 30
0.0
 70
0
  0
VERTEX
  5
C17
  8
TEXT
 10
0.5110968380150127
 20
-21.06071782694658
 30
0.0
 70
0
  0
VERTEX
  5
C18
  8
TEXT
 10
0.5363981565747578
 20
-21.08507030428767
 30
0.0
 70
0
  0
VERTEX
  5
C19
  8
TEXT
 10
0.5598312669860438
 20
-21.110750553990112
 30
0.0
 70
0
  0
VERTEX
  5
C1A
  8
TEXT
 10
0.5813961692488708
 20
-21.137758576053916
 30
0.0
 70
0
  0
VERTEX
  5
C1B
  8
TEXT
 10
0.601092863363239
 20
-21.166094370479076
 30
0.0
 70
0
  0
VERTEX
  5
C1C
  8
TEXT
 10
0.618921349329148
 20
-21.195757937265594
 30
0.0
 70
0
  0
VERTEX
  5
C1D
  8
TEXT
 10
0.6348816271465976
 20
-21.22674927641347
 30
0.0
 70
0
  0
VERTEX
  5
C1E
  8
TEXT
 10
0.6489736968155883
 20
-21.259068387922703
 30
0.0
 70
0
  0
VERTEX
  5
C1F
  8
TEXT
 10
0.66119755833612
 20
-21.292715271793295
 30
0.0
 70
0
  0
VERTEX
  5
C20
  8
TEXT
 10
0.6715532117081926
 20
-21.327689928025244
 30
0.0
 70
0
  0
VERTEX
  5
C21
  8
TEXT
 10
0.4300283611044491
 20
-21.423526613266176
 30
0.0
 70
0
  0
VERTEX
  5
C22
  8
TEXT
 10
0.4166986222236404
 20
-21.387077584047063
 30
0.0
 70
0
  0
VERTEX
  5
C23
  8
TEXT
 10
0.4010075621244374
 20
-21.353134296909786
 30
0.0
 70
0
  0
VERTEX
  5
C24
  8
TEXT
 10
0.38295518080684016
 20
-21.32169675185435
 30
0.0
 70
0
  0
VERTEX
  5
C25
  8
TEXT
 10
0.3625414782708492
 20
-21.292764948880755
 30
0.0
 70
0
  0
VERTEX
  5
C26
  8
TEXT
 10
0.3397664545164643
 20
-21.266338887988997
 30
0.0
 70
0
  0
VERTEX
  5
C27
  8
TEXT
 10
0.31463010954368503
 20
-21.24241856917908
 30
0.0
 70
0
  0
VERTEX
  5
C28
  8
TEXT
 10
0.287132443352512
 20
-21.221003992451003
 30
0.0
 70
0
  0
VERTEX
  5
C29
  8
TEXT
 10
0.25769884336795584
 20
-21.202283940598015
 30
0.0
 70
0
  0
VERTEX
  5
C2A
  8
TEXT
 10
0.22675469701502693
 20
-21.186447196413372
 30
0.0
 70
0
  0
VERTEX
  5
C2B
  8
TEXT
 10
0.19430000429372635
 20
-21.173493759897074
 30
0.0
 70
0
  0
VERTEX
  5
C2C
  8
TEXT
 10
0.16033476520405346
 20
-21.16342363104912
 30
0.0
 70
0
  0
VERTEX
  5
C2D
  8
TEXT
 10
0.12485897974600849
 20
-21.156236809869508
 30
0.0
 70
0
  0
VERTEX
  5
C2E
  8
TEXT
 10
0.0878726479195913
 20
-21.151933296358237
 30
0.0
 70
0
  0
VERTEX
  5
C2F
  8
TEXT
 10
0.04937576972480191
 20
-21.150513090515314
 30
0.0
 70
0
  0
VERTEX
  5
C30
  8
TEXT
 10
0.011156079266595922
 20
-21.151912210417567
 30
0.0
 70
0
  0
VERTEX
  5
C31
  8
TEXT
 10
-0.02499868935007185
 20
-21.156066674141844
 30
0.0
 70
0
  0
VERTEX
  5
C32
  8
TEXT
 10
-0.059088536125200944
 20
-21.162976481688133
 30
0.0
 70
0
  0
VERTEX
  5
C33
  8
TEXT
 10
-0.0911134610587915
 20
-21.17264163305644
 30
0.0
 70
0
  0
VERTEX
  5
C34
  8
TEXT
 10
-0.1210734641508435
 20
-21.185062128246766
 30
0.0
 70
0
  0
VERTEX
  5
C35
  8
TEXT
 10
-0.14896854540135712
 20
-21.20023796725911
 30
0.0
 70
0
  0
VERTEX
  5
C36
  8
TEXT
 10
-0.17479870481033213
 20
-21.21816915009347
 30
0.0
 70
0
  0
VERTEX
  5
C37
  8
TEXT
 10
-0.20131686077597982
 20
-21.241756070841944
 30
0.0
 70
0
  0
VERTEX
  5
C38
  8
TEXT
 10
-0.22301003220044305
 20
-21.26746283868151
 30
0.0
 70
0
  0
VERTEX
  5
C39
  8
TEXT
 10
-0.23987821908372187
 20
-21.295289453612167
 30
0.0
 70
0
  0
VERTEX
  5
C3A
  8
TEXT
 10
-0.25192142142581614
 20
-21.325235915633915
 30
0.0
 70
0
  0
VERTEX
  5
C3B
  8
TEXT
 10
-0.2591396392267259
 20
-21.35730222474675
 30
0.0
 70
0
  0
VERTEX
  5
C3C
  8
TEXT
 10
-0.2615328724864512
 20
-21.39148838095068
 30
0.0
 70
0
  0
VERTEX
  5
C3D
  8
TEXT
 10
-0.2583043378693839
 20
-21.429353652683044
 30
0.0
 70
0
  0
VERTEX
  5
C3E
  8
TEXT
 10
-0.24866217222517378
 20
-21.46345283545249
 30
0.0
 70
0
  0
VERTEX
  5
C3F
  8
TEXT
 10
-0.2326063755538209
 20
-21.493785929259023
 30
0.0
 70
0
  0
VERTEX
  5
C40
  8
TEXT
 10
-0.2101369478553253
 20
-21.520352934102636
 30
0.0
 70
0
  0
VERTEX
  5
C41
  8
TEXT
 10
-0.18766686197175073
 20
-21.53929636362302
 30
0.0
 70
0
  0
VERTEX
  5
C42
  8
TEXT
 10
-0.1613385934603349
 20
-21.55663231560472
 30
0.0
 70
0
  0
VERTEX
  5
C43
  8
TEXT
 10
-0.13115214232107747
 20
-21.572360790047735
 30
0.0
 70
0
  0
VERTEX
  5
C44
  8
TEXT
 10
-0.09710750855397848
 20
-21.586481786952064
 30
0.0
 70
0
  0
VERTEX
  5
C45
  8
TEXT
 10
-0.05920469215903797
 20
-21.59899530631771
 30
0.0
 70
0
  0
VERTEX
  5
C46
  8
TEXT
 10
0.20479885991650973
 20
-21.679119518994252
 30
0.0
 70
0
  0
VERTEX
  5
C47
  8
TEXT
 10
0.24524521696026122
 20
-21.692313511254433
 30
0.0
 70
0
  0
VERTEX
  5
C48
  8
TEXT
 10
0.2835579405765203
 20
-21.70689983702687
 30
0.0
 70
0
  0
VERTEX
  5
C49
  8
TEXT
 10
0.31973703076528653
 20
-21.722878496311573
 30
0.0
 70
0
  0
VERTEX
  5
C4A
  8
TEXT
 10
0.3537824875265596
 20
-21.74024948910854
 30
0.0
 70
0
  0
VERTEX
  5
C4B
  8
TEXT
 10
0.38569431086034067
 20
-21.759012815417766
 30
0.0
 70
0
  0
VERTEX
  5
C4C
  8
TEXT
 10
0.4154725007666288
 20
-21.779168475239253
 30
0.0
 70
0
  0
VERTEX
  5
C4D
  8
TEXT
 10
0.4431170572454244
 20
-21.800716468573004
 30
0.0
 70
0
  0
VERTEX
  5
C4E
  8
TEXT
 10
0.468627980296727
 20
-21.82365679541902
 30
0.0
 70
0
  0
VERTEX
  5
C4F
  8
TEXT
 10
0.4920052699205371
 20
-21.84798945577729
 30
0.0
 70
0
  0
VERTEX
  5
C50
  8
TEXT
 10
0.5155371844932369
 20
-21.876835137952007
 30
0.0
 70
0
  0
VERTEX
  5
C51
  8
TEXT
 10
0.5359343641636931
 20
-21.907057323468738
 30
0.0
 70
0
  0
VERTEX
  5
C52
  8
TEXT
 10
0.5531968089319057
 20
-21.938656012327485
 30
0.0
 70
0
  0
VERTEX
  5
C53
  8
TEXT
 10
0.5673245187978744
 20
-21.971631204528247
 30
0.0
 70
0
  0
VERTEX
  5
C54
  8
TEXT
 10
0.5783174937615996
 20
-22.005982900071025
 30
0.0
 70
0
  0
VERTEX
  5
C55
  8
TEXT
 10
0.586175733823081
 20
-22.04171109895582
 30
0.0
 70
0
  0
VERTEX
  5
C56
  8
TEXT
 10
0.5908992389823188
 20
-22.07881580118263
 30
0.0
 70
0
  0
VERTEX
  5
C57
  8
TEXT
 10
0.5924880092393128
 20
-22.117297006751457
 30
0.0
 70
0
  0
VERTEX
  5
C58
  8
TEXT
 10
0.5912052594853837
 20
-22.153319629989884
 30
0.0
 70
0
  0
VERTEX
  5
C59
  8
TEXT
 10
0.5873171567230067
 20
-22.188451268982725
 30
0.0
 70
0
  0
VERTEX
  5
C5A
  8
TEXT
 10
0.5808237009521817
 20
-22.222691923729972
 30
0.0
 70
0
  0
VERTEX
  5
C5B
  8
TEXT
 10
0.5717248921729091
 20
-22.25604159423163
 30
0.0
 70
0
  0
VERTEX
  5
C5C
  8
TEXT
 10
0.5600207303851883
 20
-22.288500280487696
 30
0.0
 70
0
  0
VERTEX
  5
C5D
  8
TEXT
 10
0.5457112155890196
 20
-22.32006798249817
 30
0.0
 70
0
  0
VERTEX
  5
C5E
  8
TEXT
 10
0.5287963477844031
 20
-22.350744700263053
 30
0.0
 70
0
  0
VERTEX
  5
C5F
  8
TEXT
 10
0.5092761269713388
 20
-22.380530433782347
 30
0.0
 70
0
  0
VERTEX
  5
C60
  8
TEXT
 10
0.4874820263653279
 20
-22.409123512794917
 30
0.0
 70
0
  0
VERTEX
  5
C61
  8
TEXT
 10
0.463745519181872
 20
-22.436222267039632
 30
0.0
 70
0
  0
VERTEX
  5
C62
  8
TEXT
 10
0.43806660542097126
 20
-22.46182669651649
 30
0.0
 70
0
  0
VERTEX
  5
C63
  8
TEXT
 10
0.4104452850826252
 20
-22.485936801225495
 30
0.0
 70
0
  0
VERTEX
  5
C64
  8
TEXT
 10
0.3808815581668343
 20
-22.508552581166644
 30
0.0
 70
0
  0
VERTEX
  5
C65
  8
TEXT
 10
0.3493754246735982
 20
-22.529674036339937
 30
0.0
 70
0
  0
VERTEX
  5
C66
  8
TEXT
 10
0.3159268846029171
 20
-22.549301166745376
 30
0.0
 70
0
  0
VERTEX
  5
C67
  8
TEXT
 10
0.2805359379547911
 20
-22.567433972382958
 30
0.0
 70
0
  0
VERTEX
  5
C68
  8
TEXT
 10
0.24775142398583025
 20
-22.58203056116441
 30
0.0
 70
0
  0
VERTEX
  5
C69
  8
TEXT
 10
0.21404170418890126
 20
-22.594912517280047
 30
0.0
 70
0
  0
VERTEX
  5
C6A
  8
TEXT
 10
0.17940677856400386
 20
-22.60607984072987
 30
0.0
 70
0
  0
VERTEX
  5
C6B
  8
TEXT
 10
0.14384664711113795
 20
-22.615532531513875
 30
0.0
 70
0
  0
VERTEX
  5
C6C
  8
TEXT
 10
0.10736130983030376
 20
-22.623270589632067
 30
0.0
 70
0
  0
VERTEX
  5
C6D
  8
TEXT
 10
0.06995076672150141
 20
-22.629294015084444
 30
0.0
 70
0
  0
VERTEX
  5
C6E
  8
TEXT
 10
0.03161501778473045
 20
-22.633602807871004
 30
0.0
 70
0
  0
VERTEX
  5
C6F
  8
TEXT
 10
-0.007645936980008794
 20
-22.636196967991747
 30
0.0
 70
0
  0
SEQEND
  5
B9F
  8
TEXT
  0
POLYLINE
  5
C70
  8
TEXT
 66
1
 10
0.0
 20
0.0
 30
0.0
 70
1
  0
VERTEX
  5
C72
  8
TEXT
 10
1.6800013507159766
 20
-22.55132425769144
 30
0.0
 70
0
  0
VERTEX
  5
C73
  8
TEXT
 10
1.750328693903797
 20
-20.192524962446438
 30
0.0
 70
0
  0
VERTEX
  5
C74
  8
TEXT
 10
2.0387978175310804
 20
-20.160864517473073
 30
0.0
 70
0
  0
VERTEX
  5
C75
  8
TEXT
 10
2.0151430953482277
 20
-21.02065786885731
 30
0.0
 70
0
  0
VERTEX
  5
C76
  8
TEXT
 10
2.0345665548295413
 20
-20.992471978941975
 30
0.0
 70
0
  0
VERTEX
  5
C77
  8
TEXT
 10
2.0557115430120243
 20
-20.965822582662287
 30
0.0
 70
0
  0
VERTEX
  5
C78
  8
TEXT
 10
2.078578059895677
 20
-20.940709680018248
 30
0.0
 70
0
  0
VERTEX
  5
C79
  8
TEXT
 10
2.1031661054804998
 20
-20.91713327100985
 30
0.0
 70
0
  0
VERTEX
  5
C7A
  8
TEXT
 10
2.1294756797664927
 20
-20.8950933556371
 30
0.0
 70
0
  0
VERTEX
  5
C7B
  8
TEXT
 10
2.157506782753655
 20
-20.874589933899994
 30
0.0
 70
0
  0
VERTEX
  5
C7C
  8
TEXT
 10
2.1886025501714768
 20
-20.852925779538513
 30
0.0
 70
0
  0
VERTEX
  5
C7D
  8
TEXT
 10
2.220613136231773
 20
-20.83330843144359
 30
0.0
 70
0
  0
VERTEX
  5
C7E
  8
TEXT
 10
2.253538540934544
 20
-20.81573788961523
 30
0.0
 70
0
  0
VERTEX
  5
C7F
  8
TEXT
 10
2.287378764279789
 20
-20.80021415405344
 30
0.0
 70
0
  0
VERTEX
  5
C80
  8
TEXT
 10
2.3221338062675083
 20
-20.786737224758205
 30
0.0
 70
0
  0
VERTEX
  5
C81
  8
TEXT
 10
2.3578036668977016
 20
-20.775307101729535
 30
0.0
 70
0
  0
VERTEX
  5
C82
  8
TEXT
 10
2.3943883461703694
 20
-20.765923784967427
 30
0.0
 70
0
  0
VERTEX
  5
C83
  8
TEXT
 10
2.4318878440855123
 20
-20.75858727447188
 30
0.0
 70
0
  0
VERTEX
  5
C84
  8
TEXT
 10
2.470302160643129
 20
-20.753297570242896
 30
0.0
 70
0
  0
VERTEX
  5
C85
  8
TEXT
 10
2.5100480492395816
 20
-20.75000893221025
 30
0.0
 70
0
  0
VERTEX
  5
C86
  8
TEXT
 10
2.548814422858682
 20
-20.748975009854288
 30
0.0
 70
0
  0
VERTEX
  5
C87
  8
TEXT
 10
2.5866012815004296
 20
-20.75019580317501
 30
0.0
 70
0
  0
VERTEX
  5
C88
  8
TEXT
 10
2.6234086251648234
 20
-20.753671312172415
 30
0.0
 70
0
  0
VERTEX
  5
C89
  8
TEXT
 10
2.6592364538518654
 20
-20.759401536846507
 30
0.0
 70
0
  0
VERTEX
  5
C8A
  8
TEXT
 10
2.6940847675615536
 20
-20.76738647719728
 30
0.0
 70
0
  0
VERTEX
  5
C8B
  8
TEXT
 10
2.7279535662938894
 20
-20.777626133224743
 30
0.0
 70
0
  0
VERTEX
  5
C8C
  8
TEXT
 10
2.7608428500488724
 20
-20.790120504928886
 30
0.0
 70
0
  0
VERTEX
  5
C8D
  8
TEXT
 10
2.792752618826502
 20
-20.804869592309714
 30
0.0
 70
0
  0
VERTEX
  5
C8E
  8
TEXT
 10
2.823405422844684
 20
-20.82161627354757
 30
0.0
 70
0
  0
VERTEX
  5
C8F
  8
TEXT
 10
2.8525238123213206
 20
-20.840103426822793
 30
0.0
 70
0
  0
VERTEX
  5
C90
  8
TEXT
 10
2.8801077872564136
 20
-20.860331052135383
 30
0.0
 70
0
  0
VERTEX
  5
C91
  8
TEXT
 10
2.906157347649961
 20
-20.88229914948534
 30
0.0
 70
0
  0
VERTEX
  5
C92
  8
TEXT
 10
2.9306724935019646
 20
-20.90600771887267
 30
0.0
 70
0
  0
VERTEX
  5
C93
  8
TEXT
 10
2.9536532248124234
 20
-20.931456760297362
 30
0.0
 70
0
  0
VERTEX
  5
C94
  8
TEXT
 10
2.9750995415813377
 20
-20.958646273759427
 30
0.0
 70
0
  0
VERTEX
  5
C95
  8
TEXT
 10
2.995011443808708
 20
-20.98757625925886
 30
0.0
 70
0
  0
VERTEX
  5
C96
  8
TEXT
 10
3.013388931494533
 20
-21.018246716795655
 30
0.0
 70
0
  0
VERTEX
  5
C97
  8
TEXT
 10
3.029937690614621
 20
-21.050421546980463
 30
0.0
 70
0
  0
VERTEX
  5
C98
  8
TEXT
 10
3.044363407144779
 20
-21.083864650423923
 30
0.0
 70
0
  0
VERTEX
  5
C99
  8
TEXT
 10
3.0566660810850066
 20
-21.118576027126032
 30
0.0
 70
0
  0
VERTEX
  5
C9A
  8
TEXT
 10
3.0668457124353035
 20
-21.15455567708679
 30
0.0
 70
0
  0
VERTEX
  5
C9B
  8
TEXT
 10
3.074902301195671
 20
-21.1918036003062
 30
0.0
 70
0
  0
VERTEX
  5
C9C
  8
TEXT
 10
3.0808358473661075
 20
-21.23031979678426
 30
0.0
 70
0
  0
VERTEX
  5
C9D
  8
TEXT
 10
3.084646350946614
 20
-21.270104266520974
 30
0.0
 70
0
  0
VERTEX
  5
C9E
  8
TEXT
 10
3.0863338119371906
 20
-21.311157009516336
 30
0.0
 70
0
  0
VERTEX
  5
C9F
  8
TEXT
 10
3.085898230337837
 20
-21.35347802577035
 30
0.0
 70
0
  0
VERTEX
  5
CA0
  8
TEXT
 10
3.054832918641753
 20
-22.400431924201364
 30
0.0
 70
0
  0
VERTEX
  5
CA1
  8
TEXT
 10
2.76329497455035
 20
-22.432429182419124
 30
0.0
 70
0
  0
VERTEX
  5
CA2
  8
TEXT
 10
2.793985971737493
 20
-21.41036266094547
 30
0.0
 70
0
  0
VERTEX
  5
CA3
  8
TEXT
 10
2.7935402230703104
 20
-21.36926949351452
 30
0.0
 70
0
  0
VERTEX
  5
CA4
  8
TEXT
 10
2.7904229967111123
 20
-21.330386682006782
 30
0.0
 70
0
  0
VERTEX
  5
CA5
  8
TEXT
 10
2.7846342926598995
 20
-21.293714226422257
 30
0.0
 70
0
  0
VERTEX
  5
CA6
  8
TEXT
 10
2.77617411091667
 20
-21.259252126760945
 30
0.0
 70
0
  0
VERTEX
  5
CA7
  8
TEXT
 10
2.7650424514814262
 20
-21.227000383022844
 30
0.0
 70
0
  0
VERTEX
  5
CA8
  8
TEXT
 10
2.7512393143541667
 20
-21.196958995207957
 30
0.0
 70
0
  0
VERTEX
  5
CA9
  8
TEXT
 10
2.7347646995348915
 20
-21.16912796331628
 30
0.0
 70
0
  0
VERTEX
  5
CAA
  8
TEXT
 10
2.7156186070236012
 20
-21.14350728734782
 30
0.0
 70
0
  0
VERTEX
  5
CAB
  8
TEXT
 10
2.6938010368202954
 20
-21.12009696730257
 30
0.0
 70
0
  0
VERTEX
  5
CAC
  8
TEXT
 10
2.6667442635959944
 20
-21.09686146164313
 30
0.0
 70
0
  0
VERTEX
  5
CAD
  8
TEXT
 10
2.6376688892840465
 20
-21.077341514353012
 30
0.0
 70
0
  0
VERTEX
  5
CAE
  8
TEXT
 10
2.6065749138844523
 20
-21.061537125432213
 30
0.0
 70
0
  0
VERTEX
  5
CAF
  8
TEXT
 10
2.5734623373972116
 20
-21.049448294880737
 30
0.0
 70
0
  0
VERTEX
  5
CB0
  8
TEXT
 10
2.538331159822324
 20
-21.041075022698582
 30
0.0
 70
0
  0
VERTEX
  5
CB1
  8
TEXT
 10
2.5011813811597903
 20
-21.036417308885746
 30
0.0
 70
0
  0
VERTEX
  5
CB2
  8
TEXT
 10
2.4620130014096095
 20
-21.03547515344223
 30
0.0
 70
0
  0
VERTEX
  5
CB3
  8
TEXT
 10
2.4208260205717824
 20
-21.038248556368035
 30
0.0
 70
0
  0
VERTEX
  5
CB4
  8
TEXT
 10
2.3825868709243068
 20
-21.043955187610347
 30
0.0
 70
0
  0
VERTEX
  5
CB5
  8
TEXT
 10
2.345612873739588
 20
-21.052542479145874
 30
0.0
 70
0
  0
VERTEX
  5
CB6
  8
TEXT
 10
2.309904029017625
 20
-21.06401043097462
 30
0.0
 70
0
  0
VERTEX
  5
CB7
  8
TEXT
 10
2.2754603367584187
 20
-21.078359043096583
 30
0.0
 70
0
  0
VERTEX
  5
CB8
  8
TEXT
 10
2.242281796961969
 20
-21.095588315511762
 30
0.0
 70
0
  0
VERTEX
  5
CB9
  8
TEXT
 10
2.210368409628276
 20
-21.11569824822016
 30
0.0
 70
0
  0
VERTEX
  5
CBA
  8
TEXT
 10
2.1801183320514337
 20
-21.138386326565822
 30
0.0
 70
0
  0
VERTEX
  5
CBB
  8
TEXT
 10
2.1519297215255375
 20
-21.16335003589279
 30
0.0
 70
0
  0
VERTEX
  5
CBC
  8
TEXT
 10
2.1258025780505867
 20
-21.19058937620107
 30
0.0
 70
0
  0
VERTEX
  5
CBD
  8
TEXT
 10
2.101736901626582
 20
-21.220104347490658
 30
0.0
 70
0
  0
VERTEX
  5
CBE
  8
TEXT
 10
2.079732692253523
 20
-21.251894949761557
 30
0.0
 70
0
  0
VERTEX
  5
CBF
  8
TEXT
 10
2.05978994993141
 20
-21.285961183013764
 30
0.0
 70
0
  0
VERTEX
  5
CC0
  8
TEXT
 10
2.0446642053783446
 20
-21.316777649970078
 30
0.0
 70
0
  0
VERTEX
  5
CC1
  8
TEXT
 10
2.0317075582276747
 20
-21.348877252994107
 30
0.0
 70
0
  0
VERTEX
  5
CC2
  8
TEXT
 10
2.0209200084794006
 20
-21.382259992085853
 30
0.0
 70
0
  0
VERTEX
  5
CC3
  8
TEXT
 10
2.012301556133522
 20
-21.416925867245318
 30
0.0
 70
0
  0
VERTEX
  5
CC4
  8
TEXT
 10
2.0058522011900384
 20
-21.4528748784725
 30
0.0
 70
0
  0
VERTEX
  5
CC5
  8
TEXT
 10
2.0015719436489507
 20
-21.4901070257674
 30
0.0
 70
0
  0
VERTEX
  5
CC6
  8
TEXT
 10
1.9994607835102585
 20
-21.528622309130018
 30
0.0
 70
0
  0
VERTEX
  5
CC7
  8
TEXT
 10
1.9715392948073802
 20
-22.51932699947368
 30
0.0
 70
0
  0
SEQEND
  5
C71
  8
TEXT
  0
POLYLINE
  5
CC8
  8
TEXT
 66
1
 10
0.0
 20
0.0
 30
0.0
 70
1
  0
VERTEX
  5
CCA
  8
TEXT
 10
4.17609906804342
 20
-22.249317777267752
 30
0.0
 70
0
  0
VERTEX
  5
CCB
  8
TEXT
 10
4.136137474867808
 20
-22.2560783381082
 30
0.0
 70
0
  0
VERTEX
  5
CCC
  8
TEXT
 10
4.097036152151637
 20
-22.260494782430044
 30
0.0
 70
0
  0
VERTEX
  5
CCD
  8
TEXT
 10
4.0587950998949065
 20
-22.262567110233284
 30
0.0
 70
0
  0
VERTEX
  5
CCE
  8
TEXT
 10
4.021414318097615
 20
-22.262295321517925
 30
0.0
 70
0
  0
VERTEX
  5
CCF
  8
TEXT
 10
3.984893806759765
 20
-22.259679416283966
 30
0.0
 70
0
  0
VERTEX
  5
CD0
  8
TEXT
 10
3.9492335658813547
 20
-22.254719394531403
 30
0.0
 70
0
  0
VERTEX
  5
CD1
  8
TEXT
 10
3.9144335954623846
 20
-22.24741525626024
 30
0.0
 70
0
  0
VERTEX
  5
CD2
  8
TEXT
 10
3.8804938955028545
 20
-22.237767001470473
 30
0.0
 70
0
  0
VERTEX
  5
CD3
  8
TEXT
 10
3.847414466002765
 20
-22.225774630162103
 30
0.0
 70
0
  0
VERTEX
  5
CD4
  8
TEXT
 10
3.8154751304159427
 20
-22.2115773984628
 30
0.0
 70
0
  0
VERTEX
  5
CD5
  8
TEXT
 10
3.784955712196215
 20
-22.195314562500222
 30
0.0
 70
0
  0
VERTEX
  5
CD6
  8
TEXT
 10
3.7558562113435823
 20
-22.176986122274375
 30
0.0
 70
0
  0
VERTEX
  5
CD7
  8
TEXT
 10
3.7281766278580437
 20
-22.156592077785255
 30
0.0
 70
0
  0
VERTEX
  5
CD8
  8
TEXT
 10
3.7019169617395997
 20
-22.134132429032864
 30
0.0
 70
0
  0
VERTEX
  5
CD9
  8
TEXT
 10
3.6770772129882507
 20
-22.1096071760172
 30
0.0
 70
0
  0
VERTEX
  5
CDA
  8
TEXT
 10
3.6536573816039963
 20
-22.083016318738267
 30
0.0
 70
0
  0
VERTEX
  5
CDB
  8
TEXT
 10
3.6316574675868365
 20
-22.054359857196058
 30
0.0
 70
0
  0
VERTEX
  5
CDC
  8
TEXT
 10
3.6110774709367712
 20
-22.02363779139058
 30
0.0
 70
0
  0
VERTEX
  5
CDD
  8
TEXT
 10
3.5939507196037224
 20
-21.99434356218045
 30
0.0
 70
0
  0
VERTEX
  5
CDE
  8
TEXT
 10
3.5783365339443085
 20
-21.96361963683686
 30
0.0
 70
0
  0
VERTEX
  5
CDF
  8
TEXT
 10
3.5642349139585288
 20
-21.931466015359813
 30
0.0
 70
0
  0
VERTEX
  5
CE0
  8
TEXT
 10
3.5516458596463845
 20
-21.897882697749306
 30
0.0
 70
0
  0
VERTEX
  5
CE1
  8
TEXT
 10
3.5405693710078747
 20
-21.862869684005343
 30
0.0
 70
0
  0
VERTEX
  5
CE2
  8
TEXT
 10
3.5310054480429995
 20
-21.82642697412792
 30
0.0
 70
0
  0
VERTEX
  5
CE3
  8
TEXT
 10
3.5229540907517594
 20
-21.78855456811704
 30
0.0
 70
0
  0
VERTEX
  5
CE4
  8
TEXT
 10
3.5164152991341533
 20
-21.749252465972702
 30
0.0
 70
0
  0
VERTEX
  5
CE5
  8
TEXT
 10
3.5113890731901827
 20
-21.708520667694906
 30
0.0
 70
0
  0
VERTEX
  5
CE6
  8
TEXT
 10
3.5078754129198466
 20
-21.66635917328365
 30
0.0
 70
0
  0
VERTEX
  5
CE7
  8
TEXT
 10
3.4544642317943794
 20
-20.657472637139968
 30
0.0
 70
0
  0
VERTEX
  5
CE8
  8
TEXT
 10
3.7392259170519657
 20
-20.60154767248675
 30
0.0
 70
0
  0
VERTEX
  5
CE9
  8
TEXT
 10
3.7919875042769573
 20
-21.62314667358451
 30
0.0
 70
0
  0
VERTEX
  5
CEA
  8
TEXT
 10
3.796136434809149
 20
-21.663407538109084
 30
0.0
 70
0
  0
VERTEX
  5
CEB
  8
TEXT
 10
3.802815920307562
 20
-21.7014235200972
 30
0.0
 70
0
  0
VERTEX
  5
CEC
  8
TEXT
 10
3.8120259607721967
 20
-21.737194619548866
 30
0.0
 70
0
  0
VERTEX
  5
CED
  8
TEXT
 10
3.823766556203053
 20
-21.770720836464076
 30
0.0
 70
0
  0
VERTEX
  5
CEE
  8
TEXT
 10
3.8380377066001303
 20
-21.802002170842833
 30
0.0
 70
0
  0
VERTEX
  5
CEF
  8
TEXT
 10
3.8548394119634297
 20
-21.831038622685135
 30
0.0
 70
0
  0
VERTEX
  5
CF0
  8
TEXT
 10
3.8778949728986056
 20
-21.862566400371417
 30
0.0
 70
0
  0
VERTEX
  5
CF1
  8
TEXT
 10
3.90370089687275
 20
-21.89015610805249
 30
0.0
 70
0
  0
VERTEX
  5
CF2
  8
TEXT
 10
3.932257183885863
 20
-21.913807745728352
 30
0.0
 70
0
  0
VERTEX
  5
CF3
  8
TEXT
 10
3.9635638339379438
 20
-21.933521313399005
 30
0.0
 70
0
  0
VERTEX
  5
CF4
  8
TEXT
 10
3.997620847028993
 20
-21.949296811064446
 30
0.0
 70
0
  0
VERTEX
  5
CF5
  8
TEXT
 10
4.027884785299683
 20
-21.959215415475384
 30
0.0
 70
0
  0
VERTEX
  5
CF6
  8
TEXT
 10
4.059622942427533
 20
-21.965960457603465
 30
0.0
 70
0
  0
VERTEX
  5
CF7
  8
TEXT
 10
4.092835318412542
 20
-21.969531937448696
 30
0.0
 70
0
  0
VERTEX
  5
CF8
  8
TEXT
 10
4.127521913254709
 20
-21.96992985501107
 30
0.0
 70
0
  0
VERTEX
  5
CF9
  8
TEXT
 10
4.163682726954036
 20
-21.96715421029059
 30
0.0
 70
0
  0
VERTEX
  5
CFA
  8
TEXT
 10
4.201317759510521
 20
-21.961205003287258
 30
0.0
 70
0
  0
VERTEX
  5
CFB
  8
TEXT
 10
4.23982143859513
 20
-21.95211376859543
 30
0.0
 70
0
  0
VERTEX
  5
CFC
  8
TEXT
 10
4.27656860545856
 20
-21.94030867176446
 30
0.0
 70
0
  0
VERTEX
  5
CFD
  8
TEXT
 10
4.311559260100811
 20
-21.92578971279434
 30
0.0
 70
0
  0
VERTEX
  5
CFE
  8
TEXT
 10
4.3447934025218835
 20
-21.908556891685073
 30
0.0
 70
0
  0
VERTEX
  5
CFF
  8
TEXT
 10
4.376271032721777
 20
-21.888610208436663
 30
0.0
 70
0
  0
VERTEX
  5
D00
  8
TEXT
 10
4.405992150700492
 20
-21.865949663049104
 30
0.0
 70
0
  0
VERTEX
  5
D01
  8
TEXT
 10
4.433753887024869
 20
-21.840877282694308
 30
0.0
 70
0
  0
VERTEX
  5
D02
  8
TEXT
 10
4.459353372261747
 20
-21.81369509454418
 30
0.0
 70
0
  0
VERTEX
  5
D03
  8
TEXT
 10
4.482790606411125
 20
-21.784403098598716
 30
0.0
 70
0
  0
VERTEX
  5
D04
  8
TEXT
 10
4.504065589473006
 20
-21.753001294857924
 30
0.0
 70
0
  0
VERTEX
  5
D05
  8
TEXT
 10
4.523178321447388
 20
-21.719489683321797
 30
0.0
 70
0
  0
VERTEX
  5
D06
  8
TEXT
 10
4.540128802334272
 20
-21.683868263990338
 30
0.0
 70
0
  0
VERTEX
  5
D07
  8
TEXT
 10
4.552596220561527
 20
-21.651883794842
 30
0.0
 70
0
  0
VERTEX
  5
D08
  8
TEXT
 10
4.562793866083632
 20
-21.618804084361212
 30
0.0
 70
0
  0
VERTEX
  5
D09
  8
TEXT
 10
4.570721738900587
 20
-21.584629132547974
 30
0.0
 70
0
  0
VERTEX
  5
D0A
  8
TEXT
 10
4.576379839012392
 20
-21.54935893940228
 30
0.0
 70
0
  0
VERTEX
  5
D0B
  8
TEXT
 10
4.579768166419047
 20
-21.512993504924133
 30
0.0
 70
0
  0
VERTEX
  5
D0C
  8
TEXT
 10
4.580886721120553
 20
-21.475532829113533
 30
0.0
 70
0
  0
VERTEX
  5
D0D
  8
TEXT
 10
4.5797355031169085
 20
-21.43697691197048
 30
0.0
 70
0
  0
VERTEX
  5
D0E
  8
TEXT
 10
4.526864620955928
 20
-20.44686160004168
 30
0.0
 70
0
  0
VERTEX
  5
D0F
  8
TEXT
 10
4.808596926583114
 20
-20.39153158182094
 30
0.0
 70
0
  0
VERTEX
  5
D10
  8
TEXT
 10
4.902069581410411
 20
-22.06898818504254
 30
0.0
 70
0
  0
VERTEX
  5
D11
  8
TEXT
 10
4.626396035044024
 20
-22.123128310398315
 30
0.0
 70
0
  0
VERTEX
  5
D12
  8
TEXT
 10
4.613744393273398
 20
-21.930547201853674
 30
0.0
 70
0
  0
VERTEX
  5
D13
  8
TEXT
 10
4.596256807968302
 20
-21.963433764574358
 30
0.0
 70
0
  0
VERTEX
  5
D14
  8
TEXT
 10
4.576722655604247
 20
-21.99479956553895
 30
0.0
 70
0
  0
VERTEX
  5
D15
  8
TEXT
 10
4.555141936181229
 20
-22.024644604747458
 30
0.0
 70
0
  0
VERTEX
  5
D16
  8
TEXT
 10
4.531514649699252
 20
-22.052968882199874
 30
0.0
 70
0
  0
VERTEX
  5
D17
  8
TEXT
 10
4.5058407961583145
 20
-22.079772397896203
 30
0.0
 70
0
  0
VERTEX
  5
D18
  8
TEXT
 10
4.478120375558416
 20
-22.105055151836446
 30
0.0
 70
0
  0
VERTEX
  5
D19
  8
TEXT
 10
4.449440154191207
 20
-22.128516316564713
 30
0.0
 70
0
  0
VERTEX
  5
D1A
  8
TEXT
 10
4.4195405074014955
 20
-22.150119485261786
 30
0.0
 70
0
  0
VERTEX
  5
D1B
  8
TEXT
 10
4.388421435189281
 20
-22.16986465792766
 30
0.0
 70
0
  0
VERTEX
  5
D1C
  8
TEXT
 10
4.356082937554562
 20
-22.187751834562334
 30
0.0
 70
0
  0
VERTEX
  5
D1D
  8
TEXT
 10
4.32252501449734
 20
-22.203781015165813
 30
0.0
 70
0
  0
VERTEX
  5
D1E
  8
TEXT
 10
4.287747666017615
 20
-22.217952199738097
 30
0.0
 70
0
  0
VERTEX
  5
D1F
  8
TEXT
 10
4.251750892115386
 20
-22.23026538827918
 30
0.0
 70
0
  0
VERTEX
  5
D20
  8
TEXT
 10
4.214534692790655
 20
-22.240720580789063
 30
0.0
 70
0
  0
SEQEND
  5
CC9
  8
TEXT
  0
POLYLINE
  5
D21
  8
TEXT
 66
1
 10
0.0
 20
0.0
 30
0.0
 70
1
  0
VERTEX
  5
D23
  8
TEXT
 10
6.2539040195878295
 20
-21.756284721358792
 30
0.0
 70
0
  0
VERTEX
  5
D24
  8
TEXT
 10
6.214728063940113
 20
-21.76685522604037
 30
0.0
 70
0
  0
VERTEX
  5
D25
  8
TEXT
 10
6.175855733150258
 20
-21.775555783167896
 30
0.0
 70
0
  0
VERTEX
  5
D26
  8
TEXT
 10
6.137287027218266
 20
-21.78238639274137
 30
0.0
 70
0
  0
VERTEX
  5
D27
  8
TEXT
 10
6.099021946144134
 20
-21.787347054760787
 30
0.0
 70
0
  0
VERTEX
  5
D28
  8
TEXT
 10
6.061060489927865
 20
-21.790437769226152
 30
0.0
 70
0
  0
VERTEX
  5
D29
  8
TEXT
 10
6.023402658569458
 20
-21.79165853613746
 30
0.0
 70
0
  0
VERTEX
  5
D2A
  8
TEXT
 10
5.986048452068912
 20
-21.79100935549472
 30
0.0
 70
0
  0
VERTEX
  5
D2B
  8
TEXT
 10
5.948997870426228
 20
-21.78849022729792
 30
0.0
 70
0
  0
VERTEX
  5
D2C
  8
TEXT
 10
5.912250913641406
 20
-21.784101151547066
 30
0.0
 70
0
  0
VERTEX
  5
D2D
  8
TEXT
 10
5.8758075817144455
 20
-21.77784212824216
 30
0.0
 70
0
  0
VERTEX
  5
D2E
  8
TEXT
 10
5.839667874645348
 20
-21.7697131573832
 30
0.0
 70
0
  0
VERTEX
  5
D2F
  8
TEXT
 10
5.804125323171113
 20
-21.759854328623543
 30
0.0
 70
0
  0
VERTEX
  5
D30
  8
TEXT
 10
5.769473458028746
 20
-21.748405731616554
 30
0.0
 70
0
  0
VERTEX
  5
D31
  8
TEXT
 10
5.735712279218246
 20
-21.735367366362226
 30
0.0
 70
0
  0
VERTEX
  5
D32
  8
TEXT
 10
5.702841786739614
 20
-21.720739232860563
 30
0.0
 70
0
  0
VERTEX
  5
D33
  8
TEXT
 10
5.670861980592848
 20
-21.704521331111565
 30
0.0
 70
0
  0
VERTEX
  5
D34
  8
TEXT
 10
5.63977286077795
 20
-21.68671366111523
 30
0.0
 70
0
  0
VERTEX
  5
D35
  8
TEXT
 10
5.60957442729492
 20
-21.667316222871563
 30
0.0
 70
0
  0
VERTEX
  5
D36
  8
TEXT
 10
5.5802666801437555
 20
-21.646329016380555
 30
0.0
 70
0
  0
VERTEX
  5
D37
  8
TEXT
 10
5.551849619324459
 20
-21.623752041642213
 30
0.0
 70
0
  0
VERTEX
  5
D38
  8
TEXT
 10
5.524323244837029
 20
-21.599585298656535
 30
0.0
 70
0
  0
VERTEX
  5
D39
  8
TEXT
 10
5.497687556681466
 20
-21.573828787423523
 30
0.0
 70
0
  0
VERTEX
  5
D3A
  8
TEXT
 10
5.472150377507433
 20
-21.54664767180239
 30
0.0
 70
0
  0
VERTEX
  5
D3B
  8
TEXT
 10
5.447919529964593
 20
-21.51820711565235
 30
0.0
 70
0
  0
VERTEX
  5
D3C
  8
TEXT
 10
5.424995014052945
 20
-21.488507118973406
 30
0.0
 70
0
  0
VERTEX
  5
D3D
  8
TEXT
 10
5.403376829772489
 20
-21.457547681765554
 30
0.0
 70
0
  0
VERTEX
  5
D3E
  8
TEXT
 10
5.383064977123225
 20
-21.4253288040288
 30
0.0
 70
0
  0
VERTEX
  5
D3F
  8
TEXT
 10
5.364059456105154
 20
-21.391850485763143
 30
0.0
 70
0
  0
VERTEX
  5
D40
  8
TEXT
 10
5.346360266718274
 20
-21.357112726968577
 30
0.0
 70
0
  0
VERTEX
  5
D41
  8
TEXT
 10
5.329967408962587
 20
-21.32111552764511
 30
0.0
 70
0
  0
VERTEX
  5
D42
  8
TEXT
 10
5.314880882838092
 20
-21.283858887792732
 30
0.0
 70
0
  0
VERTEX
  5
D43
  8
TEXT
 10
5.301100688344789
 20
-21.245342807411454
 30
0.0
 70
0
  0
VERTEX
  5
D44
  8
TEXT
 10
5.288626825482679
 20
-21.205567286501267
 30
0.0
 70
0
  0
VERTEX
  5
D45
  8
TEXT
 10
5.2782418695024615
 20
-21.167705719798562
 30
0.0
 70
0
  0
VERTEX
  5
D46
  8
TEXT
 10
5.269278390150463
 20
-21.129975125788967
 30
0.0
 70
0
  0
VERTEX
  5
D47
  8
TEXT
 10
5.261736387426685
 20
-21.092375504472486
 30
0.0
 70
0
  0
VERTEX
  5
D48
  8
TEXT
 10
5.255615861331128
 20
-21.05490685584911
 30
0.0
 70
0
  0
VERTEX
  5
D49
  8
TEXT
 10
5.250916811863791
 20
-21.017569179918848
 30
0.0
 70
0
  0
VERTEX
  5
D4A
  8
TEXT
 10
5.247639239024673
 20
-20.980362476681695
 30
0.0
 70
0
  0
VERTEX
  5
D4B
  8
TEXT
 10
5.245783142813776
 20
-20.94328674613765
 30
0.0
 70
0
  0
VERTEX
  5
D4C
  8
TEXT
 10
5.245348523231099
 20
-20.906341988286723
 30
0.0
 70
0
  0
VERTEX
  5
D4D
  8
TEXT
 10
5.2463353802766415
 20
-20.8695282031289
 30
0.0
 70
0
  0
VERTEX
  5
D4E
  8
TEXT
 10
5.248743713950405
 20
-20.83284539066419
 30
0.0
 70
0
  0
VERTEX
  5
D4F
  8
TEXT
 10
5.253022982326354
 20
-20.79249726188699
 30
0.0
 70
0
  0
VERTEX
  5
D50
  8
TEXT
 10
5.25892951637004
 20
-20.75282471137352
 30
0.0
 70
0
  0
VERTEX
  5
D51
  8
TEXT
 10
5.266463316081461
 20
-20.713827739123776
 30
0.0
 70
0
  0
VERTEX
  5
D52
  8
TEXT
 10
5.275624381460619
 20
-20.675506345137762
 30
0.0
 70
0
  0
VERTEX
  5
D53
  8
TEXT
 10
5.286412712507514
 20
-20.637860529415473
 30
0.0
 70
0
  0
VERTEX
  5
D54
  8
TEXT
 10
5.298828309222143
 20
-20.60089029195691
 30
0.0
 70
0
  0
VERTEX
  5
D55
  8
TEXT
 10
5.31287117160451
 20
-20.564595632762078
 30
0.0
 70
0
  0
VERTEX
  5
D56
  8
TEXT
 10
5.328541299654613
 20
-20.528976551830976
 30
0.0
 70
0
  0
VERTEX
  5
D57
  8
TEXT
 10
5.3458386933724515
 20
-20.494033049163598
 30
0.0
 70
0
  0
VERTEX
  5
D58
  8
TEXT
 10
5.364612553971025
 20
-20.45992837671849
 30
0.0
 70
0
  0
VERTEX
  5
D59
  8
TEXT
 10
5.384712082663331
 20
-20.426825786454202
 30
0.0
 70
0
  0
VERTEX
  5
D5A
  8
TEXT
 10
5.40613727944937
 20
-20.394725278370732
 30
0.0
 70
0
  0
VERTEX
  5
D5B
  8
TEXT
 10
5.428888144329142
 20
-20.36362685246808
 30
0.0
 70
0
  0
VERTEX
  5
D5C
  8
TEXT
 10
5.452964677302647
 20
-20.333530508746243
 30
0.0
 70
0
  0
VERTEX
  5
D5D
  8
TEXT
 10
5.478366878369885
 20
-20.304436247205228
 30
0.0
 70
0
  0
VERTEX
  5
D5E
  8
TEXT
 10
5.505094747530855
 20
-20.276344067845027
 30
0.0
 70
0
  0
VERTEX
  5
D5F
  8
TEXT
 10
5.533148284785558
 20
-20.24925397066564
 30
0.0
 70
0
  0
VERTEX
  5
D60
  8
TEXT
 10
5.562527490133995
 20
-20.223165955667078
 30
0.0
 70
0
  0
VERTEX
  5
D61
  8
TEXT
 10
5.590020894938857
 20
-20.20076031379439
 30
0.0
 70
0
  0
VERTEX
  5
D62
  8
TEXT
 10
5.6184254384419
 20
-20.17959994121101
 30
0.0
 70
0
  0
VERTEX
  5
D63
  8
TEXT
 10
5.647741120643123
 20
-20.15968483791693
 30
0.0
 70
0
  0
VERTEX
  5
D64
  8
TEXT
 10
5.677967941542526
 20
-20.141015003912162
 30
0.0
 70
0
  0
VERTEX
  5
D65
  8
TEXT
 10
5.709105901140111
 20
-20.123590439196697
 30
0.0
 70
0
  0
VERTEX
  5
D66
  8
TEXT
 10
5.741154999435875
 20
-20.107411143770538
 30
0.0
 70
0
  0
VERTEX
  5
D67
  8
TEXT
 10
5.77411523642982
 20
-20.092477117633685
 30
0.0
 70
0
  0
VERTEX
  5
D68
  8
TEXT
 10
5.807986612121945
 20
-20.07878836078614
 30
0.0
 70
0
  0
VERTEX
  5
D69
  8
TEXT
 10
5.84276912651225
 20
-20.066344873227898
 30
0.0
 70
0
  0
VERTEX
  5
D6A
  8
TEXT
 10
5.878462779600736
 20
-20.055146654958964
 30
0.0
 70
0
  0
VERTEX
  5
D6B
  8
TEXT
 10
5.9164382358447885
 20
-20.044834317013215
 30
0.0
 70
0
  0
VERTEX
  5
D6C
  8
TEXT
 10
5.953864014619631
 20
-20.03627782291737
 30
0.0
 70
0
  0
VERTEX
  5
D6D
  8
TEXT
 10
5.9907401159252665
 20
-20.029477172671424
 30
0.0
 70
0
  0
VERTEX
  5
D6E
  8
TEXT
 10
6.027066539761692
 20
-20.024432366275384
 30
0.0
 70
0
  0
VERTEX
  5
D6F
  8
TEXT
 10
6.062843286128909
 20
-20.021143403729244
 30
0.0
 70
0
  0
VERTEX
  5
D70
  8
TEXT
 10
6.098070355026917
 20
-20.019610285033007
 30
0.0
 70
0
  0
VERTEX
  5
D71
  8
TEXT
 10
6.132747746455717
 20
-20.01983301018667
 30
0.0
 70
0
  0
VERTEX
  5
D72
  8
TEXT
 10
6.166875460415307
 20
-20.02181157919024
 30
0.0
 70
0
  0
VERTEX
  5
D73
  8
TEXT
 10
6.200453496905689
 20
-20.025545992043707
 30
0.0
 70
0
  0
VERTEX
  5
D74
  8
TEXT
 10
6.233481855926861
 20
-20.03103624874708
 30
0.0
 70
0
  0
VERTEX
  5
D75
  8
TEXT
 10
6.265960537478825
 20
-20.038282349300353
 30
0.0
 70
0
  0
VERTEX
  5
D76
  8
TEXT
 10
6.301579214801073
 20
-20.047161886921867
 30
0.0
 70
0
  0
VERTEX
  5
D77
  8
TEXT
 10
6.336242387516315
 20
-20.05792928651409
 30
0.0
 70
0
  0
VERTEX
  5
D78
  8
TEXT
 10
6.369950055624551
 20
-20.070584548077022
 30
0.0
 70
0
  0
VERTEX
  5
D79
  8
TEXT
 10
6.402702219125781
 20
-20.085127671610664
 30
0.0
 70
0
  0
VERTEX
  5
D7A
  8
TEXT
 10
6.434498878020006
 20
-20.101558657115017
 30
0.0
 70
0
  0
VERTEX
  5
D7B
  8
TEXT
 10
6.465340032307224
 20
-20.119877504590082
 30
0.0
 70
0
  0
VERTEX
  5
D7C
  8
TEXT
 10
6.495225681987437
 20
-20.14008421403586
 30
0.0
 70
0
  0
VERTEX
  5
D7D
  8
TEXT
 10
6.524155827060643
 20
-20.162178785452344
 30
0.0
 70
0
  0
VERTEX
  5
D7E
  8
TEXT
 10
6.3873192860692285
 20
-19.243648685862745
 30
0.0
 70
0
  0
VERTEX
  5
D7F
  8
TEXT
 10
6.668809132919204
 20
-19.161297829772028
 30
0.0
 70
0
  0
VERTEX
  5
D80
  8
TEXT
 10
7.013895071249988
 20
-21.495346818771573
 30
0.0
 70
0
  0
VERTEX
  5
D81
  8
TEXT
 10
6.741294377458432
 20
-21.575097121512055
 30
0.0
 70
0
  0
VERTEX
  5
D82
  8
TEXT
 10
6.71558827195979
 20
-21.399268404468113
 30
0.0
 70
0
  0
VERTEX
  5
D83
  8
TEXT
 10
6.698049890347117
 20
-21.429417720159563
 30
0.0
 70
0
  0
VERTEX
  5
D84
  8
TEXT
 10
6.678973943952762
 20
-21.458587233054423
 30
0.0
 70
0
  0
VERTEX
  5
D85
  8
TEXT
 10
6.6583604327767265
 20
-21.486776943152698
 30
0.0
 70
0
  0
VERTEX
  5
D86
  8
TEXT
 10
6.636209356819008
 20
-21.513986850454383
 30
0.0
 70
0
  0
VERTEX
  5
D87
  8
TEXT
 10
6.612520716079609
 20
-21.540216954959483
 30
0.0
 70
0
  0
VERTEX
  5
D88
  8
TEXT
 10
6.587294510558527
 20
-21.565467256667993
 30
0.0
 70
0
  0
VERTEX
  5
D89
  8
TEXT
 10
6.558618014201934
 20
-21.591580416893336
 30
0.0
 70
0
  0
VERTEX
  5
D8A
  8
TEXT
 10
6.528905395014124
 20
-21.616131040728398
 30
0.0
 70
0
  0
VERTEX
  5
D8B
  8
TEXT
 10
6.498156652995096
 20
-21.639119128173178
 30
0.0
 70
0
  0
VERTEX
  5
D8C
  8
TEXT
 10
6.466371788144851
 20
-21.66054467922768
 30
0.0
 70
0
  0
VERTEX
  5
D8D
  8
TEXT
 10
6.43355080046339
 20
-21.680407693891897
 30
0.0
 70
0
  0
VERTEX
  5
D8E
  8
TEXT
 10
6.399693689950712
 20
-21.698708172165837
 30
0.0
 70
0
  0
VERTEX
  5
D8F
  8
TEXT
 10
6.364800456606817
 20
-21.7154461140495
 30
0.0
 70
0
  0
VERTEX
  5
D90
  8
TEXT
 10
6.328871100431704
 20
-21.730621519542876
 30
0.0
 70
0
  0
VERTEX
  5
D91
  8
TEXT
 10
6.291905621425376
 20
-21.744234388645975
 30
0.0
 70
0
  0
SEQEND
  5
D22
  8
TEXT
  0
POLYLINE
  5
D92
  8
TEXT
 66
1
 10
0.0
 20
0.0
 30
0.0
 70
1
  0
VERTEX
  5
D94
  8
TEXT
 10
6.20551792927557
 20
-21.480941618438738
 30
0.0
 70
0
  0
VERTEX
  5
D95
  8
TEXT
 10
6.2410385439816025
 20
-21.46939829561879
 30
0.0
 70
0
  0
VERTEX
  5
D96
  8
TEXT
 10
6.275170252068127
 20
-21.455958021123806
 30
0.0
 70
0
  0
VERTEX
  5
D97
  8
TEXT
 10
6.307913053535144
 20
-21.440620794953787
 30
0.0
 70
0
  0
VERTEX
  5
D98
  8
TEXT
 10
6.3392669483826545
 20
-21.423386617108733
 30
0.0
 70
0
  0
VERTEX
  5
D99
  8
TEXT
 10
6.369231936610657
 20
-21.404255487588646
 30
0.0
 70
0
  0
VERTEX
  5
D9A
  8
TEXT
 10
6.397808018219151
 20
-21.383227406393523
 30
0.0
 70
0
  0
VERTEX
  5
D9B
  8
TEXT
 10
6.4249951932081375
 20
-21.360302373523364
 30
0.0
 70
0
  0
VERTEX
  5
D9C
  8
TEXT
 10
6.450793461577617
 20
-21.335480388978173
 30
0.0
 70
0
  0
VERTEX
  5
D9D
  8
TEXT
 10
6.475202823327589
 20
-21.308761452757945
 30
0.0
 70
0
  0
VERTEX
  5
D9E
  8
TEXT
 10
6.4980247105946
 20
-21.28062062992684
 30
0.0
 70
0
  0
VERTEX
  5
D9F
  8
TEXT
 10
6.519060555515196
 20
-21.251532985549016
 30
0.0
 70
0
  0
VERTEX
  5
DA0
  8
TEXT
 10
6.5383103580893795
 20
-21.221498519624472
 30
0.0
 70
0
  0
VERTEX
  5
DA1
  8
TEXT
 10
6.5557741183171485
 20
-21.190517232153212
 30
0.0
 70
0
  0
VERTEX
  5
DA2
  8
TEXT
 10
6.571451836198504
 20
-21.15858912313523
 30
0.0
 70
0
  0
VERTEX
  5
DA3
  8
TEXT
 10
6.585343511733445
 20
-21.12571419257053
 30
0.0
 70
0
  0
VERTEX
  5
DA4
  8
TEXT
 10
6.597449144921971
 20
-21.091892440459112
 30
0.0
 70
0
  0
VERTEX
  5
DA5
  8
TEXT
 10
6.607768735764084
 20
-21.057123866800975
 30
0.0
 70
0
  0
VERTEX
  5
DA6
  8
TEXT
 10
6.616302284259784
 20
-21.02140847159612
 30
0.0
 70
0
  0
VERTEX
  5
DA7
  8
TEXT
 10
6.6229190333663635
 20
-20.985181625739035
 30
0.0
 70
0
  0
VERTEX
  5
DA8
  8
TEXT
 10
6.627488226041119
 20
-20.948878700124204
 30
0.0
 70
0
  0
VERTEX
  5
DA9
  8
TEXT
 10
6.63000986228405
 20
-20.912499694751634
 30
0.0
 70
0
  0
VERTEX
  5
DAA
  8
TEXT
 10
6.630483942095155
 20
-20.876044609621324
 30
0.0
 70
0
  0
VERTEX
  5
DAB
  8
TEXT
 10
6.628910465474436
 20
-20.83951344473327
 30
0.0
 70
0
  0
VERTEX
  5
DAC
  8
TEXT
 10
6.6252894324218925
 20
-20.802906200087477
 30
0.0
 70
0
  0
VERTEX
  5
DAD
  8
TEXT
 10
6.6196208429375245
 20
-20.76622287568394
 30
0.0
 70
0
  0
VERTEX
  5
DAE
  8
TEXT
 10
6.61190469702133
 20
-20.72946347152266
 30
0.0
 70
0
  0
VERTEX
  5
DAF
  8
TEXT
 10
6.602140994673313
 20
-20.69262798760364
 30
0.0
 70
0
  0
VERTEX
  5
DB0
  8
TEXT
 10
6.590482094633934
 20
-20.656383559776874
 30
0.0
 70
0
  0
VERTEX
  5
DB1
  8
TEXT
 10
6.5771766724344065
 20
-20.621726551783418
 30
0.0
 70
0
  0
VERTEX
  5
DB2
  8
TEXT
 10
6.562224728074731
 20
-20.58865696362327
 30
0.0
 70
0
  0
VERTEX
  5
DB3
  8
TEXT
 10
6.545626261554906
 20
-20.557174795296426
 30
0.0
 70
0
  0
VERTEX
  5
DB4
  8
TEXT
 10
6.5273812728749325
 20
-20.527280046802893
 30
0.0
 70
0
  0
VERTEX
  5
DB5
  8
TEXT
 10
6.507489762034811
 20
-20.498972718142667
 30
0.0
 70
0
  0
VERTEX
  5
DB6
  8
TEXT
 10
6.48595172903454
 20
-20.472252809315748
 30
0.0
 70
0
  0
VERTEX
  5
DB7
  8
TEXT
 10
6.462767173874122
 20
-20.447120320322135
 30
0.0
 70
0
  0
VERTEX
  5
DB8
  8
TEXT
 10
6.434645196161647
 20
-20.42055515309499
 30
0.0
 70
0
  0
VERTEX
  5
DB9
  8
TEXT
 10
6.40515427157392
 20
-20.3964911464466
 30
0.0
 70
0
  0
VERTEX
  5
DBA
  8
TEXT
 10
6.374294400110941
 20
-20.37492830037696
 30
0.0
 70
0
  0
VERTEX
  5
DBB
  8
TEXT
 10
6.342065581772712
 20
-20.35586661488608
 30
0.0
 70
0
  0
VERTEX
  5
DBC
  8
TEXT
 10
6.30846781655923
 20
-20.33930608997395
 30
0.0
 70
0
  0
VERTEX
  5
DBD
  8
TEXT
 10
6.273501104470497
 20
-20.325246725640575
 30
0.0
 70
0
  0
VERTEX
  5
DBE
  8
TEXT
 10
6.237165445506512
 20
-20.313688521885958
 30
0.0
 70
0
  0
VERTEX
  5
DBF
  8
TEXT
 10
6.20457507988121
 20
-20.305883187849684
 30
0.0
 70
0
  0
VERTEX
  5
DC0
  8
TEXT
 10
6.171589214708125
 20
-20.30050552680504
 30
0.0
 70
0
  0
VERTEX
  5
DC1
  8
TEXT
 10
6.138207849987255
 20
-20.29755553875202
 30
0.0
 70
0
  0
VERTEX
  5
DC2
  8
TEXT
 10
6.1044309857186025
 20
-20.29703322369063
 30
0.0
 70
0
  0
VERTEX
  5
DC3
  8
TEXT
 10
6.070258621902165
 20
-20.298938581620867
 30
0.0
 70
0
  0
VERTEX
  5
DC4
  8
TEXT
 10
6.035690758537944
 20
-20.30327161254273
 30
0.0
 70
0
  0
VERTEX
  5
DC5
  8
TEXT
 10
6.000727395625939
 20
-20.310032316456223
 30
0.0
 70
0
  0
VERTEX
  5
DC6
  8
TEXT
 10
5.965368533166149
 20
-20.31922069336134
 30
0.0
 70
0
  0
VERTEX
  5
DC7
  8
TEXT
 10
5.929866208898509
 20
-20.33075866524847
 30
0.0
 70
0
  0
VERTEX
  5
DC8
  8
TEXT
 10
5.89578937212716
 20
-20.344182886944996
 30
0.0
 70
0
  0
VERTEX
  5
DC9
  8
TEXT
 10
5.863138022852101
 20
-20.359493358450916
 30
0.0
 70
0
  0
VERTEX
  5
DCA
  8
TEXT
 10
5.831912161073334
 20
-20.376690079766234
 30
0.0
 70
0
  0
VERTEX
  5
DCB
  8
TEXT
 10
5.802111786790858
 20
-20.39577305089095
 30
0.0
 70
0
  0
VERTEX
  5
DCC
  8
TEXT
 10
5.773736900004674
 20
-20.416742271825058
 30
0.0
 70
0
  0
VERTEX
  5
DCD
  8
TEXT
 10
5.74678750071478
 20
-20.439597742568562
 30
0.0
 70
0
  0
VERTEX
  5
DCE
  8
TEXT
 10
5.721263588921178
 20
-20.464339463121465
 30
0.0
 70
0
  0
VERTEX
  5
DCF
  8
TEXT
 10
5.6971651646238675
 20
-20.490967433483764
 30
0.0
 70
0
  0
VERTEX
  5
DD0
  8
TEXT
 10
5.67469614661912
 20
-20.51902487902969
 30
0.0
 70
0
  0
VERTEX
  5
DD1
  8
TEXT
 10
5.6540604537032095
 20
-20.548055025133483
 30
0.0
 70
0
  0
VERTEX
  5
DD2
  8
TEXT
 10
5.635258085876135
 20
-20.57805787179514
 30
0.0
 70
0
  0
VERTEX
  5
DD3
  8
TEXT
 10
5.618289043137898
 20
-20.609033419014658
 30
0.0
 70
0
  0
VERTEX
  5
DD4
  8
TEXT
 10
5.603153325488496
 20
-20.64098166679204
 30
0.0
 70
0
  0
VERTEX
  5
DD5
  8
TEXT
 10
5.589850932927931
 20
-20.673902615127286
 30
0.0
 70
0
  0
VERTEX
  5
DD6
  8
TEXT
 10
5.578381865456203
 20
-20.707796264020395
 30
0.0
 70
0
  0
VERTEX
  5
DD7
  8
TEXT
 10
5.568746123073311
 20
-20.74266261347137
 30
0.0
 70
0
  0
VERTEX
  5
DD8
  8
TEXT
 10
5.560943705779255
 20
-20.778501663480206
 30
0.0
 70
0
  0
VERTEX
  5
DD9
  8
TEXT
 10
5.555061201167204
 20
-20.81493067682766
 30
0.0
 70
0
  0
VERTEX
  5
DDA
  8
TEXT
 10
5.551185196830327
 20
-20.851566916294487
 30
0.0
 70
0
  0
VERTEX
  5
DDB
  8
TEXT
 10
5.549315692768625
 20
-20.888410381880682
 30
0.0
 70
0
  0
VERTEX
  5
DDC
  8
TEXT
 10
5.549452688982096
 20
-20.925461073586245
 30
0.0
 70
0
  0
VERTEX
  5
DDD
  8
TEXT
 10
5.551596185470741
 20
-20.962718991411183
 30
0.0
 70
0
  0
VERTEX
  5
DDE
  8
TEXT
 10
5.55574618223456
 20
-21.00018413535549
 30
0.0
 70
0
  0
VERTEX
  5
DDF
  8
TEXT
 10
5.561902679273553
 20
-21.037856505419164
 30
0.0
 70
0
  0
VERTEX
  5
DE0
  8
TEXT
 10
5.570065676587719
 20
-21.07573610160221
 30
0.0
 70
0
  0
VERTEX
  5
DE1
  8
TEXT
 10
5.5802351741770595
 20
-21.11382292390463
 30
0.0
 70
0
  0
VERTEX
  5
DE2
  8
TEXT
 10
5.591660984875513
 20
-21.149356510086964
 30
0.0
 70
0
  0
VERTEX
  5
DE3
  8
TEXT
 10
5.604700564610634
 20
-21.183362518656867
 30
0.0
 70
0
  0
VERTEX
  5
DE4
  8
TEXT
 10
5.619353913382423
 20
-21.215840949614346
 30
0.0
 70
0
  0
VERTEX
  5
DE5
  8
TEXT
 10
5.635621031190881
 20
-21.246791802959393
 30
0.0
 70
0
  0
VERTEX
  5
DE6
  8
TEXT
 10
5.653501918036008
 20
-21.27621507869201
 30
0.0
 70
0
  0
VERTEX
  5
DE7
  8
TEXT
 10
5.6729965739178025
 20
-21.304110776812202
 30
0.0
 70
0
  0
VERTEX
  5
DE8
  8
TEXT
 10
5.694104998836266
 20
-21.33047889731996
 30
0.0
 70
0
  0
VERTEX
  5
DE9
  8
TEXT
 10
5.716827192791398
 20
-21.355319440215293
 30
0.0
 70
0
  0
VERTEX
  5
DEA
  8
TEXT
 10
5.7444020416272705
 20
-21.381585150313477
 30
0.0
 70
0
  0
VERTEX
  5
DEB
  8
TEXT
 10
5.773345837338395
 20
-21.405349699832907
 30
0.0
 70
0
  0
VERTEX
  5
DEC
  8
TEXT
 10
5.803658579924771
 20
-21.426613088773586
 30
0.0
 70
0
  0
VERTEX
  5
DED
  8
TEXT
 10
5.835340269386398
 20
-21.445375317135504
 30
0.0
 70
0
  0
VERTEX
  5
DEE
  8
TEXT
 10
5.8683909057232775
 20
-21.461636384918673
 30
0.0
 70
0
  0
VERTEX
  5
DEF
  8
TEXT
 10
5.902810488935408
 20
-21.475396292123083
 30
0.0
 70
0
  0
VERTEX
  5
DF0
  8
TEXT
 10
5.93859901902279
 20
-21.486655038748744
 30
0.0
 70
0
  0
VERTEX
  5
DF1
  8
TEXT
 10
5.975308918171834
 20
-21.495116866622492
 30
0.0
 70
0
  0
VERTEX
  5
DF2
  8
TEXT
 10
6.012492608568947
 20
-21.500486017571184
 30
0.0
 70
0
  0
VERTEX
  5
DF3
  8
TEXT
 10
6.050150090214131
 20
-21.502762491594815
 30
0.0
 70
0
  0
VERTEX
  5
DF4
  8
TEXT
 10
6.088281363107385
 20
-21.501946288693386
 30
0.0
 70
0
  0
VERTEX
  5
DF5
  8
TEXT
 10
6.12688642724871
 20
-21.498037408866896
 30
0.0
 70
0
  0
VERTEX
  5
DF6
  8
TEXT
 10
6.165965282638105
 20
-21.49103585211535
 30
0.0
 70
0
  0
SEQEND
  5
D93
  8
TEXT
  0
POLYLINE
  5
DF7
  8
TEXT
 66
1
 10
0.0
 20
0.0
 30
0.0
 70
1
  0
VERTEX
  5
DF9
  8
TEXT
 10
8.140706301339552
 20
-21.12269919034007
 30
0.0
 70
0
  0
VERTEX
  5
DFA
  8
TEXT
 10
8.102629580275012
 20
-21.136533038111992
 30
0.0
 70
0
  0
VERTEX
  5
DFB
  8
TEXT
 10
8.064659742307544
 20
-21.148410616160092
 30
0.0
 70
0
  0
VERTEX
  5
DFC
  8
TEXT
 10
8.026796787437148
 20
-21.158331924484372
 30
0.0
 70
0
  0
VERTEX
  5
DFD
  8
TEXT
 10
7.989040715663825
 20
-21.16629696308483
 30
0.0
 70
0
  0
VERTEX
  5
DFE
  8
TEXT
 10
7.951391526987574
 20
-21.172305731961462
 30
0.0
 70
0
  0
VERTEX
  5
DFF
  8
TEXT
 10
7.913849221408395
 20
-21.17635823111428
 30
0.0
 70
0
  0
VERTEX
  5
E00
  8
TEXT
 10
7.876413798926288
 20
-21.17845446054327
 30
0.0
 70
0
  0
VERTEX
  5
E01
  8
TEXT
 10
7.839085259541253
 20
-21.17859442024844
 30
0.0
 70
0
  0
VERTEX
  5
E02
  8
TEXT
 10
7.802161127244381
 20
-21.176811315787607
 30
0.0
 70
0
  0
VERTEX
  5
E03
  8
TEXT
 10
7.76593892602676
 20
-21.173138352718578
 30
0.0
 70
0
  0
VERTEX
  5
E04
  8
TEXT
 10
7.730418655888392
 20
-21.167575531041358
 30
0.0
 70
0
  0
VERTEX
  5
E05
  8
TEXT
 10
7.695600316829275
 20
-21.160122850755943
 30
0.0
 70
0
  0
VERTEX
  5
E06
  8
TEXT
 10
7.66148390884941
 20
-21.150780311862338
 30
0.0
 70
0
  0
VERTEX
  5
E07
  8
TEXT
 10
7.628069431948797
 20
-21.139547914360538
 30
0.0
 70
0
  0
VERTEX
  5
E08
  8
TEXT
 10
7.595356886127436
 20
-21.126425658250547
 30
0.0
 70
0
  0
VERTEX
  5
E09
  8
TEXT
 10
7.563346271385327
 20
-21.11141354353236
 30
0.0
 70
0
  0
VERTEX
  5
E0A
  8
TEXT
 10
7.532317276848582
 20
-21.094648735121538
 30
0.0
 70
0
  0
VERTEX
  5
E0B
  8
TEXT
 10
7.502549591643312
 20
-21.076268397933628
 30
0.0
 70
0
  0
VERTEX
  5
E0C
  8
TEXT
 10
7.474043215769519
 20
-21.05627253196863
 30
0.0
 70
0
  0
VERTEX
  5
E0D
  8
TEXT
 10
7.446798149227201
 20
-21.034661137226546
 30
0.0
 70
0
  0
VERTEX
  5
E0E
  8
TEXT
 10
7.420814392016359
 20
-21.011434213707375
 30
0.0
 70
0
  0
VERTEX
  5
E0F
  8
TEXT
 10
7.396091944136992
 20
-20.98659176141112
 30
0.0
 70
0
  0
VERTEX
  5
E10
  8
TEXT
 10
7.372630805589101
 20
-20.960133780337777
 30
0.0
 70
0
  0
VERTEX
  5
E11
  8
TEXT
 10
7.350430976372687
 20
-20.932060270487348
 30
0.0
 70
0
  0
VERTEX
  5
E12
  8
TEXT
 10
7.537363131811033
 20
-20.756772896614862
 30
0.0
 70
0
  0
VERTEX
  5
E13
  8
TEXT
 10
7.563982976403077
 20
-20.784701320606267
 30
0.0
 70
0
  0
VERTEX
  5
E14
  8
TEXT
 10
7.591752715406036
 20
-20.810061308340075
 30
0.0
 70
0
  0
VERTEX
  5
E15
  8
TEXT
 10
7.62067234881991
 20
-20.83285285981629
 30
0.0
 70
0
  0
VERTEX
  5
E16
  8
TEXT
 10
7.650741876644697
 20
-20.85307597503491
 30
0.0
 70
0
  0
VERTEX
  5
E17
  8
TEXT
 10
7.681961298880401
 20
-20.870730653995935
 30
0.0
 70
0
  0
VERTEX
  5
E18
  8
TEXT
 10
7.714330615527017
 20
-20.885816896699364
 30
0.0
 70
0
  0
VERTEX
  5
E19
  8
TEXT
 10
7.74784982658455
 20
-20.8983347031452
 30
0.0
 70
0
  0
VERTEX
  5
E1A
  8
TEXT
 10
7.782518932052996
 20
-20.90828407333344
 30
0.0
 70
0
  0
VERTEX
  5
E1B
  8
TEXT
 10
7.817842195765692
 20
-20.915521205136024
 30
0.0
 70
0
  0
VERTEX
  5
E1C
  8
TEXT
 10
7.853323881555976
 20
-20.919902296424887
 30
0.0
 70
0
  0
VERTEX
  5
E1D
  8
TEXT
 10
7.888963989423846
 20
-20.92142734720003
 30
0.0
 70
0
  0
VERTEX
  5
E1E
  8
TEXT
 10
7.924762519369303
 20
-20.920096357461453
 30
0.0
 70
0
  0
VERTEX
  5
E1F
  8
TEXT
 10
7.960719471392347
 20
-20.915909327209153
 30
0.0
 70
0
  0
VERTEX
  5
E20
  8
TEXT
 10
7.996834845492977
 20
-20.908866256443137
 30
0.0
 70
0
  0
VERTEX
  5
E21
  8
TEXT
 10
8.033108641671193
 20
-20.898967145163397
 30
0.0
 70
0
  0
VERTEX
  5
E22
  8
TEXT
 10
8.069540859926997
 20
-20.886211993369937
 30
0.0
 70
0
  0
VERTEX
  5
E23
  8
TEXT
 10
8.106992559350346
 20
-20.870066708259433
 30
0.0
 70
0
  0
VERTEX
  5
E24
  8
TEXT
 10
8.141237351458836
 20
-20.85197345886246
 30
0.0
 70
0
  0
VERTEX
  5
E25
  8
TEXT
 10
8.172275236252466
 20
-20.831932245179015
 30
0.0
 70
0
  0
VERTEX
  5
E26
  8
TEXT
 10
8.200106213731237
 20
-20.809943067209097
 30
0.0
 70
0
  0
VERTEX
  5
E27
  8
TEXT
 10
8.224730283895147
 20
-20.78600592495271
 30
0.0
 70
0
  0
VERTEX
  5
E28
  8
TEXT
 10
8.246147446744198
 20
-20.760120818409852
 30
0.0
 70
0
  0
VERTEX
  5
E29
  8
TEXT
 10
8.26435770227839
 20
-20.73228774758052
 30
0.0
 70
0
  0
VERTEX
  5
E2A
  8
TEXT
 10
8.281023158084555
 20
-20.698662409782322
 30
0.0
 70
0
  0
VERTEX
  5
E2B
  8
TEXT
 10
8.292270321123938
 20
-20.665002853323713
 30
0.0
 70
0
  0
VERTEX
  5
E2C
  8
TEXT
 10
8.29809919139654
 20
-20.63130907820469
 30
0.0
 70
0
  0
VERTEX
  5
E2D
  8
TEXT
 10
8.29850976890236
 20
-20.597581084425254
 30
0.0
 70
0
  0
VERTEX
  5
E2E
  8
TEXT
 10
8.293502053641399
 20
-20.563818871985408
 30
0.0
 70
0
  0
VERTEX
  5
E2F
  8
TEXT
 10
8.283076045613656
 20
-20.53002244088515
 30
0.0
 70
0
  0
VERTEX
  5
E30
  8
TEXT
 10
8.265997135867352
 20
-20.495981385333668
 30
0.0
 70
0
  0
VERTEX
  5
E31
  8
TEXT
 10
8.243545957784754
 20
-20.467960232814065
 30
0.0
 70
0
  0
VERTEX
  5
E32
  8
TEXT
 10
8.215722511365861
 20
-20.445958983326342
 30
0.0
 70
0
  0
VERTEX
  5
E33
  8
TEXT
 10
8.182526796610677
 20
-20.429977636870504
 30
0.0
 70
0
  0
VERTEX
  5
E34
  8
TEXT
 10
8.152335732830826
 20
-20.421104968818792
 30
0.0
 70
0
  0
VERTEX
  5
E35
  8
TEXT
 10
8.119173499768605
 20
-20.415241196567507
 30
0.0
 70
0
  0
VERTEX
  5
E36
  8
TEXT
 10
8.083040097424014
 20
-20.412386320116646
 30
0.0
 70
0
  0
VERTEX
  5
E37
  8
TEXT
 10
8.043935525797053
 20
-20.412540339466208
 30
0.0
 70
0
  0
VERTEX
  5
E38
  8
TEXT
 10
8.001859784887724
 20
-20.415703254616194
 30
0.0
 70
0
  0
VERTEX
  5
E39
  8
TEXT
 10
7.749644731300117
 20
-20.439986311969534
 30
0.0
 70
0
  0
VERTEX
  5
E3A
  8
TEXT
 10
7.706866891250522
 20
-20.443294390101588
 30
0.0
 70
0
  0
VERTEX
  5
E3B
  8
TEXT
 10
7.665638065625151
 20
-20.444406073803968
 30
0.0
 70
0
  0
VERTEX
  5
E3C
  8
TEXT
 10
7.625958254424004
 20
-20.443321363076674
 30
0.0
 70
0
  0
VERTEX
  5
E3D
  8
TEXT
 10
7.587827457647081
 20
-20.440040257919705
 30
0.0
 70
0
  0
VERTEX
  5
E3E
  8
TEXT
 10
7.551245675294383
 20
-20.434562758333062
 30
0.0
 70
0
  0
VERTEX
  5
E3F
  8
TEXT
 10
7.516212907365909
 20
-20.426888864316748
 30
0.0
 70
0
  0
VERTEX
  5
E40
  8
TEXT
 10
7.482729153861659
 20
-20.417018575870756
 30
0.0
 70
0
  0
VERTEX
  5
E41
  8
TEXT
 10
7.450794414781635
 20
-20.404951892995093
 30
0.0
 70
0
  0
VERTEX
  5
E42
  8
TEXT
 10
7.420408690125834
 20
-20.390688815689757
 30
0.0
 70
0
  0
VERTEX
  5
E43
  8
TEXT
 10
7.388296027715212
 20
-20.372216748341945
 30
0.0
 70
0
  0
VERTEX
  5
E44
  8
TEXT
 10
7.358583279731644
 20
-20.35136341396891
 30
0.0
 70
0
  0
VERTEX
  5
E45
  8
TEXT
 10
7.331270446175133
 20
-20.328128812570657
 30
0.0
 70
0
  0
VERTEX
  5
E46
  8
TEXT
 10
7.306357527045677
 20
-20.302512944147175
 30
0.0
 70
0
  0
VERTEX
  5
E47
  8
TEXT
 10
7.2838445223432755
 20
-20.27451580869847
 30
0.0
 70
0
  0
VERTEX
  5
E48
  8
TEXT
 10
7.26373143206793
 20
-20.244137406224542
 30
0.0
 70
0
  0
VERTEX
  5
E49
  8
TEXT
 10
7.24601825621964
 20
-20.211377736725392
 30
0.0
 70
0
  0
VERTEX
  5
E4A
  8
TEXT
 10
7.230704994798404
 20
-20.176236800201014
 30
0.0
 70
0
  0
VERTEX
  5
E4B
  8
TEXT
 10
7.218721177799015
 20
-20.141840169305357
 30
0.0
 70
0
  0
VERTEX
  5
E4C
  8
TEXT
 10
7.209459242678789
 20
-20.107356513024964
 30
0.0
 70
0
  0
VERTEX
  5
E4D
  8
TEXT
 10
7.2029191894377265
 20
-20.07278583135983
 30
0.0
 70
0
  0
VERTEX
  5
E4E
  8
TEXT
 10
7.199101018075828
 20
-20.038128124309964
 30
0.0
 70
0
  0
VERTEX
  5
E4F
  8
TEXT
 10
7.198004728593093
 20
-20.00338339187536
 30
0.0
 70
0
  0
VERTEX
  5
E50
  8
TEXT
 10
7.199630320989521
 20
-19.96855163405602
 30
0.0
 70
0
  0
VERTEX
  5
E51
  8
TEXT
 10
7.2039777952651125
 20
-19.933632850851943
 30
0.0
 70
0
  0
VERTEX
  5
E52
  8
TEXT
 10
7.2110471514198675
 20
-19.898627042263133
 30
0.0
 70
0
  0
VERTEX
  5
E53
  8
TEXT
 10
7.2205990806462514
 20
-19.863950607324657
 30
0.0
 70
0
  0
VERTEX
  5
E54
  8
TEXT
 10
7.232394274136728
 20
-19.830019945071598
 30
0.0
 70
0
  0
VERTEX
  5
E55
  8
TEXT
 10
7.246432731891297
 20
-19.796835055503955
 30
0.0
 70
0
  0
VERTEX
  5
E56
  8
TEXT
 10
7.26271445390996
 20
-19.764395938621725
 30
0.0
 70
0
  0
VERTEX
  5
E57
  8
TEXT
 10
7.281239440192715
 20
-19.73270259442491
 30
0.0
 70
0
  0
VERTEX
  5
E58
  8
TEXT
 10
7.302007690739564
 20
-19.70175502291351
 30
0.0
 70
0
  0
VERTEX
  5
E59
  8
TEXT
 10
7.325019205550506
 20
-19.67155322408752
 30
0.0
 70
0
  0
VERTEX
  5
E5A
  8
TEXT
 10
7.350273984625541
 20
-19.64209719794695
 30
0.0
 70
0
  0
VERTEX
  5
E5B
  8
TEXT
 10
7.37438893503095
 20
-19.616915763990228
 30
0.0
 70
0
  0
VERTEX
  5
E5C
  8
TEXT
 10
7.399842388545701
 20
-19.593074821760702
 30
0.0
 70
0
  0
VERTEX
  5
E5D
  8
TEXT
 10
7.426634345169794
 20
-19.57057437125838
 30
0.0
 70
0
  0
VERTEX
  5
E5E
  8
TEXT
 10
7.4547648049032285
 20
-19.54941441248326
 30
0.0
 70
0
  0
VERTEX
  5
E5F
  8
TEXT
 10
7.484233767746004
 20
-19.52959494543534
 30
0.0
 70
0
  0
VERTEX
  5
E60
  8
TEXT
 10
7.515041233698121
 20
-19.51111597011462
 30
0.0
 70
0
  0
VERTEX
  5
E61
  8
TEXT
 10
7.547187202759581
 20
-19.493977486521104
 30
0.0
 70
0
  0
VERTEX
  5
E62
  8
TEXT
 10
7.5806716749303815
 20
-19.478179494654785
 30
0.0
 70
0
  0
VERTEX
  5
E63
  8
TEXT
 10
7.615494650210524
 20
-19.463721994515666
 30
0.0
 70
0
  0
VERTEX
  5
E64
  8
TEXT
 10
7.653944509013108
 20
-19.449812269532515
 30
0.0
 70
0
  0
VERTEX
  5
E65
  8
TEXT
 10
7.692118113065064
 20
-19.438062750685845
 30
0.0
 70
0
  0
VERTEX
  5
E66
  8
TEXT
 10
7.730015462366391
 20
-19.42847343797565
 30
0.0
 70
0
  0
VERTEX
  5
E67
  8
TEXT
 10
7.76763655691709
 20
-19.421044331401934
 30
0.0
 70
0
  0
VERTEX
  5
E68
  8
TEXT
 10
7.804981396717159
 20
-19.415775430964697
 30
0.0
 70
0
  0
VERTEX
  5
E69
  8
TEXT
 10
7.8420499817666
 20
-19.41266673666394
 30
0.0
 70
0
  0
VERTEX
  5
E6A
  8
TEXT
 10
7.878842312065412
 20
-19.41171824849966
 30
0.0
 70
0
  0
VERTEX
  5
E6B
  8
TEXT
 10
7.915358387613596
 20
-19.412929966471857
 30
0.0
 70
0
  0
VERTEX
  5
E6C
  8
TEXT
 10
7.951598208411151
 20
-19.416301890580538
 30
0.0
 70
0
  0
VERTEX
  5
E6D
  8
TEXT
 10
7.987561774458077
 20
-19.421834020825692
 30
0.0
 70
0
  0
VERTEX
  5
E6E
  8
TEXT
 10
8.023249085754374
 20
-19.429526357207326
 30
0.0
 70
0
  0
VERTEX
  5
E6F
  8
TEXT
 10
8.05816742254782
 20
-19.439255523987253
 30
0.0
 70
0
  0
VERTEX
  5
E70
  8
TEXT
 10
8.091824065086191
 20
-19.45089814542728
 30
0.0
 70
0
  0
VERTEX
  5
E71
  8
TEXT
 10
8.124219013369487
 20
-19.464454221527408
 30
0.0
 70
0
  0
VERTEX
  5
E72
  8
TEXT
 10
8.155352267397708
 20
-19.47992375228764
 30
0.0
 70
0
  0
VERTEX
  5
E73
  8
TEXT
 10
8.185223827170855
 20
-19.497306737707973
 30
0.0
 70
0
  0
VERTEX
  5
E74
  8
TEXT
 10
8.213833692688926
 20
-19.516603177788404
 30
0.0
 70
0
  0
VERTEX
  5
E75
  8
TEXT
 10
8.241181863951924
 20
-19.53781307252894
 30
0.0
 70
0
  0
VERTEX
  5
E76
  8
TEXT
 10
8.267268340959847
 20
-19.56093642192958
 30
0.0
 70
0
  0
VERTEX
  5
E77
  8
TEXT
 10
8.292093123712695
 20
-19.58597322599032
 30
0.0
 70
0
  0
VERTEX
  5
E78
  8
TEXT
 10
8.315656212210467
 20
-19.612923484711157
 30
0.0
 70
0
  0
VERTEX
  5
E79
  8
TEXT
 10
8.337957606453164
 20
-19.6417871980921
 30
0.0
 70
0
  0
VERTEX
  5
E7A
  8
TEXT
 10
8.147428265862642
 20
-19.818471928816834
 30
0.0
 70
0
  0
VERTEX
  5
E7B
  8
TEXT
 10
8.121820903053996
 20
-19.78930899618596
 30
0.0
 70
0
  0
VERTEX
  5
E7C
  8
TEXT
 10
8.094918038068538
 20
-19.763336087910325
 30
0.0
 70
0
  0
VERTEX
  5
E7D
  8
TEXT
 10
8.066719670906267
 20
-19.74055320398993
 30
0.0
 70
0
  0
VERTEX
  5
E7E
  8
TEXT
 10
8.037225801567184
 20
-19.72096034442477
 30
0.0
 70
0
  0
VERTEX
  5
E7F
  8
TEXT
 10
8.006436430051288
 20
-19.70455750921485
 30
0.0
 70
0
  0
VERTEX
  5
E80
  8
TEXT
 10
7.974351556358579
 20
-19.69134469836017
 30
0.0
 70
0
  0
VERTEX
  5
E81
  8
TEXT
 10
7.940971180489058
 20
-19.681321911860728
 30
0.0
 70
0
  0
VERTEX
  5
E82
  8
TEXT
 10
7.906760168897156
 20
-19.67451134394842
 30
0.0
 70
0
  0
VERTEX
  5
E83
  8
TEXT
 10
7.872183388037305
 20
-19.670935188855154
 30
0.0
 70
0
  0
VERTEX
  5
E84
  8
TEXT
 10
7.837240837909505
 20
-19.670593446580924
 30
0.0
 70
0
  0
VERTEX
  5
E85
  8
TEXT
 10
7.8019325185137545
 20
-19.673486117125734
 30
0.0
 70
0
  0
VERTEX
  5
E86
  8
TEXT
 10
7.766258429850056
 20
-19.679613200489577
 30
0.0
 70
0
  0
VERTEX
  5
E87
  8
TEXT
 10
7.7302185719184076
 20
-19.68897469667246
 30
0.0
 70
0
  0
VERTEX
  5
E88
  8
TEXT
 10
7.693812944718811
 20
-19.70157060567438
 30
0.0
 70
0
  0
VERTEX
  5
E89
  8
TEXT
 10
7.658685185342542
 20
-19.716694850991917
 30
0.0
 70
0
  0
VERTEX
  5
E8A
  8
TEXT
 10
7.6264789308808805
 20
-19.73364135612164
 30
0.0
 70
0
  0
VERTEX
  5
E8B
  8
TEXT
 10
7.597194181333825
 20
-19.752410121063555
 30
0.0
 70
0
  0
VERTEX
  5
E8C
  8
TEXT
 10
7.570830936701377
 20
-19.773001145817656
 30
0.0
 70
0
  0
VERTEX
  5
E8D
  8
TEXT
 10
7.547389196983535
 20
-19.79541443038395
 30
0.0
 70
0
  0
VERTEX
  5
E8E
  8
TEXT
 10
7.5268689621803
 20
-19.81964997476243
 30
0.0
 70
0
  0
VERTEX
  5
E8F
  8
TEXT
 10
7.509270232291671
 20
-19.845707778953106
 30
0.0
 70
0
  0
VERTEX
  5
E90
  8
TEXT
 10
7.493075105809604
 20
-19.877287413283526
 30
0.0
 70
0
  0
VERTEX
  5
E91
  8
TEXT
 10
7.482145007036495
 20
-19.909098803382335
 30
0.0
 70
0
  0
VERTEX
  5
E92
  8
TEXT
 10
7.4764799359723435
 20
-19.94114194924953
 30
0.0
 70
0
  0
VERTEX
  5
E93
  8
TEXT
 10
7.47607989261715
 20
-19.973416850885112
 30
0.0
 70
0
  0
VERTEX
  5
E94
  8
TEXT
 10
7.480944876970915
 20
-20.005923508289083
 30
0.0
 70
0
  0
VERTEX
  5
E95
  8
TEXT
 10
7.491074889033636
 20
-20.03866192146144
 30
0.0
 70
0
  0
VERTEX
  5
E96
  8
TEXT
 10
7.50777661330407
 20
-20.072797747883744
 30
0.0
 70
0
  0
VERTEX
  5
E97
  8
TEXT
 10
7.529096234959056
 20
-20.101103213015815
 30
0.0
 70
0
  0
VERTEX
  5
E98
  8
TEXT
 10
7.555033753998593
 20
-20.12357831685765
 30
0.0
 70
0
  0
VERTEX
  5
E99
  8
TEXT
 10
7.585589170422683
 20
-20.140223059409248
 30
0.0
 70
0
  0
VERTEX
  5
E9A
  8
TEXT
 10
7.613388604866597
 20
-20.149759815996656
 30
0.0
 70
0
  0
VERTEX
  5
E9B
  8
TEXT
 10
7.644203924012152
 20
-20.15640278670851
 30
0.0
 70
0
  0
VERTEX
  5
E9C
  8
TEXT
 10
7.678035127859349
 20
-20.160151971544813
 30
0.0
 70
0
  0
VERTEX
  5
E9D
  8
TEXT
 10
7.7148822164081885
 20
-20.16100737050556
 30
0.0
 70
0
  0
VERTEX
  5
E9E
  8
TEXT
 10
7.754745189658669
 20
-20.15896898359075
 30
0.0
 70
0
  0
VERTEX
  5
E9F
  8
TEXT
 10
8.029857676594341
 20
-20.13821122606225
 30
0.0
 70
0
  0
VERTEX
  5
EA0
  8
TEXT
 10
8.072338140149668
 20
-20.135887555260098
 30
0.0
 70
0
  0
VERTEX
  5
EA1
  8
TEXT
 10
8.113332787967565
 20
-20.135633506598985
 30
0.0
 70
0
  0
VERTEX
  5
EA2
  8
TEXT
 10
8.152841620048031
 20
-20.137449080078913
 30
0.0
 70
0
  0
VERTEX
  5
EA3
  8
TEXT
 10
8.190864636391066
 20
-20.14133427569988
 30
0.0
 70
0
  0
VERTEX
  5
EA4
  8
TEXT
 10
8.227401836996671
 20
-20.14728909346189
 30
0.0
 70
0
  0
VERTEX
  5
EA5
  8
TEXT
 10
8.262453221864845
 20
-20.15531353336494
 30
0.0
 70
0
  0
VERTEX
  5
EA6
  8
TEXT
 10
8.29601879099559
 20
-20.16540759540903
 30
0.0
 70
0
  0
VERTEX
  5
EA7
  8
TEXT
 10
8.328098544388903
 20
-20.17757127959416
 30
0.0
 70
0
  0
VERTEX
  5
EA8
  8
TEXT
 10
8.358692482044784
 20
-20.19180458592033
 30
0.0
 70
0
  0
VERTEX
  5
EA9
  8
TEXT
 10
8.391062438276583
 20
-20.21018964281807
 30
0.0
 70
0
  0
VERTEX
  5
EAA
  8
TEXT
 10
8.42100748995085
 20
-20.230991549368717
 30
0.0
 70
0
  0
VERTEX
  5
EAB
  8
TEXT
 10
8.448527637067587
 20
-20.254210305572283
 30
0.0
 70
0
  0
VERTEX
  5
EAC
  8
TEXT
 10
8.473622879626793
 20
-20.279845911428765
 30
0.0
 70
0
  0
VERTEX
  5
EAD
  8
TEXT
 10
8.49629321762847
 20
-20.307898366938158
 30
0.0
 70
0
  0
VERTEX
  5
EAE
  8
TEXT
 10
8.516538651072617
 20
-20.338367672100468
 30
0.0
 70
0
  0
VERTEX
  5
EAF
  8
TEXT
 10
8.534359179959232
 20
-20.37125382691569
 30
0.0
 70
0
  0
VERTEX
  5
EB0
  8
TEXT
 10
8.549754804288316
 20
-20.40655683138383
 30
0.0
 70
0
  0
VERTEX
  5
EB1
  8
TEXT
 10
8.561584207167162
 20
-20.44060591447632
 30
0.0
 70
0
  0
VERTEX
  5
EB2
  8
TEXT
 10
8.570662371296205
 20
-20.47476636437763
 30
0.0
 70
0
  0
VERTEX
  5
EB3
  8
TEXT
 10
8.576989296675448
 20
-20.50903818108777
 30
0.0
 70
0
  0
VERTEX
  5
EB4
  8
TEXT
 10
8.580564983304887
 20
-20.543421364606736
 30
0.0
 70
0
  0
VERTEX
  5
EB5
  8
TEXT
 10
8.581389431184524
 20
-20.57791591493453
 30
0.0
 70
0
  0
VERTEX
  5
EB6
  8
TEXT
 10
8.579462640314361
 20
-20.61252183207115
 30
0.0
 70
0
  0
VERTEX
  5
EB7
  8
TEXT
 10
8.574784610694394
 20
-20.647239116016593
 30
0.0
 70
0
  0
VERTEX
  5
EB8
  8
TEXT
 10
8.567355342324626
 20
-20.682067766770867
 30
0.0
 70
0
  0
VERTEX
  5
EB9
  8
TEXT
 10
8.55737479979999
 20
-20.71660666888946
 30
0.0
 70
0
  0
VERTEX
  5
EBA
  8
TEXT
 10
8.545042947715418
 20
-20.750454706927876
 30
0.0
 70
0
  0
VERTEX
  5
EBB
  8
TEXT
 10
8.53035978607091
 20
-20.78361188088611
 30
0.0
 70
0
  0
VERTEX
  5
EBC
  8
TEXT
 10
8.513325314866469
 20
-20.816078190764163
 30
0.0
 70
0
  0
VERTEX
  5
EBD
  8
TEXT
 10
8.493939534102092
 20
-20.847853636562032
 30
0.0
 70
0
  0
VERTEX
  5
EBE
  8
TEXT
 10
8.472202443777778
 20
-20.87893821827972
 30
0.0
 70
0
  0
VERTEX
  5
EBF
  8
TEXT
 10
8.44811404389353
 20
-20.90933193591723
 30
0.0
 70
0
  0
VERTEX
  5
EC0
  8
TEXT
 10
8.421674334449346
 20
-20.939034789474558
 30
0.0
 70
0
  0
VERTEX
  5
EC1
  8
TEXT
 10
8.396386046258538
 20
-20.964498238585282
 30
0.0
 70
0
  0
VERTEX
  5
EC2
  8
TEXT
 10
8.36961516252905
 20
-20.988697614331254
 30
0.0
 70
0
  0
VERTEX
  5
EC3
  8
TEXT
 10
8.341361683260878
 20
-21.01163291671248
 30
0.0
 70
0
  0
VERTEX
  5
EC4
  8
TEXT
 10
8.311625608454028
 20
-21.033304145728952
 30
0.0
 70
0
  0
VERTEX
  5
EC5
  8
TEXT
 10
8.280406938108495
 20
-21.053711301380677
 30
0.0
 70
0
  0
VERTEX
  5
EC6
  8
TEXT
 10
8.247705672224281
 20
-21.07285438366765
 30
0.0
 70
0
  0
VERTEX
  5
EC7
  8
TEXT
 10
8.213521810801385
 20
-21.090733392589875
 30
0.0
 70
0
  0
VERTEX
  5
EC8
  8
TEXT
 10
8.17785535383981
 20
-21.10734832814735
 30
0.0
 70
0
  0
SEQEND
  5
DF8
  8
TEXT
  0
POLYLINE
  5
EC9
  8
TEXT
 66
1
 10
0.0
 20
0.0
 30
0.0
 70
1
  0
VERTEX
  5
ECB
  8
TEXT
 10
9.91881843059533
 20
-20.34834345610296
 30
0.0
 70
0
  0
VERTEX
  5
ECC
  8
TEXT
 10
9.881708959055372
 20
-20.365567620926583
 30
0.0
 70
0
  0
VERTEX
  5
ECD
  8
TEXT
 10
9.84447750471996
 20
-20.38093370045838
 30
0.0
 70
0
  0
VERTEX
  5
ECE
  8
TEXT
 10
9.807124067589095
 20
-20.394441694698358
 30
0.0
 70
0
  0
VERTEX
  5
ECF
  8
TEXT
 10
9.769648647662779
 20
-20.40609160364651
 30
0.0
 70
0
  0
VERTEX
  5
ED0
  8
TEXT
 10
9.73205124494101
 20
-20.415883427302834
 30
0.0
 70
0
  0
VERTEX
  5
ED1
  8
TEXT
 10
9.694331859423787
 20
-20.423817165667337
 30
0.0
 70
0
  0
VERTEX
  5
ED2
  8
TEXT
 10
9.656490491111112
 20
-20.429892818740015
 30
0.0
 70
0
  0
VERTEX
  5
ED3
  8
TEXT
 10
9.618527140002985
 20
-20.434110386520867
 30
0.0
 70
0
  0
VERTEX
  5
ED4
  8
TEXT
 10
9.580441806099406
 20
-20.436469869009894
 30
0.0
 70
0
  0
VERTEX
  5
ED5
  8
TEXT
 10
9.542234489400373
 20
-20.4369712662071
 30
0.0
 70
0
  0
VERTEX
  5
ED6
  8
TEXT
 10
9.50390518990589
 20
-20.435614578112475
 30
0.0
 70
0
  0
VERTEX
  5
ED7
  8
TEXT
 10
9.465778738077093
 20
-20.432446634442584
 30
0.0
 70
0
  0
VERTEX
  5
ED8
  8
TEXT
 10
9.428179964375127
 20
-20.427514264913974
 30
0.0
 70
0
  0
VERTEX
  5
ED9
  8
TEXT
 10
9.391108868799991
 20
-20.420817469526646
 30
0.0
 70
0
  0
VERTEX
  5
EDA
  8
TEXT
 10
9.354565451351684
 20
-20.412356248280602
 30
0.0
 70
0
  0
VERTEX
  5
EDB
  8
TEXT
 10
9.318549712030208
 20
-20.40213060117584
 30
0.0
 70
0
  0
VERTEX
  5
EDC
  8
TEXT
 10
9.283061650835561
 20
-20.390140528212363
 30
0.0
 70
0
  0
VERTEX
  5
EDD
  8
TEXT
 10
9.248101267767746
 20
-20.37638602939017
 30
0.0
 70
0
  0
VERTEX
  5
EDE
  8
TEXT
 10
9.213668562826758
 20
-20.360867104709257
 30
0.0
 70
0
  0
VERTEX
  5
EDF
  8
TEXT
 10
9.1797635360126
 20
-20.34358375416963
 30
0.0
 70
0
  0
VERTEX
  5
EE0
  8
TEXT
 10
9.146386187325275
 20
-20.32453597777128
 30
0.0
 70
0
  0
VERTEX
  5
EE1
  8
TEXT
 10
9.113536516764778
 20
-20.303723775514218
 30
0.0
 70
0
  0
VERTEX
  5
EE2
  8
TEXT
 10
9.084174967179893
 20
-20.28316415280252
 30
0.0
 70
0
  0
VERTEX
  5
EE3
  8
TEXT
 10
9.05583100950322
 20
-20.261258379175878
 30
0.0
 70
0
  0
VERTEX
  5
EE4
  8
TEXT
 10
9.028504643734761
 20
-20.238006454634288
 30
0.0
 70
0
  0
VERTEX
  5
EE5
  8
TEXT
 10
9.002195869874516
 20
-20.213408379177746
 30
0.0
 70
0
  0
VERTEX
  5
EE6
  8
TEXT
 10
8.976904687922483
 20
-20.18746415280626
 30
0.0
 70
0
  0
VERTEX
  5
EE7
  8
TEXT
 10
8.952631097878664
 20
-20.160173775519823
 30
0.0
 70
0
  0
VERTEX
  5
EE8
  8
TEXT
 10
8.929375099743059
 20
-20.131537247318438
 30
0.0
 70
0
  0
VERTEX
  5
EE9
  8
TEXT
 10
8.907136693515664
 20
-20.101554568202104
 30
0.0
 70
0
  0
VERTEX
  5
EEA
  8
TEXT
 10
8.885915879196485
 20
-20.070225738170823
 30
0.0
 70
0
  0
VERTEX
  5
EEB
  8
TEXT
 10
8.865712656785519
 20
-20.037550757224594
 30
0.0
 70
0
  0
VERTEX
  5
EEC
  8
TEXT
 10
8.846527026282764
 20
-20.003529625363413
 30
0.0
 70
0
  0
VERTEX
  5
EED
  8
TEXT
 10
8.828358987688224
 20
-19.968162342587288
 30
0.0
 70
0
  0
VERTEX
  5
EEE
  8
TEXT
 10
8.812377981024882
 20
-19.93396836885251
 30
0.0
 70
0
  0
VERTEX
  5
EEF
  8
TEXT
 10
8.797851681723678
 20
-19.899585894767156
 30
0.0
 70
0
  0
VERTEX
  5
EF0
  8
TEXT
 10
8.784780089784611
 20
-19.865014920331216
 30
0.0
 70
0
  0
VERTEX
  5
EF1
  8
TEXT
 10
8.773163205207682
 20
-19.830255445544694
 30
0.0
 70
0
  0
VERTEX
  5
EF2
  8
TEXT
 10
8.763001027992889
 20
-19.79530747040759
 30
0.0
 70
0
  0
VERTEX
  5
EF3
  8
TEXT
 10
8.754293558140235
 20
-19.760170994919903
 30
0.0
 70
0
  0
VERTEX
  5
EF4
  8
TEXT
 10
8.747040795649719
 20
-19.72484601908163
 30
0.0
 70
0
  0
VERTEX
  5
EF5
  8
TEXT
 10
8.741242740521338
 20
-19.68933254289278
 30
0.0
 70
0
  0
VERTEX
  5
EF6
  8
TEXT
 10
8.736899392755095
 20
-19.653630566353346
 30
0.0
 70
0
  0
VERTEX
  5
EF7
  8
TEXT
 10
8.734010752350992
 20
-19.617740089463332
 30
0.0
 70
0
  0
VERTEX
  5
EF8
  8
TEXT
 10
8.732443326807267
 20
-19.57791078758108
 30
0.0
 70
0
  0
VERTEX
  5
EF9
  8
TEXT
 10
8.732543909560622
 20
-19.538388942079447
 30
0.0
 70
0
  0
VERTEX
  5
EFA
  8
TEXT
 10
8.734312500611052
 20
-19.499174552958436
 30
0.0
 70
0
  0
VERTEX
  5
EFB
  8
TEXT
 10
8.737749099958563
 20
-19.46026762021805
 30
0.0
 70
0
  0
VERTEX
  5
EFC
  8
TEXT
 10
8.74285370760315
 20
-19.421668143858284
 30
0.0
 70
0
  0
VERTEX
  5
EFD
  8
TEXT
 10
8.749626323544813
 20
-19.38337612387914
 30
0.0
 70
0
  0
VERTEX
  5
EFE
  8
TEXT
 10
8.758066947783556
 20
-19.345391560280618
 30
0.0
 70
0
  0
VERTEX
  5
EFF
  8
TEXT
 10
8.768175580319376
 20
-19.30771445306272
 30
0.0
 70
0
  0
VERTEX
  5
F00
  8
TEXT
 10
8.779952221152271
 20
-19.27034480222544
 30
0.0
 70
0
  0
VERTEX
  5
F01
  8
TEXT
 10
8.793303387319439
 20
-19.233514103851544
 30
0.0
 70
0
  0
VERTEX
  5
F02
  8
TEXT
 10
8.808135595858067
 20
-19.197453854023784
 30
0.0
 70
0
  0
VERTEX
  5
F03
  8
TEXT
 10
8.824448846768156
 20
-19.162164052742163
 30
0.0
 70
0
  0
VERTEX
  5
F04
  8
TEXT
 10
8.842243140049709
 20
-19.12764470000668
 30
0.0
 70
0
  0
VERTEX
  5
F05
  8
TEXT
 10
8.86151847570272
 20
-19.093895795817332
 30
0.0
 70
0
  0
VERTEX
  5
F06
  8
TEXT
 10
8.882274853727194
 20
-19.060917340174125
 30
0.0
 70
0
  0
VERTEX
  5
F07
  8
TEXT
 10
8.90451227412313
 20
-19.028709333077053
 30
0.0
 70
0
  0
VERTEX
  5
F08
  8
TEXT
 10
8.928230736890526
 20
-18.99727177452612
 30
0.0
 70
0
  0
VERTEX
  5
F09
  8
TEXT
 10
8.953430242029386
 20
-18.966604664521327
 30
0.0
 70
0
  0
VERTEX
  5
F0A
  8
TEXT
 10
8.97730008903864
 20
-18.93988502621988
 30
0.0
 70
0
  0
VERTEX
  5
F0B
  8
TEXT
 10
9.002217582682142
 20
-18.914233505632648
 30
0.0
 70
0
  0
VERTEX
  5
F0C
  8
TEXT
 10
9.028182722959892
 20
-18.88965010275963
 30
0.0
 70
0
  0
VERTEX
  5
F0D
  8
TEXT
 10
9.05519550987189
 20
-18.86613481760083
 30
0.0
 70
0
  0
VERTEX
  5
F0E
  8
TEXT
 10
9.083255943418136
 20
-18.84368765015624
 30
0.0
 70
0
  0
VERTEX
  5
F0F
  8
TEXT
 10
9.11236402359863
 20
-18.822308600425867
 30
0.0
 70
0
  0
VERTEX
  5
F10
  8
TEXT
 10
9.142519750413372
 20
-18.80199766840971
 30
0.0
 70
0
  0
VERTEX
  5
F11
  8
TEXT
 10
9.173723123862363
 20
-18.782754854107765
 30
0.0
 70
0
  0
VERTEX
  5
F12
  8
TEXT
 10
9.2059741439456
 20
-18.764580157520037
 30
0.0
 70
0
  0
VERTEX
  5
F13
  8
TEXT
 10
9.239272810663087
 20
-18.747473578646524
 30
0.0
 70
0
  0
VERTEX
  5
F14
  8
TEXT
 10
9.273949372496288
 20
-18.73128834157024
 30
0.0
 70
0
  0
VERTEX
  5
F15
  8
TEXT
 10
9.308670676777432
 20
-18.71669271234223
 30
0.0
 70
0
  0
VERTEX
  5
F16
  8
TEXT
 10
9.343436723506517
 20
-18.70368669096249
 30
0.0
 70
0
  0
VERTEX
  5
F17
  8
TEXT
 10
9.378247512683542
 20
-18.692270277431014
 30
0.0
 70
0
  0
VERTEX
  5
F18
  8
TEXT
 10
9.41310304430851
 20
-18.682443471747813
 30
0.0
 70
0
  0
VERTEX
  5
F19
  8
TEXT
 10
9.448003318381419
 20
-18.67420627391288
 30
0.0
 70
0
  0
VERTEX
  5
F1A
  8
TEXT
 10
9.482948334902268
 20
-18.667558683926217
 30
0.0
 70
0
  0
VERTEX
  5
F1B
  8
TEXT
 10
9.51793809387106
 20
-18.662500701787827
 30
0.0
 70
0
  0
VERTEX
  5
F1C
  8
TEXT
 10
9.552972595287791
 20
-18.6590323274977
 30
0.0
 70
0
  0
VERTEX
  5
F1D
  8
TEXT
 10
9.588051839152465
 20
-18.65715356105585
 30
0.0
 70
0
  0
VERTEX
  5
F1E
  8
TEXT
 10
9.62317582546508
 20
-18.65686440246227
 30
0.0
 70
0
  0
VERTEX
  5
F1F
  8
TEXT
 10
9.658344554225636
 20
-18.658164851716958
 30
0.0
 70
0
  0
VERTEX
  5
F20
  8
TEXT
 10
9.696449726959436
 20
-18.66131836074468
 30
0.0
 70
0
  0
VERTEX
  5
F21
  8
TEXT
 10
9.733984663376418
 20
-18.666207426346777
 30
0.0
 70
0
  0
VERTEX
  5
F22
  8
TEXT
 10
9.770949363476578
 20
-18.67283204852325
 30
0.0
 70
0
  0
VERTEX
  5
F23
  8
TEXT
 10
9.80734382725992
 20
-18.6811922272741
 30
0.0
 70
0
  0
VERTEX
  5
F24
  8
TEXT
 10
9.84316805472644
 20
-18.691287962599326
 30
0.0
 70
0
  0
VERTEX
  5
F25
  8
TEXT
 10
9.878422045876142
 20
-18.70311925449893
 30
0.0
 70
0
  0
VERTEX
  5
F26
  8
TEXT
 10
9.913105800709024
 20
-18.716686102972908
 30
0.0
 70
0
  0
VERTEX
  5
F27
  8
TEXT
 10
9.947219319225084
 20
-18.731988508021264
 30
0.0
 70
0
  0
VERTEX
  5
F28
  8
TEXT
 10
9.980762601424326
 20
-18.749026469643994
 30
0.0
 70
0
  0
VERTEX
  5
F29
  8
TEXT
 10
10.013735647306747
 20
-18.7677999878411
 30
0.0
 70
0
  0
VERTEX
  5
F2A
  8
TEXT
 10
10.046138456872349
 20
-18.788309062612587
 30
0.0
 70
0
  0
VERTEX
  5
F2B
  8
TEXT
 10
10.075084041714101
 20
-18.808580089652164
 30
0.0
 70
0
  0
VERTEX
  5
F2C
  8
TEXT
 10
10.103038361992839
 20
-18.830202273496667
 30
0.0
 70
0
  0
VERTEX
  5
F2D
  8
TEXT
 10
10.130001417708565
 20
-18.853175614146092
 30
0.0
 70
0
  0
VERTEX
  5
F2E
  8
TEXT
 10
10.155973208861276
 20
-18.87750011160044
 30
0.0
 70
0
  0
VERTEX
  5
F2F
  8
TEXT
 10
10.180953735450975
 20
-18.903175765859718
 30
0.0
 70
0
  0
VERTEX
  5
F30
  8
TEXT
 10
10.20494299747766
 20
-18.930202576923914
 30
0.0
 70
0
  0
VERTEX
  5
F31
  8
TEXT
 10
10.227940994941331
 20
-18.958580544793037
 30
0.0
 70
0
  0
VERTEX
  5
F32
  8
TEXT
 10
10.24994772784199
 20
-18.988309669467085
 30
0.0
 70
0
  0
VERTEX
  5
F33
  8
TEXT
 10
10.270963196179634
 20
-19.019389950946056
 30
0.0
 70
0
  0
VERTEX
  5
F34
  8
TEXT
 10
10.290987399954265
 20
-19.051821389229953
 30
0.0
 70
0
  0
VERTEX
  5
F35
  8
TEXT
 10
10.310020339165883
 20
-19.085603984318773
 30
0.0
 70
0
  0
VERTEX
  5
F36
  8
TEXT
 10
10.328062013814487
 20
-19.120737736212515
 30
0.0
 70
0
  0
VERTEX
  5
F37
  8
TEXT
 10
10.344036020228847
 20
-19.154943734797712
 30
0.0
 70
0
  0
VERTEX
  5
F38
  8
TEXT
 10
10.358541318783102
 20
-19.189362283434335
 30
0.0
 70
0
  0
VERTEX
  5
F39
  8
TEXT
 10
10.371577909477256
 20
-19.223993382122387
 30
0.0
 70
0
  0
VERTEX
  5
F3A
  8
TEXT
 10
10.383145792311307
 20
-19.258837030861862
 30
0.0
 70
0
  0
VERTEX
  5
F3B
  8
TEXT
 10
10.393244967285254
 20
-19.293893229652763
 30
0.0
 70
0
  0
VERTEX
  5
F3C
  8
TEXT
 10
10.4018754343991
 20
-19.329161978495094
 30
0.0
 70
0
  0
VERTEX
  5
F3D
  8
TEXT
 10
10.409037193652841
 20
-19.364643277388847
 30
0.0
 70
0
  0
VERTEX
  5
F3E
  8
TEXT
 10
10.414730245046481
 20
-19.40033712633403
 30
0.0
 70
0
  0
VERTEX
  5
F3F
  8
TEXT
 10
10.418954588580018
 20
-19.436243525330635
 30
0.0
 70
0
  0
VERTEX
  5
F40
  8
TEXT
 10
10.421710224253452
 20
-19.47236247437867
 30
0.0
 70
0
  0
VERTEX
  5
F41
  8
TEXT
 10
10.423064452657018
 20
-19.50848050571357
 30
0.0
 70
0
  0
VERTEX
  5
F42
  8
TEXT
 10
10.423084574380953
 20
-19.544384151570775
 30
0.0
 70
0
  0
VERTEX
  5
F43
  8
TEXT
 10
10.421770589425252
 20
-19.580073411950288
 30
0.0
 70
0
  0
VERTEX
  5
F44
  8
TEXT
 10
10.419122497789923
 20
-19.615548286852103
 30
0.0
 70
0
  0
VERTEX
  5
F45
  8
TEXT
 10
10.415140299474958
 20
-19.650808776276225
 30
0.0
 70
0
  0
VERTEX
  5
F46
  8
TEXT
 10
10.409823994480362
 20
-19.685854880222653
 30
0.0
 70
0
  0
VERTEX
  5
F47
  8
TEXT
 10
10.403173582806135
 20
-19.720686598691383
 30
0.0
 70
0
  0
VERTEX
  5
F48
  8
TEXT
 10
10.395189064452273
 20
-19.755303931682423
 30
0.0
 70
0
  0
VERTEX
  5
F49
  8
TEXT
 10
10.385870439418781
 20
-19.789706879195766
 30
0.0
 70
0
  0
VERTEX
  5
F4A
  8
TEXT
 10
10.375217707705655
 20
-19.823895441231414
 30
0.0
 70
0
  0
VERTEX
  5
F4B
  8
TEXT
 10
10.361910643233525
 20
-19.861335879191795
 30
0.0
 70
0
  0
VERTEX
  5
F4C
  8
TEXT
 10
10.347144527712565
 20
-19.897920816857827
 30
0.0
 70
0
  0
VERTEX
  5
F4D
  8
TEXT
 10
10.330919361142774
 20
-19.9336502542295
 30
0.0
 70
0
  0
VERTEX
  5
F4E
  8
TEXT
 10
10.313235143524151
 20
-19.968524191306827
 30
0.0
 70
0
  0
VERTEX
  5
F4F
  8
TEXT
 10
10.294091874856697
 20
-20.002542628089802
 30
0.0
 70
0
  0
VERTEX
  5
F50
  8
TEXT
 10
10.273489555140413
 20
-20.035705564578425
 30
0.0
 70
0
  0
VERTEX
  5
F51
  8
TEXT
 10
10.251428184375296
 20
-20.068013000772694
 30
0.0
 70
0
  0
VERTEX
  5
F52
  8
TEXT
 10
10.22790776256135
 20
-20.09946493667261
 30
0.0
 70
0
  0
VERTEX
  5
F53
  8
TEXT
 10
10.202928289698571
 20
-20.130061372278178
 30
0.0
 70
0
  0
VERTEX
  5
F54
  8
TEXT
 10
10.17926290241391
 20
-20.15668082833772
 30
0.0
 70
0
  0
VERTEX
  5
F55
  8
TEXT
 10
10.154542937656881
 20
-20.18223556269125
 30
0.0
 70
0
  0
VERTEX
  5
F56
  8
TEXT
 10
10.128768395427482
 20
-20.206725575338766
 30
0.0
 70
0
  0
VERTEX
  5
F57
  8
TEXT
 10
10.101939275725712
 20
-20.230150866280265
 30
0.0
 70
0
  0
VERTEX
  5
F58
  8
TEXT
 10
10.074055578551574
 20
-20.25251143551575
 30
0.0
 70
0
  0
VERTEX
  5
F59
  8
TEXT
 10
10.045117303905064
 20
-20.27380728304522
 30
0.0
 70
0
  0
VERTEX
  5
F5A
  8
TEXT
 10
10.015124451786185
 20
-20.294038408868676
 30
0.0
 70
0
  0
VERTEX
  5
F5B
  8
TEXT
 10
9.984077022194937
 20
-20.31320481298612
 30
0.0
 70
0
  0
VERTEX
  5
F5C
  8
TEXT
 10
9.95197501513132
 20
-20.331306495397545
 30
0.0
 70
0
  0
SEQEND
  5
ECA
  8
TEXT
  0
POLYLINE
  5
F5D
  8
TEXT
 66
1
 10
0.0
 20
0.0
 30
0.0
 70
1
  0
VERTEX
  5
F5F
  8
TEXT
 10
9.795869051580143
 20
-20.0991728845365
 30
0.0
 70
0
  0
VERTEX
  5
F60
  8
TEXT
 10
9.829187615843407
 20
-20.081621721329707
 30
0.0
 70
0
  0
VERTEX
  5
F61
  8
TEXT
 10
9.860759039164318
 20
-20.062475512616814
 30
0.0
 70
0
  0
VERTEX
  5
F62
  8
TEXT
 10
9.890583321542874
 20
-20.041734258397828
 30
0.0
 70
0
  0
VERTEX
  5
F63
  8
TEXT
 10
9.918660462979073
 20
-20.01939795867274
 30
0.0
 70
0
  0
VERTEX
  5
F64
  8
TEXT
 10
9.94499046347292
 20
-19.995466613441558
 30
0.0
 70
0
  0
VERTEX
  5
F65
  8
TEXT
 10
9.96957332302441
 20
-19.969940222704277
 30
0.0
 70
0
  0
VERTEX
  5
F66
  8
TEXT
 10
9.992409041633547
 20
-19.9428187864609
 30
0.0
 70
0
  0
VERTEX
  5
F67
  8
TEXT
 10
10.013497619300328
 20
-19.914102304711424
 30
0.0
 70
0
  0
VERTEX
  5
F68
  8
TEXT
 10
10.032839056024756
 20
-19.88379077745585
 30
0.0
 70
0
  0
VERTEX
  5
F69
  8
TEXT
 10
10.050361471387804
 20
-19.85234386118119
 30
0.0
 70
0
  0
VERTEX
  5
F6A
  8
TEXT
 10
10.065992984970453
 20
-19.820221212374445
 30
0.0
 70
0
  0
VERTEX
  5
F6B
  8
TEXT
 10
10.079733596772703
 20
-19.787422831035617
 30
0.0
 70
0
  0
VERTEX
  5
F6C
  8
TEXT
 10
10.091583306794554
 20
-19.753948717164707
 30
0.0
 70
0
  0
VERTEX
  5
F6D
  8
TEXT
 10
10.101542115036004
 20
-19.719798870761718
 30
0.0
 70
0
  0
VERTEX
  5
F6E
  8
TEXT
 10
10.109610021497053
 20
-19.684973291826644
 30
0.0
 70
0
  0
VERTEX
  5
F6F
  8
TEXT
 10
10.115787026177703
 20
-19.649471980359486
 30
0.0
 70
0
  0
VERTEX
  5
F70
  8
TEXT
 10
10.120073129077953
 20
-19.61329493636025
 30
0.0
 70
0
  0
VERTEX
  5
F71
  8
TEXT
 10
10.122468330197803
 20
-19.57644215982893
 30
0.0
 70
0
  0
VERTEX
  5
F72
  8
TEXT
 10
10.12288581793146
 20
-19.539375317861474
 30
0.0
 70
0
  0
VERTEX
  5
F73
  8
TEXT
 10
10.121238780673135
 20
-19.502556077553823
 30
0.0
 70
0
  0
VERTEX
  5
F74
  8
TEXT
 10
10.117527218422827
 20
-19.465984438905984
 30
0.0
 70
0
  0
VERTEX
  5
F75
  8
TEXT
 10
10.111751131180537
 20
-19.42966040191795
 30
0.0
 70
0
  0
VERTEX
  5
F76
  8
TEXT
 10
10.103910518946261
 20
-19.393583966589723
 30
0.0
 70
0
  0
VERTEX
  5
F77
  8
TEXT
 10
10.094005381720004
 20
-19.357755132921305
 30
0.0
 70
0
  0
VERTEX
  5
F78
  8
TEXT
 10
10.082035719501762
 20
-19.322173900912695
 30
0.0
 70
0
  0
VERTEX
  5
F79
  8
TEXT
 10
10.06800153229154
 20
-19.286840270563893
 30
0.0
 70
0
  0
VERTEX
  5
F7A
  8
TEXT
 10
10.051902820089332
 20
-19.251754241874895
 30
0.0
 70
0
  0
VERTEX
  5
F7B
  8
TEXT
 10
10.034169641338396
 20
-19.217865245661603
 30
0.0
 70
0
  0
VERTEX
  5
F7C
  8
TEXT
 10
10.015099987496423
 20
-19.185853180146285
 30
0.0
 70
0
  0
VERTEX
  5
F7D
  8
TEXT
 10
9.994693858563416
 20
-19.155718045328936
 30
0.0
 70
0
  0
VERTEX
  5
F7E
  8
TEXT
 10
9.972951254539373
 20
-19.12745984120956
 30
0.0
 70
0
  0
VERTEX
  5
F7F
  8
TEXT
 10
9.949872175424295
 20
-19.101078567788157
 30
0.0
 70
0
  0
VERTEX
  5
F80
  8
TEXT
 10
9.925456621218181
 20
-19.076574225064725
 30
0.0
 70
0
  0
VERTEX
  5
F81
  8
TEXT
 10
9.899704591921033
 20
-19.053946813039264
 30
0.0
 70
0
  0
VERTEX
  5
F82
  8
TEXT
 10
9.87261608753285
 20
-19.033196331711775
 30
0.0
 70
0
  0
VERTEX
  5
F83
  8
TEXT
 10
9.840435586684917
 20
-19.01194513236514
 30
0.0
 70
0
  0
VERTEX
  5
F84
  8
TEXT
 10
9.807338065703862
 20
-18.993476142276084
 30
0.0
 70
0
  0
VERTEX
  5
F85
  8
TEXT
 10
9.773323524589689
 20
-18.977789361444614
 30
0.0
 70
0
  0
VERTEX
  5
F86
  8
TEXT
 10
9.738391963342394
 20
-18.964884789870727
 30
0.0
 70
0
  0
VERTEX
  5
F87
  8
TEXT
 10
9.70254338196198
 20
-18.954762427554424
 30
0.0
 70
0
  0
VERTEX
  5
F88
  8
TEXT
 10
9.665777780448446
 20
-18.94742227449571
 30
0.0
 70
0
  0
VERTEX
  5
F89
  8
TEXT
 10
9.628095158801791
 20
-18.942864330694576
 30
0.0
 70
0
  0
VERTEX
  5
F8A
  8
TEXT
 10
9.594739089691306
 20
-18.94128002913323
 30
0.0
 70
0
  0
VERTEX
  5
F8B
  8
TEXT
 10
9.561417862857976
 20
-18.942069093000782
 30
0.0
 70
0
  0
VERTEX
  5
F8C
  8
TEXT
 10
9.528131478301804
 20
-18.945231522297235
 30
0.0
 70
0
  0
VERTEX
  5
F8D
  8
TEXT
 10
9.494879936022786
 20
-18.950767317022585
 30
0.0
 70
0
  0
VERTEX
  5
F8E
  8
TEXT
 10
9.461663236020923
 20
-18.958676477176834
 30
0.0
 70
0
  0
VERTEX
  5
F8F
  8
TEXT
 10
9.428481378296219
 20
-18.968959002759984
 30
0.0
 70
0
  0
VERTEX
  5
F90
  8
TEXT
 10
9.395334362848669
 20
-18.981614893772033
 30
0.0
 70
0
  0
VERTEX
  5
F91
  8
TEXT
 10
9.362222189678274
 20
-18.996644150212983
 30
0.0
 70
0
  0
VERTEX
  5
F92
  8
TEXT
 10
9.329329444319766
 20
-19.013970752097197
 30
0.0
 70
0
  0
VERTEX
  5
F93
  8
TEXT
 10
9.298111365963548
 20
-19.032896077935703
 30
0.0
 70
0
  0
VERTEX
  5
F94
  8
TEXT
 10
9.268567954609619
 20
-19.0534201277285
 30
0.0
 70
0
  0
VERTEX
  5
F95
  8
TEXT
 10
9.24069921025798
 20
-19.075542901475583
 30
0.0
 70
0
  0
VERTEX
  5
F96
  8
TEXT
 10
9.214505132908627
 20
-19.099264399176956
 30
0.0
 70
0
  0
VERTEX
  5
F97
  8
TEXT
 10
9.189985722561564
 20
-19.124584620832618
 30
0.0
 70
0
  0
VERTEX
  5
F98
  8
TEXT
 10
9.167140979216791
 20
-19.151503566442567
 30
0.0
 70
0
  0
VERTEX
  5
F99
  8
TEXT
 10
9.145970902874307
 20
-19.180021236006805
 30
0.0
 70
0
  0
VERTEX
  5
F9A
  8
TEXT
 10
9.126475493534112
 20
-19.210137629525335
 30
0.0
 70
0
  0
VERTEX
  5
F9B
  8
TEXT
 10
9.108760857976323
 20
-19.24137632010028
 30
0.0
 70
0
  0
VERTEX
  5
F9C
  8
TEXT
 10
9.09293310298106
 20
-19.273260880833767
 30
0.0
 70
0
  0
VERTEX
  5
F9D
  8
TEXT
 10
9.078992228548323
 20
-19.305791311725798
 30
0.0
 70
0
  0
VERTEX
  5
F9E
  8
TEXT
 10
9.066938234678112
 20
-19.338967612776376
 30
0.0
 70
0
  0
VERTEX
  5
F9F
  8
TEXT
 10
9.056771121370426
 20
-19.372789783985496
 30
0.0
 70
0
  0
VERTEX
  5
FA0
  8
TEXT
 10
9.048490888625265
 20
-19.407257825353163
 30
0.0
 70
0
  0
VERTEX
  5
FA1
  8
TEXT
 10
9.042097536442629
 20
-19.442371736879373
 30
0.0
 70
0
  0
VERTEX
  5
FA2
  8
TEXT
 10
9.03759106482252
 20
-19.47813151856413
 30
0.0
 70
0
  0
VERTEX
  5
FA3
  8
TEXT
 10
9.034971473764934
 20
-19.514537170407426
 30
0.0
 70
0
  0
VERTEX
  5
FA4
  8
TEXT
 10
9.034352741100902
 20
-19.55119329604174
 30
0.0
 70
0
  0
VERTEX
  5
FA5
  8
TEXT
 10
9.035848844661444
 20
-19.587704499099527
 30
0.0
 70
0
  0
VERTEX
  5
FA6
  8
TEXT
 10
9.039459784446565
 20
-19.624070779580794
 30
0.0
 70
0
  0
VERTEX
  5
FA7
  8
TEXT
 10
9.045185560456263
 20
-19.66029213748554
 30
0.0
 70
0
  0
VERTEX
  5
FA8
  8
TEXT
 10
9.053026172690537
 20
-19.696368572813768
 30
0.0
 70
0
  0
VERTEX
  5
FA9
  8
TEXT
 10
9.062981621149389
 20
-19.732300085565473
 30
0.0
 70
0
  0
VERTEX
  5
FAA
  8
TEXT
 10
9.075051905832817
 20
-19.76808667574066
 30
0.0
 70
0
  0
VERTEX
  5
FAB
  8
TEXT
 10
9.089237026740822
 20
-19.80372834333932
 30
0.0
 70
0
  0
VERTEX
  5
FAC
  8
TEXT
 10
9.105536983873405
 20
-19.839225088361463
 30
0.0
 70
0
  0
VERTEX
  5
FAD
  8
TEXT
 10
9.12327812201856
 20
-19.873130328726603
 30
0.0
 70
0
  0
VERTEX
  5
FAE
  8
TEXT
 10
9.142371654043188
 20
-19.905191126697467
 30
0.0
 70
0
  0
VERTEX
  5
FAF
  8
TEXT
 10
9.16281757994729
 20
-19.935407482274055
 30
0.0
 70
0
  0
VERTEX
  5
FB0
  8
TEXT
 10
9.184615899730867
 20
-19.963779395456367
 30
0.0
 70
0
  0
VERTEX
  5
FB1
  8
TEXT
 10
9.207766613393915
 20
-19.990306866244403
 30
0.0
 70
0
  0
VERTEX
  5
FB2
  8
TEXT
 10
9.232269720936436
 20
-20.014989894638163
 30
0.0
 70
0
  0
VERTEX
  5
FB3
  8
TEXT
 10
9.258125222358432
 20
-20.03782848063765
 30
0.0
 70
0
  0
VERTEX
  5
FB4
  8
TEXT
 10
9.2853331176599
 20
-20.058822624242858
 30
0.0
 70
0
  0
VERTEX
  5
FB5
  8
TEXT
 10
9.317645017148813
 20
-20.080377790137984
 30
0.0
 70
0
  0
VERTEX
  5
FB6
  8
TEXT
 10
9.350845647635655
 20
-20.099164608033487
 30
0.0
 70
0
  0
VERTEX
  5
FB7
  8
TEXT
 10
9.384935009120426
 20
-20.115183077929363
 30
0.0
 70
0
  0
VERTEX
  5
FB8
  8
TEXT
 10
9.419913101603125
 20
-20.128433199825615
 30
0.0
 70
0
  0
VERTEX
  5
FB9
  8
TEXT
 10
9.455779925083753
 20
-20.13891497372224
 30
0.0
 70
0
  0
VERTEX
  5
FBA
  8
TEXT
 10
9.492535479562312
 20
-20.146628399619242
 30
0.0
 70
0
  0
VERTEX
  5
FBB
  8
TEXT
 10
9.530179765038799
 20
-20.15157347751662
 30
0.0
 70
0
  0
VERTEX
  5
FBC
  8
TEXT
 10
9.563492783544087
 20
-20.153481035297876
 30
0.0
 70
0
  0
VERTEX
  5
FBD
  8
TEXT
 10
9.596776699852914
 20
-20.152972126820913
 30
0.0
 70
0
  0
VERTEX
  5
FBE
  8
TEXT
 10
9.630031513965275
 20
-20.150046752085732
 30
0.0
 70
0
  0
VERTEX
  5
FBF
  8
TEXT
 10
9.663257225881175
 20
-20.144704911092326
 30
0.0
 70
0
  0
VERTEX
  5
FC0
  8
TEXT
 10
9.696453835600611
 20
-20.136946603840702
 30
0.0
 70
0
  0
VERTEX
  5
FC1
  8
TEXT
 10
9.729621343123585
 20
-20.126771830330856
 30
0.0
 70
0
  0
VERTEX
  5
FC2
  8
TEXT
 10
9.762759748450096
 20
-20.11418059056279
 30
0.0
 70
0
  0
SEQEND
  5
F5E
  8
TEXT
  0
POLYLINE
  5
FC3
  8
TEXT
 66
1
 10
0.0
 20
0.0
 30
0.0
 70
1
  0
VERTEX
  5
FC5
  8
TEXT
 10
11.048363516228564
 20
-19.731150344752315
 30
0.0
 70
0
  0
VERTEX
  5
FC6
  8
TEXT
 10
10.385718770548689
 20
-18.186825595760816
 30
0.0
 70
0
  0
VERTEX
  5
FC7
  8
TEXT
 10
10.625899175858773
 20
-18.041084626075406
 30
0.0
 70
0
  0
VERTEX
  5
FC8
  8
TEXT
 10
10.70408046023256
 20
-18.217536416039238
 30
0.0
 70
0
  0
VERTEX
  5
FC9
  8
TEXT
 10
10.70966589214267
 20
-18.181446111452885
 30
0.0
 70
0
  0
VERTEX
  5
FCA
  8
TEXT
 10
10.717607376403182
 20
-18.145932360197573
 30
0.0
 70
0
  0
VERTEX
  5
FCB
  8
TEXT
 10
10.72790491301409
 20
-18.110995162273305
 30
0.0
 70
0
  0
VERTEX
  5
FCC
  8
TEXT
 10
10.7405585019754
 20
-18.07663451768008
 30
0.0
 70
0
  0
VERTEX
  5
FCD
  8
TEXT
 10
10.755568143287109
 20
-18.042850426417896
 30
0.0
 70
0
  0
VERTEX
  5
FCE
  8
TEXT
 10
10.772933836949218
 20
-18.009642888486752
 30
0.0
 70
0
  0
VERTEX
  5
FCF
  8
TEXT
 10
10.791968539467934
 20
-17.976871522394912
 30
0.0
 70
0
  0
VERTEX
  5
FD0
  8
TEXT
 10
10.812697006957205
 20
-17.94556898892321
 30
0.0
 70
0
  0
VERTEX
  5
FD1
  8
TEXT
 10
10.83511923941703
 20
-17.91573528807164
 30
0.0
 70
0
  0
VERTEX
  5
FD2
  8
TEXT
 10
10.859235236847411
 20
-17.88737041984021
 30
0.0
 70
0
  0
VERTEX
  5
FD3
  8
TEXT
 10
10.885044999248349
 20
-17.860474384228915
 30
0.0
 70
0
  0
VERTEX
  5
FD4
  8
TEXT
 10
10.91254852661984
 20
-17.83504718123776
 30
0.0
 70
0
  0
VERTEX
  5
FD5
  8
TEXT
 10
10.94174581896189
 20
-17.811088810866735
 30
0.0
 70
0
  0
VERTEX
  5
FD6
  8
TEXT
 10
10.972636876274493
 20
-17.78859927311585
 30
0.0
 70
0
  0
VERTEX
  5
FD7
  8
TEXT
 10
11.005221698557651
 20
-17.767578567985105
 30
0.0
 70
0
  0
VERTEX
  5
FD8
  8
TEXT
 10
11.039858715394653
 20
-17.747809201149902
 30
0.0
 70
0
  0
VERTEX
  5
FD9
  8
TEXT
 10
11.074560271823632
 20
-17.73049727750115
 30
0.0
 70
0
  0
VERTEX
  5
FDA
  8
TEXT
 10
11.109326367844588
 20
-17.715642797038846
 30
0.0
 70
0
  0
VERTEX
  5
FDB
  8
TEXT
 10
11.144157003457519
 20
-17.703245759762986
 30
0.0
 70
0
  0
VERTEX
  5
FDC
  8
TEXT
 10
11.179052178662428
 20
-17.693306165673572
 30
0.0
 70
0
  0
VERTEX
  5
FDD
  8
TEXT
 10
11.214011893459311
 20
-17.685824014770606
 30
0.0
 70
0
  0
VERTEX
  5
FDE
  8
TEXT
 10
11.249036147848173
 20
-17.680799307054087
 30
0.0
 70
0
  0
VERTEX
  5
FDF
  8
TEXT
 10
11.284124941829013
 20
-17.678232042524012
 30
0.0
 70
0
  0
VERTEX
  5
FE0
  8
TEXT
 10
11.319278275401828
 20
-17.678122221180388
 30
0.0
 70
0
  0
VERTEX
  5
FE1
  8
TEXT
 10
11.354136057682458
 20
-17.68035397859004
 30
0.0
 70
0
  0
VERTEX
  5
FE2
  8
TEXT
 10
11.38833819778674
 20
-17.684811450319806
 30
0.0
 70
0
  0
VERTEX
  5
FE3
  8
TEXT
 10
11.421884695714677
 20
-17.691494636369686
 30
0.0
 70
0
  0
VERTEX
  5
FE4
  8
TEXT
 10
11.454775551466268
 20
-17.70040353673968
 30
0.0
 70
0
  0
VERTEX
  5
FE5
  8
TEXT
 10
11.48701076504151
 20
-17.71153815142979
 30
0.0
 70
0
  0
VERTEX
  5
FE6
  8
TEXT
 10
11.518590336440408
 20
-17.72489848044001
 30
0.0
 70
0
  0
VERTEX
  5
FE7
  8
TEXT
 10
11.549514265662957
 20
-17.740484523770345
 30
0.0
 70
0
  0
VERTEX
  5
FE8
  8
TEXT
 10
11.57978255270916
 20
-17.75829628142079
 30
0.0
 70
0
  0
VERTEX
  5
FE9
  8
TEXT
 10
11.609395197579016
 20
-17.778333753391355
 30
0.0
 70
0
  0
VERTEX
  5
FEA
  8
TEXT
 10
11.63798570324024
 20
-17.800507253608313
 30
0.0
 70
0
  0
VERTEX
  5
FEB
  8
TEXT
 10
11.66518757266055
 20
-17.824727095997947
 30
0.0
 70
0
  0
VERTEX
  5
FEC
  8
TEXT
 10
11.691000805839943
 20
-17.85099328056026
 30
0.0
 70
0
  0
VERTEX
  5
FED
  8
TEXT
 10
11.71542540277842
 20
-17.879305807295253
 30
0.0
 70
0
  0
VERTEX
  5
FEE
  8
TEXT
 10
11.738461363475983
 20
-17.909664676202922
 30
0.0
 70
0
  0
VERTEX
  5
FEF
  8
TEXT
 10
11.76010868793263
 20
-17.94206988728327
 30
0.0
 70
0
  0
VERTEX
  5
FF0
  8
TEXT
 10
11.78036737614836
 20
-17.9765214405363
 30
0.0
 70
0
  0
VERTEX
  5
FF1
  8
TEXT
 10
11.799237428123178
 20
-18.013019335962007
 30
0.0
 70
0
  0
VERTEX
  5
FF2
  8
TEXT
 10
11.816718843857076
 20
-18.051563573560387
 30
0.0
 70
0
  0
VERTEX
  5
FF3
  8
TEXT
 10
12.230790126985902
 20
-19.01365634014723
 30
0.0
 70
0
  0
VERTEX
  5
FF4
  8
TEXT
 10
11.982691686335926
 20
-19.164201957184904
 30
0.0
 70
0
  0
VERTEX
  5
FF5
  8
TEXT
 10
11.578793451033178
 20
-18.224825500621865
 30
0.0
 70
0
  0
VERTEX
  5
FF6
  8
TEXT
 10
11.561031826082754
 20
-18.187766469596987
 30
0.0
 70
0
  0
VERTEX
  5
FF7
  8
TEXT
 10
11.5417823891232
 20
-18.15383935201148
 30
0.0
 70
0
  0
VERTEX
  5
FF8
  8
TEXT
 10
11.521045140154516
 20
-18.123044147865343
 30
0.0
 70
0
  0
VERTEX
  5
FF9
  8
TEXT
 10
11.498820079176705
 20
-18.095380857158574
 30
0.0
 70
0
  0
VERTEX
  5
FFA
  8
TEXT
 10
11.47510720618976
 20
-18.070849479891177
 30
0.0
 70
0
  0
VERTEX
  5
FFB
  8
TEXT
 10
11.449906521193688
 20
-18.049450016063147
 30
0.0
 70
0
  0
VERTEX
  5
FFC
  8
TEXT
 10
11.423218024188484
 20
-18.031182465674487
 30
0.0
 70
0
  0
VERTEX
  5
FFD
  8
TEXT
 10
11.395041715174152
 20
-18.0160468287252
 30
0.0
 70
0
  0
VERTEX
  5
FFE
  8
TEXT
 10
11.36537759415069
 20
-18.00404310521528
 30
0.0
 70
0
  0
VERTEX
  5
FFF
  8
TEXT
 10
11.330997201170431
 20
-17.99443587853145
 30
0.0
 70
0
  0
VERTEX
  5
1000
  8
TEXT
 10
11.29627408304272
 20
-17.989099173757985
 30
0.0
 70
0
  0
VERTEX
  5
1001
  8
TEXT
 10
11.261208239767551
 20
-17.988032990894887
 30
0.0
 70
0
  0
VERTEX
  5
1002
  8
TEXT
 10
11.22579967134493
 20
-17.99123732994215
 30
0.0
 70
0
  0
VERTEX
  5
1003
  8
TEXT
 10
11.190048377774854
 20
-17.99871219089978
 30
0.0
 70
0
  0
VERTEX
  5
1004
  8
TEXT
 10
11.153954359057323
 20
-18.010457573767777
 30
0.0
 70
0
  0
VERTEX
  5
1005
  8
TEXT
 10
11.11751761519234
 20
-18.026473478546137
 30
0.0
 70
0
  0
VERTEX
  5
1006
  8
TEXT
 10
11.080738146179899
 20
-18.046759905234865
 30
0.0
 70
0
  0
VERTEX
  5
1007
  8
TEXT
 10
11.047681738951233
 20
-18.068573890156337
 30
0.0
 70
0
  0
VERTEX
  5
1008
  8
TEXT
 10
11.017135490210974
 20
-18.092375567867776
 30
0.0
 70
0
  0
VERTEX
  5
1009
  8
TEXT
 10
10.989099399959121
 20
-18.11816493836919
 30
0.0
 70
0
  0
VERTEX
  5
100A
  8
TEXT
 10
10.963573468195676
 20
-18.145942001660572
 30
0.0
 70
0
  0
VERTEX
  5
100B
  8
TEXT
 10
10.940557694920637
 20
-18.175706757741928
 30
0.0
 70
0
  0
VERTEX
  5
100C
  8
TEXT
 10
10.920052080134004
 20
-18.20745920661325
 30
0.0
 70
0
  0
VERTEX
  5
100D
  8
TEXT
 10
10.90225307954849
 20
-18.240779209208757
 30
0.0
 70
0
  0
VERTEX
  5
100E
  8
TEXT
 10
10.887357148876802
 20
-18.275246626462664
 30
0.0
 70
0
  0
VERTEX
  5
100F
  8
TEXT
 10
10.875364288118941
 20
-18.31086145837497
 30
0.0
 70
0
  0
VERTEX
  5
1010
  8
TEXT
 10
10.866274497274908
 20
-18.347623704945672
 30
0.0
 70
0
  0
VERTEX
  5
1011
  8
TEXT
 10
10.860087776344702
 20
-18.385533366174773
 30
0.0
 70
0
  0
VERTEX
  5
1012
  8
TEXT
 10
10.856804125328324
 20
-18.424590442062275
 30
0.0
 70
0
  0
VERTEX
  5
1013
  8
TEXT
 10
10.85640698694168
 20
-18.45873212725122
 30
0.0
 70
0
  0
VERTEX
  5
1014
  8
TEXT
 10
10.858356342169397
 20
-18.493218697303714
 30
0.0
 70
0
  0
VERTEX
  5
1015
  8
TEXT
 10
10.862652191011476
 20
-18.52805015221976
 30
0.0
 70
0
  0
VERTEX
  5
1016
  8
TEXT
 10
10.869294533467919
 20
-18.56322649199935
 30
0.0
 70
0
  0
VERTEX
  5
1017
  8
TEXT
 10
10.878283369538723
 20
-18.598747716642492
 30
0.0
 70
0
  0
VERTEX
  5
1018
  8
TEXT
 10
10.88961869922389
 20
-18.634613826149184
 30
0.0
 70
0
  0
VERTEX
  5
1019
  8
TEXT
 10
10.90330052252342
 20
-18.670824820519424
 30
0.0
 70
0
  0
VERTEX
  5
101A
  8
TEXT
 10
11.296461956878542
 20
-19.58060472771464
 30
0.0
 70
0
  0
SEQEND
  5
FC4
  8
TEXT
  0
POLYLINE
  5
101B
  8
TEXT
 66
1
 10
0.0
 20
0.0
 30
0.0
 70
1
  0
VERTEX
  5
101D
  8
TEXT
 10
12.668488926129342
 20
-18.717335713436615
 30
0.0
 70
0
  0
VERTEX
  5
101E
  8
TEXT
 10
11.911535236549135
 20
-17.21905602144384
 30
0.0
 70
0
  0
VERTEX
  5
101F
  8
TEXT
 10
12.151855722275515
 20
-17.052286330378596
 30
0.0
 70
0
  0
VERTEX
  5
1020
  8
TEXT
 10
12.90880941185572
 20
-18.550566022371367
 30
0.0
 70
0
  0
SEQEND
  5
101C
  8
TEXT
  0
POLYLINE
  5
1021
  8
TEXT
 66
1
 10
0.0
 20
0.0
 30
0.0
 70
1
  0
VERTEX
  5
1023
  8
TEXT
 10
11.79035684787372
 20
-16.978099285497866
 30
0.0
 70
0
  0
VERTEX
  5
1024
  8
TEXT
 10
11.620994579659007
 20
-16.644693922017737
 30
0.0
 70
0
  0
VERTEX
  5
1025
  8
TEXT
 10
11.861315065385385
 20
-16.477924230952492
 30
0.0
 70
0
  0
VERTEX
  5
1026
  8
TEXT
 10
12.0306773336001
 20
-16.81132959443262
 30
0.0
 70
0
  0
SEQEND
  5
1022
  8
TEXT
  0
POLYLINE
  5
1027
  8
TEXT
 66
1
 10
0.0
 20
0.0
 30
0.0
 70
1
  0
VERTEX
  5
1029
  8
TEXT
 10
14.051575872674073
 20
-17.747938034260585
 30
0.0
 70
0
  0
VERTEX
  5
102A
  8
TEXT
 10
14.018922396552053
 20
-17.772708248675514
 30
0.0
 70
0
  0
VERTEX
  5
102B
  8
TEXT
 10
13.985843006253104
 20
-17.79558581512687
 30
0.0
 70
0
  0
VERTEX
  5
102C
  8
TEXT
 10
13.952337701777225
 20
-17.816570733614657
 30
0.0
 70
0
  0
VERTEX
  5
102D
  8
TEXT
 10
13.918406483124416
 20
-17.835663004138876
 30
0.0
 70
0
  0
VERTEX
  5
102E
  8
TEXT
 10
13.88404935029468
 20
-17.852862626699526
 30
0.0
 70
0
  0
VERTEX
  5
102F
  8
TEXT
 10
13.849266303288015
 20
-17.86816960129661
 30
0.0
 70
0
  0
VERTEX
  5
1030
  8
TEXT
 10
13.81405734210442
 20
-17.881583927930123
 30
0.0
 70
0
  0
VERTEX
  5
1031
  8
TEXT
 10
13.778422466743896
 20
-17.89310560660007
 30
0.0
 70
0
  0
VERTEX
  5
1032
  8
TEXT
 10
13.742361677206445
 20
-17.902734637306445
 30
0.0
 70
0
  0
VERTEX
  5
1033
  8
TEXT
 10
13.705874973492062
 20
-17.910471020049254
 30
0.0
 70
0
  0
VERTEX
  5
1034
  8
TEXT
 10
13.668962355600751
 20
-17.916314754828495
 30
0.0
 70
0
  0
VERTEX
  5
1035
  8
TEXT
 10
13.631938922652534
 20
-17.92030908326366
 30
0.0
 70
0
  0
VERTEX
  5
1036
  8
TEXT
 10
13.59511977376743
 20
-17.922497246974245
 30
0.0
 70
0
  0
VERTEX
  5
1037
  8
TEXT
 10
13.558504908945439
 20
-17.922879245960257
 30
0.0
 70
0
  0
VERTEX
  5
1038
  8
TEXT
 10
13.522094328186563
 20
-17.921455080221683
 30
0.0
 70
0
  0
VERTEX
  5
1039
  8
TEXT
 10
13.485888031490802
 20
-17.918224749758533
 30
0.0
 70
0
  0
VERTEX
  5
103A
  8
TEXT
 10
13.449886018858153
 20
-17.913188254570805
 30
0.0
 70
0
  0
VERTEX
  5
103B
  8
TEXT
 10
13.41408829028862
 20
-17.906345594658497
 30
0.0
 70
0
  0
VERTEX
  5
103C
  8
TEXT
 10
13.378494845782198
 20
-17.89769677002161
 30
0.0
 70
0
  0
VERTEX
  5
103D
  8
TEXT
 10
13.343105685338893
 20
-17.887241780660148
 30
0.0
 70
0
  0
VERTEX
  5
103E
  8
TEXT
 10
13.307920808958698
 20
-17.874980626574104
 30
0.0
 70
0
  0
VERTEX
  5
103F
  8
TEXT
 10
13.27294021664162
 20
-17.86091330776348
 30
0.0
 70
0
  0
VERTEX
  5
1040
  8
TEXT
 10
13.241294930888163
 20
-17.84649377744604
 30
0.0
 70
0
  0
VERTEX
  5
1041
  8
TEXT
 10
13.210302899151246
 20
-17.830680921977386
 30
0.0
 70
0
  0
VERTEX
  5
1042
  8
TEXT
 10
13.179964121430869
 20
-17.813474741357528
 30
0.0
 70
0
  0
VERTEX
  5
1043
  8
TEXT
 10
13.150278597727034
 20
-17.79487523558646
 30
0.0
 70
0
  0
VERTEX
  5
1044
  8
TEXT
 10
13.121246328039739
 20
-17.77488240466418
 30
0.0
 70
0
  0
VERTEX
  5
1045
  8
TEXT
 10
13.092867312368984
 20
-17.753496248590693
 30
0.0
 70
0
  0
VERTEX
  5
1046
  8
TEXT
 10
13.06514155071477
 20
-17.730716767365994
 30
0.0
 70
0
  0
VERTEX
  5
1047
  8
TEXT
 10
13.038069043077098
 20
-17.70654396099009
 30
0.0
 70
0
  0
VERTEX
  5
1048
  8
TEXT
 10
13.011649789455966
 20
-17.68097782946297
 30
0.0
 70
0
  0
VERTEX
  5
1049
  8
TEXT
 10
12.985883789851373
 20
-17.65401837278465
 30
0.0
 70
0
  0
VERTEX
  5
104A
  8
TEXT
 10
12.960771044263321
 20
-17.625665590955112
 30
0.0
 70
0
  0
VERTEX
  5
104B
  8
TEXT
 10
12.936311552691812
 20
-17.59591948397437
 30
0.0
 70
0
  0
VERTEX
  5
104C
  8
TEXT
 10
12.912842612030198
 20
-17.565214685769526
 30
0.0
 70
0
  0
VERTEX
  5
104D
  8
TEXT
 10
12.890765447289883
 20
-17.53406647336586
 30
0.0
 70
0
  0
VERTEX
  5
104E
  8
TEXT
 10
12.87008005847087
 20
-17.50247484676337
 30
0.0
 70
0
  0
VERTEX
  5
104F
  8
TEXT
 10
12.850786445573156
 20
-17.47043980596205
 30
0.0
 70
0
  0
VERTEX
  5
1050
  8
TEXT
 10
12.832884608596743
 20
-17.43796135096191
 30
0.0
 70
0
  0
VERTEX
  5
1051
  8
TEXT
 10
12.81637454754163
 20
-17.405039481762945
 30
0.0
 70
0
  0
VERTEX
  5
1052
  8
TEXT
 10
12.801256262407817
 20
-17.371674198365152
 30
0.0
 70
0
  0
VERTEX
  5
1053
  8
TEXT
 10
12.787529753195304
 20
-17.337865500768537
 30
0.0
 70
0
  0
VERTEX
  5
1054
  8
TEXT
 10
12.775195019904091
 20
-17.303613388973098
 30
0.0
 70
0
  0
VERTEX
  5
1055
  8
TEXT
 10
12.764252062534178
 20
-17.26891786297883
 30
0.0
 70
0
  0
VERTEX
  5
1056
  8
TEXT
 10
12.753704249876373
 20
-17.23011945664368
 30
0.0
 70
0
  0
VERTEX
  5
1057
  8
TEXT
 10
12.744832077256872
 20
-17.19131808895752
 30
0.0
 70
0
  0
VERTEX
  5
1058
  8
TEXT
 10
12.737635544675676
 20
-17.152513759920343
 30
0.0
 70
0
  0
VERTEX
  5
1059
  8
TEXT
 10
12.732114652132784
 20
-17.11370646953215
 30
0.0
 70
0
  0
VERTEX
  5
105A
  8
TEXT
 10
12.728269399628198
 20
-17.074896217792944
 30
0.0
 70
0
  0
VERTEX
  5
105B
  8
TEXT
 10
12.726099787161917
 20
-17.036083004702725
 30
0.0
 70
0
  0
VERTEX
  5
105C
  8
TEXT
 10
12.72560581473394
 20
-16.997266830261488
 30
0.0
 70
0
  0
VERTEX
  5
105D
  8
TEXT
 10
12.72678748234427
 20
-16.95844769446924
 30
0.0
 70
0
  0
VERTEX
  5
105E
  8
TEXT
 10
12.729644789992902
 20
-16.919625597325975
 30
0.0
 70
0
  0
VERTEX
  5
105F
  8
TEXT
 10
12.734166999080141
 20
-16.881040078906967
 30
0.0
 70
0
  0
VERTEX
  5
1060
  8
TEXT
 10
12.740343371006283
 20
-16.842930679287477
 30
0.0
 70
0
  0
VERTEX
  5
1061
  8
TEXT
 10
12.74817390577133
 20
-16.805297398467506
 30
0.0
 70
0
  0
VERTEX
  5
1062
  8
TEXT
 10
12.757658603375281
 20
-16.768140236447056
 30
0.0
 70
0
  0
VERTEX
  5
1063
  8
TEXT
 10
12.768797463818137
 20
-16.731459193226126
 30
0.0
 70
0
  0
VERTEX
  5
1064
  8
TEXT
 10
12.781590487099896
 20
-16.695254268804714
 30
0.0
 70
0
  0
VERTEX
  5
1065
  8
TEXT
 10
12.79603767322056
 20
-16.659525463182824
 30
0.0
 70
0
  0
VERTEX
  5
1066
  8
TEXT
 10
12.81213902218013
 20
-16.624272776360456
 30
0.0
 70
0
  0
VERTEX
  5
1067
  8
TEXT
 10
12.829894533978601
 20
-16.589496208337604
 30
0.0
 70
0
  0
VERTEX
  5
1068
  8
TEXT
 10
12.847240275179214
 20
-16.558810282731137
 30
0.0
 70
0
  0
VERTEX
  5
1069
  8
TEXT
 10
12.86582883098879
 20
-16.528921821433304
 30
0.0
 70
0
  0
VERTEX
  5
106A
  8
TEXT
 10
12.885660201407326
 20
-16.499830824444103
 30
0.0
 70
0
  0
VERTEX
  5
106B
  8
TEXT
 10
12.906734386434824
 20
-16.471537291763532
 30
0.0
 70
0
  0
VERTEX
  5
106C
  8
TEXT
 10
12.929051386071283
 20
-16.44404122339159
 30
0.0
 70
0
  0
VERTEX
  5
106D
  8
TEXT
 10
12.952611200316705
 20
-16.417342619328284
 30
0.0
 70
0
  0
VERTEX
  5
106E
  8
TEXT
 10
12.977413829171088
 20
-16.391441479573608
 30
0.0
 70
0
  0
VERTEX
  5
106F
  8
TEXT
 10
13.003459272634432
 20
-16.36633780412756
 30
0.0
 70
0
  0
VERTEX
  5
1070
  8
TEXT
 10
13.030747530706737
 20
-16.342031592990146
 30
0.0
 70
0
  0
VERTEX
  5
1071
  8
TEXT
 10
13.059278603388005
 20
-16.318522846161365
 30
0.0
 70
0
  0
VERTEX
  5
1072
  8
TEXT
 10
13.092450908158726
 20
-16.293364997312175
 30
0.0
 70
0
  0
VERTEX
  5
1073
  8
TEXT
 10
13.126042089723036
 20
-16.27015268726911
 30
0.0
 70
0
  0
VERTEX
  5
1074
  8
TEXT
 10
13.160052148080934
 20
-16.248885916032165
 30
0.0
 70
0
  0
VERTEX
  5
1075
  8
TEXT
 10
13.19448108323242
 20
-16.229564683601346
 30
0.0
 70
0
  0
VERTEX
  5
1076
  8
TEXT
 10
13.229328895177495
 20
-16.212188989976646
 30
0.0
 70
0
  0
VERTEX
  5
1077
  8
TEXT
 10
13.264595583916158
 20
-16.19675883515807
 30
0.0
 70
0
  0
VERTEX
  5
1078
  8
TEXT
 10
13.30028114944841
 20
-16.183274219145616
 30
0.0
 70
0
  0
VERTEX
  5
1079
  8
TEXT
 10
13.336385591774249
 20
-16.171735141939287
 30
0.0
 70
0
  0
VERTEX
  5
107A
  8
TEXT
 10
13.372649249013081
 20
-16.16208582943563
 30
0.0
 70
0
  0
VERTEX
  5
107B
  8
TEXT
 10
13.408812459284306
 20
-16.1542705075312
 30
0.0
 70
0
  0
VERTEX
  5
107C
  8
TEXT
 10
13.444875222587925
 20
-16.148289176226
 30
0.0
 70
0
  0
VERTEX
  5
107D
  8
TEXT
 10
13.480837538923938
 20
-16.144141835520028
 30
0.0
 70
0
  0
VERTEX
  5
107E
  8
TEXT
 10
13.516699408292345
 20
-16.14182848541328
 30
0.0
 70
0
  0
VERTEX
  5
107F
  8
TEXT
 10
13.552460830693144
 20
-16.141349125905762
 30
0.0
 70
0
  0
VERTEX
  5
1080
  8
TEXT
 10
13.58812180612634
 20
-16.14270375699747
 30
0.0
 70
0
  0
VERTEX
  5
1081
  8
TEXT
 10
13.623682334591928
 20
-16.145892378688405
 30
0.0
 70
0
  0
VERTEX
  5
1082
  8
TEXT
 10
13.658824900852254
 20
-16.150951246363157
 30
0.0
 70
0
  0
VERTEX
  5
1083
  8
TEXT
 10
13.69323198966966
 20
-16.157916615406307
 30
0.0
 70
0
  0
VERTEX
  5
1084
  8
TEXT
 10
13.72690360104415
 20
-16.16678848581786
 30
0.0
 70
0
  0
VERTEX
  5
1085
  8
TEXT
 10
13.75983973497572
 20
-16.177566857597817
 30
0.0
 70
0
  0
VERTEX
  5
1086
  8
TEXT
 10
13.792040391464372
 20
-16.190251730746176
 30
0.0
 70
0
  0
VERTEX
  5
1087
  8
TEXT
 10
13.823505570510106
 20
-16.204843105262935
 30
0.0
 70
0
  0
VERTEX
  5
1088
  8
TEXT
 10
13.85423527211292
 20
-16.2213409811481
 30
0.0
 70
0
  0
VERTEX
  5
1089
  8
TEXT
 10
13.884229496272816
 20
-16.239745358401663
 30
0.0
 70
0
  0
VERTEX
  5
108A
  8
TEXT
 10
13.75098818964813
 20
-16.494090368093918
 30
0.0
 70
0
  0
VERTEX
  5
108B
  8
TEXT
 10
13.716585033224593
 20
-16.47488122423432
 30
0.0
 70
0
  0
VERTEX
  5
108C
  8
TEXT
 10
13.681379787472368
 20
-16.459021435663942
 30
0.0
 70
0
  0
VERTEX
  5
108D
  8
TEXT
 10
13.645372452391454
 20
-16.446511002382785
 30
0.0
 70
0
  0
VERTEX
  5
108E
  8
TEXT
 10
13.608563027981853
 20
-16.43734992439085
 30
0.0
 70
0
  0
VERTEX
  5
108F
  8
TEXT
 10
13.570951514243564
 20
-16.43153820168814
 30
0.0
 70
0
  0
VERTEX
  5
1090
  8
TEXT
 10
13.532537911176588
 20
-16.429075834274652
 30
0.0
 70
0
  0
VERTEX
  5
1091
  8
TEXT
 10
13.493322218780921
 20
-16.429962822150383
 30
0.0
 70
0
  0
VERTEX
  5
1092
  8
TEXT
 10
13.458915140822068
 20
-16.433577486816965
 30
0.0
 70
0
  0
VERTEX
  5
1093
  8
TEXT
 10
13.42502319680052
 20
-16.43993856615611
 30
0.0
 70
0
  0
VERTEX
  5
1094
  8
TEXT
 10
13.391646386716278
 20
-16.449046060167817
 30
0.0
 70
0
  0
VERTEX
  5
1095
  8
TEXT
 10
13.358784710569346
 20
-16.460899968852086
 30
0.0
 70
0
  0
VERTEX
  5
1096
  8
TEXT
 10
13.326438168359719
 20
-16.475500292208917
 30
0.0
 70
0
  0
VERTEX
  5
1097
  8
TEXT
 10
13.2946067600874
 20
-16.49284703023831
 30
0.0
 70
0
  0
VERTEX
  5
1098
  8
TEXT
 10
13.263290485752387
 20
-16.512940182940266
 30
0.0
 70
0
  0
VERTEX
  5
1099
  8
TEXT
 10
13.232489345354681
 20
-16.535779750314784
 30
0.0
 70
0
  0
VERTEX
  5
109A
  8
TEXT
 10
13.203723994435283
 20
-16.56001159788828
 30
0.0
 70
0
  0
VERTEX
  5
109B
  8
TEXT
 10
13.177103834317343
 20
-16.585400333253006
 30
0.0
 70
0
  0
VERTEX
  5
109C
  8
TEXT
 10
13.152628865000862
 20
-16.611945956408967
 30
0.0
 70
0
  0
VERTEX
  5
109D
  8
TEXT
 10
13.130299086485843
 20
-16.639648467356157
 30
0.0
 70
0
  0
VERTEX
  5
109E
  8
TEXT
 10
13.110114498772283
 20
-16.66850786609458
 30
0.0
 70
0
  0
VERTEX
  5
109F
  8
TEXT
 10
13.092075101860184
 20
-16.698524152624234
 30
0.0
 70
0
  0
VERTEX
  5
10A0
  8
TEXT
 10
13.076180895749545
 20
-16.729697326945125
 30
0.0
 70
0
  0
VERTEX
  5
10A1
  8
TEXT
 10
13.062431880440366
 20
-16.762027389057245
 30
0.0
 70
0
  0
VERTEX
  5
10A2
  8
TEXT
 10
13.050828055932646
 20
-16.795514338960597
 30
0.0
 70
0
  0
VERTEX
  5
10A3
  8
TEXT
 10
13.041291914699615
 20
-16.82968460858006
 30
0.0
 70
0
  0
VERTEX
  5
10A4
  8
TEXT
 10
13.033745949214497
 20
-16.86406462984051
 30
0.0
 70
0
  0
VERTEX
  5
10A5
  8
TEXT
 10
13.028190159477294
 20
-16.89865440274194
 30
0.0
 70
0
  0
VERTEX
  5
10A6
  8
TEXT
 10
13.024624545488008
 20
-16.933453927284358
 30
0.0
 70
0
  0
VERTEX
  5
10A7
  8
TEXT
 10
13.023049107246635
 20
-16.968463203467763
 30
0.0
 70
0
  0
VERTEX
  5
10A8
  8
TEXT
 10
13.023463844753177
 20
-17.003682231292153
 30
0.0
 70
0
  0
VERTEX
  5
10A9
  8
TEXT
 10
13.025868758007633
 20
-17.039111010757527
 30
0.0
 70
0
  0
VERTEX
  5
10AA
  8
TEXT
 10
13.030263847010005
 20
-17.074749541863884
 30
0.0
 70
0
  0
VERTEX
  5
10AB
  8
TEXT
 10
13.03664911176029
 20
-17.11059782461123
 30
0.0
 70
0
  0
VERTEX
  5
10AC
  8
TEXT
 10
13.044927603506213
 20
-17.146203782211774
 30
0.0
 70
0
  0
VERTEX
  5
10AD
  8
TEXT
 10
13.055002373495494
 20
-17.181115337877724
 30
0.0
 70
0
  0
VERTEX
  5
10AE
  8
TEXT
 10
13.066873421728133
 20
-17.215332491609086
 30
0.0
 70
0
  0
VERTEX
  5
10AF
  8
TEXT
 10
13.080540748204129
 20
-17.24885524340586
 30
0.0
 70
0
  0
VERTEX
  5
10B0
  8
TEXT
 10
13.096004352923481
 20
-17.281683593268042
 30
0.0
 70
0
  0
VERTEX
  5
10B1
  8
TEXT
 10
13.113264235886193
 20
-17.313817541195633
 30
0.0
 70
0
  0
VERTEX
  5
10B2
  8
TEXT
 10
13.132320397092263
 20
-17.345257087188635
 30
0.0
 70
0
  0
VERTEX
  5
10B3
  8
TEXT
 10
13.153172836541689
 20
-17.376002231247046
 30
0.0
 70
0
  0
VERTEX
  5
10B4
  8
TEXT
 10
13.175821554234474
 20
-17.406052973370866
 30
0.0
 70
0
  0
VERTEX
  5
10B5
  8
TEXT
 10
13.20045519584226
 20
-17.435555012415847
 30
0.0
 70
0
  0
VERTEX
  5
10B6
  8
TEXT
 10
13.225930571244017
 20
-17.46297398269269
 30
0.0
 70
0
  0
VERTEX
  5
10B7
  8
TEXT
 10
13.252247680439742
 20
-17.4883098842014
 30
0.0
 70
0
  0
VERTEX
  5
10B8
  8
TEXT
 10
13.27940652342944
 20
-17.511562716941967
 30
0.0
 70
0
  0
VERTEX
  5
10B9
  8
TEXT
 10
13.307407100213108
 20
-17.532732480914397
 30
0.0
 70
0
  0
VERTEX
  5
10BA
  8
TEXT
 10
13.336249410790746
 20
-17.551819176118688
 30
0.0
 70
0
  0
VERTEX
  5
10BB
  8
TEXT
 10
13.365933455162356
 20
-17.56882280255484
 30
0.0
 70
0
  0
VERTEX
  5
10BC
  8
TEXT
 10
13.396459233327935
 20
-17.583743360222858
 30
0.0
 70
0
  0
VERTEX
  5
10BD
  8
TEXT
 10
13.431955039852102
 20
-17.598156755750487
 30
0.0
 70
0
  0
VERTEX
  5
10BE
  8
TEXT
 10
13.467707270710173
 20
-17.609673460541497
 30
0.0
 70
0
  0
VERTEX
  5
10BF
  8
TEXT
 10
13.503715925902148
 20
-17.618293474595887
 30
0.0
 70
0
  0
VERTEX
  5
10C0
  8
TEXT
 10
13.539981005428023
 20
-17.62401679791366
 30
0.0
 70
0
  0
VERTEX
  5
10C1
  8
TEXT
 10
13.576502509287803
 20
-17.626843430494812
 30
0.0
 70
0
  0
VERTEX
  5
10C2
  8
TEXT
 10
13.613280437481484
 20
-17.626773372339343
 30
0.0
 70
0
  0
VERTEX
  5
10C3
  8
TEXT
 10
13.650314790009068
 20
-17.62380662344726
 30
0.0
 70
0
  0
VERTEX
  5
10C4
  8
TEXT
 10
13.687081715434159
 20
-17.617916253429517
 30
0.0
 70
0
  0
VERTEX
  5
10C5
  8
TEXT
 10
13.723057362320358
 20
-17.609075331897085
 30
0.0
 70
0
  0
VERTEX
  5
10C6
  8
TEXT
 10
13.758241730667667
 20
-17.59728385884996
 30
0.0
 70
0
  0
VERTEX
  5
10C7
  8
TEXT
 10
13.792634820476085
 20
-17.582541834288143
 30
0.0
 70
0
  0
VERTEX
  5
10C8
  8
TEXT
 10
13.82623663174561
 20
-17.564849258211638
 30
0.0
 70
0
  0
VERTEX
  5
10C9
  8
TEXT
 10
13.859047164476246
 20
-17.54420613062044
 30
0.0
 70
0
  0
VERTEX
  5
10CA
  8
TEXT
 10
13.891066418667991
 20
-17.520612451514555
 30
0.0
 70
0
  0
VERTEX
  5
10CB
  8
TEXT
 10
13.921437821966578
 20
-17.494881827159805
 30
0.0
 70
0
  0
VERTEX
  5
10CC
  8
TEXT
 10
13.949348003677468
 20
-17.46779361661592
 30
0.0
 70
0
  0
VERTEX
  5
10CD
  8
TEXT
 10
13.97479696380066
 20
-17.439347819882908
 30
0.0
 70
0
  0
VERTEX
  5
10CE
  8
TEXT
 10
13.997784702336155
 20
-17.40954443696076
 30
0.0
 70
0
  0
VERTEX
  5
10CF
  8
TEXT
 10
14.018311219283953
 20
-17.378383467849485
 30
0.0
 70
0
  0
VERTEX
  5
10D0
  8
TEXT
 10
14.036376514644054
 20
-17.345864912549075
 30
0.0
 70
0
  0
VERTEX
  5
10D1
  8
TEXT
 10
14.051980588416457
 20
-17.311988771059532
 30
0.0
 70
0
  0
VERTEX
  5
10D2
  8
TEXT
 10
14.065123440601164
 20
-17.27675504338086
 30
0.0
 70
0
  0
VERTEX
  5
10D3
  8
TEXT
 10
14.075813731783215
 20
-17.240757040962638
 30
0.0
 70
0
  0
VERTEX
  5
10D4
  8
TEXT
 10
14.08406012254765
 20
-17.204588075254456
 30
0.0
 70
0
  0
VERTEX
  5
10D5
  8
TEXT
 10
14.089862612894466
 20
-17.16824814625631
 30
0.0
 70
0
  0
VERTEX
  5
10D6
  8
TEXT
 10
14.093221202823665
 20
-17.1317372539682
 30
0.0
 70
0
  0
VERTEX
  5
10D7
  8
TEXT
 10
14.094135892335249
 20
-17.095055398390127
 30
0.0
 70
0
  0
VERTEX
  5
10D8
  8
TEXT
 10
14.092606681429215
 20
-17.058202579522092
 30
0.0
 70
0
  0
VERTEX
  5
10D9
  8
TEXT
 10
14.088633570105564
 20
-17.021178797364094
 30
0.0
 70
0
  0
VERTEX
  5
10DA
  8
TEXT
 10
14.082216558364298
 20
-16.983984051916135
 30
0.0
 70
0
  0
VERTEX
  5
10DB
  8
TEXT
 10
14.364128147729927
 20
-16.935817800220313
 30
0.0
 70
0
  0
VERTEX
  5
10DC
  8
TEXT
 10
14.370979084222489
 20
-16.97115272944089
 30
0.0
 70
0
  0
VERTEX
  5
10DD
  8
TEXT
 10
14.37605493201471
 20
-17.006694468960387
 30
0.0
 70
0
  0
VERTEX
  5
10DE
  8
TEXT
 10
14.379355691106591
 20
-17.042443018778794
 30
0.0
 70
0
  0
VERTEX
  5
10DF
  8
TEXT
 10
14.380881361498131
 20
-17.078398378896118
 30
0.0
 70
0
  0
VERTEX
  5
10E0
  8
TEXT
 10
14.380631943189329
 20
-17.11456054931236
 30
0.0
 70
0
  0
VERTEX
  5
10E1
  8
TEXT
 10
14.378607436180186
 20
-17.150929530027515
 30
0.0
 70
0
  0
VERTEX
  5
10E2
  8
TEXT
 10
14.374807840470702
 20
-17.187505321041584
 30
0.0
 70
0
  0
VERTEX
  5
10E3
  8
TEXT
 10
14.369233156060876
 20
-17.224287922354574
 30
0.0
 70
0
  0
VERTEX
  5
10E4
  8
TEXT
 10
14.361920428113322
 20
-17.26099404617821
 30
0.0
 70
0
  0
VERTEX
  5
10E5
  8
TEXT
 10
14.352906701790653
 20
-17.297340404724242
 30
0.0
 70
0
  0
VERTEX
  5
10E6
  8
TEXT
 10
14.34219197709287
 20
-17.333326997992664
 30
0.0
 70
0
  0
VERTEX
  5
10E7
  8
TEXT
 10
14.329776254019972
 20
-17.36895382598348
 30
0.0
 70
0
  0
VERTEX
  5
10E8
  8
TEXT
 10
14.315659532571958
 20
-17.404220888696685
 30
0.0
 70
0
  0
VERTEX
  5
10E9
  8
TEXT
 10
14.299841812748829
 20
-17.439128186132283
 30
0.0
 70
0
  0
VERTEX
  5
10EA
  8
TEXT
 10
14.282323094550586
 20
-17.47367571829027
 30
0.0
 70
0
  0
VERTEX
  5
10EB
  8
TEXT
 10
14.263103377977227
 20
-17.50786348517065
 30
0.0
 70
0
  0
VERTEX
  5
10EC
  8
TEXT
 10
14.244633979038934
 20
-17.537697795547817
 30
0.0
 70
0
  0
VERTEX
  5
10ED
  8
TEXT
 10
14.224906165799014
 20
-17.566742265805416
 30
0.0
 70
0
  0
VERTEX
  5
10EE
  8
TEXT
 10
14.20391993825747
 20
-17.594996895943442
 30
0.0
 70
0
  0
VERTEX
  5
10EF
  8
TEXT
 10
14.181675296414301
 20
-17.622461685961895
 30
0.0
 70
0
  0
VERTEX
  5
10F0
  8
TEXT
 10
14.158172240269506
 20
-17.649136635860778
 30
0.0
 70
0
  0
VERTEX
  5
10F1
  8
TEXT
 10
14.133410769823085
 20
-17.675021745640088
 30
0.0
 70
0
  0
VERTEX
  5
10F2
  8
TEXT
 10
14.10739088507504
 20
-17.700117015299828
 30
0.0
 70
0
  0
VERTEX
  5
10F3
  8
TEXT
 10
14.08011258602537
 20
-17.72442244483999
 30
0.0
 70
0
  0
SEQEND
  5
1028
  8
TEXT
  0
POLYLINE
  5
10F4
  8
TEXT
 66
1
 10
0.0
 20
0.0
 30
0.0
 70
1
  0
VERTEX
  5
10F6
  8
TEXT
 10
15.412656455069772
 20
-16.58077097055357
 30
0.0
 70
0
  0
VERTEX
  5
10F7
  8
TEXT
 10
15.382480820020373
 20
-16.607827673260587
 30
0.0
 70
0
  0
VERTEX
  5
10F8
  8
TEXT
 10
15.351780669914614
 20
-16.632443099360618
 30
0.0
 70
0
  0
VERTEX
  5
10F9
  8
TEXT
 10
15.320556004752499
 20
-16.65461724885366
 30
0.0
 70
0
  0
VERTEX
  5
10FA
  8
TEXT
 10
15.288806824534024
 20
-16.674350121739717
 30
0.0
 70
0
  0
VERTEX
  5
10FB
  8
TEXT
 10
15.256533129259191
 20
-16.691641718018786
 30
0.0
 70
0
  0
VERTEX
  5
10FC
  8
TEXT
 10
15.223734918927999
 20
-16.706492037690868
 30
0.0
 70
0
  0
VERTEX
  5
10FD
  8
TEXT
 10
15.19041219354045
 20
-16.718901080755966
 30
0.0
 70
0
  0
VERTEX
  5
10FE
  8
TEXT
 10
15.15656495309654
 20
-16.728868847214073
 30
0.0
 70
0
  0
VERTEX
  5
10FF
  8
TEXT
 10
15.122193197596275
 20
-16.736395337065197
 30
0.0
 70
0
  0
VERTEX
  5
1100
  8
TEXT
 10
15.087607874872
 20
-16.7414488504677
 30
0.0
 70
0
  0
VERTEX
  5
1101
  8
TEXT
 10
15.053119932756074
 20
-16.743997687579956
 30
0.0
 70
0
  0
VERTEX
  5
1102
  8
TEXT
 10
15.018729371248494
 20
-16.74404184840196
 30
0.0
 70
0
  0
VERTEX
  5
1103
  8
TEXT
 10
14.984436190349259
 20
-16.741581332933716
 30
0.0
 70
0
  0
VERTEX
  5
1104
  8
TEXT
 10
14.95024039005837
 20
-16.73661614117522
 30
0.0
 70
0
  0
VERTEX
  5
1105
  8
TEXT
 10
14.91614197037583
 20
-16.72914627312647
 30
0.0
 70
0
  0
VERTEX
  5
1106
  8
TEXT
 10
14.882140931301633
 20
-16.719171728787476
 30
0.0
 70
0
  0
VERTEX
  5
1107
  8
TEXT
 10
14.848237272835783
 20
-16.70669250815823
 30
0.0
 70
0
  0
VERTEX
  5
1108
  8
TEXT
 10
14.81443099497828
 20
-16.691708611238735
 30
0.0
 70
0
  0
VERTEX
  5
1109
  8
TEXT
 10
14.784306820521158
 20
-16.67608774091994
 30
0.0
 70
0
  0
VERTEX
  5
110A
  8
TEXT
 10
14.754697954745783
 20
-16.65845035307987
 30
0.0
 70
0
  0
VERTEX
  5
110B
  8
TEXT
 10
14.725604397652157
 20
-16.63879644771853
 30
0.0
 70
0
  0
VERTEX
  5
110C
  8
TEXT
 10
14.69702614924028
 20
-16.61712602483592
 30
0.0
 70
0
  0
VERTEX
  5
110D
  8
TEXT
 10
14.66896320951015
 20
-16.593439084432035
 30
0.0
 70
0
  0
VERTEX
  5
110E
  8
TEXT
 10
14.641415578461768
 20
-16.567735626506877
 30
0.0
 70
0
  0
VERTEX
  5
110F
  8
TEXT
 10
14.614383256095136
 20
-16.540015651060447
 30
0.0
 70
0
  0
VERTEX
  5
1110
  8
TEXT
 10
14.587866242410252
 20
-16.510279158092747
 30
0.0
 70
0
  0
VERTEX
  5
1111
  8
TEXT
 10
14.561864537407116
 20
-16.478526147603773
 30
0.0
 70
0
  0
VERTEX
  5
1112
  8
TEXT
 10
14.536378141085729
 20
-16.444756619593527
 30
0.0
 70
0
  0
VERTEX
  5
1113
  8
TEXT
 10
13.952439906978542
 20
-15.620304719341613
 30
0.0
 70
0
  0
VERTEX
  5
1114
  8
TEXT
 10
14.163329218503145
 20
-15.420949465217516
 30
0.0
 70
0
  0
VERTEX
  5
1115
  8
TEXT
 10
14.753507151599393
 20
-16.256496179301585
 30
0.0
 70
0
  0
VERTEX
  5
1116
  8
TEXT
 10
14.778515641269243
 20
-16.288319539923304
 30
0.0
 70
0
  0
VERTEX
  5
1117
  8
TEXT
 10
14.804464772638072
 20
-16.316893531493395
 30
0.0
 70
0
  0
VERTEX
  5
1118
  8
TEXT
 10
14.831354545705885
 20
-16.342218154011857
 30
0.0
 70
0
  0
VERTEX
  5
1119
  8
TEXT
 10
14.859184960472678
 20
-16.36429340747869
 30
0.0
 70
0
  0
VERTEX
  5
111A
  8
TEXT
 10
14.887956016938455
 20
-16.383119291893898
 30
0.0
 70
0
  0
VERTEX
  5
111B
  8
TEXT
 10
14.917667715103212
 20
-16.398695807257475
 30
0.0
 70
0
  0
VERTEX
  5
111C
  8
TEXT
 10
14.953997267465276
 20
-16.41303886415074
 30
0.0
 70
0
  0
VERTEX
  5
111D
  8
TEXT
 10
14.990549078917272
 20
-16.422583640819898
 30
0.0
 70
0
  0
VERTEX
  5
111E
  8
TEXT
 10
15.027323149459198
 20
-16.42733013726496
 30
0.0
 70
0
  0
VERTEX
  5
111F
  8
TEXT
 10
15.064319479091056
 20
-16.427278353485917
 30
0.0
 70
0
  0
VERTEX
  5
1120
  8
TEXT
 10
15.101538067812845
 20
-16.422428289482777
 30
0.0
 70
0
  0
VERTEX
  5
1121
  8
TEXT
 10
15.132421967209268
 20
-16.41465208017589
 30
0.0
 70
0
  0
VERTEX
  5
1122
  8
TEXT
 10
15.162857468287278
 20
-16.403405459113902
 30
0.0
 70
0
  0
VERTEX
  5
1123
  8
TEXT
 10
15.192844571046878
 20
-16.3886884262968
 30
0.0
 70
0
  0
VERTEX
  5
1124
  8
TEXT
 10
15.222383275488067
 20
-16.370500981724586
 30
0.0
 70
0
  0
VERTEX
  5
1125
  8
TEXT
 10
15.251473581610844
 20
-16.348843125397266
 30
0.0
 70
0
  0
VERTEX
  5
1126
  8
TEXT
 10
15.28011548941521
 20
-16.323714857314837
 30
0.0
 70
0
  0
VERTEX
  5
1127
  8
TEXT
 10
15.307813851018539
 20
-16.29546623583053
 30
0.0
 70
0
  0
VERTEX
  5
1128
  8
TEXT
 10
15.332577849662151
 20
-16.26586118634811
 30
0.0
 70
0
  0
VERTEX
  5
1129
  8
TEXT
 10
15.354407485346044
 20
-16.234899708867573
 30
0.0
 70
0
  0
VERTEX
  5
112A
  8
TEXT
 10
15.373302758070219
 20
-16.20258180338892
 30
0.0
 70
0
  0
VERTEX
  5
112B
  8
TEXT
 10
15.389263667834674
 20
-16.168907469912153
 30
0.0
 70
0
  0
VERTEX
  5
112C
  8
TEXT
 10
15.402290214639413
 20
-16.13387670843727
 30
0.0
 70
0
  0
VERTEX
  5
112D
  8
TEXT
 10
15.412372173256239
 20
-16.09785321095509
 30
0.0
 70
0
  0
VERTEX
  5
112E
  8
TEXT
 10
15.419499318456964
 20
-16.061200669456447
 30
0.0
 70
0
  0
VERTEX
  5
112F
  8
TEXT
 10
15.423671650241586
 20
-16.023919083941333
 30
0.0
 70
0
  0
VERTEX
  5
1130
  8
TEXT
 10
15.424889168610104
 20
-15.986008454409747
 30
0.0
 70
0
  0
VERTEX
  5
1131
  8
TEXT
 10
15.42315187356252
 20
-15.947468780861694
 30
0.0
 70
0
  0
VERTEX
  5
1132
  8
TEXT
 10
15.418459765098836
 20
-15.908300063297172
 30
0.0
 70
0
  0
VERTEX
  5
1133
  8
TEXT
 10
15.411919656993778
 20
-15.874600363447943
 30
0.0
 70
0
  0
VERTEX
  5
1134
  8
TEXT
 10
15.402875644401579
 20
-15.841186817453549
 30
0.0
 70
0
  0
VERTEX
  5
1135
  8
TEXT
 10
15.39132772732224
 20
-15.808059425313994
 30
0.0
 70
0
  0
VERTEX
  5
1136
  8
TEXT
 10
15.377275905755763
 20
-15.775218187029276
 30
0.0
 70
0
  0
VERTEX
  5
1137
  8
TEXT
 10
15.360720179702145
 20
-15.742663102599394
 30
0.0
 70
0
  0
VERTEX
  5
1138
  8
TEXT
 10
15.341660549161388
 20
-15.710394172024351
 30
0.0
 70
0
  0
VERTEX
  5
1139
  8
TEXT
 10
15.320097014133491
 20
-15.678411395304146
 30
0.0
 70
0
  0
VERTEX
  5
113A
  8
TEXT
 10
14.746640080166943
 20
-14.869541315512567
 30
0.0
 70
0
  0
VERTEX
  5
113B
  8
TEXT
 10
14.955285888377455
 20
-14.672306861964259
 30
0.0
 70
0
  0
VERTEX
  5
113C
  8
TEXT
 10
15.930134650170462
 20
-16.040615191443713
 30
0.0
 70
0
  0
VERTEX
  5
113D
  8
TEXT
 10
15.725975848588133
 20
-16.233608043840444
 30
0.0
 70
0
  0
VERTEX
  5
113E
  8
TEXT
 10
15.612434239401994
 20
-16.077544433760462
 30
0.0
 70
0
  0
VERTEX
  5
113F
  8
TEXT
 10
15.615211736234759
 20
-16.114687766388652
 30
0.0
 70
0
  0
VERTEX
  5
1140
  8
TEXT
 10
15.615446797541159
 20
-16.15163829175589
 30
0.0
 70
0
  0
VERTEX
  5
1141
  8
TEXT
 10
15.613139423321194
 20
-16.188396009862178
 30
0.0
 70
0
  0
VERTEX
  5
1142
  8
TEXT
 10
15.608289613574861
 20
-16.224960920707513
 30
0.0
 70
0
  0
VERTEX
  5
1143
  8
TEXT
 10
15.600897368302164
 20
-16.261333024291897
 30
0.0
 70
0
  0
VERTEX
  5
1144
  8
TEXT
 10
15.590962687503099
 20
-16.29751232061533
 30
0.0
 70
0
  0
VERTEX
  5
1145
  8
TEXT
 10
15.579243738418043
 20
-16.332664099808152
 30
0.0
 70
0
  0
VERTEX
  5
1146
  8
TEXT
 10
15.565501575703324
 20
-16.366896230034385
 30
0.0
 70
0
  0
VERTEX
  5
1147
  8
TEXT
 10
15.549736199358945
 20
-16.40020871129403
 30
0.0
 70
0
  0
VERTEX
  5
1148
  8
TEXT
 10
15.531947609384902
 20
-16.43260154358709
 30
0.0
 70
0
  0
VERTEX
  5
1149
  8
TEXT
 10
15.512135805781199
 20
-16.464074726913562
 30
0.0
 70
0
  0
VERTEX
  5
114A
  8
TEXT
 10
15.490300788547835
 20
-16.494628261273444
 30
0.0
 70
0
  0
VERTEX
  5
114B
  8
TEXT
 10
15.46644255768481
 20
-16.52426214666674
 30
0.0
 70
0
  0
VERTEX
  5
114C
  8
TEXT
 10
15.440561113192121
 20
-16.552976383093448
 30
0.0
 70
0
  0
SEQEND
  5
10F5
  8
TEXT
  0
POLYLINE
  5
114D
  8
TEXT
 66
1
 10
0.0
 20
0.0
 30
0.0
 70
1
  0
VERTEX
  5
114F
  8
TEXT
 10
16.77362802821637
 20
-15.201477656507508
 30
0.0
 70
0
  0
VERTEX
  5
1150
  8
TEXT
 10
16.745846809328608
 20
-15.230963515971222
 30
0.0
 70
0
  0
VERTEX
  5
1151
  8
TEXT
 10
16.71728089229964
 20
-15.25865419743374
 30
0.0
 70
0
  0
VERTEX
  5
1152
  8
TEXT
 10
16.68793027712947
 20
-15.284549700895067
 30
0.0
 70
0
  0
VERTEX
  5
1153
  8
TEXT
 10
16.657794963818095
 20
-15.308650026355199
 30
0.0
 70
0
  0
VERTEX
  5
1154
  8
TEXT
 10
16.62687495236551
 20
-15.330955173814138
 30
0.0
 70
0
  0
VERTEX
  5
1155
  8
TEXT
 10
16.595170242771726
 20
-15.351465143271884
 30
0.0
 70
0
  0
VERTEX
  5
1156
  8
TEXT
 10
16.562680835036733
 20
-15.370179934728435
 30
0.0
 70
0
  0
VERTEX
  5
1157
  8
TEXT
 10
16.529406729160534
 20
-15.387099548183794
 30
0.0
 70
0
  0
VERTEX
  5
1158
  8
TEXT
 10
16.49562857514116
 20
-15.402119778489576
 30
0.0
 70
0
  0
VERTEX
  5
1159
  8
TEXT
 10
16.461627022976643
 20
-15.415136420497397
 30
0.0
 70
0
  0
VERTEX
  5
115A
  8
TEXT
 10
16.42740207266698
 20
-15.426149474207257
 30
0.0
 70
0
  0
VERTEX
  5
115B
  8
TEXT
 10
16.39295372421217
 20
-15.435158939619157
 30
0.0
 70
0
  0
VERTEX
  5
115C
  8
TEXT
 10
16.358281977612215
 20
-15.442164816733095
 30
0.0
 70
0
  0
VERTEX
  5
115D
  8
TEXT
 10
16.323386832867115
 20
-15.447167105549072
 30
0.0
 70
0
  0
VERTEX
  5
115E
  8
TEXT
 10
16.288268289976866
 20
-15.450165806067089
 30
0.0
 70
0
  0
VERTEX
  5
115F
  8
TEXT
 10
16.252926348941475
 20
-15.451160918287144
 30
0.0
 70
0
  0
VERTEX
  5
1160
  8
TEXT
 10
16.217672504673267
 20
-15.45014910440806
 30
0.0
 70
0
  0
VERTEX
  5
1161
  8
TEXT
 10
16.18281825208457
 20
-15.447127026628658
 30
0.0
 70
0
  0
VERTEX
  5
1162
  8
TEXT
 10
16.14836359117539
 20
-15.442094684948936
 30
0.0
 70
0
  0
VERTEX
  5
1163
  8
TEXT
 10
16.11430852194572
 20
-15.435052079368894
 30
0.0
 70
0
  0
VERTEX
  5
1164
  8
TEXT
 10
16.080653044395568
 20
-15.425999209888536
 30
0.0
 70
0
  0
VERTEX
  5
1165
  8
TEXT
 10
16.047397158524927
 20
-15.414936076507857
 30
0.0
 70
0
  0
VERTEX
  5
1166
  8
TEXT
 10
16.0145408643338
 20
-15.40186267922686
 30
0.0
 70
0
  0
VERTEX
  5
1167
  8
TEXT
 10
15.982084161822186
 20
-15.38677901804554
 30
0.0
 70
0
  0
VERTEX
  5
1168
  8
TEXT
 10
16.070163865484645
 20
-15.14613143343545
 30
0.0
 70
0
  0
VERTEX
  5
1169
  8
TEXT
 10
16.106502684135748
 20
-15.159096897244753
 30
0.0
 70
0
  0
VERTEX
  5
116A
  8
TEXT
 10
16.142712866832106
 20
-15.169251209198194
 30
0.0
 70
0
  0
VERTEX
  5
116B
  8
TEXT
 10
16.178794413573716
 20
-15.17659436929577
 30
0.0
 70
0
  0
VERTEX
  5
116C
  8
TEXT
 10
16.21474732436058
 20
-15.181126377537485
 30
0.0
 70
0
  0
VERTEX
  5
116D
  8
TEXT
 10
16.2505715991927
 20
-15.182847233923335
 30
0.0
 70
0
  0
VERTEX
  5
116E
  8
TEXT
 10
16.286267238070074
 20
-15.18175693845332
 30
0.0
 70
0
  0
VERTEX
  5
116F
  8
TEXT
 10
16.3218342409927
 20
-15.177855491127444
 30
0.0
 70
0
  0
VERTEX
  5
1170
  8
TEXT
 10
16.35727260796058
 20
-15.171142891945703
 30
0.0
 70
0
  0
VERTEX
  5
1171
  8
TEXT
 10
16.392074912312793
 20
-15.161713753712503
 30
0.0
 70
0
  0
VERTEX
  5
1172
  8
TEXT
 10
16.42573372738841
 20
-15.14966268923225
 30
0.0
 70
0
  0
VERTEX
  5
1173
  8
TEXT
 10
16.45824905318743
 20
-15.13498969850494
 30
0.0
 70
0
  0
VERTEX
  5
1174
  8
TEXT
 10
16.489620889709858
 20
-15.117694781530577
 30
0.0
 70
0
  0
VERTEX
  5
1175
  8
TEXT
 10
16.51984923695569
 20
-15.09777793830916
 30
0.0
 70
0
  0
VERTEX
  5
1176
  8
TEXT
 10
16.548934094924928
 20
-15.075239168840689
 30
0.0
 70
0
  0
VERTEX
  5
1177
  8
TEXT
 10
16.57687546361757
 20
-15.050078473125163
 30
0.0
 70
0
  0
VERTEX
  5
1178
  8
TEXT
 10
16.603673343033616
 20
-15.022295851162582
 30
0.0
 70
0
  0
VERTEX
  5
1179
  8
TEXT
 10
16.629856425348603
 20
-14.991026917354679
 30
0.0
 70
0
  0
VERTEX
  5
117A
  8
TEXT
 10
16.652299092614207
 20
-14.95946114243468
 30
0.0
 70
0
  0
VERTEX
  5
117B
  8
TEXT
 10
16.671001344830433
 20
-14.927598526402582
 30
0.0
 70
0
  0
VERTEX
  5
117C
  8
TEXT
 10
16.685963181997277
 20
-14.895439069258385
 30
0.0
 70
0
  0
VERTEX
  5
117D
  8
TEXT
 10
16.69718460411474
 20
-14.862982771002093
 30
0.0
 70
0
  0
VERTEX
  5
117E
  8
TEXT
 10
16.70466561118282
 20
-14.830229631633701
 30
0.0
 70
0
  0
VERTEX
  5
117F
  8
TEXT
 10
16.70840620320152
 20
-14.797179651153213
 30
0.0
 70
0
  0
VERTEX
  5
1180
  8
TEXT
 10
16.708161157775187
 20
-14.759651785346465
 30
0.0
 70
0
  0
VERTEX
  5
1181
  8
TEXT
 10
16.70306179101017
 20
-14.724531123678142
 30
0.0
 70
0
  0
VERTEX
  5
1182
  8
TEXT
 10
16.693108102906468
 20
-14.691817666148246
 30
0.0
 70
0
  0
VERTEX
  5
1183
  8
TEXT
 10
16.678300093464077
 20
-14.661511412756777
 30
0.0
 70
0
  0
VERTEX
  5
1184
  8
TEXT
 10
16.658637762683
 20
-14.633612363503735
 30
0.0
 70
0
  0
VERTEX
  5
1185
  8
TEXT
 10
16.63412111056324
 20
-14.608120518389116
 30
0.0
 70
0
  0
VERTEX
  5
1186
  8
TEXT
 10
16.603552877904836
 20
-14.585403437297495
 30
0.0
 70
0
  0
VERTEX
  5
1187
  8
TEXT
 10
16.570895259020645
 20
-14.570479620271069
 30
0.0
 70
0
  0
VERTEX
  5
1188
  8
TEXT
 10
16.536148253910664
 20
-14.56334906730984
 30
0.0
 70
0
  0
VERTEX
  5
1189
  8
TEXT
 10
16.499311862574896
 20
-14.564011778413805
 30
0.0
 70
0
  0
VERTEX
  5
118A
  8
TEXT
 10
16.46835713252044
 20
-14.569671218118453
 30
0.0
 70
0
  0
VERTEX
  5
118B
  8
TEXT
 10
16.43610267747493
 20
-14.579354588213892
 30
0.0
 70
0
  0
VERTEX
  5
118C
  8
TEXT
 10
16.40254849743837
 20
-14.593061888700124
 30
0.0
 70
0
  0
VERTEX
  5
118D
  8
TEXT
 10
16.367694592410757
 20
-14.610793119577147
 30
0.0
 70
0
  0
VERTEX
  5
118E
  8
TEXT
 10
16.331540962392094
 20
-14.632548280844963
 30
0.0
 70
0
  0
VERTEX
  5
118F
  8
TEXT
 10
16.11722002323086
 20
-14.767709795958071
 30
0.0
 70
0
  0
VERTEX
  5
1190
  8
TEXT
 10
16.080504678891845
 20
-14.789910482215575
 30
0.0
 70
0
  0
VERTEX
  5
1191
  8
TEXT
 10
16.044184528227788
 20
-14.809452707238375
 30
0.0
 70
0
  0
VERTEX
  5
1192
  8
TEXT
 10
16.008259571238693
 20
-14.826336471026469
 30
0.0
 70
0
  0
VERTEX
  5
1193
  8
TEXT
 10
15.972729807924555
 20
-14.840561773579857
 30
0.0
 70
0
  0
VERTEX
  5
1194
  8
TEXT
 10
15.937595238285377
 20
-14.852128614898541
 30
0.0
 70
0
  0
VERTEX
  5
1195
  8
TEXT
 10
15.902855862321159
 20
-14.86103699498252
 30
0.0
 70
0
  0
VERTEX
  5
1196
  8
TEXT
 10
15.868511680031899
 20
-14.867286913831792
 30
0.0
 70
0
  0
VERTEX
  5
1197
  8
TEXT
 10
15.834562691417599
 20
-14.870878371446361
 30
0.0
 70
0
  0
VERTEX
  5
1198
  8
TEXT
 10
15.801008896478258
 20
-14.871811367826224
 30
0.0
 70
0
  0
VERTEX
  5
1199
  8
TEXT
 10
15.76401913960939
 20
-14.869762405654146
 30
0.0
 70
0
  0
VERTEX
  5
119A
  8
TEXT
 10
15.728101314731974
 20
-14.864507046172267
 30
0.0
 70
0
  0
VERTEX
  5
119B
  8
TEXT
 10
15.693255421846011
 20
-14.856045289380585
 30
0.0
 70
0
  0
VERTEX
  5
119C
  8
TEXT
 10
15.6594814609515
 20
-14.844377135279101
 30
0.0
 70
0
  0
VERTEX
  5
119D
  8
TEXT
 10
15.626779432048442
 20
-14.829502583867816
 30
0.0
 70
0
  0
VERTEX
  5
119E
  8
TEXT
 10
15.595149335136838
 20
-14.811421635146727
 30
0.0
 70
0
  0
VERTEX
  5
119F
  8
TEXT
 10
15.564591170216685
 20
-14.790134289115837
 30
0.0
 70
0
  0
VERTEX
  5
11A0
  8
TEXT
 10
15.535104937287985
 20
-14.765640545775145
 30
0.0
 70
0
  0
VERTEX
  5
11A1
  8
TEXT
 10
15.508927011417114
 20
-14.740313558509655
 30
0.0
 70
0
  0
VERTEX
  5
11A2
  8
TEXT
 10
15.485140768301516
 20
-14.713684239496933
 30
0.0
 70
0
  0
VERTEX
  5
11A3
  8
TEXT
 10
15.463746207941186
 20
-14.68575258873698
 30
0.0
 70
0
  0
VERTEX
  5
11A4
  8
TEXT
 10
15.444743330336129
 20
-14.656518606229795
 30
0.0
 70
0
  0
VERTEX
  5
11A5
  8
TEXT
 10
15.42813213548634
 20
-14.625982291975378
 30
0.0
 70
0
  0
VERTEX
  5
11A6
  8
TEXT
 10
15.413912623391823
 20
-14.594143645973727
 30
0.0
 70
0
  0
VERTEX
  5
11A7
  8
TEXT
 10
15.402084794052577
 20
-14.561002668224846
 30
0.0
 70
0
  0
VERTEX
  5
11A8
  8
TEXT
 10
15.3926486474686
 20
-14.526559358728733
 30
0.0
 70
0
  0
VERTEX
  5
11A9
  8
TEXT
 10
15.38557780723874
 20
-14.491293260129202
 30
0.0
 70
0
  0
VERTEX
  5
11AA
  8
TEXT
 10
15.380845896961834
 20
-14.455683915070072
 30
0.0
 70
0
  0
VERTEX
  5
11AB
  8
TEXT
 10
15.378452916637887
 20
-14.41973132355134
 30
0.0
 70
0
  0
VERTEX
  5
11AC
  8
TEXT
 10
15.378398866266894
 20
-14.383435485573006
 30
0.0
 70
0
  0
VERTEX
  5
11AD
  8
TEXT
 10
15.38068374584886
 20
-14.346796401135073
 30
0.0
 70
0
  0
VERTEX
  5
11AE
  8
TEXT
 10
15.38530755538378
 20
-14.30981407023754
 30
0.0
 70
0
  0
VERTEX
  5
11AF
  8
TEXT
 10
15.392270294871661
 20
-14.272488492880404
 30
0.0
 70
0
  0
VERTEX
  5
11B0
  8
TEXT
 10
15.401571964312495
 20
-14.234819669063668
 30
0.0
 70
0
  0
VERTEX
  5
11B1
  8
TEXT
 10
15.411778881978327
 20
-14.20148118858037
 30
0.0
 70
0
  0
VERTEX
  5
11B2
  8
TEXT
 10
15.423784284900592
 20
-14.16873765299099
 30
0.0
 70
0
  0
VERTEX
  5
11B3
  8
TEXT
 10
15.437588173079293
 20
-14.136589062295522
 30
0.0
 70
0
  0
VERTEX
  5
11B4
  8
TEXT
 10
15.45319054651443
 20
-14.10503541649397
 30
0.0
 70
0
  0
VERTEX
  5
11B5
  8
TEXT
 10
15.470591405206001
 20
-14.074076715586335
 30
0.0
 70
0
  0
VERTEX
  5
11B6
  8
TEXT
 10
15.489790749154007
 20
-14.043712959572614
 30
0.0
 70
0
  0
VERTEX
  5
11B7
  8
TEXT
 10
15.51078857835845
 20
-14.01394414845281
 30
0.0
 70
0
  0
VERTEX
  5
11B8
  8
TEXT
 10
15.533584892819327
 20
-13.984770282226918
 30
0.0
 70
0
  0
VERTEX
  5
11B9
  8
TEXT
 10
15.55817969253664
 20
-13.956191360894943
 30
0.0
 70
0
  0
VERTEX
  5
11BA
  8
TEXT
 10
15.586260012120752
 20
-13.926469857852537
 30
0.0
 70
0
  0
VERTEX
  5
11BB
  8
TEXT
 10
15.615065522529608
 20
-13.898801865342616
 30
0.0
 70
0
  0
VERTEX
  5
11BC
  8
TEXT
 10
15.64459622376321
 20
-13.873187383365181
 30
0.0
 70
0
  0
VERTEX
  5
11BD
  8
TEXT
 10
15.67485211582156
 20
-13.84962641192023
 30
0.0
 70
0
  0
VERTEX
  5
11BE
  8
TEXT
 10
15.705833198704655
 20
-13.828118951007767
 30
0.0
 70
0
  0
VERTEX
  5
11BF
  8
TEXT
 10
15.737539472412497
 20
-13.808665000627787
 30
0.0
 70
0
  0
VERTEX
  5
11C0
  8
TEXT
 10
15.769970936945082
 20
-13.791264560780293
 30
0.0
 70
0
  0
VERTEX
  5
11C1
  8
TEXT
 10
15.803127592302415
 20
-13.775917631465287
 30
0.0
 70
0
  0
VERTEX
  5
11C2
  8
TEXT
 10
15.837009438484495
 20
-13.762624212682764
 30
0.0
 70
0
  0
VERTEX
  5
11C3
  8
TEXT
 10
15.871616475491319
 20
-13.751384304432728
 30
0.0
 70
0
  0
VERTEX
  5
11C4
  8
TEXT
 10
15.90694870332289
 20
-13.742197906715177
 30
0.0
 70
0
  0
VERTEX
  5
11C5
  8
TEXT
 10
15.942510579305345
 20
-13.735176517446623
 30
0.0
 70
0
  0
VERTEX
  5
11C6
  8
TEXT
 10
15.977806560764824
 20
-13.730431634543578
 30
0.0
 70
0
  0
VERTEX
  5
11C7
  8
TEXT
 10
16.012836647701327
 20
-13.727963258006044
 30
0.0
 70
0
  0
VERTEX
  5
11C8
  8
TEXT
 10
16.04760084011485
 20
-13.727771387834018
 30
0.0
 70
0
  0
VERTEX
  5
11C9
  8
TEXT
 10
16.082099138005397
 20
-13.729856024027502
 30
0.0
 70
0
  0
VERTEX
  5
11CA
  8
TEXT
 10
16.11633154137297
 20
-13.734217166586495
 30
0.0
 70
0
  0
VERTEX
  5
11CB
  8
TEXT
 10
16.150298050217565
 20
-13.740854815510998
 30
0.0
 70
0
  0
VERTEX
  5
11CC
  8
TEXT
 10
16.183998664539182
 20
-13.749768970801009
 30
0.0
 70
0
  0
VERTEX
  5
11CD
  8
TEXT
 10
16.21743338433782
 20
-13.76095963245653
 30
0.0
 70
0
  0
VERTEX
  5
11CE
  8
TEXT
 10
16.250602209613483
 20
-13.774426800477562
 30
0.0
 70
0
  0
VERTEX
  5
11CF
  8
TEXT
 10
16.28350514036617
 20
-13.790170474864102
 30
0.0
 70
0
  0
VERTEX
  5
11D0
  8
TEXT
 10
16.192841581060584
 20
-14.033684422536863
 30
0.0
 70
0
  0
VERTEX
  5
11D1
  8
TEXT
 10
16.156851559317747
 20
-14.019160924177422
 30
0.0
 70
0
  0
VERTEX
  5
11D2
  8
TEXT
 10
16.121139796270814
 20
-14.008069211559441
 30
0.0
 70
0
  0
VERTEX
  5
11D3
  8
TEXT
 10
16.085706291919777
 20
-14.000409284682922
 30
0.0
 70
0
  0
VERTEX
  5
11D4
  8
TEXT
 10
16.05055104626464
 20
-13.996181143547863
 30
0.0
 70
0
  0
VERTEX
  5
11D5
  8
TEXT
 10
16.015674059305404
 20
-13.995384788154265
 30
0.0
 70
0
  0
VERTEX
  5
11D6
  8
TEXT
 10
15.981075331042069
 20
-13.99802021850213
 30
0.0
 70
0
  0
VERTEX
  5
11D7
  8
TEXT
 10
15.946754861474632
 20
-14.004087434591455
 30
0.0
 70
0
  0
VERTEX
  5
11D8
  8
TEXT
 10
15.913137795334183
 20
-14.013397107708059
 30
0.0
 70
0
  0
VERTEX
  5
11D9
  8
TEXT
 10
15.880649277351807
 20
-14.02575990913776
 30
0.0
 70
0
  0
VERTEX
  5
11DA
  8
TEXT
 10
15.84928930752751
 20
-14.041175838880559
 30
0.0
 70
0
  0
VERTEX
  5
11DB
  8
TEXT
 10
15.819057885861286
 20
-14.059644896936454
 30
0.0
 70
0
  0
VERTEX
  5
11DC
  8
TEXT
 10
15.789955012353138
 20
-14.081167083305447
 30
0.0
 70
0
  0
VERTEX
  5
11DD
  8
TEXT
 10
15.761980687003064
 20
-14.105742397987537
 30
0.0
 70
0
  0
VERTEX
  5
11DE
  8
TEXT
 10
15.735134909811066
 20
-14.133370840982725
 30
0.0
 70
0
  0
VERTEX
  5
11DF
  8
TEXT
 10
15.710567893688346
 20
-14.162682340331068
 30
0.0
 70
0
  0
VERTEX
  5
11E0
  8
TEXT
 10
15.689429851546102
 20
-14.192306824072627
 30
0.0
 70
0
  0
VERTEX
  5
11E1
  8
TEXT
 10
15.671720783384337
 20
-14.2222442922074
 30
0.0
 70
0
  0
VERTEX
  5
11E2
  8
TEXT
 10
15.657440689203051
 20
-14.252494744735387
 30
0.0
 70
0
  0
VERTEX
  5
11E3
  8
TEXT
 10
15.646589569002243
 20
-14.283058181656589
 30
0.0
 70
0
  0
VERTEX
  5
11E4
  8
TEXT
 10
15.639167422781913
 20
-14.313934602971004
 30
0.0
 70
0
  0
VERTEX
  5
11E5
  8
TEXT
 10
15.635174250542061
 20
-14.345124008678635
 30
0.0
 70
0
  0
VERTEX
  5
11E6
  8
TEXT
 10
15.634918944036702
 20
-14.380613306287938
 30
0.0
 70
0
  0
VERTEX
  5
11E7
  8
TEXT
 10
15.639469956769721
 20
-14.413940770672621
 30
0.0
 70
0
  0
VERTEX
  5
11E8
  8
TEXT
 10
15.64882728874112
 20
-14.445106401832687
 30
0.0
 70
0
  0
VERTEX
  5
11E9
  8
TEXT
 10
15.6629909399509
 20
-14.474110199768136
 30
0.0
 70
0
  0
VERTEX
  5
11EA
  8
TEXT
 10
15.681960910399056
 20
-14.500952164478965
 30
0.0
 70
0
  0
VERTEX
  5
11EB
  8
TEXT
 10
15.705737200085593
 20
-14.525632295965178
 30
0.0
 70
0
  0
VERTEX
  5
11EC
  8
TEXT
 10
15.7360112176414
 20
-14.548603715167527
 30
0.0
 70
0
  0
VERTEX
  5
11ED
  8
TEXT
 10
15.767786191217802
 20
-14.564290546526138
 30
0.0
 70
0
  0
VERTEX
  5
11EE
  8
TEXT
 10
15.801062120814802
 20
-14.572692790041007
 30
0.0
 70
0
  0
VERTEX
  5
11EF
  8
TEXT
 10
15.835839006432398
 20
-14.573810445712137
 30
0.0
 70
0
  0
VERTEX
  5
11F0
  8
TEXT
 10
15.864956621639243
 20
-14.569820111606438
 30
0.0
 70
0
  0
VERTEX
  5
11F1
  8
TEXT
 10
15.895465685455143
 20
-14.561888530490528
 30
0.0
 70
0
  0
VERTEX
  5
11F2
  8
TEXT
 10
15.9273661978801
 20
-14.550015702364405
 30
0.0
 70
0
  0
VERTEX
  5
11F3
  8
TEXT
 10
15.960658158914118
 20
-14.534201627228072
 30
0.0
 70
0
  0
VERTEX
  5
11F4
  8
TEXT
 10
15.99534156855719
 20
-14.514446305081526
 30
0.0
 70
0
  0
VERTEX
  5
11F5
  8
TEXT
 10
16.2316976462507
 20
-14.372131268971915
 30
0.0
 70
0
  0
VERTEX
  5
11F6
  8
TEXT
 10
16.268590310244186
 20
-14.350943523142394
 30
0.0
 70
0
  0
VERTEX
  5
11F7
  8
TEXT
 10
16.305087184961344
 20
-14.33227258780654
 30
0.0
 70
0
  0
VERTEX
  5
11F8
  8
TEXT
 10
16.341188270402178
 20
-14.316118462964353
 30
0.0
 70
0
  0
VERTEX
  5
11F9
  8
TEXT
 10
16.37689356656669
 20
-14.302481148615831
 30
0.0
 70
0
  0
VERTEX
  5
11FA
  8
TEXT
 10
16.41220307345488
 20
-14.291360644760976
 30
0.0
 70
0
  0
VERTEX
  5
11FB
  8
TEXT
 10
16.447116791066748
 20
-14.28275695139979
 30
0.0
 70
0
  0
VERTEX
  5
11FC
  8
TEXT
 10
16.48163471940229
 20
-14.276670068532267
 30
0.0
 70
0
  0
VERTEX
  5
11FD
  8
TEXT
 10
16.51575685846151
 20
-14.273099996158413
 30
0.0
 70
0
  0
VERTEX
  5
11FE
  8
TEXT
 10
16.54948320824441
 20
-14.272046734278225
 30
0.0
 70
0
  0
VERTEX
  5
11FF
  8
TEXT
 10
16.586663599847757
 20
-14.273902229846342
 30
0.0
 70
0
  0
VERTEX
  5
1200
  8
TEXT
 10
16.62276575058214
 20
-14.279007143975745
 30
0.0
 70
0
  0
VERTEX
  5
1201
  8
TEXT
 10
16.657789660447555
 20
-14.287361476666431
 30
0.0
 70
0
  0
VERTEX
  5
1202
  8
TEXT
 10
16.691735329444004
 20
-14.298965227918401
 30
0.0
 70
0
  0
VERTEX
  5
1203
  8
TEXT
 10
16.724602757571493
 20
-14.313818397731657
 30
0.0
 70
0
  0
VERTEX
  5
1204
  8
TEXT
 10
16.75639194483001
 20
-14.331920986106196
 30
0.0
 70
0
  0
VERTEX
  5
1205
  8
TEXT
 10
16.78710289121957
 20
-14.35327299304202
 30
0.0
 70
0
  0
VERTEX
  5
1206
  8
TEXT
 10
16.816735596740156
 20
-14.377874418539129
 30
0.0
 70
0
  0
VERTEX
  5
1207
  8
TEXT
 10
16.84261925317372
 20
-14.402960493591603
 30
0.0
 70
0
  0
VERTEX
  5
1208
  8
TEXT
 10
16.866095960589924
 20
-14.42938384709391
 30
0.0
 70
0
  0
VERTEX
  5
1209
  8
TEXT
 10
16.88716571898878
 20
-14.457144479046043
 30
0.0
 70
0
  0
VERTEX
  5
120A
  8
TEXT
 10
16.90582852837028
 20
-14.486242389448005
 30
0.0
 70
0
  0
VERTEX
  5
120B
  8
TEXT
 10
16.922084388734422
 20
-14.516677578299799
 30
0.0
 70
0
  0
VERTEX
  5
120C
  8
TEXT
 10
16.935933300081214
 20
-14.54845004560142
 30
0.0
 70
0
  0
VERTEX
  5
120D
  8
TEXT
 10
16.94737526241065
 20
-14.581559791352872
 30
0.0
 70
0
  0
VERTEX
  5
120E
  8
TEXT
 10
16.95641027572273
 20
-14.616006815554153
 30
0.0
 70
0
  0
VERTEX
  5
120F
  8
TEXT
 10
16.96303645549752
 20
-14.651342926407445
 30
0.0
 70
0
  0
VERTEX
  5
1210
  8
TEXT
 10
16.967251917215076
 20
-14.687119932114932
 30
0.0
 70
0
  0
VERTEX
  5
1211
  8
TEXT
 10
16.969056660875395
 20
-14.723337832676613
 30
0.0
 70
0
  0
VERTEX
  5
1212
  8
TEXT
 10
16.968450686478484
 20
-14.759996628092487
 30
0.0
 70
0
  0
VERTEX
  5
1213
  8
TEXT
 10
16.965433994024337
 20
-14.797096318362556
 30
0.0
 70
0
  0
VERTEX
  5
1214
  8
TEXT
 10
16.960006583512957
 20
-14.834636903486818
 30
0.0
 70
0
  0
VERTEX
  5
1215
  8
TEXT
 10
16.952168454944346
 20
-14.872618383465275
 30
0.0
 70
0
  0
VERTEX
  5
1216
  8
TEXT
 10
16.941919608318496
 20
-14.911040758297926
 30
0.0
 70
0
  0
VERTEX
  5
1217
  8
TEXT
 10
16.930791697923585
 20
-14.945158999320562
 30
0.0
 70
0
  0
VERTEX
  5
1218
  8
TEXT
 10
16.917770999013452
 20
-14.97881537170447
 30
0.0
 70
0
  0
VERTEX
  5
1219
  8
TEXT
 10
16.902857511588103
 20
-15.012009875449653
 30
0.0
 70
0
  0
VERTEX
  5
121A
  8
TEXT
 10
16.88605123564753
 20
-15.04474251055611
 30
0.0
 70
0
  0
VERTEX
  5
121B
  8
TEXT
 10
16.867352171191737
 20
-15.077013277023843
 30
0.0
 70
0
  0
VERTEX
  5
121C
  8
TEXT
 10
16.846760318220724
 20
-15.108822174852849
 30
0.0
 70
0
  0
VERTEX
  5
121D
  8
TEXT
 10
16.824275676734494
 20
-15.140169204043127
 30
0.0
 70
0
  0
VERTEX
  5
121E
  8
TEXT
 10
16.79989824673304
 20
-15.171054364594681
 30
0.0
 70
0
  0
SEQEND
  5
114E
  8
TEXT
  0
POLYLINE
  5
121F
  8
LOGO
 66
1
 10
0.0
 20
0.0
 30
0.0
 70
1
  0
VERTEX
  5
1221
  8
LOGO
 10
-19.844357596482656
 20
2.3558133854421106
 30
0.0
 70
0
  0
VERTEX
  5
1222
  8
LOGO
 10
-19.93580850024426
 20
2.3456521739130434
 30
0.0
 70
0
  0
VERTEX
  5
1223
  8
LOGO
 10
-20.02725940400586
 20
2.3304103566194434
 30
0.0
 70
0
  0
VERTEX
  5
1224
  8
LOGO
 10
-20.1180752320469
 20
2.310723009281876
 30
0.0
 70
0
  0
VERTEX
  5
1225
  8
LOGO
 10
-20.208891060087932
 20
2.286590131900342
 30
0.0
 70
0
  0
VERTEX
  5
1226
  8
LOGO
 10
-20.2990718124084
 20
2.2573766487542746
 30
0.0
 70
0
  0
VERTEX
  5
1227
  8
LOGO
 10
-20.389887640449437
 20
2.223717635564241
 30
0.0
 70
0
  0
VERTEX
  5
1228
  8
LOGO
 10
-20.481338544211038
 20
2.184342940889106
 30
0.0
 70
0
  0
VERTEX
  5
1229
  8
LOGO
 10
-20.574059599413776
 20
2.140522716170005
 30
0.0
 70
0
  0
VERTEX
  5
122A
  8
LOGO
 10
-20.64201270151441
 20
2.104958475818271
 30
0.0
 70
0
  0
VERTEX
  5
122B
  8
LOGO
 10
-20.708060576453345
 20
2.0674890083048365
 30
0.0
 70
0
  0
VERTEX
  5
122C
  8
LOGO
 10
-20.771568148510013
 20
2.028114313629702
 30
0.0
 70
0
  0
VERTEX
  5
122D
  8
LOGO
 10
-20.83380556912555
 20
1.9868343917928677
 30
0.0
 70
0
  0
VERTEX
  5
122E
  8
LOGO
 10
-20.894137762579383
 20
1.9430141670737666
 30
0.0
 70
0
  0
VERTEX
  5
122F
  8
LOGO
 10
-20.953199804592085
 20
1.8966536394723992
 30
0.0
 70
0
  0
VERTEX
  5
1230
  8
LOGO
 10
-21.01162677088422
 20
1.847752808988764
 30
0.0
 70
0
  0
VERTEX
  5
1231
  8
LOGO
 10
-21.068783585735222
 20
1.7956765999022968
 30
0.0
 70
0
  0
VERTEX
  5
1232
  8
LOGO
 10
-21.12085979482169
 20
1.7448705422569621
 30
0.0
 70
0
  0
VERTEX
  5
1233
  8
LOGO
 10
-21.169760625305322
 20
1.6934294088910606
 30
0.0
 70
0
  0
VERTEX
  5
1234
  8
LOGO
 10
-21.215486077186124
 20
1.6407181240840254
 30
0.0
 70
0
  0
VERTEX
  5
1235
  8
LOGO
 10
-21.25867122618466
 20
1.586101612115291
 30
0.0
 70
0
  0
VERTEX
  5
1236
  8
LOGO
 10
-21.29868099658036
 20
1.5302149487054229
 30
0.0
 70
0
  0
VERTEX
  5
1237
  8
LOGO
 10
-21.336150464093794
 20
1.4717879824132885
 30
0.0
 70
0
  0
VERTEX
  5
1238
  8
LOGO
 10
-21.37171470444553
 20
1.4108207132388866
 30
0.0
 70
0
  0
VERTEX
  5
1239
  8
LOGO
 10
-21.405373717635563
 20
1.3466780654616515
 30
0.0
 70
0
  0
VERTEX
  5
123A
  8
LOGO
 10
-21.418710307767462
 20
1.3187347337567177
 30
0.0
 70
0
  0
VERTEX
  5
123B
  8
LOGO
 10
-21.43204689789936
 20
1.2869809477283836
 30
0.0
 70
0
  0
VERTEX
  5
123C
  8
LOGO
 10
-21.444748412310698
 20
1.2526868588177829
 30
0.0
 70
0
  0
VERTEX
  5
123D
  8
LOGO
 10
-21.456814851001464
 20
1.2171226184660484
 30
0.0
 70
0
  0
VERTEX
  5
123E
  8
LOGO
 10
-21.467611138251097
 20
1.181558378114314
 30
0.0
 70
0
  0
VERTEX
  5
123F
  8
LOGO
 10
-21.477772349780164
 20
1.1466292134831464
 30
0.0
 70
0
  0
VERTEX
  5
1240
  8
LOGO
 10
-21.485393258426964
 20
1.1142403517342454
 30
0.0
 70
0
  0
VERTEX
  5
1241
  8
LOGO
 10
-21.491108939912067
 20
1.0843917928676117
 30
0.0
 70
0
  0
VERTEX
  5
1242
  8
LOGO
 10
-21.496824621397167
 20
1.0412066438690768
 30
0.0
 70
0
  0
VERTEX
  5
1243
  8
LOGO
 10
-21.5
 20
0.9986565705911097
 30
0.0
 70
0
  0
VERTEX
  5
1244
  8
LOGO
 10
-21.5
 20
0.9567415730337083
 30
0.0
 70
0
  0
VERTEX
  5
1245
  8
LOGO
 10
-21.497459697117733
 20
0.9160967269174408
 30
0.0
 70
0
  0
VERTEX
  5
1246
  8
LOGO
 10
-21.493014167073767
 20
0.8779921836834398
 30
0.0
 70
0
  0
VERTEX
  5
1247
  8
LOGO
 10
-21.485393258426964
 20
0.8411577918905718
 30
0.0
 70
0
  0
VERTEX
  5
1248
  8
LOGO
 10
-21.475232046897897
 20
0.807498778700538
 30
0.0
 70
0
  0
VERTEX
  5
1249
  8
LOGO
 10
-21.462530532486564
 20
0.7763800683927705
 30
0.0
 70
0
  0
VERTEX
  5
124A
  8
LOGO
 10
-21.453004396678065
 20
0.7573277967757701
 30
0.0
 70
0
  0
VERTEX
  5
124B
  8
LOGO
 10
-21.441573033707865
 20
0.7376404494382027
 30
0.0
 70
0
  0
VERTEX
  5
124C
  8
LOGO
 10
-21.429506595017095
 20
0.7173180263800686
 30
0.0
 70
0
  0
VERTEX
  5
124D
  8
LOGO
 10
-21.416170004885196
 20
0.6982657547630682
 30
0.0
 70
0
  0
VERTEX
  5
124E
  8
LOGO
 10
-21.403468490473863
 20
0.6798485588666344
 30
0.0
 70
0
  0
VERTEX
  5
124F
  8
LOGO
 10
-21.390131900341963
 20
0.6633365901319006
 30
0.0
 70
0
  0
VERTEX
  5
1250
  8
LOGO
 10
-21.378065461651197
 20
0.6500000000000001
 30
0.0
 70
0
  0
VERTEX
  5
1251
  8
LOGO
 10
-21.36726917440156
 20
0.6392037127503669
 30
0.0
 70
0
  0
VERTEX
  5
1252
  8
LOGO
 10
-21.353297508549094
 20
0.628407425500733
 30
0.0
 70
0
  0
VERTEX
  5
1253
  8
LOGO
 10
-21.337420615534928
 20
0.6176111382510999
 30
0.0
 70
0
  0
VERTEX
  5
1254
  8
LOGO
 10
-21.32027357107963
 20
0.6068148510014659
 30
0.0
 70
0
  0
VERTEX
  5
1255
  8
LOGO
 10
-21.301856375183192
 20
0.5966536394723989
 30
0.0
 70
0
  0
VERTEX
  5
1256
  8
LOGO
 10
-21.284074255007326
 20
0.5877625793844654
 30
0.0
 70
0
  0
VERTEX
  5
1257
  8
LOGO
 10
-21.265657059110893
 20
0.5795065950170989
 30
0.0
 70
0
  0
VERTEX
  5
1258
  8
LOGO
 10
-21.248510014655594
 20
0.5731558378114321
 30
0.0
 70
0
  0
VERTEX
  5
1259
  8
LOGO
 10
-21.231998045920857
 20
0.5680752320468981
 30
0.0
 70
0
  0
VERTEX
  5
125A
  8
LOGO
 10
-21.21040547142159
 20
0.562994626282365
 30
0.0
 70
0
  0
VERTEX
  5
125B
  8
LOGO
 10
-21.186907669760625
 20
0.5598192476795315
 30
0.0
 70
0
  0
VERTEX
  5
125C
  8
LOGO
 10
-21.161504640937956
 20
0.5579140205178311
 30
0.0
 70
0
  0
VERTEX
  5
125D
  8
LOGO
 10
-21.135466536394723
 20
0.5572789447972649
 30
0.0
 70
0
  0
VERTEX
  5
125E
  8
LOGO
 10
-21.10879335613092
 20
0.5585490962383979
 30
0.0
 70
0
  0
VERTEX
  5
125F
  8
LOGO
 10
-21.081485100146555
 20
0.5610893991206645
 30
0.0
 70
0
  0
VERTEX
  5
1260
  8
LOGO
 10
-21.054811919882752
 20
0.5655349291646316
 30
0.0
 70
0
  0
VERTEX
  5
1261
  8
LOGO
 10
-21.02877381533952
 20
0.5706155349291647
 30
0.0
 70
0
  0
VERTEX
  5
1262
  8
LOGO
 10
-21.003370786516854
 20
0.5776013678553984
 30
0.0
 70
0
  0
VERTEX
  5
1263
  8
LOGO
 10
-20.975427454811918
 20
0.5864924279433318
 30
0.0
 70
0
  0
VERTEX
  5
1264
  8
LOGO
 10
-20.945578895945285
 20
0.5966536394723989
 30
0.0
 70
0
  0
VERTEX
  5
1265
  8
LOGO
 10
-20.915095261358083
 20
0.6087200781631658
 30
0.0
 70
0
  0
VERTEX
  5
1266
  8
LOGO
 10
-20.883976551050317
 20
0.6214215925744994
 30
0.0
 70
0
  0
VERTEX
  5
1267
  8
LOGO
 10
-20.852857840742548
 20
0.6347581827063998
 30
0.0
 70
0
  0
VERTEX
  5
1268
  8
LOGO
 10
-20.823009281875915
 20
0.6487298485588672
 30
0.0
 70
0
  0
VERTEX
  5
1269
  8
LOGO
 10
-20.795701025891546
 20
0.6627015144113338
 30
0.0
 70
0
  0
VERTEX
  5
126A
  8
LOGO
 10
-20.70742550073278
 20
0.7128724963361023
 30
0.0
 70
0
  0
VERTEX
  5
126B
  8
LOGO
 10
-20.610258915486074
 20
0.7744748412310701
 30
0.0
 70
0
  0
VERTEX
  5
126C
  8
LOGO
 10
-20.506741573033707
 20
0.8443331704934052
 30
0.0
 70
0
  0
VERTEX
  5
126D
  8
LOGO
 10
-20.39877870053737
 20
0.9224474841231077
 30
0.0
 70
0
  0
VERTEX
  5
126E
  8
LOGO
 10
-20.2895456765999
 20
1.0050073277967764
 30
0.0
 70
0
  0
VERTEX
  5
126F
  8
LOGO
 10
-20.18221787982413
 20
1.0913776257938448
 30
0.0
 70
0
  0
VERTEX
  5
1270
  8
LOGO
 10
-20.078700537371763
 20
1.1790180752320474
 30
0.0
 70
0
  0
VERTEX
  5
1271
  8
LOGO
 10
-19.982169027845625
 20
1.2653883732291165
 30
0.0
 70
0
  0
VERTEX
  5
1272
  8
LOGO
 10
-19.88373229115779
 20
1.360014655593552
 30
0.0
 70
0
  0
VERTEX
  5
1273
  8
LOGO
 10
-19.792916463116754
 20
1.4546409379579879
 30
0.0
 70
0
  0
VERTEX
  5
1274
  8
LOGO
 10
-19.708451392281386
 20
1.5492672203224234
 30
0.0
 70
0
  0
VERTEX
  5
1275
  8
LOGO
 10
-19.632242305813385
 20
1.642623351245726
 30
0.0
 70
0
  0
VERTEX
  5
1276
  8
LOGO
 10
-19.56428920371275
 20
1.734074255007328
 30
0.0
 70
0
  0
VERTEX
  5
1277
  8
LOGO
 10
-19.50522716170005
 20
1.8229848558866637
 30
0.0
 70
0
  0
VERTEX
  5
1278
  8
LOGO
 10
-19.456326331216413
 20
1.908085002442599
 30
0.0
 70
0
  0
VERTEX
  5
1279
  8
LOGO
 10
-19.417586712261844
 20
1.988739618954568
 30
0.0
 70
0
  0
VERTEX
  5
127A
  8
LOGO
 10
-19.404250122129945
 20
2.0243038593063027
 30
0.0
 70
0
  0
VERTEX
  5
127B
  8
LOGO
 10
-19.39345383488031
 20
2.0585979482169035
 30
0.0
 70
0
  0
VERTEX
  5
127C
  8
LOGO
 10
-19.385832926233512
 20
2.0916218856863704
 30
0.0
 70
0
  0
VERTEX
  5
127D
  8
LOGO
 10
-19.382022471910112
 20
2.1233756717147045
 30
0.0
 70
0
  0
VERTEX
  5
127E
  8
LOGO
 10
-19.38075232046898
 20
2.1532242305813387
 30
0.0
 70
0
  0
VERTEX
  5
127F
  8
LOGO
 10
-19.383292623351245
 20
2.180532486565706
 30
0.0
 70
0
  0
VERTEX
  5
1280
  8
LOGO
 10
-19.38837322911578
 20
2.2053004396678073
 30
0.0
 70
0
  0
VERTEX
  5
1281
  8
LOGO
 10
-19.39726428920371
 20
2.226893014167074
 30
0.0
 70
0
  0
VERTEX
  5
1282
  8
LOGO
 10
-19.413141182217878
 20
2.2516609672691748
 30
0.0
 70
0
  0
VERTEX
  5
1283
  8
LOGO
 10
-19.43536883243771
 20
2.2738886174890087
 30
0.0
 70
0
  0
VERTEX
  5
1284
  8
LOGO
 10
-19.46267708842208
 20
2.2942110405471428
 30
0.0
 70
0
  0
VERTEX
  5
1285
  8
LOGO
 10
-19.495065950170982
 20
2.3119931607230098
 30
0.0
 70
0
  0
VERTEX
  5
1286
  8
LOGO
 10
-19.532535417684414
 20
2.32723497801661
 30
0.0
 70
0
  0
VERTEX
  5
1287
  8
LOGO
 10
-19.574450415241817
 20
2.3399364924279435
 30
0.0
 70
0
  0
VERTEX
  5
1288
  8
LOGO
 10
-19.620810942843185
 20
2.3494626282364437
 30
0.0
 70
0
  0
VERTEX
  5
1289
  8
LOGO
 10
-19.67098192476795
 20
2.3564484611626773
 30
0.0
 70
0
  0
VERTEX
  5
128A
  8
LOGO
 10
-19.695749877870053
 20
2.358353688324377
 30
0.0
 70
0
  0
VERTEX
  5
128B
  8
LOGO
 10
-19.716707376648753
 20
2.3602589154860776
 30
0.0
 70
0
  0
VERTEX
  5
128C
  8
LOGO
 10
-19.735759648265752
 20
2.3615290669272104
 30
0.0
 70
0
  0
VERTEX
  5
128D
  8
LOGO
 10
-19.75354176844162
 20
2.3615290669272104
 30
0.0
 70
0
  0
VERTEX
  5
128E
  8
LOGO
 10
-19.77259404005862
 20
2.3615290669272104
 30
0.0
 70
0
  0
VERTEX
  5
128F
  8
LOGO
 10
-19.792916463116754
 20
2.3602589154860776
 30
0.0
 70
0
  0
VERTEX
  5
1290
  8
LOGO
 10
-19.816414264777723
 20
2.358353688324377
 30
0.0
 70
0
  0
SEQEND
  5
1220
  8
LOGO
  0
POLYLINE
  5
1291
  8
LOGO
 66
1
 10
0.0
 20
0.0
 30
0.0
 70
1
  0
VERTEX
  5
1293
  8
LOGO
 10
-17.58221787982413
 20
2.224987787005374
 30
0.0
 70
0
  0
VERTEX
  5
1294
  8
LOGO
 10
-17.609526135808498
 20
2.222447484123107
 30
0.0
 70
0
  0
VERTEX
  5
1295
  8
LOGO
 10
-17.643185148998533
 20
2.218637029799707
 30
0.0
 70
0
  0
VERTEX
  5
1296
  8
LOGO
 10
-17.681289692232536
 20
2.212921348314607
 30
0.0
 70
0
  0
VERTEX
  5
1297
  8
LOGO
 10
-17.7219345383488
 20
2.20657059110894
 30
0.0
 70
0
  0
VERTEX
  5
1298
  8
LOGO
 10
-17.763214460185637
 20
2.2002198339032732
 30
0.0
 70
0
  0
VERTEX
  5
1299
  8
LOGO
 10
-17.803859306301902
 20
2.1932340009770397
 30
0.0
 70
0
  0
VERTEX
  5
129A
  8
LOGO
 10
-17.84069369809477
 20
2.18561309233024
 30
0.0
 70
0
  0
VERTEX
  5
129B
  8
LOGO
 10
-17.872447484123107
 20
2.179262335124573
 30
0.0
 70
0
  0
VERTEX
  5
129C
  8
LOGO
 10
-17.969614069369808
 20
2.1551294577430387
 30
0.0
 70
0
  0
VERTEX
  5
129D
  8
LOGO
 10
-18.06360527601368
 20
2.1290913531998052
 30
0.0
 70
0
  0
VERTEX
  5
129E
  8
LOGO
 10
-18.155691255495846
 20
2.0992427943331706
 30
0.0
 70
0
  0
VERTEX
  5
129F
  8
LOGO
 10
-18.248412310698583
 20
2.065583781143137
 30
0.0
 70
0
  0
VERTEX
  5
12A0
  8
LOGO
 10
-18.34240351734245
 20
2.027479237909136
 30
0.0
 70
0
  0
VERTEX
  5
12A1
  8
LOGO
 10
-18.438935026868588
 20
1.984929164631168
 30
0.0
 70
0
  0
VERTEX
  5
12A2
  8
LOGO
 10
-18.53991206643869
 20
1.936028334147533
 30
0.0
 70
0
  0
VERTEX
  5
12A3
  8
LOGO
 10
-18.645969711773326
 20
1.8820468978993652
 30
0.0
 70
0
  0
VERTEX
  5
12A4
  8
LOGO
 10
-18.68915486077186
 20
1.859184171958965
 30
0.0
 70
0
  0
VERTEX
  5
12A5
  8
LOGO
 10
-18.72916463116756
 20
1.836956521739131
 30
0.0
 70
0
  0
VERTEX
  5
12A6
  8
LOGO
 10
-18.767269174401562
 20
1.8159990229604301
 30
0.0
 70
0
  0
VERTEX
  5
12A7
  8
LOGO
 10
-18.805373717635565
 20
1.7937713727405962
 30
0.0
 70
0
  0
VERTEX
  5
12A8
  8
LOGO
 10
-18.84411333659013
 20
1.7702735710796296
 30
0.0
 70
0
  0
VERTEX
  5
12A9
  8
LOGO
 10
-18.8847581827064
 20
1.7455056179775281
 30
0.0
 70
0
  0
VERTEX
  5
12AA
  8
LOGO
 10
-18.928578407425498
 20
1.718197361993161
 30
0.0
 70
0
  0
VERTEX
  5
12AB
  8
LOGO
 10
-18.976209086468
 20
1.6870786516853937
 30
0.0
 70
0
  0
VERTEX
  5
12AC
  8
LOGO
 10
-19.090522716170003
 20
1.6108695652173919
 30
0.0
 70
0
  0
VERTEX
  5
12AD
  8
LOGO
 10
-19.211187103077673
 20
1.5257694186614565
 30
0.0
 70
0
  0
VERTEX
  5
12AE
  8
LOGO
 10
-19.337567171470443
 20
1.431778212017587
 30
0.0
 70
0
  0
VERTEX
  5
12AF
  8
LOGO
 10
-19.47029799706888
 20
1.3288959452857847
 30
0.0
 70
0
  0
VERTEX
  5
12B0
  8
LOGO
 10
-19.61001465559355
 20
1.2164875427454815
 30
0.0
 70
0
  0
VERTEX
  5
12B1
  8
LOGO
 10
-19.75608207132389
 20
1.095188080117245
 30
0.0
 70
0
  0
VERTEX
  5
12B2
  8
LOGO
 10
-19.909135319980457
 20
0.963727405959942
 30
0.0
 70
0
  0
VERTEX
  5
12B3
  8
LOGO
 10
-20.069174401563263
 20
0.8227405959941382
 30
0.0
 70
0
  0
VERTEX
  5
12B4
  8
LOGO
 10
-20.263507572056668
 20
0.6461895456766006
 30
0.0
 70
0
  0
VERTEX
  5
12B5
  8
LOGO
 10
-20.43751831949194
 20
0.47979970688812934
 30
0.0
 70
0
  0
VERTEX
  5
12B6
  8
LOGO
 10
-20.59374694675134
 20
0.32103077674645863
 30
0.0
 70
0
  0
VERTEX
  5
12B7
  8
LOGO
 10
-20.734098680996578
 20
0.16797752808988792
 30
0.0
 70
0
  0
VERTEX
  5
12B8
  8
LOGO
 10
-20.859208597948214
 20
0.018734733756717435
 30
0.0
 70
0
  0
VERTEX
  5
12B9
  8
LOGO
 10
-20.97288715192965
 20
-0.1292379091353194
 30
0.0
 70
0
  0
VERTEX
  5
12BA
  8
LOGO
 10
-21.07513434294089
 20
-0.27784562774792304
 30
0.0
 70
0
  0
VERTEX
  5
12BB
  8
LOGO
 10
-21.169760625305322
 20
-0.428993649242794
 30
0.0
 70
0
  0
VERTEX
  5
12BC
  8
LOGO
 10
-21.190718124084025
 20
-0.4664631167562282
 30
0.0
 70
0
  0
VERTEX
  5
12BD
  8
LOGO
 10
-21.212945774303858
 20
-0.5077430385930626
 30
0.0
 70
0
  0
VERTEX
  5
12BE
  8
LOGO
 10
-21.234538348803124
 20
-0.5515632633121635
 30
0.0
 70
0
  0
VERTEX
  5
12BF
  8
LOGO
 10
-21.256130923302393
 20
-0.5966536394723981
 30
0.0
 70
0
  0
VERTEX
  5
12C0
  8
LOGO
 10
-21.277088422081093
 20
-0.641108939912066
 30
0.0
 70
0
  0
VERTEX
  5
12C1
  8
LOGO
 10
-21.295505617977526
 20
-0.6849291646311669
 30
0.0
 70
0
  0
VERTEX
  5
12C2
  8
LOGO
 10
-21.312017586712262
 20
-0.7249389350268681
 30
0.0
 70
0
  0
VERTEX
  5
12C3
  8
LOGO
 10
-21.325989252564728
 20
-0.7617733268197358
 30
0.0
 70
0
  0
VERTEX
  5
12C4
  8
LOGO
 10
-21.34440644846116
 20
-0.8189301416707372
 30
0.0
 70
0
  0
VERTEX
  5
12C5
  8
LOGO
 10
-21.360283341475327
 20
-0.8760869565217387
 30
0.0
 70
0
  0
VERTEX
  5
12C6
  8
LOGO
 10
-21.37361993160723
 20
-0.9326086956521733
 30
0.0
 70
0
  0
VERTEX
  5
12C7
  8
LOGO
 10
-21.383781143136297
 20
-0.9891304347826082
 30
0.0
 70
0
  0
VERTEX
  5
12C8
  8
LOGO
 10
-21.391402051783096
 20
-1.0456521739130429
 30
0.0
 70
0
  0
VERTEX
  5
12C9
  8
LOGO
 10
-21.395847581827063
 20
-1.1015388373229111
 30
0.0
 70
0
  0
VERTEX
  5
12CA
  8
LOGO
 10
-21.397752808988763
 20
-1.1574255007327794
 30
0.0
 70
0
  0
VERTEX
  5
12CB
  8
LOGO
 10
-21.397117733268196
 20
-1.2126770884220806
 30
0.0
 70
0
  0
VERTEX
  5
12CC
  8
LOGO
 10
-21.393942354665363
 20
-1.2666585246702486
 30
0.0
 70
0
  0
VERTEX
  5
12CD
  8
LOGO
 10
-21.38886174890083
 20
-1.3180996580361501
 30
0.0
 70
0
  0
VERTEX
  5
12CE
  8
LOGO
 10
-21.38124084025403
 20
-1.3682706399609181
 30
0.0
 70
0
  0
VERTEX
  5
12CF
  8
LOGO
 10
-21.371079628724964
 20
-1.4165363947239862
 30
0.0
 70
0
  0
VERTEX
  5
12D0
  8
LOGO
 10
-21.359013190034194
 20
-1.4635319980459203
 30
0.0
 70
0
  0
VERTEX
  5
12D1
  8
LOGO
 10
-21.343771372740594
 20
-1.5092574499267215
 30
0.0
 70
0
  0
VERTEX
  5
12D2
  8
LOGO
 10
-21.326624328285295
 20
-1.5537127503663892
 30
0.0
 70
0
  0
VERTEX
  5
12D3
  8
LOGO
 10
-21.306936980947725
 20
-1.5981680508060572
 30
0.0
 70
0
  0
VERTEX
  5
12D4
  8
LOGO
 10
-21.299951148021492
 20
-1.6134098680996576
 30
0.0
 70
0
  0
VERTEX
  5
12D5
  8
LOGO
 10
-21.291695163654126
 20
-1.6292867611138246
 30
0.0
 70
0
  0
VERTEX
  5
12D6
  8
LOGO
 10
-21.282804103566193
 20
-1.6457987298485584
 30
0.0
 70
0
  0
VERTEX
  5
12D7
  8
LOGO
 10
-21.274548119198826
 20
-1.6616756228627254
 30
0.0
 70
0
  0
VERTEX
  5
12D8
  8
LOGO
 10
-21.265657059110893
 20
-1.6775525158768925
 30
0.0
 70
0
  0
VERTEX
  5
12D9
  8
LOGO
 10
-21.257401074743527
 20
-1.6921592574499262
 30
0.0
 70
0
  0
VERTEX
  5
12DA
  8
LOGO
 10
-21.249780166096727
 20
-1.7048607718612598
 30
0.0
 70
0
  0
VERTEX
  5
12DB
  8
LOGO
 10
-21.24342940889106
 20
-1.7156570591108935
 30
0.0
 70
0
  0
VERTEX
  5
12DC
  8
LOGO
 10
-21.217391304347824
 20
-1.7537616023448943
 30
0.0
 70
0
  0
VERTEX
  5
12DD
  8
LOGO
 10
-21.188812896922325
 20
-1.7918661455788956
 30
0.0
 70
0
  0
VERTEX
  5
12DE
  8
LOGO
 10
-21.157694186614556
 20
-1.8299706888128964
 30
0.0
 70
0
  0
VERTEX
  5
12DF
  8
LOGO
 10
-21.12467024914509
 20
-1.8680752320468974
 30
0.0
 70
0
  0
VERTEX
  5
12E0
  8
LOGO
 10
-21.090376160234488
 20
-1.904274548119198
 30
0.0
 70
0
  0
VERTEX
  5
12E1
  8
LOGO
 10
-21.05544699560332
 20
-1.9385686370297992
 30
0.0
 70
0
  0
VERTEX
  5
12E2
  8
LOGO
 10
-21.020517830972153
 20
-1.9709574987787
 30
0.0
 70
0
  0
VERTEX
  5
12E3
  8
LOGO
 10
-20.98622374206155
 20
-2.0001709819247675
 30
0.0
 70
0
  0
VERTEX
  5
12E4
  8
LOGO
 10
-20.962725940400585
 20
-2.017318026380068
 30
0.0
 70
0
  0
VERTEX
  5
12E5
  8
LOGO
 10
-20.936052760136786
 20
-2.0370053737176352
 30
0.0
 70
0
  0
VERTEX
  5
12E6
  8
LOGO
 10
-20.906839276990716
 20
-2.0566927210552017
 30
0.0
 70
0
  0
VERTEX
  5
12E7
  8
LOGO
 10
-20.87572056668295
 20
-2.077015144113336
 30
0.0
 70
0
  0
VERTEX
  5
12E8
  8
LOGO
 10
-20.845236932095748
 20
-2.096702491450903
 30
0.0
 70
0
  0
VERTEX
  5
12E9
  8
LOGO
 10
-20.81475329750855
 20
-2.11448461162677
 30
0.0
 70
0
  0
VERTEX
  5
12EA
  8
LOGO
 10
-20.786809965803613
 20
-2.1309965803615043
 30
0.0
 70
0
  0
VERTEX
  5
12EB
  8
LOGO
 10
-20.76267708842208
 20
-2.143698094772838
 30
0.0
 70
0
  0
VERTEX
  5
12EC
  8
LOGO
 10
-20.68456277479238
 20
-2.1798974108451388
 30
0.0
 70
0
  0
VERTEX
  5
12ED
  8
LOGO
 10
-20.60136785539814
 20
-2.212921348314606
 30
0.0
 70
0
  0
VERTEX
  5
12EE
  8
LOGO
 10
-20.51372740595994
 20
-2.2427699071812404
 30
0.0
 70
0
  0
VERTEX
  5
12EF
  8
LOGO
 10
-20.42164142647777
 20
-2.268808011724474
 30
0.0
 70
0
  0
VERTEX
  5
12F0
  8
LOGO
 10
-20.32447484123107
 20
-2.291670737664875
 30
0.0
 70
0
  0
VERTEX
  5
12F1
  8
LOGO
 10
-20.2228627259404
 20
-2.310723009281875
 30
0.0
 70
0
  0
VERTEX
  5
12F2
  8
LOGO
 10
-20.116170004885195
 20
-2.3272349780166093
 30
0.0
 70
0
  0
VERTEX
  5
12F3
  8
LOGO
 10
-20.005031753786028
 20
-2.339301416707376
 30
0.0
 70
0
  0
VERTEX
  5
12F4
  8
LOGO
 10
-19.932633121641427
 20
-2.345652173913043
 30
0.0
 70
0
  0
VERTEX
  5
12F5
  8
LOGO
 10
-19.85705911089399
 20
-2.350732779677576
 30
0.0
 70
0
  0
VERTEX
  5
12F6
  8
LOGO
 10
-19.773864191499754
 20
-2.3545432340009764
 30
0.0
 70
0
  0
VERTEX
  5
12F7
  8
LOGO
 10
-19.679872984855884
 20
-2.3577186126038097
 30
0.0
 70
0
  0
VERTEX
  5
12F8
  8
LOGO
 10
-19.571275036638983
 20
-2.35962383976551
 30
0.0
 70
0
  0
VERTEX
  5
12F9
  8
LOGO
 10
-19.444894968246214
 20
-2.3608939912066433
 30
0.0
 70
0
  0
VERTEX
  5
12FA
  8
LOGO
 10
-19.296287249633608
 20
-2.3615290669272095
 30
0.0
 70
0
  0
VERTEX
  5
12FB
  8
LOGO
 10
-19.12227650219834
 20
-2.3615290669272095
 30
0.0
 70
0
  0
VERTEX
  5
12FC
  8
LOGO
 10
-18.80156326331216
 20
-2.3602589154860762
 30
0.0
 70
0
  0
VERTEX
  5
12FD
  8
LOGO
 10
-18.53610161211529
 20
-2.357083536883243
 30
0.0
 70
0
  0
VERTEX
  5
12FE
  8
LOGO
 10
-18.317000488519785
 20
-2.3526380068392765
 30
0.0
 70
0
  0
VERTEX
  5
12FF
  8
LOGO
 10
-18.134733756717146
 20
-2.345652173913043
 30
0.0
 70
0
  0
VERTEX
  5
1300
  8
LOGO
 10
-17.981680508060574
 20
-2.335490962383976
 30
0.0
 70
0
  0
VERTEX
  5
1301
  8
LOGO
 10
-17.847679531021004
 20
-2.3227894479726423
 30
0.0
 70
0
  0
VERTEX
  5
1302
  8
LOGO
 10
-17.7238397655105
 20
-2.3062774792379086
 30
0.0
 70
0
  0
VERTEX
  5
1303
  8
LOGO
 10
-17.601905227161698
 20
-2.285319980459208
 30
0.0
 70
0
  0
VERTEX
  5
1304
  8
LOGO
 10
-17.539032730825596
 20
-2.272618466047874
 30
0.0
 70
0
  0
VERTEX
  5
1305
  8
LOGO
 10
-17.479335613092328
 20
-2.259281875915974
 30
0.0
 70
0
  0
VERTEX
  5
1306
  8
LOGO
 10
-17.42344894968246
 20
-2.2446751343429403
 30
0.0
 70
0
  0
VERTEX
  5
1307
  8
LOGO
 10
-17.37200781631656
 20
-2.22943331704934
 30
0.0
 70
0
  0
VERTEX
  5
1308
  8
LOGO
 10
-17.325012212994626
 20
-2.213556424035173
 30
0.0
 70
0
  0
VERTEX
  5
1309
  8
LOGO
 10
-17.28373229115779
 20
-2.197044455300439
 30
0.0
 70
0
  0
VERTEX
  5
130A
  8
LOGO
 10
-17.248168050806058
 20
-2.181167562286272
 30
0.0
 70
0
  0
VERTEX
  5
130B
  8
LOGO
 10
-17.21895456765999
 20
-2.1646555935515384
 30
0.0
 70
0
  0
VERTEX
  5
130C
  8
LOGO
 10
-17.197361993160722
 20
-2.149413776257938
 30
0.0
 70
0
  0
VERTEX
  5
130D
  8
LOGO
 10
-17.178944797264286
 20
-2.133536883243771
 30
0.0
 70
0
  0
VERTEX
  5
130E
  8
LOGO
 10
-17.162432828529553
 20
-2.1163898387884705
 30
0.0
 70
0
  0
VERTEX
  5
130F
  8
LOGO
 10
-17.149096238397654
 20
-2.098607718612603
 30
0.0
 70
0
  0
VERTEX
  5
1310
  8
LOGO
 10
-17.138935026868587
 20
-2.0801905227161694
 30
0.0
 70
0
  0
VERTEX
  5
1311
  8
LOGO
 10
-17.131314118221788
 20
-2.061138251099169
 30
0.0
 70
0
  0
VERTEX
  5
1312
  8
LOGO
 10
-17.12686858817782
 20
-2.042085979482169
 30
0.0
 70
0
  0
VERTEX
  5
1313
  8
LOGO
 10
-17.12496336101612
 20
-2.021763556424035
 30
0.0
 70
0
  0
VERTEX
  5
1314
  8
LOGO
 10
-17.126233512457254
 20
-2.0096971177332676
 30
0.0
 70
0
  0
VERTEX
  5
1315
  8
LOGO
 10
-17.130043966780654
 20
-1.9957254518808007
 30
0.0
 70
0
  0
VERTEX
  5
1316
  8
LOGO
 10
-17.13639472398632
 20
-1.9804836345872
 30
0.0
 70
0
  0
VERTEX
  5
1317
  8
LOGO
 10
-17.144650708353687
 20
-1.964606741573033
 30
0.0
 70
0
  0
VERTEX
  5
1318
  8
LOGO
 10
-17.154811919882754
 20
-1.948729848558866
 30
0.0
 70
0
  0
VERTEX
  5
1319
  8
LOGO
 10
-17.16687835857352
 20
-1.932852955544699
 30
0.0
 70
0
  0
VERTEX
  5
131A
  8
LOGO
 10
-17.180214948705423
 20
-1.9176111382510987
 30
0.0
 70
0
  0
VERTEX
  5
131B
  8
LOGO
 10
-17.194821690278456
 20
-1.9030043966780648
 30
0.0
 70
0
  0
VERTEX
  5
131C
  8
LOGO
 10
-17.21704934049829
 20
-1.8839521250610645
 30
0.0
 70
0
  0
VERTEX
  5
131D
  8
LOGO
 10
-17.251978505129458
 20
-1.8553737176355636
 30
0.0
 70
0
  0
VERTEX
  5
131E
  8
LOGO
 10
-17.29897410845139
 20
-1.8191744015632627
 30
0.0
 70
0
  0
VERTEX
  5
131F
  8
LOGO
 10
-17.357401074743525
 20
-1.7747191011235948
 30
0.0
 70
0
  0
VERTEX
  5
1320
  8
LOGO
 10
-17.42535417684416
 20
-1.7239130434782601
 30
0.0
 70
0
  0
VERTEX
  5
1321
  8
LOGO
 10
-17.50219833903273
 20
-1.6667562286272588
 30
0.0
 70
0
  0
VERTEX
  5
1322
  8
LOGO
 10
-17.587298485588665
 20
-1.6038837322911572
 30
0.0
 70
0
  0
VERTEX
  5
1323
  8
LOGO
 10
-17.6800195407914
 20
-1.536565705911089
 30
0.0
 70
0
  0
VERTEX
  5
1324
  8
LOGO
 10
-17.88133854421104
 20
-1.3904982901807519
 30
0.0
 70
0
  0
VERTEX
  5
1325
  8
LOGO
 10
-18.040742550073276
 20
-1.2730092818759156
 30
0.0
 70
0
  0
VERTEX
  5
1326
  8
LOGO
 10
-18.165852467024912
 20
-1.1802882266731796
 30
0.0
 70
0
  0
VERTEX
  5
1327
  8
LOGO
 10
-18.26238397655105
 20
-1.1059843673668777
 30
0.0
 70
0
  0
VERTEX
  5
1328
  8
LOGO
 10
-18.337957987298484
 20
-1.0456521739130429
 30
0.0
 70
0
  0
VERTEX
  5
1329
  8
LOGO
 10
-18.39829018075232
 20
-0.9935759648265751
 30
0.0
 70
0
  0
VERTEX
  5
132A
  8
LOGO
 10
-18.44973131411822
 20
-0.9446751343429405
 30
0.0
 70
0
  0
VERTEX
  5
132B
  8
LOGO
 10
-18.49990229604299
 20
-0.8945041524181724
 30
0.0
 70
0
  0
VERTEX
  5
132C
  8
LOGO
 10
-18.52657547630679
 20
-0.8665608207132385
 30
0.0
 70
0
  0
VERTEX
  5
132D
  8
LOGO
 10
-18.550073277967755
 20
-0.839252564728871
 30
0.0
 70
0
  0
VERTEX
  5
132E
  8
LOGO
 10
-18.571030776746458
 20
-0.8132144601856373
 30
0.0
 70
0
  0
VERTEX
  5
132F
  8
LOGO
 10
-18.590083048363457
 20
-0.7878114313629699
 30
0.0
 70
0
  0
VERTEX
  5
1330
  8
LOGO
 10
-18.60659501709819
 20
-0.7624084025403026
 30
0.0
 70
0
  0
VERTEX
  5
1331
  8
LOGO
 10
-18.621201758671226
 20
-0.7376404494382017
 30
0.0
 70
0
  0
VERTEX
  5
1332
  8
LOGO
 10
-18.63390327308256
 20
-0.7122374206155344
 30
0.0
 70
0
  0
VERTEX
  5
1333
  8
LOGO
 10
-18.644699560332192
 20
-0.6861993160723007
 30
0.0
 70
0
  0
VERTEX
  5
1334
  8
LOGO
 10
-18.650415241817292
 20
-0.6722276502198332
 30
0.0
 70
0
  0
VERTEX
  5
1335
  8
LOGO
 10
-18.65486077186126
 20
-0.6588910600879332
 30
0.0
 70
0
  0
VERTEX
  5
1336
  8
LOGO
 10
-18.65867122618466
 20
-0.6474596971177328
 30
0.0
 70
0
  0
VERTEX
  5
1337
  8
LOGO
 10
-18.661211529066925
 20
-0.6360283341475325
 30
0.0
 70
0
  0
VERTEX
  5
1338
  8
LOGO
 10
-18.66248168050806
 20
-0.6239618954567656
 30
0.0
 70
0
  0
VERTEX
  5
1339
  8
LOGO
 10
-18.66375183194919
 20
-0.6106253053248651
 30
0.0
 70
0
  0
VERTEX
  5
133A
  8
LOGO
 10
-18.66438690766976
 20
-0.5953834880312648
 30
0.0
 70
0
  0
VERTEX
  5
133B
  8
LOGO
 10
-18.66438690766976
 20
-0.5776013678553976
 30
0.0
 70
0
  0
VERTEX
  5
133C
  8
LOGO
 10
-18.66438690766976
 20
-0.5598192476795305
 30
0.0
 70
0
  0
VERTEX
  5
133D
  8
LOGO
 10
-18.66438690766976
 20
-0.5445774303859302
 30
0.0
 70
0
  0
VERTEX
  5
133E
  8
LOGO
 10
-18.663116756228625
 20
-0.5312408402540297
 30
0.0
 70
0
  0
VERTEX
  5
133F
  8
LOGO
 10
-18.661846604787492
 20
-0.5191744015632629
 30
0.0
 70
0
  0
VERTEX
  5
1340
  8
LOGO
 10
-18.659306301905225
 20
-0.5077430385930626
 30
0.0
 70
0
  0
VERTEX
  5
1341
  8
LOGO
 10
-18.656130923302392
 20
-0.49567659990229573
 30
0.0
 70
0
  0
VERTEX
  5
1342
  8
LOGO
 10
-18.651685393258425
 20
-0.4823400097703952
 30
0.0
 70
0
  0
VERTEX
  5
1343
  8
LOGO
 10
-18.646604787493892
 20
-0.46773326819736183
 30
0.0
 70
0
  0
VERTEX
  5
1344
  8
LOGO
 10
-18.642159257449926
 20
-0.4569369809477279
 30
0.0
 70
0
  0
VERTEX
  5
1345
  8
LOGO
 10
-18.637078651685393
 20
-0.44423546653639423
 30
0.0
 70
0
  0
VERTEX
  5
1346
  8
LOGO
 10
-18.631362970200293
 20
-0.43153395212506057
 30
0.0
 70
0
  0
VERTEX
  5
1347
  8
LOGO
 10
-18.62437713727406
 20
-0.41819736199316015
 30
0.0
 70
0
  0
VERTEX
  5
1348
  8
LOGO
 10
-18.617391304347823
 20
-0.4048607718612596
 30
0.0
 70
0
  0
VERTEX
  5
1349
  8
LOGO
 10
-18.61040547142159
 20
-0.39215925744992597
 30
0.0
 70
0
  0
VERTEX
  5
134A
  8
LOGO
 10
-18.603419638495357
 20
-0.3800928187591592
 30
0.0
 70
0
  0
VERTEX
  5
134B
  8
LOGO
 10
-18.596433805569124
 20
-0.36929653150952596
 30
0.0
 70
0
  0
VERTEX
  5
134C
  8
LOGO
 10
-18.567220322423058
 20
-0.3280166096726916
 30
0.0
 70
0
  0
VERTEX
  5
134D
  8
LOGO
 10
-18.531021006350755
 20
-0.28610161211529034
 30
0.0
 70
0
  0
VERTEX
  5
134E
  8
LOGO
 10
-18.48847093307279
 20
-0.24228138739618937
 30
0.0
 70
0
  0
VERTEX
  5
134F
  8
LOGO
 10
-18.44020517830972
 20
-0.1984611626770877
 30
0.0
 70
0
  0
VERTEX
  5
1350
  8
LOGO
 10
-18.385588666340986
 20
-0.1533707865168538
 30
0.0
 70
0
  0
VERTEX
  5
1351
  8
LOGO
 10
-18.326526624328284
 20
-0.10828041035661916
 30
0.0
 70
0
  0
VERTEX
  5
1352
  8
LOGO
 10
-18.261748900830483
 20
-0.0625549584758177
 30
0.0
 70
0
  0
VERTEX
  5
1353
  8
LOGO
 10
-18.19189057156815
 20
-0.01746458231558306
 30
0.0
 70
0
  0
VERTEX
  5
1354
  8
LOGO
 10
-18.137274059599413
 20
0.01555935515388402
 30
0.0
 70
0
  0
VERTEX
  5
1355
  8
LOGO
 10
-18.079482169027845
 20
0.049853444064484755
 30
0.0
 70
0
  0
VERTEX
  5
1356
  8
LOGO
 10
-18.016609672691743
 20
0.08605276013678598
 30
0.0
 70
0
  0
VERTEX
  5
1357
  8
LOGO
 10
-17.94675134342941
 20
0.12479237909135378
 30
0.0
 70
0
  0
VERTEX
  5
1358
  8
LOGO
 10
-17.86800195407914
 20
0.16734245236932108
 30
0.0
 70
0
  0
VERTEX
  5
1359
  8
LOGO
 10
-17.77972642892037
 20
0.21370297997068938
 30
0.0
 70
0
  0
VERTEX
  5
135A
  8
LOGO
 10
-17.6800195407914
 20
0.2657791890571569
 30
0.0
 70
0
  0
VERTEX
  5
135B
  8
LOGO
 10
-17.566340986809966
 20
0.32420615534929204
 30
0.0
 70
0
  0
VERTEX
  5
135C
  8
LOGO
 10
-17.410747435271126
 20
0.40422569614069426
 30
0.0
 70
0
  0
VERTEX
  5
135D
  8
LOGO
 10
-17.279286761113823
 20
0.4715437225207628
 30
0.0
 70
0
  0
VERTEX
  5
135E
  8
LOGO
 10
-17.170053737176353
 20
0.5274303859306306
 30
0.0
 70
0
  0
VERTEX
  5
135F
  8
LOGO
 10
-17.08114313629702
 20
0.5731558378114321
 30
0.0
 70
0
  0
VERTEX
  5
1360
  8
LOGO
 10
-17.01001465559355
 20
0.6106253053248661
 30
0.0
 70
0
  0
VERTEX
  5
1361
  8
LOGO
 10
-16.95476306790425
 20
0.6392037127503669
 30
0.0
 70
0
  0
VERTEX
  5
1362
  8
LOGO
 10
-16.913483146067414
 20
0.6614313629702008
 30
0.0
 70
0
  0
VERTEX
  5
1363
  8
LOGO
 10
-16.88363458720078
 20
0.6779433317049348
 30
0.0
 70
0
  0
VERTEX
  5
1364
  8
LOGO
 10
-16.801709819247677
 20
0.7249389350268691
 30
0.0
 70
0
  0
VERTEX
  5
1365
  8
LOGO
 10
-16.731216414264775
 20
0.7668539325842704
 30
0.0
 70
0
  0
VERTEX
  5
1366
  8
LOGO
 10
-16.669614069369807
 20
0.8055935515388375
 30
0.0
 70
0
  0
VERTEX
  5
1367
  8
LOGO
 10
-16.61626770884221
 20
0.8411577918905718
 30
0.0
 70
0
  0
VERTEX
  5
1368
  8
LOGO
 10
-16.569272105520273
 20
0.8754518808011725
 30
0.0
 70
0
  0
VERTEX
  5
1369
  8
LOGO
 10
-16.526722032242304
 20
0.909745969711774
 30
0.0
 70
0
  0
VERTEX
  5
136A
  8
LOGO
 10
-16.486712261846602
 20
0.9446751343429416
 30
0.0
 70
0
  0
VERTEX
  5
136B
  8
LOGO
 10
-16.447972642892037
 20
0.9815095261358089
 30
0.0
 70
0
  0
VERTEX
  5
136C
  8
LOGO
 10
-16.425109916951634
 20
1.0043722520762097
 30
0.0
 70
0
  0
VERTEX
  5
136D
  8
LOGO
 10
-16.4066927210552
 20
1.02342452369321
 30
0.0
 70
0
  0
VERTEX
  5
136E
  8
LOGO
 10
-16.3914509037616
 20
1.039936492427944
 30
0.0
 70
0
  0
VERTEX
  5
136F
  8
LOGO
 10
-16.379384465070835
 20
1.0545432340009775
 30
0.0
 70
0
  0
VERTEX
  5
1370
  8
LOGO
 10
-16.36922325354177
 20
1.0685148998534446
 30
0.0
 70
0
  0
VERTEX
  5
1371
  8
LOGO
 10
-16.359697117733266
 20
1.0824865657059113
 30
0.0
 70
0
  0
VERTEX
  5
1372
  8
LOGO
 10
-16.3514411333659
 20
1.0983634587200783
 30
0.0
 70
0
  0
VERTEX
  5
1373
  8
LOGO
 10
-16.3419149975574
 20
1.116145578895946
 30
0.0
 70
0
  0
VERTEX
  5
1374
  8
LOGO
 10
-16.3361993160723
 20
1.1282120175867127
 30
0.0
 70
0
  0
VERTEX
  5
1375
  8
LOGO
 10
-16.3304836345872
 20
1.1415486077186132
 30
0.0
 70
0
  0
VERTEX
  5
1376
  8
LOGO
 10
-16.3247679531021
 20
1.154885197850513
 30
0.0
 70
0
  0
VERTEX
  5
1377
  8
LOGO
 10
-16.319687347337567
 20
1.1682217879824135
 30
0.0
 70
0
  0
VERTEX
  5
1378
  8
LOGO
 10
-16.314606741573034
 20
1.180923302393747
 30
0.0
 70
0
  0
VERTEX
  5
1379
  8
LOGO
 10
-16.31079628724963
 20
1.1923546653639479
 30
0.0
 70
0
  0
VERTEX
  5
137A
  8
LOGO
 10
-16.307620908646797
 20
1.2025158768930142
 30
0.0
 70
0
  0
VERTEX
  5
137B
  8
LOGO
 10
-16.305715681485097
 20
1.2114069369809484
 30
0.0
 70
0
  0
VERTEX
  5
137C
  8
LOGO
 10
-16.30127015144113
 20
1.2406204201270152
 30
0.0
 70
0
  0
VERTEX
  5
137D
  8
LOGO
 10
-16.299999999999997
 20
1.2755495847581828
 30
0.0
 70
0
  0
VERTEX
  5
137E
  8
LOGO
 10
-16.30127015144113
 20
1.3136541279921838
 30
0.0
 70
0
  0
VERTEX
  5
137F
  8
LOGO
 10
-16.304445530043964
 20
1.3542989741084521
 30
0.0
 70
0
  0
VERTEX
  5
1380
  8
LOGO
 10
-16.310161211529067
 20
1.3955788959452864
 30
0.0
 70
0
  0
VERTEX
  5
1381
  8
LOGO
 10
-16.317782120175867
 20
1.4362237420615538
 30
0.0
 70
0
  0
VERTEX
  5
1382
  8
LOGO
 10
-16.327308255984367
 20
1.474328285295555
 30
0.0
 70
0
  0
VERTEX
  5
1383
  8
LOGO
 10
-16.338739618954566
 20
1.5086223742061557
 30
0.0
 70
0
  0
VERTEX
  5
1384
  8
LOGO
 10
-16.346995603321933
 20
1.5283097215437231
 30
0.0
 70
0
  0
VERTEX
  5
1385
  8
LOGO
 10
-16.357791890571566
 20
1.5524425989252566
 30
0.0
 70
0
  0
VERTEX
  5
1386
  8
LOGO
 10
-16.37112848070347
 20
1.578480703468491
 30
0.0
 70
0
  0
VERTEX
  5
1387
  8
LOGO
 10
-16.385100146555935
 20
1.6064240351734247
 30
0.0
 70
0
  0
VERTEX
  5
1388
  8
LOGO
 10
-16.400341963849534
 20
1.6343673668783587
 30
0.0
 70
0
  0
VERTEX
  5
1389
  8
LOGO
 10
-16.415583781143134
 20
1.6604054714215926
 30
0.0
 70
0
  0
VERTEX
  5
138A
  8
LOGO
 10
-16.4295554469956
 20
1.6845383488031271
 30
0.0
 70
0
  0
VERTEX
  5
138B
  8
LOGO
 10
-16.442256961406937
 20
1.7035906204201274
 30
0.0
 70
0
  0
VERTEX
  5
138C
  8
LOGO
 10
-16.476551050317536
 20
1.7512212994626288
 30
0.0
 70
0
  0
VERTEX
  5
138D
  8
LOGO
 10
-16.511480214948705
 20
1.7963116756228628
 30
0.0
 70
0
  0
VERTEX
  5
138E
  8
LOGO
 10
-16.547044455300437
 20
1.838226673180264
 30
0.0
 70
0
  0
VERTEX
  5
138F
  8
LOGO
 10
-16.583878847093306
 20
1.8788715192965315
 30
0.0
 70
0
  0
VERTEX
  5
1390
  8
LOGO
 10
-16.62198339032731
 20
1.9169760625305323
 30
0.0
 70
0
  0
VERTEX
  5
1391
  8
LOGO
 10
-16.661993160723007
 20
1.9531753786028339
 30
0.0
 70
0
  0
VERTEX
  5
1392
  8
LOGO
 10
-16.703273082559843
 20
1.9881045432340012
 30
0.0
 70
0
  0
VERTEX
  5
1393
  8
LOGO
 10
-16.747093307278945
 20
2.0217635564240353
 30
0.0
 70
0
  0
VERTEX
  5
1394
  8
LOGO
 10
-16.760429897410845
 20
2.0312896922325354
 30
0.0
 70
0
  0
VERTEX
  5
1395
  8
LOGO
 10
-16.775671714704444
 20
2.041450903761602
 30
0.0
 70
0
  0
VERTEX
  5
1396
  8
LOGO
 10
-16.792818759159744
 20
2.0522471910112365
 30
0.0
 70
0
  0
VERTEX
  5
1397
  8
LOGO
 10
-16.810600879335613
 20
2.0636785539814366
 30
0.0
 70
0
  0
VERTEX
  5
1398
  8
LOGO
 10
-16.829653150952613
 20
2.075109916951637
 30
0.0
 70
0
  0
VERTEX
  5
1399
  8
LOGO
 10
-16.848070346849045
 20
2.08590620420127
 30
0.0
 70
0
  0
VERTEX
  5
139A
  8
LOGO
 10
-16.866487542745478
 20
2.0954323400097707
 30
0.0
 70
0
  0
VERTEX
  5
139B
  8
LOGO
 10
-16.88363458720078
 20
2.104958475818271
 30
0.0
 70
0
  0
VERTEX
  5
139C
  8
LOGO
 10
-16.94904738641915
 20
2.1354421104054717
 30
0.0
 70
0
  0
VERTEX
  5
139D
  8
LOGO
 10
-17.01382510991695
 20
2.162115290669272
 30
0.0
 70
0
  0
VERTEX
  5
139E
  8
LOGO
 10
-17.079872984855886
 20
2.1837078651685395
 30
0.0
 70
0
  0
VERTEX
  5
139F
  8
LOGO
 10
-17.147191011235954
 20
2.20085490962384
 30
0.0
 70
0
  0
VERTEX
  5
13A0
  8
LOGO
 10
-17.216414264777722
 20
2.2135564240351737
 30
0.0
 70
0
  0
VERTEX
  5
13A1
  8
LOGO
 10
-17.288812896922323
 20
2.222447484123107
 30
0.0
 70
0
  0
VERTEX
  5
13A2
  8
LOGO
 10
-17.36438690766976
 20
2.2275280898876413
 30
0.0
 70
0
  0
VERTEX
  5
13A3
  8
LOGO
 10
-17.444406448461162
 20
2.2281631656082075
 30
0.0
 70
0
  0
VERTEX
  5
13A4
  8
LOGO
 10
-17.466634098680995
 20
2.2281631656082075
 30
0.0
 70
0
  0
VERTEX
  5
13A5
  8
LOGO
 10
-17.488861748900828
 20
2.2275280898876413
 30
0.0
 70
0
  0
VERTEX
  5
13A6
  8
LOGO
 10
-17.510454323400097
 20
2.2275280898876413
 30
0.0
 70
0
  0
VERTEX
  5
13A7
  8
LOGO
 10
-17.530141670737663
 20
2.226893014167074
 30
0.0
 70
0
  0
VERTEX
  5
13A8
  8
LOGO
 10
-17.547288715192963
 20
2.2262579384465075
 30
0.0
 70
0
  0
VERTEX
  5
13A9
  8
LOGO
 10
-17.562530532486566
 20
2.2262579384465075
 30
0.0
 70
0
  0
VERTEX
  5
13AA
  8
LOGO
 10
-17.573961895456765
 20
2.225622862725941
 30
0.0
 70
0
  0
SEQEND
  5
1292
  8
LOGO
  0
POLYLINE
  5
13AB
  8
LOGO
 66
1
 10
0.0
 20
0.0
 30
0.0
 70
1
  0
VERTEX
  5
13AD
  8
LOGO
 10
-17.396140693698094
 20
1.762652662432829
 30
0.0
 70
0
  0
VERTEX
  5
13AE
  8
LOGO
 10
-17.38153395212506
 20
1.7582071323888617
 30
0.0
 70
0
  0
VERTEX
  5
13AF
  8
LOGO
 10
-17.366927210552028
 20
1.7531265266243286
 30
0.0
 70
0
  0
VERTEX
  5
13B0
  8
LOGO
 10
-17.353590620420125
 20
1.7467757694186619
 30
0.0
 70
0
  0
VERTEX
  5
13B1
  8
LOGO
 10
-17.340254030288225
 20
1.739789936492428
 30
0.0
 70
0
  0
VERTEX
  5
13B2
  8
LOGO
 10
-17.32818759159746
 20
1.7321690278456283
 30
0.0
 70
0
  0
VERTEX
  5
13B3
  8
LOGO
 10
-17.316121152906693
 20
1.723913043478261
 30
0.0
 70
0
  0
VERTEX
  5
13B4
  8
LOGO
 10
-17.305324865657056
 20
1.7143869076697609
 30
0.0
 70
0
  0
VERTEX
  5
13B5
  8
LOGO
 10
-17.29516365412799
 20
1.7048607718612605
 30
0.0
 70
0
  0
VERTEX
  5
13B6
  8
LOGO
 10
-17.29135319980459
 20
1.7004152418172942
 30
0.0
 70
0
  0
VERTEX
  5
13B7
  8
LOGO
 10
-17.286907669760623
 20
1.6946995603321935
 30
0.0
 70
0
  0
VERTEX
  5
13B8
  8
LOGO
 10
-17.282462139716657
 20
1.6877137274059604
 30
0.0
 70
0
  0
VERTEX
  5
13B9
  8
LOGO
 10
-17.27801660967269
 20
1.6807278944797268
 30
0.0
 70
0
  0
VERTEX
  5
13BA
  8
LOGO
 10
-17.273571079628724
 20
1.6724719101123595
 30
0.0
 70
0
  0
VERTEX
  5
13BB
  8
LOGO
 10
-17.26849047386419
 20
1.6648510014655598
 30
0.0
 70
0
  0
VERTEX
  5
13BC
  8
LOGO
 10
-17.26468001954079
 20
1.6565950170981925
 30
0.0
 70
0
  0
VERTEX
  5
13BD
  8
LOGO
 10
-17.26086956521739
 20
1.648339032730826
 30
0.0
 70
0
  0
VERTEX
  5
13BE
  8
LOGO
 10
-17.255788959452858
 20
1.6369076697606257
 30
0.0
 70
0
  0
VERTEX
  5
13BF
  8
LOGO
 10
-17.251978505129458
 20
1.626746458231559
 30
0.0
 70
0
  0
VERTEX
  5
13C0
  8
LOGO
 10
-17.248803126526624
 20
1.6172203224230586
 30
0.0
 70
0
  0
VERTEX
  5
13C1
  8
LOGO
 10
-17.246262823644358
 20
1.6076941866145584
 30
0.0
 70
0
  0
VERTEX
  5
13C2
  8
LOGO
 10
-17.244992672203225
 20
1.5975329750854914
 30
0.0
 70
0
  0
VERTEX
  5
13C3
  8
LOGO
 10
-17.24372252076209
 20
1.586101612115291
 30
0.0
 70
0
  0
VERTEX
  5
13C4
  8
LOGO
 10
-17.24372252076209
 20
1.5734000977039577
 30
0.0
 70
0
  0
VERTEX
  5
13C5
  8
LOGO
 10
-17.24372252076209
 20
1.5581582804103566
 30
0.0
 70
0
  0
VERTEX
  5
13C6
  8
LOGO
 10
-17.24372252076209
 20
1.5422813873961896
 30
0.0
 70
0
  0
VERTEX
  5
13C7
  8
LOGO
 10
-17.244357596482654
 20
1.5289447972642898
 30
0.0
 70
0
  0
VERTEX
  5
13C8
  8
LOGO
 10
-17.24562774792379
 20
1.518148510014656
 30
0.0
 70
0
  0
VERTEX
  5
13C9
  8
LOGO
 10
-17.246897899364924
 20
1.507352222765022
 30
0.0
 70
0
  0
VERTEX
  5
13CA
  8
LOGO
 10
-17.250073277967758
 20
1.4978260869565219
 30
0.0
 70
0
  0
VERTEX
  5
13CB
  8
LOGO
 10
-17.25324865657059
 20
1.4876648754274555
 30
0.0
 70
0
  0
VERTEX
  5
13CC
  8
LOGO
 10
-17.258329262335124
 20
1.4768685881778216
 30
0.0
 70
0
  0
VERTEX
  5
13CD
  8
LOGO
 10
-17.264044943820224
 20
1.4648021494870547
 30
0.0
 70
0
  0
VERTEX
  5
13CE
  8
LOGO
 10
-17.27230092818759
 20
1.4489252564728876
 30
0.0
 70
0
  0
VERTEX
  5
13CF
  8
LOGO
 10
-17.28182706399609
 20
1.4343185148998536
 30
0.0
 70
0
  0
VERTEX
  5
13D0
  8
LOGO
 10
-17.292623351245723
 20
1.420346849047387
 30
0.0
 70
0
  0
VERTEX
  5
13D1
  8
LOGO
 10
-17.30468978993649
 20
1.4070102589154865
 30
0.0
 70
0
  0
VERTEX
  5
13D2
  8
LOGO
 10
-17.317391304347826
 20
1.3949438202247195
 30
0.0
 70
0
  0
VERTEX
  5
13D3
  8
LOGO
 10
-17.33199804592086
 20
1.383512457254519
 30
0.0
 70
0
  0
VERTEX
  5
13D4
  8
LOGO
 10
-17.34660478749389
 20
1.3733512457254526
 30
0.0
 70
0
  0
VERTEX
  5
13D5
  8
LOGO
 10
-17.363116756228624
 20
1.3638251099169525
 30
0.0
 70
0
  0
VERTEX
  5
13D6
  8
LOGO
 10
-17.370737664875428
 20
1.360014655593552
 30
0.0
 70
0
  0
VERTEX
  5
13D7
  8
LOGO
 10
-17.378358573522227
 20
1.3568392769907187
 30
0.0
 70
0
  0
VERTEX
  5
13D8
  8
LOGO
 10
-17.386614557889594
 20
1.3542989741084521
 30
0.0
 70
0
  0
VERTEX
  5
13D9
  8
LOGO
 10
-17.39487054225696
 20
1.3523937469467515
 30
0.0
 70
0
  0
VERTEX
  5
13DA
  8
LOGO
 10
-17.405666829506593
 20
1.3511235955056187
 30
0.0
 70
0
  0
VERTEX
  5
13DB
  8
LOGO
 10
-17.417098192476793
 20
1.350488519785052
 30
0.0
 70
0
  0
VERTEX
  5
13DC
  8
LOGO
 10
-17.431704934049826
 20
1.349853444064485
 30
0.0
 70
0
  0
VERTEX
  5
13DD
  8
LOGO
 10
-17.44885197850513
 20
1.349853444064485
 30
0.0
 70
0
  0
VERTEX
  5
13DE
  8
LOGO
 10
-17.46599902296043
 20
1.349853444064485
 30
0.0
 70
0
  0
VERTEX
  5
13DF
  8
LOGO
 10
-17.48060576453346
 20
1.350488519785052
 30
0.0
 70
0
  0
VERTEX
  5
13E0
  8
LOGO
 10
-17.49267220322423
 20
1.3511235955056187
 30
0.0
 70
0
  0
VERTEX
  5
13E1
  8
LOGO
 10
-17.503468490473864
 20
1.3523937469467515
 30
0.0
 70
0
  0
VERTEX
  5
13E2
  8
LOGO
 10
-17.512359550561797
 20
1.3542989741084521
 30
0.0
 70
0
  0
VERTEX
  5
13E3
  8
LOGO
 10
-17.520615534929163
 20
1.3568392769907187
 30
0.0
 70
0
  0
VERTEX
  5
13E4
  8
LOGO
 10
-17.528236443575963
 20
1.3606497313141188
 30
0.0
 70
0
  0
VERTEX
  5
13E5
  8
LOGO
 10
-17.53649242794333
 20
1.3644601856375185
 30
0.0
 70
0
  0
VERTEX
  5
13E6
  8
LOGO
 10
-17.552369320957496
 20
1.3739863214460188
 30
0.0
 70
0
  0
VERTEX
  5
13E7
  8
LOGO
 10
-17.5676111382511
 20
1.3841475329750856
 30
0.0
 70
0
  0
VERTEX
  5
13E8
  8
LOGO
 10
-17.58221787982413
 20
1.3962139716658526
 30
0.0
 70
0
  0
VERTEX
  5
13E9
  8
LOGO
 10
-17.59555446995603
 20
1.4089154860771864
 30
0.0
 70
0
  0
VERTEX
  5
13EA
  8
LOGO
 10
-17.608255984367364
 20
1.4228871519296535
 30
0.0
 70
0
  0
VERTEX
  5
13EB
  8
LOGO
 10
-17.619687347337567
 20
1.4368588177821209
 30
0.0
 70
0
  0
VERTEX
  5
13EC
  8
LOGO
 10
-17.629213483146067
 20
1.4514655593551542
 30
0.0
 70
0
  0
VERTEX
  5
13ED
  8
LOGO
 10
-17.637469467513434
 20
1.4667073766487544
 30
0.0
 70
0
  0
VERTEX
  5
13EE
  8
LOGO
 10
-17.642550073277967
 20
1.4775036638983885
 30
0.0
 70
0
  0
VERTEX
  5
13EF
  8
LOGO
 10
-17.646995603321933
 20
1.4870297997068884
 30
0.0
 70
0
  0
VERTEX
  5
13F0
  8
LOGO
 10
-17.650170981924767
 20
1.4965559355153888
 30
0.0
 70
0
  0
VERTEX
  5
13F1
  8
LOGO
 10
-17.652076209086466
 20
1.506717147044456
 30
0.0
 70
0
  0
VERTEX
  5
13F2
  8
LOGO
 10
-17.653981436248166
 20
1.5168783585735224
 30
0.0
 70
0
  0
VERTEX
  5
13F3
  8
LOGO
 10
-17.654616511968733
 20
1.529579872984856
 30
0.0
 70
0
  0
VERTEX
  5
13F4
  8
LOGO
 10
-17.6552515876893
 20
1.5448216902784568
 30
0.0
 70
0
  0
VERTEX
  5
13F5
  8
LOGO
 10
-17.6552515876893
 20
1.5626038104543238
 30
0.0
 70
0
  0
VERTEX
  5
13F6
  8
LOGO
 10
-17.6552515876893
 20
1.5797508549096244
 30
0.0
 70
0
  0
VERTEX
  5
13F7
  8
LOGO
 10
-17.654616511968733
 20
1.594357596482658
 30
0.0
 70
0
  0
VERTEX
  5
13F8
  8
LOGO
 10
-17.653981436248166
 20
1.6064240351734247
 30
0.0
 70
0
  0
VERTEX
  5
13F9
  8
LOGO
 10
-17.652711284807033
 20
1.6165852467024917
 30
0.0
 70
0
  0
VERTEX
  5
13FA
  8
LOGO
 10
-17.650806057645333
 20
1.6254763067904254
 30
0.0
 70
0
  0
VERTEX
  5
13FB
  8
LOGO
 10
-17.648265754763067
 20
1.6337322911577925
 30
0.0
 70
0
  0
VERTEX
  5
13FC
  8
LOGO
 10
-17.645090376160233
 20
1.641988275525159
 30
0.0
 70
0
  0
VERTEX
  5
13FD
  8
LOGO
 10
-17.640644846116267
 20
1.6502442598925258
 30
0.0
 70
0
  0
VERTEX
  5
13FE
  8
LOGO
 10
-17.633023937469467
 20
1.6635808500244262
 30
0.0
 70
0
  0
VERTEX
  5
13FF
  8
LOGO
 10
-17.624132877381534
 20
1.67628236443576
 30
0.0
 70
0
  0
VERTEX
  5
1400
  8
LOGO
 10
-17.613971665852464
 20
1.6896189545676603
 30
0.0
 70
0
  0
VERTEX
  5
1401
  8
LOGO
 10
-17.603810454323398
 20
1.7016853932584273
 30
0.0
 70
0
  0
VERTEX
  5
1402
  8
LOGO
 10
-17.592379091353198
 20
1.7137518319491938
 30
0.0
 70
0
  0
VERTEX
  5
1403
  8
LOGO
 10
-17.580947728383
 20
1.7245481191988281
 30
0.0
 70
0
  0
VERTEX
  5
1404
  8
LOGO
 10
-17.570151441133365
 20
1.7334391792867614
 30
0.0
 70
0
  0
VERTEX
  5
1405
  8
LOGO
 10
-17.558720078163162
 20
1.7410600879335616
 30
0.0
 70
0
  0
VERTEX
  5
1406
  8
LOGO
 10
-17.548558866634096
 20
1.7467757694186619
 30
0.0
 70
0
  0
VERTEX
  5
1407
  8
LOGO
 10
-17.535857352222763
 20
1.752491450903762
 30
0.0
 70
0
  0
VERTEX
  5
1408
  8
LOGO
 10
-17.52315583781143
 20
1.7575720566682957
 30
0.0
 70
0
  0
VERTEX
  5
1409
  8
LOGO
 10
-17.509184171958964
 20
1.7620175867122618
 30
0.0
 70
0
  0
VERTEX
  5
140A
  8
LOGO
 10
-17.49457743038593
 20
1.7658280410356624
 30
0.0
 70
0
  0
VERTEX
  5
140B
  8
LOGO
 10
-17.48060576453346
 20
1.7690034196384956
 30
0.0
 70
0
  0
VERTEX
  5
140C
  8
LOGO
 10
-17.46726917440156
 20
1.7709086468001956
 30
0.0
 70
0
  0
VERTEX
  5
140D
  8
LOGO
 10
-17.455202735710795
 20
1.7715437225207622
 30
0.0
 70
0
  0
VERTEX
  5
140E
  8
LOGO
 10
-17.449487054225695
 20
1.7715437225207622
 30
0.0
 70
0
  0
VERTEX
  5
140F
  8
LOGO
 10
-17.44313629702003
 20
1.7709086468001956
 30
0.0
 70
0
  0
VERTEX
  5
1410
  8
LOGO
 10
-17.436150464093796
 20
1.7702735710796296
 30
0.0
 70
0
  0
VERTEX
  5
1411
  8
LOGO
 10
-17.428529555446993
 20
1.7690034196384956
 30
0.0
 70
0
  0
VERTEX
  5
1412
  8
LOGO
 10
-17.420273571079626
 20
1.767733268197362
 30
0.0
 70
0
  0
VERTEX
  5
1413
  8
LOGO
 10
-17.41201758671226
 20
1.766463116756229
 30
0.0
 70
0
  0
VERTEX
  5
1414
  8
LOGO
 10
-17.403761602344893
 20
1.7645578895945284
 30
0.0
 70
0
  0
SEQEND
  5
13AC
  8
LOGO
  0
POLYLINE
  5
1415
  8
LOGO
 66
1
 10
0.0
 20
0.0
 30
0.0
 70
1
  0
VERTEX
  5
1417
  8
LOGO
 10
17.95564240351734
 20
2.3558133854421106
 30
0.0
 70
0
  0
VERTEX
  5
1418
  8
LOGO
 10
17.864191499755737
 20
2.3456521739130434
 30
0.0
 70
0
  0
VERTEX
  5
1419
  8
LOGO
 10
17.772740595994136
 20
2.3304103566194434
 30
0.0
 70
0
  0
VERTEX
  5
141A
  8
LOGO
 10
17.6819247679531
 20
2.310723009281876
 30
0.0
 70
0
  0
VERTEX
  5
141B
  8
LOGO
 10
17.591108939912065
 20
2.286590131900342
 30
0.0
 70
0
  0
VERTEX
  5
141C
  8
LOGO
 10
17.500928187591597
 20
2.2573766487542746
 30
0.0
 70
0
  0
VERTEX
  5
141D
  8
LOGO
 10
17.41011235955056
 20
2.223717635564241
 30
0.0
 70
0
  0
VERTEX
  5
141E
  8
LOGO
 10
17.31866145578896
 20
2.184342940889106
 30
0.0
 70
0
  0
VERTEX
  5
141F
  8
LOGO
 10
17.22594040058622
 20
2.140522716170005
 30
0.0
 70
0
  0
VERTEX
  5
1420
  8
LOGO
 10
17.157987298485587
 20
2.104958475818271
 30
0.0
 70
0
  0
VERTEX
  5
1421
  8
LOGO
 10
17.091939423546652
 20
2.0674890083048365
 30
0.0
 70
0
  0
VERTEX
  5
1422
  8
LOGO
 10
17.028431851489984
 20
2.028114313629702
 30
0.0
 70
0
  0
VERTEX
  5
1423
  8
LOGO
 10
16.96619443087445
 20
1.9868343917928677
 30
0.0
 70
0
  0
VERTEX
  5
1424
  8
LOGO
 10
16.905862237420614
 20
1.9430141670737666
 30
0.0
 70
0
  0
VERTEX
  5
1425
  8
LOGO
 10
16.846800195407912
 20
1.8966536394723992
 30
0.0
 70
0
  0
VERTEX
  5
1426
  8
LOGO
 10
16.788373229115777
 20
1.847752808988764
 30
0.0
 70
0
  0
VERTEX
  5
1427
  8
LOGO
 10
16.731216414264775
 20
1.7956765999022968
 30
0.0
 70
0
  0
VERTEX
  5
1428
  8
LOGO
 10
16.679140205178307
 20
1.7448705422569621
 30
0.0
 70
0
  0
VERTEX
  5
1429
  8
LOGO
 10
16.630239374694675
 20
1.6934294088910606
 30
0.0
 70
0
  0
VERTEX
  5
142A
  8
LOGO
 10
16.584513922813873
 20
1.6407181240840254
 30
0.0
 70
0
  0
VERTEX
  5
142B
  8
LOGO
 10
16.541328773815337
 20
1.586101612115291
 30
0.0
 70
0
  0
VERTEX
  5
142C
  8
LOGO
 10
16.50131900341964
 20
1.5302149487054229
 30
0.0
 70
0
  0
VERTEX
  5
142D
  8
LOGO
 10
16.463849535906203
 20
1.4717879824132885
 30
0.0
 70
0
  0
VERTEX
  5
142E
  8
LOGO
 10
16.428285295554467
 20
1.4108207132388866
 30
0.0
 70
0
  0
VERTEX
  5
142F
  8
LOGO
 10
16.394626282364435
 20
1.3466780654616515
 30
0.0
 70
0
  0
VERTEX
  5
1430
  8
LOGO
 10
16.381289692232535
 20
1.3187347337567177
 30
0.0
 70
0
  0
VERTEX
  5
1431
  8
LOGO
 10
16.367953102100635
 20
1.2869809477283836
 30
0.0
 70
0
  0
VERTEX
  5
1432
  8
LOGO
 10
16.3552515876893
 20
1.2526868588177829
 30
0.0
 70
0
  0
VERTEX
  5
1433
  8
LOGO
 10
16.343185148998533
 20
1.2171226184660484
 30
0.0
 70
0
  0
VERTEX
  5
1434
  8
LOGO
 10
16.3323888617489
 20
1.181558378114314
 30
0.0
 70
0
  0
VERTEX
  5
1435
  8
LOGO
 10
16.322227650219833
 20
1.1466292134831464
 30
0.0
 70
0
  0
VERTEX
  5
1436
  8
LOGO
 10
16.314606741573034
 20
1.1142403517342454
 30
0.0
 70
0
  0
VERTEX
  5
1437
  8
LOGO
 10
16.30889106008793
 20
1.0843917928676117
 30
0.0
 70
0
  0
VERTEX
  5
1438
  8
LOGO
 10
16.30317537860283
 20
1.0412066438690768
 30
0.0
 70
0
  0
VERTEX
  5
1439
  8
LOGO
 10
16.299999999999997
 20
0.9986565705911097
 30
0.0
 70
0
  0
VERTEX
  5
143A
  8
LOGO
 10
16.299999999999997
 20
0.9567415730337083
 30
0.0
 70
0
  0
VERTEX
  5
143B
  8
LOGO
 10
16.302540302882264
 20
0.9160967269174408
 30
0.0
 70
0
  0
VERTEX
  5
143C
  8
LOGO
 10
16.30698583292623
 20
0.8779921836834398
 30
0.0
 70
0
  0
VERTEX
  5
143D
  8
LOGO
 10
16.314606741573034
 20
0.8411577918905718
 30
0.0
 70
0
  0
VERTEX
  5
143E
  8
LOGO
 10
16.3247679531021
 20
0.807498778700538
 30
0.0
 70
0
  0
VERTEX
  5
143F
  8
LOGO
 10
16.337469467513433
 20
0.7763800683927705
 30
0.0
 70
0
  0
VERTEX
  5
1440
  8
LOGO
 10
16.346995603321933
 20
0.7573277967757701
 30
0.0
 70
0
  0
VERTEX
  5
1441
  8
LOGO
 10
16.358426966292132
 20
0.7376404494382027
 30
0.0
 70
0
  0
VERTEX
  5
1442
  8
LOGO
 10
16.370493404982902
 20
0.7173180263800686
 30
0.0
 70
0
  0
VERTEX
  5
1443
  8
LOGO
 10
16.3838299951148
 20
0.6982657547630682
 30
0.0
 70
0
  0
VERTEX
  5
1444
  8
LOGO
 10
16.396531509526135
 20
0.6798485588666344
 30
0.0
 70
0
  0
VERTEX
  5
1445
  8
LOGO
 10
16.409868099658034
 20
0.6633365901319006
 30
0.0
 70
0
  0
VERTEX
  5
1446
  8
LOGO
 10
16.4219345383488
 20
0.6500000000000001
 30
0.0
 70
0
  0
VERTEX
  5
1447
  8
LOGO
 10
16.432730825598437
 20
0.6392037127503669
 30
0.0
 70
0
  0
VERTEX
  5
1448
  8
LOGO
 10
16.446702491450903
 20
0.628407425500733
 30
0.0
 70
0
  0
VERTEX
  5
1449
  8
LOGO
 10
16.46257938446507
 20
0.6176111382510999
 30
0.0
 70
0
  0
VERTEX
  5
144A
  8
LOGO
 10
16.47972642892037
 20
0.6068148510014659
 30
0.0
 70
0
  0
VERTEX
  5
144B
  8
LOGO
 10
16.498143624816805
 20
0.5966536394723989
 30
0.0
 70
0
  0
VERTEX
  5
144C
  8
LOGO
 10
16.51592574499267
 20
0.5877625793844654
 30
0.0
 70
0
  0
VERTEX
  5
144D
  8
LOGO
 10
16.534342940889104
 20
0.5795065950170989
 30
0.0
 70
0
  0
VERTEX
  5
144E
  8
LOGO
 10
16.551489985344404
 20
0.5731558378114321
 30
0.0
 70
0
  0
VERTEX
  5
144F
  8
LOGO
 10
16.56800195407914
 20
0.5680752320468981
 30
0.0
 70
0
  0
VERTEX
  5
1450
  8
LOGO
 10
16.589594528578406
 20
0.562994626282365
 30
0.0
 70
0
  0
VERTEX
  5
1451
  8
LOGO
 10
16.613092330239372
 20
0.5598192476795315
 30
0.0
 70
0
  0
VERTEX
  5
1452
  8
LOGO
 10
16.63849535906204
 20
0.5579140205178311
 30
0.0
 70
0
  0
VERTEX
  5
1453
  8
LOGO
 10
16.664533463605274
 20
0.5572789447972649
 30
0.0
 70
0
  0
VERTEX
  5
1454
  8
LOGO
 10
16.691206643869076
 20
0.5585490962383979
 30
0.0
 70
0
  0
VERTEX
  5
1455
  8
LOGO
 10
16.718514899853442
 20
0.5610893991206645
 30
0.0
 70
0
  0
VERTEX
  5
1456
  8
LOGO
 10
16.745188080117245
 20
0.5655349291646316
 30
0.0
 70
0
  0
VERTEX
  5
1457
  8
LOGO
 10
16.771226184660478
 20
0.5706155349291647
 30
0.0
 70
0
  0
VERTEX
  5
1458
  8
LOGO
 10
16.796629213483143
 20
0.5776013678553984
 30
0.0
 70
0
  0
VERTEX
  5
1459
  8
LOGO
 10
16.82457254518808
 20
0.5864924279433318
 30
0.0
 70
0
  0
VERTEX
  5
145A
  8
LOGO
 10
16.854421104054712
 20
0.5966536394723989
 30
0.0
 70
0
  0
VERTEX
  5
145B
  8
LOGO
 10
16.884904738641914
 20
0.6087200781631658
 30
0.0
 70
0
  0
VERTEX
  5
145C
  8
LOGO
 10
16.91602344894968
 20
0.6214215925744994
 30
0.0
 70
0
  0
VERTEX
  5
145D
  8
LOGO
 10
16.94714215925745
 20
0.6347581827063998
 30
0.0
 70
0
  0
VERTEX
  5
145E
  8
LOGO
 10
16.976990718124082
 20
0.6487298485588672
 30
0.0
 70
0
  0
VERTEX
  5
145F
  8
LOGO
 10
17.00429897410845
 20
0.6627015144113338
 30
0.0
 70
0
  0
VERTEX
  5
1460
  8
LOGO
 10
17.09257449926722
 20
0.7128724963361023
 30
0.0
 70
0
  0
VERTEX
  5
1461
  8
LOGO
 10
17.189741084513923
 20
0.7744748412310701
 30
0.0
 70
0
  0
VERTEX
  5
1462
  8
LOGO
 10
17.29325842696629
 20
0.8443331704934052
 30
0.0
 70
0
  0
VERTEX
  5
1463
  8
LOGO
 10
17.401221299462627
 20
0.9224474841231077
 30
0.0
 70
0
  0
VERTEX
  5
1464
  8
LOGO
 10
17.510454323400097
 20
1.0050073277967764
 30
0.0
 70
0
  0
VERTEX
  5
1465
  8
LOGO
 10
17.617782120175868
 20
1.0913776257938448
 30
0.0
 70
0
  0
VERTEX
  5
1466
  8
LOGO
 10
17.721299462628235
 20
1.1790180752320474
 30
0.0
 70
0
  0
VERTEX
  5
1467
  8
LOGO
 10
17.817830972154372
 20
1.2653883732291165
 30
0.0
 70
0
  0
VERTEX
  5
1468
  8
LOGO
 10
17.916267708842206
 20
1.360014655593552
 30
0.0
 70
0
  0
VERTEX
  5
1469
  8
LOGO
 10
18.007083536883243
 20
1.4546409379579879
 30
0.0
 70
0
  0
VERTEX
  5
146A
  8
LOGO
 10
18.09154860771861
 20
1.5492672203224234
 30
0.0
 70
0
  0
VERTEX
  5
146B
  8
LOGO
 10
18.167757694186612
 20
1.642623351245726
 30
0.0
 70
0
  0
VERTEX
  5
146C
  8
LOGO
 10
18.235710796287247
 20
1.734074255007328
 30
0.0
 70
0
  0
VERTEX
  5
146D
  8
LOGO
 10
18.29477283829995
 20
1.8229848558866637
 30
0.0
 70
0
  0
VERTEX
  5
146E
  8
LOGO
 10
18.343673668783584
 20
1.908085002442599
 30
0.0
 70
0
  0
VERTEX
  5
146F
  8
LOGO
 10
18.382413287738153
 20
1.988739618954568
 30
0.0
 70
0
  0
VERTEX
  5
1470
  8
LOGO
 10
18.395749877870053
 20
2.0243038593063027
 30
0.0
 70
0
  0
VERTEX
  5
1471
  8
LOGO
 10
18.406546165119686
 20
2.0585979482169035
 30
0.0
 70
0
  0
VERTEX
  5
1472
  8
LOGO
 10
18.414167073766485
 20
2.0916218856863704
 30
0.0
 70
0
  0
VERTEX
  5
1473
  8
LOGO
 10
18.417977528089885
 20
2.1233756717147045
 30
0.0
 70
0
  0
VERTEX
  5
1474
  8
LOGO
 10
18.41924767953102
 20
2.1532242305813387
 30
0.0
 70
0
  0
VERTEX
  5
1475
  8
LOGO
 10
18.416707376648752
 20
2.180532486565706
 30
0.0
 70
0
  0
VERTEX
  5
1476
  8
LOGO
 10
18.41162677088422
 20
2.2053004396678073
 30
0.0
 70
0
  0
VERTEX
  5
1477
  8
LOGO
 10
18.402735710796286
 20
2.226893014167074
 30
0.0
 70
0
  0
VERTEX
  5
1478
  8
LOGO
 10
18.38685881778212
 20
2.2516609672691748
 30
0.0
 70
0
  0
VERTEX
  5
1479
  8
LOGO
 10
18.364631167562287
 20
2.2738886174890087
 30
0.0
 70
0
  0
VERTEX
  5
147A
  8
LOGO
 10
18.337322911577917
 20
2.2942110405471428
 30
0.0
 70
0
  0
VERTEX
  5
147B
  8
LOGO
 10
18.304934049829015
 20
2.3119931607230098
 30
0.0
 70
0
  0
VERTEX
  5
147C
  8
LOGO
 10
18.267464582315583
 20
2.32723497801661
 30
0.0
 70
0
  0
VERTEX
  5
147D
  8
LOGO
 10
18.22554958475818
 20
2.3399364924279435
 30
0.0
 70
0
  0
VERTEX
  5
147E
  8
LOGO
 10
18.17918905715681
 20
2.3494626282364437
 30
0.0
 70
0
  0
VERTEX
  5
147F
  8
LOGO
 10
18.129018075232047
 20
2.3564484611626773
 30
0.0
 70
0
  0
VERTEX
  5
1480
  8
LOGO
 10
18.104250122129944
 20
2.358353688324377
 30
0.0
 70
0
  0
VERTEX
  5
1481
  8
LOGO
 10
18.083292623351245
 20
2.3602589154860776
 30
0.0
 70
0
  0
VERTEX
  5
1482
  8
LOGO
 10
18.064240351734245
 20
2.3615290669272104
 30
0.0
 70
0
  0
VERTEX
  5
1483
  8
LOGO
 10
18.046458231558375
 20
2.3615290669272104
 30
0.0
 70
0
  0
VERTEX
  5
1484
  8
LOGO
 10
18.027405959941376
 20
2.3615290669272104
 30
0.0
 70
0
  0
VERTEX
  5
1485
  8
LOGO
 10
18.007083536883243
 20
2.3602589154860776
 30
0.0
 70
0
  0
VERTEX
  5
1486
  8
LOGO
 10
17.983585735222274
 20
2.358353688324377
 30
0.0
 70
0
  0
SEQEND
  5
1416
  8
LOGO
  0
POLYLINE
  5
1487
  8
LOGO
 66
1
 10
0.0
 20
0.0
 30
0.0
 70
1
  0
VERTEX
  5
1489
  8
LOGO
 10
20.217782120175865
 20
2.224987787005374
 30
0.0
 70
0
  0
VERTEX
  5
148A
  8
LOGO
 10
20.1904738641915
 20
2.222447484123107
 30
0.0
 70
0
  0
VERTEX
  5
148B
  8
LOGO
 10
20.156814851001464
 20
2.218637029799707
 30
0.0
 70
0
  0
VERTEX
  5
148C
  8
LOGO
 10
20.11871030776746
 20
2.212921348314607
 30
0.0
 70
0
  0
VERTEX
  5
148D
  8
LOGO
 10
20.078065461651196
 20
2.20657059110894
 30
0.0
 70
0
  0
VERTEX
  5
148E
  8
LOGO
 10
20.03678553981436
 20
2.2002198339032732
 30
0.0
 70
0
  0
VERTEX
  5
148F
  8
LOGO
 10
19.996140693698095
 20
2.1932340009770397
 30
0.0
 70
0
  0
VERTEX
  5
1490
  8
LOGO
 10
19.959306301905226
 20
2.18561309233024
 30
0.0
 70
0
  0
VERTEX
  5
1491
  8
LOGO
 10
19.92755251587689
 20
2.179262335124573
 30
0.0
 70
0
  0
VERTEX
  5
1492
  8
LOGO
 10
19.83038593063019
 20
2.1551294577430387
 30
0.0
 70
0
  0
VERTEX
  5
1493
  8
LOGO
 10
19.73639472398632
 20
2.1290913531998052
 30
0.0
 70
0
  0
VERTEX
  5
1494
  8
LOGO
 10
19.64430874450415
 20
2.0992427943331706
 30
0.0
 70
0
  0
VERTEX
  5
1495
  8
LOGO
 10
19.551587689301414
 20
2.065583781143137
 30
0.0
 70
0
  0
VERTEX
  5
1496
  8
LOGO
 10
19.457596482657546
 20
2.027479237909136
 30
0.0
 70
0
  0
VERTEX
  5
1497
  8
LOGO
 10
19.36106497313141
 20
1.984929164631168
 30
0.0
 70
0
  0
VERTEX
  5
1498
  8
LOGO
 10
19.26008793356131
 20
1.936028334147533
 30
0.0
 70
0
  0
VERTEX
  5
1499
  8
LOGO
 10
19.15403028822667
 20
1.8820468978993652
 30
0.0
 70
0
  0
VERTEX
  5
149A
  8
LOGO
 10
19.110845139228136
 20
1.859184171958965
 30
0.0
 70
0
  0
VERTEX
  5
149B
  8
LOGO
 10
19.070835368832437
 20
1.836956521739131
 30
0.0
 70
0
  0
VERTEX
  5
149C
  8
LOGO
 10
19.032730825598435
 20
1.8159990229604301
 30
0.0
 70
0
  0
VERTEX
  5
149D
  8
LOGO
 10
18.994626282364433
 20
1.7937713727405962
 30
0.0
 70
0
  0
VERTEX
  5
149E
  8
LOGO
 10
18.955886663409867
 20
1.7702735710796296
 30
0.0
 70
0
  0
VERTEX
  5
149F
  8
LOGO
 10
18.915241817293598
 20
1.7455056179775281
 30
0.0
 70
0
  0
VERTEX
  5
14A0
  8
LOGO
 10
18.8714215925745
 20
1.718197361993161
 30
0.0
 70
0
  0
VERTEX
  5
14A1
  8
LOGO
 10
18.823790913531997
 20
1.6870786516853937
 30
0.0
 70
0
  0
VERTEX
  5
14A2
  8
LOGO
 10
18.709477283829994
 20
1.6108695652173919
 30
0.0
 70
0
  0
VERTEX
  5
14A3
  8
LOGO
 10
18.588812896922324
 20
1.5257694186614565
 30
0.0
 70
0
  0
VERTEX
  5
14A4
  8
LOGO
 10
18.462432828529554
 20
1.431778212017587
 30
0.0
 70
0
  0
VERTEX
  5
14A5
  8
LOGO
 10
18.329702002931118
 20
1.3288959452857847
 30
0.0
 70
0
  0
VERTEX
  5
14A6
  8
LOGO
 10
18.18998534440645
 20
1.2164875427454815
 30
0.0
 70
0
  0
VERTEX
  5
14A7
  8
LOGO
 10
18.04391792867611
 20
1.095188080117245
 30
0.0
 70
0
  0
VERTEX
  5
14A8
  8
LOGO
 10
17.89086468001954
 20
0.963727405959942
 30
0.0
 70
0
  0
VERTEX
  5
14A9
  8
LOGO
 10
17.730825598436734
 20
0.8227405959941382
 30
0.0
 70
0
  0
VERTEX
  5
14AA
  8
LOGO
 10
17.53649242794333
 20
0.6461895456766006
 30
0.0
 70
0
  0
VERTEX
  5
14AB
  8
LOGO
 10
17.362481680508058
 20
0.47979970688812934
 30
0.0
 70
0
  0
VERTEX
  5
14AC
  8
LOGO
 10
17.206253053248656
 20
0.32103077674645863
 30
0.0
 70
0
  0
VERTEX
  5
14AD
  8
LOGO
 10
17.06590131900342
 20
0.16797752808988792
 30
0.0
 70
0
  0
VERTEX
  5
14AE
  8
LOGO
 10
16.940791402051783
 20
0.018734733756717435
 30
0.0
 70
0
  0
VERTEX
  5
14AF
  8
LOGO
 10
16.827112848070346
 20
-0.1292379091353194
 30
0.0
 70
0
  0
VERTEX
  5
14B0
  8
LOGO
 10
16.72486565705911
 20
-0.27784562774792304
 30
0.0
 70
0
  0
VERTEX
  5
14B1
  8
LOGO
 10
16.630239374694675
 20
-0.428993649242794
 30
0.0
 70
0
  0
VERTEX
  5
14B2
  8
LOGO
 10
16.609281875915972
 20
-0.4664631167562282
 30
0.0
 70
0
  0
VERTEX
  5
14B3
  8
LOGO
 10
16.58705422569614
 20
-0.5077430385930626
 30
0.0
 70
0
  0
VERTEX
  5
14B4
  8
LOGO
 10
16.565461651196873
 20
-0.5515632633121635
 30
0.0
 70
0
  0
VERTEX
  5
14B5
  8
LOGO
 10
16.543869076697604
 20
-0.5966536394723981
 30
0.0
 70
0
  0
VERTEX
  5
14B6
  8
LOGO
 10
16.522911577918904
 20
-0.641108939912066
 30
0.0
 70
0
  0
VERTEX
  5
14B7
  8
LOGO
 10
16.50449438202247
 20
-0.6849291646311669
 30
0.0
 70
0
  0
VERTEX
  5
14B8
  8
LOGO
 10
16.487982413287735
 20
-0.7249389350268681
 30
0.0
 70
0
  0
VERTEX
  5
14B9
  8
LOGO
 10
16.47401074743527
 20
-0.7617733268197358
 30
0.0
 70
0
  0
VERTEX
  5
14BA
  8
LOGO
 10
16.455593551538836
 20
-0.8189301416707372
 30
0.0
 70
0
  0
VERTEX
  5
14BB
  8
LOGO
 10
16.43971665852467
 20
-0.8760869565217387
 30
0.0
 70
0
  0
VERTEX
  5
14BC
  8
LOGO
 10
16.426380068392767
 20
-0.9326086956521733
 30
0.0
 70
0
  0
VERTEX
  5
14BD
  8
LOGO
 10
16.4162188568637
 20
-0.9891304347826082
 30
0.0
 70
0
  0
VERTEX
  5
14BE
  8
LOGO
 10
16.4085979482169
 20
-1.0456521739130429
 30
0.0
 70
0
  0
VERTEX
  5
14BF
  8
LOGO
 10
16.404152418172934
 20
-1.1015388373229111
 30
0.0
 70
0
  0
VERTEX
  5
14C0
  8
LOGO
 10
16.402247191011234
 20
-1.1574255007327794
 30
0.0
 70
0
  0
VERTEX
  5
14C1
  8
LOGO
 10
16.4028822667318
 20
-1.2126770884220806
 30
0.0
 70
0
  0
VERTEX
  5
14C2
  8
LOGO
 10
16.406057645334634
 20
-1.2666585246702486
 30
0.0
 70
0
  0
VERTEX
  5
14C3
  8
LOGO
 10
16.411138251099167
 20
-1.3180996580361501
 30
0.0
 70
0
  0
VERTEX
  5
14C4
  8
LOGO
 10
16.418759159745967
 20
-1.3682706399609181
 30
0.0
 70
0
  0
VERTEX
  5
14C5
  8
LOGO
 10
16.428920371275034
 20
-1.4165363947239862
 30
0.0
 70
0
  0
VERTEX
  5
14C6
  8
LOGO
 10
16.440986809965803
 20
-1.4635319980459203
 30
0.0
 70
0
  0
VERTEX
  5
14C7
  8
LOGO
 10
16.456228627259403
 20
-1.5092574499267215
 30
0.0
 70
0
  0
VERTEX
  5
14C8
  8
LOGO
 10
16.473375671714702
 20
-1.5537127503663892
 30
0.0
 70
0
  0
VERTEX
  5
14C9
  8
LOGO
 10
16.493063019052272
 20
-1.5981680508060572
 30
0.0
 70
0
  0
VERTEX
  5
14CA
  8
LOGO
 10
16.500048851978505
 20
-1.6134098680996576
 30
0.0
 70
0
  0
VERTEX
  5
14CB
  8
LOGO
 10
16.50830483634587
 20
-1.6292867611138246
 30
0.0
 70
0
  0
VERTEX
  5
14CC
  8
LOGO
 10
16.517195896433805
 20
-1.6457987298485584
 30
0.0
 70
0
  0
VERTEX
  5
14CD
  8
LOGO
 10
16.52545188080117
 20
-1.6616756228627254
 30
0.0
 70
0
  0
VERTEX
  5
14CE
  8
LOGO
 10
16.534342940889104
 20
-1.6775525158768925
 30
0.0
 70
0
  0
VERTEX
  5
14CF
  8
LOGO
 10
16.54259892525647
 20
-1.6921592574499262
 30
0.0
 70
0
  0
VERTEX
  5
14D0
  8
LOGO
 10
16.55021983390327
 20
-1.7048607718612598
 30
0.0
 70
0
  0
VERTEX
  5
14D1
  8
LOGO
 10
16.556570591108937
 20
-1.7156570591108935
 30
0.0
 70
0
  0
VERTEX
  5
14D2
  8
LOGO
 10
16.582608695652173
 20
-1.7537616023448943
 30
0.0
 70
0
  0
VERTEX
  5
14D3
  8
LOGO
 10
16.611187103077672
 20
-1.7918661455788956
 30
0.0
 70
0
  0
VERTEX
  5
14D4
  8
LOGO
 10
16.64230581338544
 20
-1.8299706888128964
 30
0.0
 70
0
  0
VERTEX
  5
14D5
  8
LOGO
 10
16.675329750854907
 20
-1.8680752320468974
 30
0.0
 70
0
  0
VERTEX
  5
14D6
  8
LOGO
 10
16.70962383976551
 20
-1.904274548119198
 30
0.0
 70
0
  0
VERTEX
  5
14D7
  8
LOGO
 10
16.74455300439668
 20
-1.9385686370297992
 30
0.0
 70
0
  0
VERTEX
  5
14D8
  8
LOGO
 10
16.779482169027844
 20
-1.9709574987787
 30
0.0
 70
0
  0
VERTEX
  5
14D9
  8
LOGO
 10
16.813776257938446
 20
-2.0001709819247675
 30
0.0
 70
0
  0
VERTEX
  5
14DA
  8
LOGO
 10
16.837274059599412
 20
-2.017318026380068
 30
0.0
 70
0
  0
VERTEX
  5
14DB
  8
LOGO
 10
16.86394723986321
 20
-2.0370053737176352
 30
0.0
 70
0
  0
VERTEX
  5
14DC
  8
LOGO
 10
16.89316072300928
 20
-2.0566927210552017
 30
0.0
 70
0
  0
VERTEX
  5
14DD
  8
LOGO
 10
16.924279433317047
 20
-2.077015144113336
 30
0.0
 70
0
  0
VERTEX
  5
14DE
  8
LOGO
 10
16.95476306790425
 20
-2.096702491450903
 30
0.0
 70
0
  0
VERTEX
  5
14DF
  8
LOGO
 10
16.985246702491448
 20
-2.11448461162677
 30
0.0
 70
0
  0
VERTEX
  5
14E0
  8
LOGO
 10
17.013190034196384
 20
-2.1309965803615043
 30
0.0
 70
0
  0
VERTEX
  5
14E1
  8
LOGO
 10
17.037322911577917
 20
-2.143698094772838
 30
0.0
 70
0
  0
VERTEX
  5
14E2
  8
LOGO
 10
17.115437225207618
 20
-2.1798974108451388
 30
0.0
 70
0
  0
VERTEX
  5
14E3
  8
LOGO
 10
17.198632144601856
 20
-2.212921348314606
 30
0.0
 70
0
  0
VERTEX
  5
14E4
  8
LOGO
 10
17.286272594040057
 20
-2.2427699071812404
 30
0.0
 70
0
  0
VERTEX
  5
14E5
  8
LOGO
 10
17.378358573522227
 20
-2.268808011724474
 30
0.0
 70
0
  0
VERTEX
  5
14E6
  8
LOGO
 10
17.475525158768928
 20
-2.291670737664875
 30
0.0
 70
0
  0
VERTEX
  5
14E7
  8
LOGO
 10
17.5771372740596
 20
-2.310723009281875
 30
0.0
 70
0
  0
VERTEX
  5
14E8
  8
LOGO
 10
17.683829995114802
 20
-2.3272349780166093
 30
0.0
 70
0
  0
VERTEX
  5
14E9
  8
LOGO
 10
17.79496824621397
 20
-2.339301416707376
 30
0.0
 70
0
  0
VERTEX
  5
14EA
  8
LOGO
 10
17.86736687835857
 20
-2.345652173913043
 30
0.0
 70
0
  0
VERTEX
  5
14EB
  8
LOGO
 10
17.94294088910601
 20
-2.350732779677576
 30
0.0
 70
0
  0
VERTEX
  5
14EC
  8
LOGO
 10
18.026135808500243
 20
-2.3545432340009764
 30
0.0
 70
0
  0
VERTEX
  5
14ED
  8
LOGO
 10
18.120127015144114
 20
-2.3577186126038097
 30
0.0
 70
0
  0
VERTEX
  5
14EE
  8
LOGO
 10
18.228724963361014
 20
-2.35962383976551
 30
0.0
 70
0
  0
VERTEX
  5
14EF
  8
LOGO
 10
18.355105031753784
 20
-2.3608939912066433
 30
0.0
 70
0
  0
VERTEX
  5
14F0
  8
LOGO
 10
18.50371275036639
 20
-2.3615290669272095
 30
0.0
 70
0
  0
VERTEX
  5
14F1
  8
LOGO
 10
18.677723497801658
 20
-2.3615290669272095
 30
0.0
 70
0
  0
VERTEX
  5
14F2
  8
LOGO
 10
18.998436736687836
 20
-2.3602589154860762
 30
0.0
 70
0
  0
VERTEX
  5
14F3
  8
LOGO
 10
19.26389838788471
 20
-2.357083536883243
 30
0.0
 70
0
  0
VERTEX
  5
14F4
  8
LOGO
 10
19.482999511480212
 20
-2.3526380068392765
 30
0.0
 70
0
  0
VERTEX
  5
14F5
  8
LOGO
 10
19.66526624328285
 20
-2.345652173913043
 30
0.0
 70
0
  0
VERTEX
  5
14F6
  8
LOGO
 10
19.818319491939423
 20
-2.335490962383976
 30
0.0
 70
0
  0
VERTEX
  5
14F7
  8
LOGO
 10
19.952320468978993
 20
-2.3227894479726423
 30
0.0
 70
0
  0
VERTEX
  5
14F8
  8
LOGO
 10
20.076160234489496
 20
-2.3062774792379086
 30
0.0
 70
0
  0
VERTEX
  5
14F9
  8
LOGO
 10
20.1980947728383
 20
-2.285319980459208
 30
0.0
 70
0
  0
VERTEX
  5
14FA
  8
LOGO
 10
20.2609672691744
 20
-2.272618466047874
 30
0.0
 70
0
  0
VERTEX
  5
14FB
  8
LOGO
 10
20.32066438690767
 20
-2.259281875915974
 30
0.0
 70
0
  0
VERTEX
  5
14FC
  8
LOGO
 10
20.376551050317538
 20
-2.2446751343429403
 30
0.0
 70
0
  0
VERTEX
  5
14FD
  8
LOGO
 10
20.427992183683436
 20
-2.22943331704934
 30
0.0
 70
0
  0
VERTEX
  5
14FE
  8
LOGO
 10
20.47498778700537
 20
-2.213556424035173
 30
0.0
 70
0
  0
VERTEX
  5
14FF
  8
LOGO
 10
20.516267708842207
 20
-2.197044455300439
 30
0.0
 70
0
  0
VERTEX
  5
1500
  8
LOGO
 10
20.55183194919394
 20
-2.181167562286272
 30
0.0
 70
0
  0
VERTEX
  5
1501
  8
LOGO
 10
20.58104543234001
 20
-2.1646555935515384
 30
0.0
 70
0
  0
VERTEX
  5
1502
  8
LOGO
 10
20.602638006839275
 20
-2.149413776257938
 30
0.0
 70
0
  0
VERTEX
  5
1503
  8
LOGO
 10
20.62105520273571
 20
-2.133536883243771
 30
0.0
 70
0
  0
VERTEX
  5
1504
  8
LOGO
 10
20.637567171470444
 20
-2.1163898387884705
 30
0.0
 70
0
  0
VERTEX
  5
1505
  8
LOGO
 10
20.650903761602343
 20
-2.098607718612603
 30
0.0
 70
0
  0
VERTEX
  5
1506
  8
LOGO
 10
20.66106497313141
 20
-2.0801905227161694
 30
0.0
 70
0
  0
VERTEX
  5
1507
  8
LOGO
 10
20.66868588177821
 20
-2.061138251099169
 30
0.0
 70
0
  0
VERTEX
  5
1508
  8
LOGO
 10
20.673131411822176
 20
-2.042085979482169
 30
0.0
 70
0
  0
VERTEX
  5
1509
  8
LOGO
 10
20.675036638983876
 20
-2.021763556424035
 30
0.0
 70
0
  0
VERTEX
  5
150A
  8
LOGO
 10
20.673766487542743
 20
-2.0096971177332676
 30
0.0
 70
0
  0
VERTEX
  5
150B
  8
LOGO
 10
20.669956033219343
 20
-1.9957254518808007
 30
0.0
 70
0
  0
VERTEX
  5
150C
  8
LOGO
 10
20.663605276013676
 20
-1.9804836345872
 30
0.0
 70
0
  0
VERTEX
  5
150D
  8
LOGO
 10
20.65534929164631
 20
-1.964606741573033
 30
0.0
 70
0
  0
VERTEX
  5
150E
  8
LOGO
 10
20.645188080117244
 20
-1.948729848558866
 30
0.0
 70
0
  0
VERTEX
  5
150F
  8
LOGO
 10
20.633121641426477
 20
-1.932852955544699
 30
0.0
 70
0
  0
VERTEX
  5
1510
  8
LOGO
 10
20.619785051294574
 20
-1.9176111382510987
 30
0.0
 70
0
  0
VERTEX
  5
1511
  8
LOGO
 10
20.60517830972154
 20
-1.9030043966780648
 30
0.0
 70
0
  0
VERTEX
  5
1512
  8
LOGO
 10
20.58295065950171
 20
-1.8839521250610645
 30
0.0
 70
0
  0
VERTEX
  5
1513
  8
LOGO
 10
20.54802149487054
 20
-1.8553737176355636
 30
0.0
 70
0
  0
VERTEX
  5
1514
  8
LOGO
 10
20.501025891548608
 20
-1.8191744015632627
 30
0.0
 70
0
  0
VERTEX
  5
1515
  8
LOGO
 10
20.442598925256473
 20
-1.7747191011235948
 30
0.0
 70
0
  0
VERTEX
  5
1516
  8
LOGO
 10
20.374645823155838
 20
-1.7239130434782601
 30
0.0
 70
0
  0
VERTEX
  5
1517
  8
LOGO
 10
20.297801660967266
 20
-1.6667562286272588
 30
0.0
 70
0
  0
VERTEX
  5
1518
  8
LOGO
 10
20.212701514411332
 20
-1.6038837322911572
 30
0.0
 70
0
  0
VERTEX
  5
1519
  8
LOGO
 10
20.1199804592086
 20
-1.536565705911089
 30
0.0
 70
0
  0
VERTEX
  5
151A
  8
LOGO
 10
19.918661455788957
 20
-1.3904982901807519
 30
0.0
 70
0
  0
VERTEX
  5
151B
  8
LOGO
 10
19.75925744992672
 20
-1.2730092818759156
 30
0.0
 70
0
  0
VERTEX
  5
151C
  8
LOGO
 10
19.634147532975085
 20
-1.1802882266731796
 30
0.0
 70
0
  0
VERTEX
  5
151D
  8
LOGO
 10
19.537616023448948
 20
-1.1059843673668777
 30
0.0
 70
0
  0
VERTEX
  5
151E
  8
LOGO
 10
19.462042012701513
 20
-1.0456521739130429
 30
0.0
 70
0
  0
VERTEX
  5
151F
  8
LOGO
 10
19.401709819247678
 20
-0.9935759648265751
 30
0.0
 70
0
  0
VERTEX
  5
1520
  8
LOGO
 10
19.350268685881776
 20
-0.9446751343429405
 30
0.0
 70
0
  0
VERTEX
  5
1521
  8
LOGO
 10
19.300097703957007
 20
-0.8945041524181724
 30
0.0
 70
0
  0
VERTEX
  5
1522
  8
LOGO
 10
19.27342452369321
 20
-0.8665608207132385
 30
0.0
 70
0
  0
VERTEX
  5
1523
  8
LOGO
 10
19.249926722032242
 20
-0.839252564728871
 30
0.0
 70
0
  0
VERTEX
  5
1524
  8
LOGO
 10
19.22896922325354
 20
-0.8132144601856373
 30
0.0
 70
0
  0
VERTEX
  5
1525
  8
LOGO
 10
19.20991695163654
 20
-0.7878114313629699
 30
0.0
 70
0
  0
VERTEX
  5
1526
  8
LOGO
 10
19.193404982901807
 20
-0.7624084025403026
 30
0.0
 70
0
  0
VERTEX
  5
1527
  8
LOGO
 10
19.17879824132877
 20
-0.7376404494382017
 30
0.0
 70
0
  0
VERTEX
  5
1528
  8
LOGO
 10
19.166096726917438
 20
-0.7122374206155344
 30
0.0
 70
0
  0
VERTEX
  5
1529
  8
LOGO
 10
19.155300439667805
 20
-0.6861993160723007
 30
0.0
 70
0
  0
VERTEX
  5
152A
  8
LOGO
 10
19.149584758182705
 20
-0.6722276502198332
 30
0.0
 70
0
  0
VERTEX
  5
152B
  8
LOGO
 10
19.14513922813874
 20
-0.6588910600879332
 30
0.0
 70
0
  0
VERTEX
  5
152C
  8
LOGO
 10
19.14132877381534
 20
-0.6474596971177328
 30
0.0
 70
0
  0
VERTEX
  5
152D
  8
LOGO
 10
19.138788470933072
 20
-0.6360283341475325
 30
0.0
 70
0
  0
VERTEX
  5
152E
  8
LOGO
 10
19.13751831949194
 20
-0.6239618954567656
 30
0.0
 70
0
  0
VERTEX
  5
152F
  8
LOGO
 10
19.136248168050805
 20
-0.6106253053248651
 30
0.0
 70
0
  0
VERTEX
  5
1530
  8
LOGO
 10
19.13561309233024
 20
-0.5953834880312648
 30
0.0
 70
0
  0
VERTEX
  5
1531
  8
LOGO
 10
19.13561309233024
 20
-0.5776013678553976
 30
0.0
 70
0
  0
VERTEX
  5
1532
  8
LOGO
 10
19.13561309233024
 20
-0.5598192476795305
 30
0.0
 70
0
  0
VERTEX
  5
1533
  8
LOGO
 10
19.13561309233024
 20
-0.5445774303859302
 30
0.0
 70
0
  0
VERTEX
  5
1534
  8
LOGO
 10
19.136883243771372
 20
-0.5312408402540297
 30
0.0
 70
0
  0
VERTEX
  5
1535
  8
LOGO
 10
19.138153395212505
 20
-0.5191744015632629
 30
0.0
 70
0
  0
VERTEX
  5
1536
  8
LOGO
 10
19.140693698094772
 20
-0.5077430385930626
 30
0.0
 70
0
  0
VERTEX
  5
1537
  8
LOGO
 10
19.143869076697605
 20
-0.49567659990229573
 30
0.0
 70
0
  0
VERTEX
  5
1538
  8
LOGO
 10
19.14831460674157
 20
-0.4823400097703952
 30
0.0
 70
0
  0
VERTEX
  5
1539
  8
LOGO
 10
19.153395212506105
 20
-0.46773326819736183
 30
0.0
 70
0
  0
VERTEX
  5
153A
  8
LOGO
 10
19.15784074255007
 20
-0.4569369809477279
 30
0.0
 70
0
  0
VERTEX
  5
153B
  8
LOGO
 10
19.162921348314605
 20
-0.44423546653639423
 30
0.0
 70
0
  0
VERTEX
  5
153C
  8
LOGO
 10
19.168637029799704
 20
-0.43153395212506057
 30
0.0
 70
0
  0
VERTEX
  5
153D
  8
LOGO
 10
19.175622862725938
 20
-0.41819736199316015
 30
0.0
 70
0
  0
VERTEX
  5
153E
  8
LOGO
 10
19.182608695652174
 20
-0.4048607718612596
 30
0.0
 70
0
  0
VERTEX
  5
153F
  8
LOGO
 10
19.189594528578407
 20
-0.39215925744992597
 30
0.0
 70
0
  0
VERTEX
  5
1540
  8
LOGO
 10
19.19658036150464
 20
-0.3800928187591592
 30
0.0
 70
0
  0
VERTEX
  5
1541
  8
LOGO
 10
19.203566194430874
 20
-0.36929653150952596
 30
0.0
 70
0
  0
VERTEX
  5
1542
  8
LOGO
 10
19.23277967757694
 20
-0.3280166096726916
 30
0.0
 70
0
  0
VERTEX
  5
1543
  8
LOGO
 10
19.26897899364924
 20
-0.28610161211529034
 30
0.0
 70
0
  0
VERTEX
  5
1544
  8
LOGO
 10
19.311529066927207
 20
-0.24228138739618937
 30
0.0
 70
0
  0
VERTEX
  5
1545
  8
LOGO
 10
19.359794821690276
 20
-0.1984611626770877
 30
0.0
 70
0
  0
VERTEX
  5
1546
  8
LOGO
 10
19.41441133365901
 20
-0.1533707865168538
 30
0.0
 70
0
  0
VERTEX
  5
1547
  8
LOGO
 10
19.473473375671713
 20
-0.10828041035661916
 30
0.0
 70
0
  0
VERTEX
  5
1548
  8
LOGO
 10
19.538251099169514
 20
-0.0625549584758177
 30
0.0
 70
0
  0
VERTEX
  5
1549
  8
LOGO
 10
19.60810942843185
 20
-0.01746458231558306
 30
0.0
 70
0
  0
VERTEX
  5
154A
  8
LOGO
 10
19.662725940400584
 20
0.01555935515388402
 30
0.0
 70
0
  0
VERTEX
  5
154B
  8
LOGO
 10
19.720517830972152
 20
0.049853444064484755
 30
0.0
 70
0
  0
VERTEX
  5
154C
  8
LOGO
 10
19.783390327308254
 20
0.08605276013678598
 30
0.0
 70
0
  0
VERTEX
  5
154D
  8
LOGO
 10
19.85324865657059
 20
0.12479237909135378
 30
0.0
 70
0
  0
VERTEX
  5
154E
  8
LOGO
 10
19.931998045920857
 20
0.16734245236932108
 30
0.0
 70
0
  0
VERTEX
  5
154F
  8
LOGO
 10
20.020273571079628
 20
0.21370297997068938
 30
0.0
 70
0
  0
VERTEX
  5
1550
  8
LOGO
 10
20.1199804592086
 20
0.2657791890571569
 30
0.0
 70
0
  0
VERTEX
  5
1551
  8
LOGO
 10
20.23365901319003
 20
0.32420615534929204
 30
0.0
 70
0
  0
VERTEX
  5
1552
  8
LOGO
 10
20.38925256472887
 20
0.40422569614069426
 30
0.0
 70
0
  0
VERTEX
  5
1553
  8
LOGO
 10
20.520713238886174
 20
0.4715437225207628
 30
0.0
 70
0
  0
VERTEX
  5
1554
  8
LOGO
 10
20.629946262823644
 20
0.5274303859306306
 30
0.0
 70
0
  0
VERTEX
  5
1555
  8
LOGO
 10
20.718856863702978
 20
0.5731558378114321
 30
0.0
 70
0
  0
VERTEX
  5
1556
  8
LOGO
 10
20.789985344406446
 20
0.6106253053248661
 30
0.0
 70
0
  0
VERTEX
  5
1557
  8
LOGO
 10
20.845236932095748
 20
0.6392037127503669
 30
0.0
 70
0
  0
VERTEX
  5
1558
  8
LOGO
 10
20.886516853932584
 20
0.6614313629702008
 30
0.0
 70
0
  0
VERTEX
  5
1559
  8
LOGO
 10
20.916365412799216
 20
0.6779433317049348
 30
0.0
 70
0
  0
VERTEX
  5
155A
  8
LOGO
 10
20.99829018075232
 20
0.7249389350268691
 30
0.0
 70
0
  0
VERTEX
  5
155B
  8
LOGO
 10
21.068783585735222
 20
0.7668539325842704
 30
0.0
 70
0
  0
VERTEX
  5
155C
  8
LOGO
 10
21.13038593063019
 20
0.8055935515388375
 30
0.0
 70
0
  0
VERTEX
  5
155D
  8
LOGO
 10
21.18373229115779
 20
0.8411577918905718
 30
0.0
 70
0
  0
VERTEX
  5
155E
  8
LOGO
 10
21.230727894479724
 20
0.8754518808011725
 30
0.0
 70
0
  0
VERTEX
  5
155F
  8
LOGO
 10
21.273277967757693
 20
0.909745969711774
 30
0.0
 70
0
  0
VERTEX
  5
1560
  8
LOGO
 10
21.313287738153395
 20
0.9446751343429416
 30
0.0
 70
0
  0
VERTEX
  5
1561
  8
LOGO
 10
21.35202735710796
 20
0.9815095261358089
 30
0.0
 70
0
  0
VERTEX
  5
1562
  8
LOGO
 10
21.374890083048363
 20
1.0043722520762097
 30
0.0
 70
0
  0
VERTEX
  5
1563
  8
LOGO
 10
21.393307278944796
 20
1.02342452369321
 30
0.0
 70
0
  0
VERTEX
  5
1564
  8
LOGO
 10
21.408549096238396
 20
1.039936492427944
 30
0.0
 70
0
  0
VERTEX
  5
1565
  8
LOGO
 10
21.420615534929162
 20
1.0545432340009775
 30
0.0
 70
0
  0
VERTEX
  5
1566
  8
LOGO
 10
21.43077674645823
 20
1.0685148998534446
 30
0.0
 70
0
  0
VERTEX
  5
1567
  8
LOGO
 10
21.44030288226673
 20
1.0824865657059113
 30
0.0
 70
0
  0
VERTEX
  5
1568
  8
LOGO
 10
21.448558866634098
 20
1.0983634587200783
 30
0.0
 70
0
  0
VERTEX
  5
1569
  8
LOGO
 10
21.458085002442598
 20
1.116145578895946
 30
0.0
 70
0
  0
VERTEX
  5
156A
  8
LOGO
 10
21.463800683927698
 20
1.1282120175867127
 30
0.0
 70
0
  0
VERTEX
  5
156B
  8
LOGO
 10
21.469516365412797
 20
1.1415486077186132
 30
0.0
 70
0
  0
VERTEX
  5
156C
  8
LOGO
 10
21.475232046897897
 20
1.154885197850513
 30
0.0
 70
0
  0
VERTEX
  5
156D
  8
LOGO
 10
21.48031265266243
 20
1.1682217879824135
 30
0.0
 70
0
  0
VERTEX
  5
156E
  8
LOGO
 10
21.485393258426964
 20
1.180923302393747
 30
0.0
 70
0
  0
VERTEX
  5
156F
  8
LOGO
 10
21.489203712750367
 20
1.1923546653639479
 30
0.0
 70
0
  0
VERTEX
  5
1570
  8
LOGO
 10
21.4923790913532
 20
1.2025158768930142
 30
0.0
 70
0
  0
VERTEX
  5
1571
  8
LOGO
 10
21.4942843185149
 20
1.2114069369809484
 30
0.0
 70
0
  0
VERTEX
  5
1572
  8
LOGO
 10
21.498729848558867
 20
1.2406204201270152
 30
0.0
 70
0
  0
VERTEX
  5
1573
  8
LOGO
 10
21.5
 20
1.2755495847581828
 30
0.0
 70
0
  0
VERTEX
  5
1574
  8
LOGO
 10
21.498729848558867
 20
1.3136541279921838
 30
0.0
 70
0
  0
VERTEX
  5
1575
  8
LOGO
 10
21.495554469956033
 20
1.3542989741084521
 30
0.0
 70
0
  0
VERTEX
  5
1576
  8
LOGO
 10
21.48983878847093
 20
1.3955788959452864
 30
0.0
 70
0
  0
VERTEX
  5
1577
  8
LOGO
 10
21.48221787982413
 20
1.4362237420615538
 30
0.0
 70
0
  0
VERTEX
  5
1578
  8
LOGO
 10
21.47269174401563
 20
1.474328285295555
 30
0.0
 70
0
  0
VERTEX
  5
1579
  8
LOGO
 10
21.46126038104543
 20
1.5086223742061557
 30
0.0
 70
0
  0
VERTEX
  5
157A
  8
LOGO
 10
21.453004396678065
 20
1.5283097215437231
 30
0.0
 70
0
  0
VERTEX
  5
157B
  8
LOGO
 10
21.44220810942843
 20
1.5524425989252566
 30
0.0
 70
0
  0
VERTEX
  5
157C
  8
LOGO
 10
21.42887151929653
 20
1.578480703468491
 30
0.0
 70
0
  0
VERTEX
  5
157D
  8
LOGO
 10
21.414899853444062
 20
1.6064240351734247
 30
0.0
 70
0
  0
VERTEX
  5
157E
  8
LOGO
 10
21.399658036150463
 20
1.6343673668783587
 30
0.0
 70
0
  0
VERTEX
  5
157F
  8
LOGO
 10
21.384416218856863
 20
1.6604054714215926
 30
0.0
 70
0
  0
VERTEX
  5
1580
  8
LOGO
 10
21.370444553004397
 20
1.6845383488031271
 30
0.0
 70
0
  0
VERTEX
  5
1581
  8
LOGO
 10
21.35774303859306
 20
1.7035906204201274
 30
0.0
 70
0
  0
VERTEX
  5
1582
  8
LOGO
 10
21.32344894968246
 20
1.7512212994626288
 30
0.0
 70
0
  0
VERTEX
  5
1583
  8
LOGO
 10
21.288519785051292
 20
1.7963116756228628
 30
0.0
 70
0
  0
VERTEX
  5
1584
  8
LOGO
 10
21.25295554469956
 20
1.838226673180264
 30
0.0
 70
0
  0
VERTEX
  5
1585
  8
LOGO
 10
21.21612115290669
 20
1.8788715192965315
 30
0.0
 70
0
  0
VERTEX
  5
1586
  8
LOGO
 10
21.17801660967269
 20
1.9169760625305323
 30
0.0
 70
0
  0
VERTEX
  5
1587
  8
LOGO
 10
21.13800683927699
 20
1.9531753786028339
 30
0.0
 70
0
  0
VERTEX
  5
1588
  8
LOGO
 10
21.096726917440154
 20
1.9881045432340012
 30
0.0
 70
0
  0
VERTEX
  5
1589
  8
LOGO
 10
21.052906692721052
 20
2.0217635564240353
 30
0.0
 70
0
  0
VERTEX
  5
158A
  8
LOGO
 10
21.039570102589153
 20
2.0312896922325354
 30
0.0
 70
0
  0
VERTEX
  5
158B
  8
LOGO
 10
21.024328285295553
 20
2.041450903761602
 30
0.0
 70
0
  0
VERTEX
  5
158C
  8
LOGO
 10
21.007181240840254
 20
2.0522471910112365
 30
0.0
 70
0
  0
VERTEX
  5
158D
  8
LOGO
 10
20.989399120664384
 20
2.0636785539814366
 30
0.0
 70
0
  0
VERTEX
  5
158E
  8
LOGO
 10
20.970346849047385
 20
2.075109916951637
 30
0.0
 70
0
  0
VERTEX
  5
158F
  8
LOGO
 10
20.951929653150952
 20
2.08590620420127
 30
0.0
 70
0
  0
VERTEX
  5
1590
  8
LOGO
 10
20.93351245725452
 20
2.0954323400097707
 30
0.0
 70
0
  0
VERTEX
  5
1591
  8
LOGO
 10
20.916365412799216
 20
2.104958475818271
 30
0.0
 70
0
  0
VERTEX
  5
1592
  8
LOGO
 10
20.850952613580848
 20
2.1354421104054717
 30
0.0
 70
0
  0
VERTEX
  5
1593
  8
LOGO
 10
20.786174890083046
 20
2.162115290669272
 30
0.0
 70
0
  0
VERTEX
  5
1594
  8
LOGO
 10
20.72012701514411
 20
2.1837078651685395
 30
0.0
 70
0
  0
VERTEX
  5
1595
  8
LOGO
 10
20.652808988764043
 20
2.20085490962384
 30
0.0
 70
0
  0
VERTEX
  5
1596
  8
LOGO
 10
20.583585735222275
 20
2.2135564240351737
 30
0.0
 70
0
  0
VERTEX
  5
1597
  8
LOGO
 10
20.511187103077674
 20
2.222447484123107
 30
0.0
 70
0
  0
VERTEX
  5
1598
  8
LOGO
 10
20.435613092330236
 20
2.2275280898876413
 30
0.0
 70
0
  0
VERTEX
  5
1599
  8
LOGO
 10
20.355593551538835
 20
2.2281631656082075
 30
0.0
 70
0
  0
VERTEX
  5
159A
  8
LOGO
 10
20.333365901319002
 20
2.2281631656082075
 30
0.0
 70
0
  0
VERTEX
  5
159B
  8
LOGO
 10
20.31113825109917
 20
2.2275280898876413
 30
0.0
 70
0
  0
VERTEX
  5
159C
  8
LOGO
 10
20.2895456765999
 20
2.2275280898876413
 30
0.0
 70
0
  0
VERTEX
  5
159D
  8
LOGO
 10
20.269858329262334
 20
2.226893014167074
 30
0.0
 70
0
  0
VERTEX
  5
159E
  8
LOGO
 10
20.252711284807035
 20
2.2262579384465075
 30
0.0
 70
0
  0
VERTEX
  5
159F
  8
LOGO
 10
20.23746946751343
 20
2.2262579384465075
 30
0.0
 70
0
  0
VERTEX
  5
15A0
  8
LOGO
 10
20.226038104543232
 20
2.225622862725941
 30
0.0
 70
0
  0
SEQEND
  5
1488
  8
LOGO
  0
POLYLINE
  5
15A1
  8
LOGO
 66
1
 10
0.0
 20
0.0
 30
0.0
 70
1
  0
VERTEX
  5
15A3
  8
LOGO
 10
20.403859306301904
 20
1.762652662432829
 30
0.0
 70
0
  0
VERTEX
  5
15A4
  8
LOGO
 10
20.418466047874936
 20
1.7582071323888617
 30
0.0
 70
0
  0
VERTEX
  5
15A5
  8
LOGO
 10
20.43307278944797
 20
1.7531265266243286
 30
0.0
 70
0
  0
VERTEX
  5
15A6
  8
LOGO
 10
20.446409379579872
 20
1.7467757694186619
 30
0.0
 70
0
  0
VERTEX
  5
15A7
  8
LOGO
 10
20.459745969711772
 20
1.739789936492428
 30
0.0
 70
0
  0
VERTEX
  5
15A8
  8
LOGO
 10
20.47181240840254
 20
1.7321690278456283
 30
0.0
 70
0
  0
VERTEX
  5
15A9
  8
LOGO
 10
20.483878847093305
 20
1.723913043478261
 30
0.0
 70
0
  0
VERTEX
  5
15AA
  8
LOGO
 10
20.49467513434294
 20
1.7143869076697609
 30
0.0
 70
0
  0
VERTEX
  5
15AB
  8
LOGO
 10
20.504836345872008
 20
1.7048607718612605
 30
0.0
 70
0
  0
VERTEX
  5
15AC
  8
LOGO
 10
20.508646800195407
 20
1.7004152418172942
 30
0.0
 70
0
  0
VERTEX
  5
15AD
  8
LOGO
 10
20.513092330239374
 20
1.6946995603321935
 30
0.0
 70
0
  0
VERTEX
  5
15AE
  8
LOGO
 10
20.51753786028334
 20
1.6877137274059604
 30
0.0
 70
0
  0
VERTEX
  5
15AF
  8
LOGO
 10
20.521983390327307
 20
1.6807278944797268
 30
0.0
 70
0
  0
VERTEX
  5
15B0
  8
LOGO
 10
20.526428920371274
 20
1.6724719101123595
 30
0.0
 70
0
  0
VERTEX
  5
15B1
  8
LOGO
 10
20.531509526135807
 20
1.6648510014655598
 30
0.0
 70
0
  0
VERTEX
  5
15B2
  8
LOGO
 10
20.535319980459207
 20
1.6565950170981925
 30
0.0
 70
0
  0
VERTEX
  5
15B3
  8
LOGO
 10
20.539130434782606
 20
1.648339032730826
 30
0.0
 70
0
  0
VERTEX
  5
15B4
  8
LOGO
 10
20.54421104054714
 20
1.6369076697606257
 30
0.0
 70
0
  0
VERTEX
  5
15B5
  8
LOGO
 10
20.54802149487054
 20
1.626746458231559
 30
0.0
 70
0
  0
VERTEX
  5
15B6
  8
LOGO
 10
20.551196873473373
 20
1.6172203224230586
 30
0.0
 70
0
  0
VERTEX
  5
15B7
  8
LOGO
 10
20.55373717635564
 20
1.6076941866145584
 30
0.0
 70
0
  0
VERTEX
  5
15B8
  8
LOGO
 10
20.555007327796773
 20
1.5975329750854914
 30
0.0
 70
0
  0
VERTEX
  5
15B9
  8
LOGO
 10
20.556277479237906
 20
1.586101612115291
 30
0.0
 70
0
  0
VERTEX
  5
15BA
  8
LOGO
 10
20.556277479237906
 20
1.5734000977039577
 30
0.0
 70
0
  0
VERTEX
  5
15BB
  8
LOGO
 10
20.556277479237906
 20
1.5581582804103566
 30
0.0
 70
0
  0
VERTEX
  5
15BC
  8
LOGO
 10
20.556277479237906
 20
1.5422813873961896
 30
0.0
 70
0
  0
VERTEX
  5
15BD
  8
LOGO
 10
20.555642403517343
 20
1.5289447972642898
 30
0.0
 70
0
  0
VERTEX
  5
15BE
  8
LOGO
 10
20.554372252076206
 20
1.518148510014656
 30
0.0
 70
0
  0
VERTEX
  5
15BF
  8
LOGO
 10
20.553102100635073
 20
1.507352222765022
 30
0.0
 70
0
  0
VERTEX
  5
15C0
  8
LOGO
 10
20.54992672203224
 20
1.4978260869565219
 30
0.0
 70
0
  0
VERTEX
  5
15C1
  8
LOGO
 10
20.546751343429406
 20
1.4876648754274555
 30
0.0
 70
0
  0
VERTEX
  5
15C2
  8
LOGO
 10
20.541670737664873
 20
1.4768685881778216
 30
0.0
 70
0
  0
VERTEX
  5
15C3
  8
LOGO
 10
20.535955056179773
 20
1.4648021494870547
 30
0.0
 70
0
  0
VERTEX
  5
15C4
  8
LOGO
 10
20.527699071812407
 20
1.4489252564728876
 30
0.0
 70
0
  0
VERTEX
  5
15C5
  8
LOGO
 10
20.518172936003907
 20
1.4343185148998536
 30
0.0
 70
0
  0
VERTEX
  5
15C6
  8
LOGO
 10
20.507376648754274
 20
1.420346849047387
 30
0.0
 70
0
  0
VERTEX
  5
15C7
  8
LOGO
 10
20.495310210063508
 20
1.4070102589154865
 30
0.0
 70
0
  0
VERTEX
  5
15C8
  8
LOGO
 10
20.48260869565217
 20
1.3949438202247195
 30
0.0
 70
0
  0
VERTEX
  5
15C9
  8
LOGO
 10
20.46800195407914
 20
1.383512457254519
 30
0.0
 70
0
  0
VERTEX
  5
15CA
  8
LOGO
 10
20.453395212506106
 20
1.3733512457254526
 30
0.0
 70
0
  0
VERTEX
  5
15CB
  8
LOGO
 10
20.436883243771373
 20
1.3638251099169525
 30
0.0
 70
0
  0
VERTEX
  5
15CC
  8
LOGO
 10
20.42926233512457
 20
1.360014655593552
 30
0.0
 70
0
  0
VERTEX
  5
15CD
  8
LOGO
 10
20.42164142647777
 20
1.3568392769907187
 30
0.0
 70
0
  0
VERTEX
  5
15CE
  8
LOGO
 10
20.413385442110403
 20
1.3542989741084521
 30
0.0
 70
0
  0
VERTEX
  5
15CF
  8
LOGO
 10
20.405129457743037
 20
1.3523937469467515
 30
0.0
 70
0
  0
VERTEX
  5
15D0
  8
LOGO
 10
20.394333170493404
 20
1.3511235955056187
 30
0.0
 70
0
  0
VERTEX
  5
15D1
  8
LOGO
 10
20.382901807523204
 20
1.350488519785052
 30
0.0
 70
0
  0
VERTEX
  5
15D2
  8
LOGO
 10
20.36829506595017
 20
1.349853444064485
 30
0.0
 70
0
  0
VERTEX
  5
15D3
  8
LOGO
 10
20.35114802149487
 20
1.349853444064485
 30
0.0
 70
0
  0
VERTEX
  5
15D4
  8
LOGO
 10
20.33400097703957
 20
1.349853444064485
 30
0.0
 70
0
  0
VERTEX
  5
15D5
  8
LOGO
 10
20.319394235466536
 20
1.350488519785052
 30
0.0
 70
0
  0
VERTEX
  5
15D6
  8
LOGO
 10
20.307327796775766
 20
1.3511235955056187
 30
0.0
 70
0
  0
VERTEX
  5
15D7
  8
LOGO
 10
20.296531509526133
 20
1.3523937469467515
 30
0.0
 70
0
  0
VERTEX
  5
15D8
  8
LOGO
 10
20.2876404494382
 20
1.3542989741084521
 30
0.0
 70
0
  0
VERTEX
  5
15D9
  8
LOGO
 10
20.279384465070834
 20
1.3568392769907187
 30
0.0
 70
0
  0
VERTEX
  5
15DA
  8
LOGO
 10
20.271763556424034
 20
1.3606497313141188
 30
0.0
 70
0
  0
VERTEX
  5
15DB
  8
LOGO
 10
20.263507572056668
 20
1.3644601856375185
 30
0.0
 70
0
  0
VERTEX
  5
15DC
  8
LOGO
 10
20.2476306790425
 20
1.3739863214460188
 30
0.0
 70
0
  0
VERTEX
  5
15DD
  8
LOGO
 10
20.2323888617489
 20
1.3841475329750856
 30
0.0
 70
0
  0
VERTEX
  5
15DE
  8
LOGO
 10
20.217782120175865
 20
1.3962139716658526
 30
0.0
 70
0
  0
VERTEX
  5
15DF
  8
LOGO
 10
20.204445530043966
 20
1.4089154860771864
 30
0.0
 70
0
  0
VERTEX
  5
15E0
  8
LOGO
 10
20.191744015632633
 20
1.4228871519296535
 30
0.0
 70
0
  0
VERTEX
  5
15E1
  8
LOGO
 10
20.18031265266243
 20
1.4368588177821209
 30
0.0
 70
0
  0
VERTEX
  5
15E2
  8
LOGO
 10
20.17078651685393
 20
1.4514655593551542
 30
0.0
 70
0
  0
VERTEX
  5
15E3
  8
LOGO
 10
20.162530532486564
 20
1.4667073766487544
 30
0.0
 70
0
  0
VERTEX
  5
15E4
  8
LOGO
 10
20.15744992672203
 20
1.4775036638983885
 30
0.0
 70
0
  0
VERTEX
  5
15E5
  8
LOGO
 10
20.153004396678064
 20
1.4870297997068884
 30
0.0
 70
0
  0
VERTEX
  5
15E6
  8
LOGO
 10
20.14982901807523
 20
1.4965559355153888
 30
0.0
 70
0
  0
VERTEX
  5
15E7
  8
LOGO
 10
20.14792379091353
 20
1.506717147044456
 30
0.0
 70
0
  0
VERTEX
  5
15E8
  8
LOGO
 10
20.14601856375183
 20
1.5168783585735224
 30
0.0
 70
0
  0
VERTEX
  5
15E9
  8
LOGO
 10
20.145383488031264
 20
1.529579872984856
 30
0.0
 70
0
  0
VERTEX
  5
15EA
  8
LOGO
 10
20.144748412310697
 20
1.5448216902784568
 30
0.0
 70
0
  0
VERTEX
  5
15EB
  8
LOGO
 10
20.144748412310697
 20
1.5626038104543238
 30
0.0
 70
0
  0
VERTEX
  5
15EC
  8
LOGO
 10
20.144748412310697
 20
1.5797508549096244
 30
0.0
 70
0
  0
VERTEX
  5
15ED
  8
LOGO
 10
20.145383488031264
 20
1.594357596482658
 30
0.0
 70
0
  0
VERTEX
  5
15EE
  8
LOGO
 10
20.14601856375183
 20
1.6064240351734247
 30
0.0
 70
0
  0
VERTEX
  5
15EF
  8
LOGO
 10
20.147288715192964
 20
1.6165852467024917
 30
0.0
 70
0
  0
VERTEX
  5
15F0
  8
LOGO
 10
20.149193942354664
 20
1.6254763067904254
 30
0.0
 70
0
  0
VERTEX
  5
15F1
  8
LOGO
 10
20.15173424523693
 20
1.6337322911577925
 30
0.0
 70
0
  0
VERTEX
  5
15F2
  8
LOGO
 10
20.154909623839764
 20
1.641988275525159
 30
0.0
 70
0
  0
VERTEX
  5
15F3
  8
LOGO
 10
20.15935515388373
 20
1.6502442598925258
 30
0.0
 70
0
  0
VERTEX
  5
15F4
  8
LOGO
 10
20.16697606253053
 20
1.6635808500244262
 30
0.0
 70
0
  0
VERTEX
  5
15F5
  8
LOGO
 10
20.175867122618463
 20
1.67628236443576
 30
0.0
 70
0
  0
VERTEX
  5
15F6
  8
LOGO
 10
20.186028334147533
 20
1.6896189545676603
 30
0.0
 70
0
  0
VERTEX
  5
15F7
  8
LOGO
 10
20.1961895456766
 20
1.7016853932584273
 30
0.0
 70
0
  0
VERTEX
  5
15F8
  8
LOGO
 10
20.2076209086468
 20
1.7137518319491938
 30
0.0
 70
0
  0
VERTEX
  5
15F9
  8
LOGO
 10
20.219052271617
 20
1.7245481191988281
 30
0.0
 70
0
  0
VERTEX
  5
15FA
  8
LOGO
 10
20.22984855886663
 20
1.7334391792867614
 30
0.0
 70
0
  0
VERTEX
  5
15FB
  8
LOGO
 10
20.241279921836835
 20
1.7410600879335616
 30
0.0
 70
0
  0
VERTEX
  5
15FC
  8
LOGO
 10
20.2514411333659
 20
1.7467757694186619
 30
0.0
 70
0
  0
VERTEX
  5
15FD
  8
LOGO
 10
20.264142647777234
 20
1.752491450903762
 30
0.0
 70
0
  0
VERTEX
  5
15FE
  8
LOGO
 10
20.276844162188567
 20
1.7575720566682957
 30
0.0
 70
0
  0
VERTEX
  5
15FF
  8
LOGO
 10
20.290815828041033
 20
1.7620175867122618
 30
0.0
 70
0
  0
VERTEX
  5
1600
  8
LOGO
 10
20.305422569614066
 20
1.7658280410356624
 30
0.0
 70
0
  0
VERTEX
  5
1601
  8
LOGO
 10
20.319394235466536
 20
1.7690034196384956
 30
0.0
 70
0
  0
VERTEX
  5
1602
  8
LOGO
 10
20.332730825598436
 20
1.7709086468001956
 30
0.0
 70
0
  0
VERTEX
  5
1603
  8
LOGO
 10
20.344797264289202
 20
1.7715437225207622
 30
0.0
 70
0
  0
VERTEX
  5
1604
  8
LOGO
 10
20.3505129457743
 20
1.7715437225207622
 30
0.0
 70
0
  0
VERTEX
  5
1605
  8
LOGO
 10
20.356863702979968
 20
1.7709086468001956
 30
0.0
 70
0
  0
VERTEX
  5
1606
  8
LOGO
 10
20.3638495359062
 20
1.7702735710796296
 30
0.0
 70
0
  0
VERTEX
  5
1607
  8
LOGO
 10
20.371470444553005
 20
1.7690034196384956
 30
0.0
 70
0
  0
VERTEX
  5
1608
  8
LOGO
 10
20.37972642892037
 20
1.767733268197362
 30
0.0
 70
0
  0
VERTEX
  5
1609
  8
LOGO
 10
20.387982413287737
 20
1.766463116756229
 30
0.0
 70
0
  0
VERTEX
  5
160A
  8
LOGO
 10
20.396238397655104
 20
1.7645578895945284
 30
0.0
 70
0
  0
SEQEND
  5
15A2
  8
LOGO
  0
ENDSEC
  0
EOF
